{"type":"Feature","properties":{"name":"India"},"geometry":{"type":"MultiPolygon","coordinates":[[[[69.72208404541033,21.554582595825252],[69.71958160400408,21.554027557373104],[69.71848297119146,21.55763816833496],[69.72208404541033,21.554582595825252]]],[[[72.11374664306646,21.19652748107933],[70.95313107406399,20.72002559537628],[70.99764251709013,20.7140274047851],[70.87374877929688,20.709583282470703],[70.91986083984392,20.743471145630053],[70.84358215332048,20.76038932800293],[70.83819580078153,20.690141677856502],[70.67402648925798,20.75819015502924],[70.73384857177763,20.988439559936637],[70.66625213623053,20.752359390258846],[70.25818634033197,20.972642898559627],[69.99958038330095,21.206251144409293],[70.05120849609403,21.266830444335938],[69.99884796142578,21.207361221313477],[69.71236419677734,21.529306411743335],[69.76431274414074,21.57875061035162],[69.73764038085966,21.65041923522955],[69.67569732666033,21.63875007629406],[69.71736145019537,21.602640151977596],[69.69680786132841,21.592920303344783],[69.63263702392578,21.642919540405273],[69.70597076416044,21.538471221923942],[69.39624786376947,21.80125045776373],[69.42395019531267,21.862550735473633],[69.39597320556646,21.801805496215934],[68.95403289794928,22.243749618530273],[68.956802368164,22.36652946472185],[69.06735992431646,22.480140686035213],[69.06930541992216,22.395694732666016],[69.19403076171903,22.423749923706225],[69.15791320800787,22.312915802001953],[69.23263549804705,22.25791740417486],[69.31986236572271,22.29124832153326],[69.33429718017595,22.330419540405558],[69.48847198486334,22.33791732788086],[69.49819183349615,22.435693740844727],[69.59124755859375,22.360969543457088],[69.57569122314482,22.319030761718864],[69.72820281982428,22.47375106811529],[69.79763793945318,22.399858474731445],[69.83430480957037,22.500694274902344],[69.87014007568365,22.44652938842802],[69.9762496948245,22.5431938171389],[70.16291809082037,22.551530838012923],[70.24291992187494,22.662639617920036],[70.25319671630888,22.69292068481468],[70.23847198486334,22.701810836792106],[70.25514221191406,22.706531524658317],[70.252914428711,22.733472824096793],[70.38458251953136,22.90930938720726],[70.43624877929693,22.963752746581974],[70.54407641494807,22.955178755909746],[70.43653106689453,22.963779449462947],[70.47152709960943,23.01235961914074],[70.48486328125006,23.077362060546932],[70.4373626708985,23.062360763549805],[70.39624786376982,23.025421142578125],[70.34764099121088,22.93041610717802],[70.1979141235351,22.998472213745117],[70.21985626220703,22.956529617309684],[70.12319183349626,22.960695266723746],[70.15319824218756,23.029581069946403],[70.09097290039062,22.952640533447266],[70.13208007812528,22.924581527710075],[69.79846954345732,22.850694656372013],[69.70347595214855,22.72791671752924],[69.63375091552751,22.795419692993164],[69.60069274902372,22.75902748107916],[69.19069671630876,22.84124946594244],[68.58486175537104,23.22236061096197],[68.63069152832048,23.21319389343256],[68.60375213623041,23.24292945861839],[68.6718063354495,23.269872665405273],[68.63014221191412,23.29569435119646],[68.72513580322271,23.29569435119646],[68.75818634033214,23.33041954040533],[68.65235900878935,23.30291748046875],[68.63680267334001,23.346807479858626],[68.60597229003912,23.380973815918196],[68.55847167968756,23.387069702148665],[68.56041717529325,23.419309616088924],[68.53569793701189,23.421249389648494],[68.51875305175787,23.489589691162337],[68.49180603027361,23.5009708404541],[68.49903106689447,23.515140533447266],[68.48902893066412,23.63541984558134],[68.76125335693388,23.875419616699503],[68.60375213623041,23.850139617920206],[68.53347015380865,23.755970001220646],[68.51486968994135,23.824029922485522],[68.6631927490235,23.91736030578636],[68.53736114501982,23.94680976867687],[68.74924468994169,23.96204566955572],[68.77265167236334,24.294136047363224],[68.82635498046892,24.3083953857423],[68.88754272460966,24.195850372314453],[68.94724273681669,24.276626586914062],[69.00053405761736,24.22587966918951],[69.09292602539074,24.269083023071516],[69.19976806640653,24.235198974609318],[69.60067749023466,24.27784729003912],[69.72457885742193,24.175096511840877],[70.00064086914091,24.166395187378157],[70.11904144287115,24.29069900512718],[70.57486724853516,24.42031478881853],[70.61186981201172,24.400539398193587],[70.5742492675783,24.2523326873781],[70.80576324462919,24.22272682189964],[71.13176727294939,24.401800155639933],[71.00756835937528,24.442241668701115],[71.02047729492193,24.630510330200195],[71.10713958740229,24.68065071105957],[71.17822446874928,24.653421234954788],[71.07285308837908,24.711999893188533],[70.89430999755876,25.144058227539062],[70.67417144775385,25.3893203735351],[70.66596221923857,25.69722938537592],[70.39965820312511,25.6637992858889],[70.27594757080095,25.70342063903803],[70.10835266113287,25.924020767211914],[70.0804519653322,26.058237075805778],[70.1726684570313,26.245077133178825],[70.16773986816435,26.550743103027344],[70.06619262695318,26.599290847778377],[69.81536102294922,26.592157363891545],[69.51544952392607,26.740055084228516],[69.51320648193376,27.016868591308537],[69.58666229248064,27.177984237671012],[70.01626586914068,27.55599594116211],[70.15695190429705,27.83404922485363],[70.36616516113298,28.00824928283697],[70.5626296997072,28.019802093505973],[70.75766754150402,27.7172088623048],[70.8834533691408,27.698501586914176],[71.27295684814453,27.84192848205572],[71.6582870483399,27.868930816650504],[71.8963012695313,27.95684051513672],[71.9332580566408,28.126859664917106],[72.1844253540039,28.358005523681925],[72.38469696044922,28.763940811157283],[72.9437561035158,29.029911041259822],[73.27131652832037,29.55696105957037],[73.39137268066435,29.93787002563488],[73.78721618652361,30.0664005279541],[73.96220845902057,30.192098651358236],[73.87125396728544,30.368572235107422],[73.935287475586,30.462957382202205],[74.07761383056669,30.529361724853516],[74.09099578857416,30.612791061401367],[74.28180694580084,30.73023414611822],[74.316146850586,30.847581863403434],[74.5381164550783,30.99354171752941],[74.55839538574224,31.06752586364746],[74.65600585937517,31.05451011657715],[74.68997584393665,31.11337719410045],[74.59500885009771,31.134950637817383],[74.55193328857428,31.08562088012701],[74.50459289550787,31.13850975036644],[74.51111602783209,31.272331237793082],[74.64206695556658,31.46154975891119],[74.56579589843767,31.501728057861328],[74.60090637207037,31.5678386688233],[74.51804351806669,31.745201110839844],[74.59910583496122,31.88511085510254],[74.80914306640642,31.955139160156364],[74.90686035156256,32.0625114440918],[75.00492858886724,32.028755187988395],[75.19532012939482,32.11664962768549],[75.22776031494169,32.084556579590014],[75.36315155029308,32.23468017578125],[75.32720137977385,32.337414617920345],[75.03663635253918,32.492069244384766],[74.97934722900396,32.44776916503912],[74.69841766357428,32.48493957519537],[74.64221191406261,32.61104965209961],[74.697021484375,32.839714050293026],[74.53153228759771,32.74073028564459],[74.41389465332043,32.90394973754894],[74.31613922119146,32.930160522460994],[74.35726734097832,32.95166156807582],[74.33792114257818,33.025939941406364],[74.20524597167963,33.04330062866211],[74.11170196533209,33.164440155029354],[74.01427459716808,33.19824981689453],[74.02030181884766,33.258781433105526],[74.17074584960938,33.346649169921875],[74.16460418701183,33.495647430420036],[74.02844238281244,33.57468032836914],[73.96646118164062,33.74032211303722],[74.21967315673834,33.86717605590832],[74.26274108886724,33.9742889404298],[74.12369537353521,34.05517959594732],[73.88980865478516,34.04240417480463],[73.98203277587902,34.23907852172857],[73.91340923128855,34.34782584047465],[73.77339172363293,34.34975051879894],[73.94806671142584,34.573089599609375],[73.96022033691406,34.69668197631847],[74.14179229736328,34.69120025634771],[74.30729675292963,34.8003044128418],[75.74920654296886,34.515830993652344],[76.03646087646496,34.67026901245117],[76.15791320800787,34.64340972900385],[76.47434234619146,34.79437255859381],[76.68181610107422,34.75959014892578],[76.74936676025396,34.92660140991211],[76.87004089355469,34.972431182861385],[76.99748992919928,34.939151763916016],[77.01809692382818,35.03846359252941],[77.15682220458996,35.05469894409191],[77.82392883300781,35.50133132934576],[77.90296936035168,35.42758941650396],[78.103988647461,35.4844589233399],[77.99028778076178,35.379032135009766],[78.12417602539068,35.135421752929744],[78.08287048339855,35.082489013671875],[78.24803161621105,34.69509887695307],[78.42511749267578,34.60346221923834],[78.56933593750006,34.611949920654354],[78.99005126953125,34.317829132080135],[78.94211578369152,34.20479202270519],[78.70638275146496,34.072181701660156],[78.7703628540039,34.01972961425781],[78.71156311035156,33.92250061035162],[78.78398895263683,33.77043151855469],[78.71098327636713,33.654869079589844],[78.82325744628912,33.48348999023449],[79.06659698486334,33.29589080810547],[79.07496643066406,33.228610992431754],[79.40983581542963,33.17877197265625],[79.35247039794922,32.979030609130916],[79.56429290771496,32.670761108398494],[79.54535675048834,32.60736083984375],[79.31221771240234,32.48709106445324],[79.25840759277344,32.52338027954107],[79.14885711669933,32.483829498291016],[79.09564208984386,32.367938995361385],[78.97096252441406,32.34428024291998],[78.7766723632813,32.48392868041998],[78.74592590332031,32.696079254150504],[78.62567138671886,32.607051849365234],[78.45272064208979,32.579502105713004],[78.43811035156256,32.45639038085949],[78.51876068115251,32.41849899292015],[78.43920898437517,32.2464599609375],[78.5929107666015,32.218669891357706],[78.57431030273443,32.15861892700195],[78.77102661132841,31.999811172485465],[78.69322204589872,31.78652954101574],[78.83117675781267,31.619882583618278],[78.71658325195318,31.484882354736442],[78.79547882080072,31.452762603759766],[78.77643585205095,31.401229858398494],[78.99658203125006,31.115339279174748],[78.90991210937494,31.233888626098633],[78.93020629882818,31.33788108825695],[79.0567779541015,31.472259521484375],[79.39235687255865,31.079811096191634],[79.29824829101557,31.023090362548885],[79.40174102783209,31.07989120483404],[79.58724212646501,30.943090438842887],[79.74214935302751,31.00679016113287],[79.85492706298834,30.978910446167106],[80.06948852539068,30.819339752197322],[80.0879368205165,30.739780624746285],[80.14784240722673,30.81342124938965],[80.23726654052751,30.740659713745174],[80.18049621582037,30.66986083984375],[80.21573638916033,30.579040527343693],[80.52648925781256,30.45430946350109],[80.58419036865229,30.487222671509016],[80.81128692626959,30.31998062133789],[81.01999664306669,30.25068283081049],[80.89901733398443,30.212255477905444],[80.73981475830107,29.999515533447266],[80.59215545654325,29.948444366455305],[80.49721527099604,29.797414779663086],[80.40863800048834,29.79444503784174],[80.36585998535156,29.740152359009016],[80.40949249267595,29.594919204711914],[80.30422210693376,29.453079223633097],[80.11056736342815,29.501750614423184],[80.3201293945313,29.303827285766545],[80.2990036010745,29.205030441284237],[80.24991607666021,29.220615386962947],[80.27440643310575,29.14475059509283],[80.13905051952827,29.124272037916604],[80.07234676611453,28.829699716014552],[80.51934051513666,28.551723480224837],[80.50780487060553,28.670890808105582],[80.55177307128906,28.691530227661246],[80.91738891601591,28.457523345947322],[81.21511840820341,28.358215332031477],[81.3197860717774,28.13341903686546],[81.44570922851591,28.162139892578352],[81.48022460937528,28.08251571655296],[81.90402221679716,27.853683471679688],[81.97011566162126,27.92881584167486],[82.06971740722662,27.923416137695426],[82.19798278808622,27.847520828247355],[82.45071411132807,27.678615570068473],[82.7099151611331,27.721698760986442],[82.75788116455084,27.58661460876465],[82.71054840087908,27.470640182495117],[82.73116302490234,27.505029678344897],[83.1902160644533,27.454015731811523],[83.2940371041611,27.33759433369942],[83.37577819824213,27.35712242126465],[83.3909301757813,27.47949028015165],[83.61673736572283,27.46942329406761],[83.8376019933017,27.328795893379407],[83.905517578125,27.376214981079386],[83.87024688720709,27.428506851196403],[84.02941894531278,27.433629989624023],[84.11972045898443,27.513521194458065],[84.29589080810541,27.384172439575252],[84.62201690673857,27.338207244873047],[84.6916809082033,27.222265243530444],[84.64485168457037,27.04719734191923],[84.75446319580095,27.004697799682845],[84.67177581787138,26.916851043701342],[84.83188629150408,27.019304275512923],[85.06241607666044,26.88670539855957],[85.02444458007841,26.855432510375977],[85.19774627685547,26.86657333374046],[85.18171691894548,26.798097610473917],[85.33631896972685,26.74141502380388],[85.57765197753923,26.860731124877987],[85.73671722412126,26.795616149902287],[85.73461914062517,26.654315948486385],[85.86089324951189,26.56857681274414],[85.97818756103533,26.657917022705305],[86.21961212158232,26.588109970092773],[86.34656524658209,26.61590385437006],[86.71200865018372,26.434487253852406],[86.84536743164068,26.439928054809684],[87.03588104248053,26.556596755981502],[87.06785583496111,26.377111434936694],[87.07427978515653,26.58546638488764],[87.09391784667997,26.450016021728572],[87.34341430664091,26.347515106201172],[87.46909332275419,26.44006538391119],[87.60841369628923,26.380601882934684],[87.89063262939482,26.48641967773449],[88.03255462646513,26.36463165283226],[88.19049835205072,26.77141189575218],[88.13748168945307,26.985267639160156],[87.99417114257818,27.105207443237532],[88.04941558837908,27.405216217041072],[88.08288574218778,27.429533004760856],[88.04633331298845,27.49576568603527],[88.09541320800787,27.59731483459484],[88.15751265063078,27.588290145243732],[88.1168823242187,27.614038467407283],[88.20401000976591,27.842405319214095],[88.11357879638683,27.917610168457088],[88.13474273681646,27.9629802703858],[88.53824615478533,28.038570404052734],[88.61181640625028,28.129610061645792],[88.8290557861331,28.015159606933707],[88.88138580322283,27.89253044128418],[88.8466110229495,27.66889953613287],[88.76732635498064,27.56677246093767],[88.8060073852505,27.414239883422653],[88.92237091064453,27.326320648193473],[88.74474215734396,27.156972870527266],[88.86991882324219,27.108720779418945],[88.87216186523466,26.964649200439567],[88.7916107177735,26.989761352539176],[88.8787460327149,26.950889587402344],[88.93167877197294,26.983108520507756],[88.96237945556669,26.92413139343256],[89.02491760253918,26.940271377563477],[89.13107299804705,26.80806922912592],[89.37716674804693,26.86629104614252],[89.6447372436524,26.78094482421875],[89.63217926025396,26.719249725341797],[89.75666046142595,26.73646354675293],[89.86425216175775,26.6613710524304],[89.8623886108399,26.737003326416016],[90.14610290527338,26.754892349243164],[90.2148208618164,26.853700637817383],[90.36402130126959,26.898050308227653],[90.614990234375,26.795093536377067],[90.95262439647662,26.778300402539507],[91.09659576416016,26.819803237915096],[91.29505157470714,26.785158157348746],[91.40834808349621,26.835561752319393],[91.49276733398443,26.789764404296875],[91.70420074462902,26.811859130859375],[91.85778045654297,26.91402816772461],[92.0455169677735,26.84754180908203],[92.10788726806646,26.89381980895996],[92.10328674316406,27.007749557495174],[92.03374481201178,27.064815521240348],[92.03959655761719,27.26667213439947],[92.12061309814453,27.287570953369254],[92.01117706298828,27.481830596923828],[92.24637603759771,27.62951278686529],[91.97905731201183,27.464960098266545],[91.65323638916027,27.48298072814947],[91.56200408935553,27.584209442138615],[91.64002227783209,27.757991790771484],[91.55252075195318,27.858572006225586],[91.82421112060547,27.810350418090934],[91.91876220703136,27.715101242065373],[92.2103958129884,27.85898971557623],[92.31595611572266,27.778240203857422],[92.56069183349615,27.82104110717779],[92.74087325336113,27.97567229117141],[92.66116333007812,28.067701339721737],[92.79963684082031,28.202230453491325],[92.83010101318371,28.17295646667486],[92.96452331542974,28.261810302734375],[93.00035858154303,28.230791091918945],[93.02366638183605,28.303199768066406],[93.22314363935078,28.35376148134716],[93.18266296386719,28.439990997314567],[93.27591705322266,28.50482940673828],[93.2998733520509,28.59955024719244],[93.44567108154297,28.676040649414176],[93.8440399169923,28.70738983154297],[93.91960144042963,28.670379638671875],[93.99491119384777,28.841369628906307],[94.15513610839855,28.95476150512701],[94.28772735595697,29.14814949035656],[94.55789947509771,29.228910446167106],[94.62815856933605,29.348590850830135],[94.79798889160156,29.164609909057674],[95.02279663085949,29.130620956420955],[94.99749755859375,29.173011779785213],[95.25076293945312,29.109880447387695],[95.27104764709762,29.050571285245972],[95.45433807373053,29.03699111938488],[95.59873199462896,29.261861801147518],[96.08053588867193,29.46334457397461],[96.24356842041016,29.235122680664006],[96.39280700683605,29.256500244140625],[96.34635925292969,29.171030044555778],[96.11450195312506,29.077602386474666],[96.18485260009771,28.98811912536621],[96.1665267944336,28.905929565429688],[96.34670257568354,29.032268524169865],[96.52519989013683,29.07928085327154],[96.47740173339844,28.99403953552246],[96.60838317871105,28.798070907592887],[96.40077209472662,28.562370300293082],[96.15239715576172,28.65465354919445],[96.36797332763678,28.563531875610465],[96.3243026733399,28.53034019470215],[96.37296295166021,28.487039566040096],[96.2637710571289,28.413379669189453],[96.41271209716797,28.346731185913143],[96.45826721191418,28.419221878051758],[96.66456604003912,28.46577072143566],[96.78257751464844,28.37038993835455],[96.89866638183605,28.385900497436637],[96.99649810791027,28.316230773925838],[97.09256744384771,28.36969184875494],[97.40042114257818,28.193510055541992],[97.33080291748053,28.162971496582145],[97.30774688720709,28.077100753784293],[97.41516113281261,28.024080276489315],[97.38902282714855,27.89637947082531],[97.25647735595714,27.909530639648438],[96.91308593750006,27.62748908996582],[96.786376953125,27.6505126953125],[96.9005813598634,27.624269485473633],[96.91184997558588,27.462709426879883],[97.16720581054699,27.155479431152457],[97.1464309692384,27.102840423583984],[96.86622619628918,27.19968986511242],[96.88877868652338,27.263599395751953],[96.80236053466808,27.354431152343864],[96.62048339843756,27.37281990051281],[96.52233123779308,27.293970108032283],[96.3108367919923,27.302040100097656],[96.09902191162115,27.231409072876033],[95.94596862792963,27.059709548950195],[95.80793762207031,27.020450592041016],[95.75499725341808,26.9078884124757],[95.668197631836,26.908340454101506],[95.61151885986334,26.821212768554688],[95.5327758789063,26.831209182739258],[95.42885589599621,26.700040817260742],[95.27202606201178,26.662820816040096],[95.24108925720894,26.73422397009945],[95.15470886230474,26.61948966979992],[95.06630706787104,26.456779479980526],[95.13347625732422,26.34259986877447],[95.02032470703136,26.289016723632756],[95.12822723388678,26.329259872436523],[95.1205673217774,26.109741210937443],[95.18535614013672,26.08468246459961],[95.0218658447265,25.90999984741211],[95.05252838134777,25.762659072875977],[94.88897705078125,25.593111038208008],[94.86020386600806,25.681670610201873],[94.85639953613287,25.617429733276367],[94.90499114990234,25.56711006164562],[94.68220019137709,25.459826148820607],[94.58535766601568,25.215749740600586],[94.745658874512,25.13659095764166],[94.750717163086,25.063518524169922],[94.61084747314453,24.72211265563965],[94.55098724365251,24.716539382934627],[94.40166645017479,24.493812590942824],[94.16146087646479,23.85277938842796],[93.95378112792986,23.950199127197266],[93.80805969238298,23.933120727539062],[93.74481052074987,24.00277028247921],[93.62065887451178,24.014240264892578],[93.51508331298845,23.947168350219783],[93.35143280029314,24.11241912841797],[93.4447021484375,23.68242835998541],[93.41423797607428,23.38801193237316],[93.3658065795899,23.354480743408146],[93.39364624023443,23.13861274719244],[93.32124328613293,23.02186012268072],[93.14185333251953,23.06060981750494],[93.16835021972673,22.919130325317496],[93.09175109863287,22.709341049194393],[93.20858001708984,22.26106834411621],[93.14710998535168,22.246540069580078],[93.15441131591797,22.1781902313233],[93.04666137695312,22.197620391845817],[93.06556701660162,22.102052688598576],[93.01326751708984,22.1022109985351],[93.00924682617188,21.983930587768555],[92.95580291748058,22.02992057800293],[92.91088867187506,21.946229934692326],[92.85652388129688,22.069917426105665],[92.70343780517607,22.153781890869254],[92.68435668945324,22.017910003662337],[92.60968017578142,21.97683715820324],[92.50421142578142,22.735679626464844],[92.58973693847662,22.74868011474615],[92.6492309570313,22.61869049072277],[92.58973693847662,22.74868011474632],[92.48461914062506,22.750249862671012],[92.44753265380876,22.89359092712425],[92.37542724609375,22.934881210327262],[92.36109924316435,23.237537384033317],[92.41752732632517,23.26795023517987],[92.26202679229564,23.80093969243325],[92.22405242919928,23.65732002258295],[92.17196779465327,23.74151238590371],[92.08135986328142,23.64808082580572],[91.95661163330095,23.719009399414176],[91.97602844238281,23.494979858398438],[91.77091217041021,23.263759613037166],[91.83451843261736,23.091880798339957],[91.61871337890636,22.944150924682674],[91.4190063476563,23.280221939086857],[91.4219970703125,23.059249877929744],[91.37767791748041,23.064050674438533],[91.32560729980463,23.362310409546012],[91.16316223144548,23.623001098632812],[91.21006011962908,23.68755149841303],[91.15828704833996,23.691221237182617],[91.16166687011724,23.74266052246105],[91.22461700439459,23.740100860595817],[91.25760650634771,23.839651107788143],[91.23522186279297,23.928600311279297],[91.30641174316406,23.998569488525504],[91.37819671630871,23.976879119873047],[91.37802124023466,24.109500885009993],[91.58460998535185,24.076110839843693],[91.6403121948245,24.108360290527287],[91.65905761718767,24.227439880371094],[91.75059473523447,24.148272596881412],[91.74346923828153,24.247127532958984],[91.84748840332048,24.22832107543951],[91.87853240966825,24.14784812927246],[91.97041320800787,24.072502136230412],[91.90210723876959,24.136690139770508],[91.92043304443365,24.335750579834098],[91.99542999267607,24.32126045227045],[91.97409057617216,24.388639450073356],[92.1192092895509,24.383810043335018],[92.1727981567384,24.430891036987305],[92.15239715576183,24.50027084350586],[92.2342681884765,24.500440597534293],[92.26526950610535,24.411002588268833],[92.2338333129884,24.561790466308594],[92.29827117919928,24.73655128479004],[92.24523162841803,24.91024971008295],[92.39147186279297,24.849941253662166],[92.58199310302734,24.875490188598746],[92.68470001220709,24.809080123901367],[92.59789276123053,24.880340576171932],[92.49413299560553,24.876739501953182],[92.42590332031261,25.031820297241325],[92.01723911872527,25.191666825922272],[91.75287628173828,25.179821014404297],[91.64453125,25.122720718383732],[91.61741638183605,25.17591094970703],[91.47843933105469,25.133871078491325],[91.27378845214844,25.204307556152287],[90.70439910888672,25.155271530151367],[90.67117309570324,25.19729042053234],[90.45236206054693,25.144502639770508],[90.11519622802746,25.226921081543026],[89.97123718261719,25.303060531616154],[89.83426666259766,25.295669555664006],[89.82166290283197,25.385360717773438],[89.87995910644537,25.488639831543026],[89.88520812988298,25.629829406738395],[89.81452941894537,25.81698036193859],[89.89035797119158,25.94022941589361],[89.82820129394548,25.943559646606502],[89.87539672851574,25.97611045837408],[89.79155731201189,26.01765060424833],[89.78926086425798,26.102712631225813],[89.68216705322271,26.235719680786133],[89.59469604492182,26.15703964233421],[89.6523513793947,26.062231063842773],[89.6083602905274,26.063610076904354],[89.59066009521513,25.975650787353743],[89.42954254150408,26.045618057251033],[89.35244750976591,26.010509490966797],[89.17066192626982,26.13067817688011],[89.10243225097673,26.393510818481673],[88.97001647949247,26.462501525879134],[88.91773223876982,26.37473106384283],[89.06659698486345,26.292890548706282],[89.05745697021484,26.245021820068473],[88.89708709716803,26.29228973388672],[88.84913635253923,26.23373985290533],[88.82158660888683,26.30071258544922],[88.76158142089844,26.300590515136776],[88.77242279052763,26.395320892334098],[88.7067260742188,26.332799911499137],[88.62069702148443,26.471069335937557],[88.55712127685564,26.45685005187994],[88.40728206391725,26.627671399398736],[88.35257720947294,26.51202011108404],[88.25590644120906,26.46128600780869],[88.33715057373075,26.497140884399528],[88.35591125488298,26.445810317993278],[88.36760711669928,26.48705291748047],[88.48419189453153,26.46049118041998],[88.52482604980497,26.359838485718],[88.45789337158232,26.37375068664545],[88.35175323486334,26.281581878662166],[88.35251617431646,26.219989776611555],[88.18579864501953,26.151250839233512],[88.18711090087908,26.02406120300293],[88.08676147460938,25.912500381469783],[88.11898040771479,25.794910430908317],[88.26426696777372,25.81182098388689],[88.4581604003908,25.62787818908714],[88.31735992431699,25.512481689453523],[88.45979309082043,25.595287322998047],[88.66504669189447,25.47070121765148],[88.81038665771479,25.519750595092717],[88.84365844726568,25.362409591674805],[89.01100921630871,25.295570373535213],[88.9473876953125,25.184040069580078],[88.44768691580212,25.19592315722375],[88.45381164550787,25.035600662231445],[88.39898681640625,24.942991256713867],[88.34172821044933,24.93901062011713],[88.32514953613293,24.865890502929744],[88.26381683349615,24.875459671020565],[88.2279663085938,24.959430694580135],[88.13968658447271,24.936128616333065],[88.1756057739259,24.86098289489746],[87.99937490914772,24.661313749326062],[88.34818267822277,24.376472473144815],[88.72622680664091,24.292381286621207],[88.70388793945318,24.09376907348627],[88.65136718750017,24.07006072998047],[88.72438049316406,24.07718849182129],[88.72718811035185,23.994501113891715],[88.77131652832048,23.987520217895508],[88.7332611083985,23.914339065551985],[88.58479309082048,23.86794281005882],[88.58085632324224,23.600740432739315],[88.64492034912115,23.608060836791992],[88.74291992187517,23.48077964782709],[88.79934692382812,23.491561889648438],[88.74607849121122,23.309801101684513],[88.69740295410162,23.296480178833008],[88.73403239125705,23.22872482029417],[88.99469757080095,23.212360382080192],[88.84673309326178,23.00243186950678],[88.96752929687528,22.84262847900385],[88.91918945312506,22.761711120605753],[88.94728088378918,22.659851074218807],[88.90502929687517,22.679105758667106],[88.8648529052735,22.66486930847168],[88.86411285400396,22.693651199340877],[88.84797668457031,22.709030151367415],[88.80959320068388,22.710670471191577],[88.84730529785162,22.751741409301758],[88.80577087402372,22.733200073242188],[88.8090133666995,22.70946311950678],[88.8612823486331,22.694194793701172],[88.86378479003935,22.663747787475586],[88.91027832031261,22.67500114440918],[88.9325561523438,22.618743896484375],[88.95771026611334,22.610780715942383],[88.93760681152338,22.569932937622013],[88.89638519287138,22.563333511352766],[88.86888885498058,22.545835494995117],[88.8428115844726,22.507873535156364],[88.85244750976568,22.432832717895508],[88.7663879394533,22.56083488464367],[88.76837921142607,22.513439178467024],[88.73414611816423,22.51091957092291],[88.70925903320341,22.52907752990734],[88.69066619873064,22.52441215515148],[88.69132995605497,22.534059524536246],[88.68234252929693,22.537443161010742],[88.68226623535173,22.543781280517635],[88.67359161376982,22.55002212524414],[88.67833709716803,22.59361076354986],[88.6722259521485,22.54944038391136],[88.69019317626982,22.52298164367687],[88.70780181884783,22.52769470214855],[88.73357391357439,22.509992599487305],[88.7784271240235,22.506084442138615],[88.80252075195341,22.443422317505167],[88.81848144531256,22.430572509765682],[88.84834289550776,22.43056488037132],[88.87590789794928,22.354921340942667],[88.84923553466803,22.36454200744629],[88.82008788157104,22.36213912943355],[88.81533956732748,22.337837069213233],[88.93692779541021,22.29911231994646],[88.9540786743164,22.22524070739746],[88.91896820068376,22.233032226562614],[88.91387176513678,22.219903945922965],[88.88761138916044,22.265932083129883],[88.8433303833009,22.289720535278434],[88.88723754882841,22.26490974426281],[88.91388702392584,22.216108322143782],[88.90448760986328,22.197242736816406],[88.91860961914068,22.16534996032715],[88.88350677490234,22.212270736694336],[88.84101104736334,22.214263916015852],[88.87583923339861,22.252803802490405],[88.83943176269548,22.215526580810604],[88.84194946289068,22.211740493774357],[88.84946441650419,22.209789276123274],[88.8822784423831,22.2115993499757],[88.88108062744146,22.200164794921932],[88.82990264892595,22.210130691528377],[88.82461547851568,22.20433616638212],[88.82546234130854,22.19840049743658],[88.81948852539074,22.19635963439964],[88.8113404387802,22.31736937103663],[88.74138641357439,22.198608398437727],[88.66562652587885,22.21745109558111],[88.63949584960932,22.213098526000977],[88.68492126464861,22.29427528381376],[88.6661224365235,22.33904075622553],[88.63091278076166,22.22204971313488],[88.63934326171892,22.208120346069563],[88.67246246337919,22.201198577881087],[88.6192855834961,22.108840942382926],[88.60462951660173,22.15977478027355],[88.57274627685547,22.189100265503043],[88.60337066650396,22.159088134765625],[88.59757232666033,22.1306209564209],[88.61996459960943,22.104549407959098],[88.6272964477539,22.054809570312727],[88.62953948974638,22.050611495971964],[88.63665771484392,22.045289993286133],[88.60340118408232,22.023559570312557],[88.6063537597658,22.04772186279297],[88.596733093262,22.063297271728743],[88.60166168212896,22.073610305786246],[88.59658050537104,22.06726646423357],[88.59622955322283,22.061040878296126],[88.60491943359403,22.048328399658146],[88.59990692138678,22.023595809936694],[88.6144409179688,22.019720077514762],[88.60666656494169,21.91305732727068],[88.57833099365234,21.88944435119629],[88.54624938964861,21.973489761352653],[88.570541381836,21.903608322143498],[88.5405578613283,21.90386962890625],[88.52805328369169,21.853055953979435],[88.49426269531256,21.879091262817326],[88.52177429199247,21.9137420654298],[88.52553558349615,21.929441452026424],[88.49369812011724,21.96705245971691],[88.54331970214872,21.981994628906534],[88.55461883544916,22.03570938110363],[88.49156951904303,21.966890335083008],[88.52066040039057,21.91539573669445],[88.48323822021513,21.909959793090934],[88.47355651855463,21.895341873168945],[88.47020721435553,21.958900451660213],[88.4459304809572,21.965959548950423],[88.46089172363287,22.011579513549975],[88.40866851806669,21.885330200195256],[88.38474273681646,21.89915275573736],[88.40777587890642,21.919492721557617],[88.39430999755865,21.970661163330192],[88.3758163452149,21.9697208404541],[88.39067077636724,21.798980712890625],[88.3499832153322,21.927389144897745],[88.3535766601562,21.857154846191406],[88.25489807128912,21.871339797973633],[88.3138275146485,21.84660720825218],[88.2589721679687,21.80762100219721],[88.25836181640653,21.800769805908374],[88.26362609863287,21.788000106811637],[88.28193664550787,21.761100769043026],[88.25166320800787,21.80194282531761],[88.28273773193365,21.757581710815657],[88.26377105712908,21.730627059936694],[88.27388763427751,21.754625320434798],[88.21722412109392,21.764444351196403],[88.16333007812506,21.87944412231451],[88.20751190185564,22.15777969360363],[88.06972503662138,22.211944580078125],[88.0799296790406,22.284297608437342],[88.04833221435553,22.219720840454215],[87.96004486084013,22.280221939087085],[87.94638824462908,22.40611076354986],[87.92333221435564,22.43499946594261],[87.88050344410631,22.43939516055659],[87.98140716552763,22.21585083007824],[88.00861358642584,22.201389312744368],[88.13555908203153,22.184722900390682],[88.19194793701178,22.105833053588867],[88.06223297119146,22.01305961608898],[88.03194427490246,22.063886642456055],[87.99194335937494,22.10250091552757],[87.96335601806658,22.1034774780274],[88.05305480957037,22.01027870178234],[87.92916870117216,21.80055618286127],[87.7897186279298,21.69499969482422],[87.37999725341803,21.54555511474632],[87.20089721679693,21.548490524291992],[87.10694885253906,21.51773452758789],[86.9108428955081,21.340280532837085],[86.81739721652184,21.209288559140532],[86.96221923828142,20.789445877075366],[86.8644409179688,20.792222976684627],[86.81092330544826,20.726229925601046],[86.7556991577149,20.613344192504996],[86.82055664062506,20.639583587646484],[86.80223846435553,20.67521095275879],[86.82853698730474,20.672269821166992],[86.83930206298857,20.653419494628906],[86.8446578979495,20.650762557983455],[87.04518890380876,20.709484100341854],[86.73388671875017,20.47916603088379],[86.72943115234403,20.404880523681697],[86.79000091552734,20.36111068725586],[86.70853424072283,20.293889999389705],[86.46451851965315,20.345668123516013],[86.71888732910162,20.29029083251953],[86.45999908447283,20.162221908569336],[86.49111175537126,20.15777015686035],[86.46221923828153,20.11471939086914],[86.4713897705081,20.09749984741228],[86.50388336181658,20.16444015502924],[86.55889129638678,20.200559616088867],[86.52055358886724,20.169166564941406],[86.48388671875006,20.110275268554744],[86.43678283691412,20.060968399047965],[86.41176605224626,20.05554008483898],[86.3836059570313,19.97611045837425],[86.29046630859375,20.060981750488452],[86.2624969482423,20.061952590942326],[86.247856140137,20.053188323974894],[86.24192810058622,20.031080245971737],[86.22825445110854,20.03058506657316],[86.36557769775408,19.95515060424833],[85.77993011474615,19.78504180908226],[85.14354705810564,19.48945045471197],[84.72748579580251,19.09868321782807],[84.75096893310575,19.082080841064453],[84.78319549560575,19.110971450805835],[84.12458038330107,18.309305191039982],[83.65958404541044,18.075500488281307],[83.54711914062517,18.25177192687994],[83.65958404541044,18.07541656494135],[83.52958679199224,17.94930648803711],[83.42030334472662,17.931051254272518],[83.47744750976557,17.918460845947322],[83.30652618408232,17.688190460205078],[83.2823562622072,17.689310073852596],[83.27263641357439,17.711811065673828],[83.26347351074236,17.710971832275504],[83.2823562622072,17.687641143798885],[83.29818725585955,17.68653106689453],[83.29541778564459,17.6751384735108],[83.21347045898432,17.590972900390625],[82.53791809082048,17.24625015258789],[82.51447296142595,17.290960311889705],[82.53756713867188,17.24625015258789],[82.36791992187528,17.118194580078182],[82.2504196166995,16.934028625488395],[82.31180572509777,16.8401393890382],[82.3543090820313,16.851528167724723],[82.32430267334001,16.988750457763672],[82.35791778564459,16.963752746582315],[82.36569213867205,16.902080535888786],[82.34291839599638,16.73791694641136],[82.24569702148455,16.71681022644043],[82.25986480712896,16.586805343627987],[82.29957580566412,16.591810226440543],[82.26791381835943,16.564027786255167],[82.30986022949224,16.56764030456543],[81.7105560302735,16.31986236572277],[81.41385477718441,16.416916210454875],[81.57067108154291,16.3493595123291],[81.53624725341803,16.359031677246094],[81.39736175537115,16.344030380249137],[81.3829193115235,16.36181068420433],[81.36930847167986,16.362083435058594],[81.26541900634771,16.281251907348633],[81.14569091796903,15.973750114441032],[80.93904113769537,15.718190193176554],[80.80902862548857,15.731805801391829],[80.81181335449224,15.832930564880542],[80.7904129028322,15.856809616089095],[80.77401733398455,15.866251945495605],[80.61013793945312,15.871530532837085],[80.27041625976591,15.673195838928223],[80.20041656494169,15.49819374084501],[80.20069122314459,15.465415954590014],[80.07986450195341,15.315973281860352],[80.08347320556669,15.194581985473746],[80.04596710205095,15.209308624267692],[80.0593032836914,14.819860458374137],[80.19902801513678,14.587082862853947],[80.12208557128923,14.114583969116211],[80.24485778808622,13.81958389282238],[80.23625183105497,13.639860153198242],[80.31513977050787,13.43375110626232],[80.14708709716797,13.724310874939079],[80.13847351074236,13.612915992737044],[80.10679626464844,13.709309577941951],[80.05095672607422,13.588191986084212],[80.11541748046892,13.507640838623047],[80.2620925903322,13.472920417785815],[80.32903289794939,13.36653041839594],[80.32624816894537,13.44264030456543],[80.34652709960932,13.291527748108138],[80.30069732666027,13.13236045837408],[80.1896591186524,13.111901283264274],[80.30596923828125,13.100420951843262],[80.14457702636736,12.446251869201774],[80.01708221435575,12.340419769287166],[80.06318664550787,12.351250648498649],[80.00904083251959,12.256249427795694],[80.01152801513678,12.2726411819458],[79.88548278808622,12.214859962463663],[79.95652770996111,12.21180629730219],[80.00708007812517,12.253748893737793],[79.83763885498075,11.94054985046398],[79.79972839355486,11.964289665222452],[79.79401969909713,11.959099675151815],[79.83763885498058,11.94054985046398],[79.80041503906261,11.808399200439453],[79.74980926513678,11.860529899597282],[79.80069732666033,11.807640075683707],[79.75708007812506,11.563750267028809],[79.84680175781244,11.245140075683878],[79.80458068847662,11.236251831054858],[79.84014129638672,11.229030609131144],[79.847640991211,11.24292087554926],[79.85485839843767,10.976042747497502],[79.6926207924197,10.992209864797323],[79.85457611084013,10.976021766662654],[79.83408693645947,10.822733072080457],[79.88403320312517,10.305970191955623],[79.69235992431658,10.30430603027338],[79.62985992431646,10.363195419311467],[79.55069732666021,10.313470840454215],[79.66236114501947,10.289040565490836],[79.6734695434572,10.301532745361271],[79.68180847167997,10.29013919830328],[79.7087478637697,10.28319454193121],[79.71375274658209,10.286811828613281],[79.73958587646513,10.279311180114917],[79.52652740478544,10.305416107177734],[79.59014129638672,10.340139389038086],[79.38569641113287,10.316809654236124],[79.23014068603544,10.131859779358024],[79.13523101806658,10.147721290588322],[79.23707580566423,10.128748893737793],[79.26736450195312,10.037916183471737],[78.93486022949247,9.608195304870549],[78.89846801757807,9.478190422058333],[79.04736328125006,9.309579849243391],[79.19069671630876,9.281808853149357],[78.83264160156278,9.268760681152457],[78.65735626220732,9.15764141082775],[78.48874664306669,9.150137901306096],[78.36290740966814,9.085358619690112],[78.25659179687511,9.129360198974837],[78.36763763427763,9.07791709899908],[78.18486022949224,8.920139312744368],[78.15708160400385,8.772359848022518],[78.23013305664057,8.748750686645508],[78.10485839843767,8.651530265808105],[78.09652709960943,8.58125019073492],[78.13597106933611,8.592081069946403],[78.12735748291033,8.638471603393782],[78.1387481689456,8.588750839233512],[78.13041687011736,8.497078895568961],[78.06708526611345,8.370695114135799],[77.87705576238291,8.315719042995225],[77.96318054199224,8.328792572021484],[77.74624633789057,8.177082061767862],[77.57507832350012,8.134186310997215],[77.55152893066423,8.076805114746321],[77.31597137451189,8.12097167968767],[77.0906982421875,8.297361373901367],[77.159652709961,8.312500953674316],[77.0906982421875,8.297470092773494],[76.97541809082037,8.384580612182674],[76.5462493896485,8.902359962463436],[76.47235870361345,9.114583969116325],[76.5547866821289,9.101170539856184],[76.47235870361345,9.114708900451603],[76.49041748046903,9.170140266418457],[76.42263793945318,9.24569320678711],[76.46125030517607,9.139583587646428],[76.33930206298834,9.41152763366722],[76.2709732055664,9.820137977600154],[76.30291748046903,9.847359657287598],[76.29652404785173,9.889862060546875],[76.34764099121111,9.71180629730253],[76.32068634033197,9.871250152588061],[76.36827828099814,9.791190274752449],[76.41641252291629,9.820541377316411],[76.35402679443388,9.910695075989054],[76.31874847412138,9.88876056671171],[76.32152557373053,9.892361640930233],[76.30403137207037,9.934305191040153],[76.31153106689447,9.948472023010254],[76.30014038085955,9.93680858612072],[76.30347442626982,9.925694465637434],[76.26736450195318,10.032084465027083],[76.26013946533209,10.034311294555664],[76.2573623657226,10.023193359375],[76.26819610595732,9.982641220092887],[76.24958038330095,10.029862403869572],[76.2645797729495,10.079310417175236],[76.2056961059572,10.147082328796387],[76.2240295410158,9.977079391479549],[76.16625213623064,10.178473472595442],[76.20207977294939,10.139027595520133],[76.03402709960938,10.525694847107047],[76.05263519287115,10.532082557678393],[76.05236053466814,10.543472290039006],[76.06764221191423,10.544584274291935],[76.04152679443365,10.575421333313102],[76.04818725585955,10.535141944885254],[76.03180694580084,10.53708362579357],[76.03624725341808,10.510140419006518],[75.95707702636724,10.683890342712402],[75.82514190673857,11.123194694518986],[75.86125183105486,11.129584312438908],[75.8848114013673,11.177671432495117],[75.86647627108181,11.190384218616655],[75.82597351074236,11.125416755676497],[75.80153656005876,11.159310340881404],[75.82875061035185,11.158193588257006],[75.82902526855486,11.180695533752726],[75.47235870361345,11.763190269470329],[75.50013732910185,11.798194885253906],[75.45986175537138,11.765417098999137],[75.29873657226557,11.94347000122076],[75.39930725097673,11.915415763855208],[75.37486267089861,11.956531524658146],[75.20153045654303,12.005416870117472],[75.17874908447294,12.080694198608455],[75.2204208374024,12.069310188293628],[75.17263793945341,12.085701942444075],[75.18570997441836,12.102443931052635],[74.86653137207026,12.752640724182129],[74.90143304937148,12.762167473266912],[74.80236053466803,12.931249618530217],[74.79663848876959,13.112211227417106],[74.7962493896485,13.093689918518066],[74.78125000000028,13.100420951843262],[74.77236175537126,13.086251258850098],[74.69040679931646,13.348469734191951],[74.71319580078142,13.33069324493431],[74.72180175781267,13.284029960632267],[74.72513580322277,13.27819633483881],[74.72902679443376,13.2770805358889],[74.73597717285162,13.289590835571289],[74.71125030517607,13.341811180114973],[74.69513702392584,13.347640991211051],[74.60679626464861,13.866529464721737],[74.63318634033209,13.849029541015682],[74.50152587890625,14.0226411819458],[74.35375976562506,14.502921104431096],[74.39347076416044,14.529311180114746],[74.3776397705081,14.572361946105957],[74.3095932006836,14.520690917968693],[74.24958038330084,14.739583969116325],[74.20486450195307,14.717915534973372],[74.0926361083985,14.80319023132347],[74.13041687011724,14.839861869811955],[74.10417175292969,14.903750419616642],[74.17539215087896,14.908919334411678],[74.04708099365246,14.91541671752924],[74.05014038085966,14.988195419311523],[73.9118041992188,15.084028244018668],[73.94847106933605,15.145972251892147],[73.8948593139649,15.331810951233138],[73.78263854980486,15.410415649414347],[73.87680816650385,15.39680480957054],[73.94415283203125,15.433879852294922],[73.7643127441408,15.495140075683537],[73.6793060302735,15.722360610961857],[73.79321289062511,15.723660469055233],[73.64848327636747,15.745690345764388],[73.66208648681658,15.805142402648983],[73.45486450195341,16.05513954162626],[73.43569946289062,16.286529541015625],[73.36791992187494,16.363470077514762],[73.40541839599615,16.40486145019554],[73.36541748046903,16.39763832092291],[73.31014251708984,16.53791999816906],[73.46143691696103,16.495843766229804],[73.3190307617188,16.59319686889654],[73.33319091796903,16.81653022766119],[73.29541778564482,16.816791534424112],[73.2543029785158,17.02736091613764],[73.3198623657226,17.038194656372355],[73.27847290039057,17.040418624878043],[73.18930816650396,17.297920227051065],[73.24402618408209,17.307361602783317],[73.16708374023432,17.405138015747127],[73.20569610595709,17.43902969360346],[73.08735656738276,17.838750839233455],[73.13263702392584,17.83013916015642],[73.05014038085966,17.906806945800724],[73.09236145019548,17.940694808959904],[73.0284729003908,17.94902992248535],[73.12506103515636,17.981290817260856],[73.01791381835966,17.990972518921126],[73.0454177856447,18.041530609130973],[73.02958679199236,18.032083511352596],[73.04041290283232,18.053194046020508],[73.02513885498075,18.0504207611084],[73.01569366455095,18.032083511352596],[72.98986053466825,18.055139541626033],[72.98792266845714,18.19431114196783],[72.93152618408197,18.219305038452205],[72.93514251708979,18.28097152709961],[73.06625366210943,18.22513961792015],[73.08708190917974,18.150417327880973],[73.08039855957037,18.231252670288086],[73.04292297363281,18.299030303955192],[73.08625030517595,18.287916183471737],[73.08790588378935,18.326810836791992],[73.04013824462896,18.301530838012695],[73.0279159545899,18.264305114746094],[72.91735839843761,18.348470687866325],[72.92846679687494,18.541810989379826],[72.85514068603521,18.697359085083235],[72.86930847167997,18.80458259582548],[72.98264312744135,18.809579849243278],[72.98874664306635,18.86597251892107],[72.92652893066435,18.850971221923885],[72.90791320800798,18.902084350585938],[73.04242706298834,18.998840332031307],[72.96319580078125,19.0584716796875],[72.86207580566435,19.002918243408203],[72.807914733887,18.890695571899414],[72.82986450195307,19.18236351013195],[72.79347229003923,19.129859924316406],[72.78013610839861,19.166250228881893],[72.83957672119169,19.267360687255973],[72.78375244140642,19.19235992431635],[72.77819824218767,19.27903938293457],[72.84545694424226,19.307792287204204],[72.79319763183622,19.310428619384993],[72.7445831298831,19.45874977111839],[72.78624725341797,19.52597236633312],[72.71819305419928,19.53874969482439],[72.71930694580084,19.755140304565543],[72.6506958007813,19.854310989379883],[72.69013977050787,19.95819473266613],[72.75485992431669,19.927360534668196],[72.70764160156267,20.070140838623104],[72.7756958007812,20.333471298217717],[72.89763641357422,20.574310302734432],[72.87079998005974,20.741048185261878],[72.723197937012,21.049028396606445],[72.77041625976562,21.066804885864258],[72.70430755615246,21.07485961914074],[72.72069549560553,21.1431941986084],[72.68125152587919,21.158470153808594],[72.6617965698245,21.147640228271598],[72.652641296387,21.078191757202205],[72.62680816650396,21.07652854919445],[72.65319824218778,21.226804733276424],[72.58790588378912,21.291250228882063],[72.74868774414068,21.469470977783203],[72.69430541992205,21.46624946594261],[72.64514160156256,21.433750152588004],[72.74236297607439,21.550140380859432],[72.62568664550787,21.492359161376953],[72.59735870361322,21.55236053466797],[72.62819671630871,21.61680984497076],[72.83513641357428,21.66792106628418],[72.50818634033209,21.689857482910156],[72.56986236572294,21.824308395385742],[72.51708221435564,21.858472824096737],[72.50791931152344,21.997358322143782],[72.582084655762,22.200971603393555],[72.75402832031256,22.173194885253906],[72.81735992431646,22.24792098999029],[72.88966873589813,22.178139442264353],[72.89164841059225,22.24781133111668],[72.84375000000028,22.28236389160179],[72.7559661865235,22.23097038269043],[72.63541412353521,22.28458213806175],[72.54125213623075,22.243194580078125],[72.54264068603533,22.280971527099894],[72.48596954345697,22.197359085083065],[72.49291992187506,22.248193740844727],[72.47069549560575,22.2387504577639],[72.4351425170899,22.301250457763842],[72.38874816894548,22.310417175293026],[72.4123611450197,22.358472824096793],[72.35173034667986,22.384122848510742],[72.40430450439482,22.351528167724666],[72.33357238769582,22.30411148071327],[72.37236022949224,22.318471908569506],[72.36096954345709,22.20930099487299],[72.39152526855497,22.16791534423851],[72.35764312744158,22.192920684814624],[72.34124755859392,22.12458038330078],[72.31624603271501,22.146530151367415],[72.31764221191412,22.180694580078352],[72.29430389404314,22.202362060547046],[72.31263732910173,22.180694580078352],[72.31041717529303,22.14458084106451],[72.32375335693365,22.130136489868164],[72.27513885498053,21.929861068725643],[72.24153137207037,22.049583435058764],[72.29792022705095,22.06347084045416],[72.30069732666021,22.10819435119629],[72.26541900634777,22.105419158935547],[72.27819061279303,22.080419540405217],[72.23319244384794,22.05375289916998],[72.23263549804716,22.017639160156307],[72.20569610595709,22.025819778442383],[72.20424176000354,22.08837085522494],[72.19930267333984,22.02670097351097],[72.21652984619146,22.01180076599121],[72.17236328125028,22.040702819824446],[72.22152709960943,21.95708084106451],[72.14653015136724,21.983472824096964],[72.25319671630865,21.897361755371037],[72.26457977294939,21.74041748046875],[72.24708557128912,21.79097175598139],[72.18291473388689,21.823749542236385],[72.30596923828142,21.631811141967717],[72.22319793701172,21.438749313354606],[72.10901641845714,21.2829208374024],[72.07597351074224,21.30208396911621],[72.11374664306646,21.19652748107933]],[[82.01560211181669,27.59349822998047],[82.01626374428609,27.591084062141785],[82.19798278808622,27.847520828247355],[82.01560211181669,27.59349822998047]],[[84.73502218402957,26.814520265166173],[84.73642730712902,26.819469451904524],[84.67177581787138,26.916851043701342],[84.73502218402957,26.814520265166173]],[[87.03153228759771,26.320220947265852],[87.03153228759777,26.32022094726576],[87.06785583496111,26.377111434936694],[87.03153228759771,26.320220947265852]],[[88.08381571223258,27.16062715042774],[88.07495117187517,27.200839996337834],[88.01696777343767,27.21887207031267],[88.08381571223258,27.16062715042774]],[[91.70202189330435,26.793567204974348],[91.78356170654291,26.537679672241325],[91.70420074462902,26.811859130859375],[91.70202189330435,26.793567204974348]],[[92.10788726806646,26.89381980895996],[92.58521270751964,26.961862564086914],[92.64546203613293,26.987449645996207],[92.10788726806646,26.89381980895996]],[[92.64546203613293,26.987449645996207],[92.6390991210938,27.01853942871105],[92.61408138739488,27.040115954207888],[92.64546203613293,26.987449645996207]],[[92.69851684570307,22.622421264648494],[92.7668533325197,22.499969482421932],[92.69851684570307,22.622421264648665],[92.6492309570313,22.61869049072277],[92.69851684570307,22.622421264648494]],[[90.33495330810547,25.460109710693416],[90.53952309524023,25.430803152312958],[90.31948089599604,25.465360641479606],[90.27755737304688,25.200065612793082],[90.33495330810547,25.460109710693416]],[[82.59526062011747,17.452619552612248],[82.59329605814469,17.455245339062117],[82.51447296142595,17.290960311889705],[82.59526062011747,17.452619552612248]],[[78.27967071533214,9.191591262817326],[78.26004376644104,9.190662042373372],[78.25659179687511,9.129360198974837],[78.27967071533214,9.191591262817326]],[[73.87699195214104,15.777368541925782],[73.8734970092774,15.795321464538631],[73.79321289062511,15.723660469055233],[73.87699195214104,15.777368541925782]],[[73.18790705024581,18.057664108530812],[73.18544769287126,18.057411193847713],[73.12506103515636,17.981290817260856],[73.18790705024581,18.057664108530812]],[[73.05763244628923,19.01617813110363],[73.05961603251221,19.09789962941703],[73.04242706298834,18.998840332031307],[73.05763244628923,19.01617813110363]],[[79.96663665771501,30.71392059326172],[79.96819111934074,30.71119965423224],[80.08872998410202,30.730388740953682],[79.96663665771501,30.71392059326172]],[[79.97997928883873,30.3213453603576],[79.97933959960955,30.320060729980426],[80.10505676269526,30.229890823364258],[79.97997928883873,30.3213453603576]],[[80.00356292724621,29.894781112671012],[79.9837306894797,29.87548409323548],[80.14672851562506,29.910930633545036],[80.00356292724621,29.894781112671012]],[[79.96334838867182,29.855651855468807],[80.02622222900396,29.797761917114315],[79.9633483886719,29.855651855468896],[79.96334838867182,29.855651855468807]],[[79.81186676025402,29.7881698608399],[79.81887925770029,29.781436933970998],[79.89382171630707,29.803880691528132],[79.81186676025402,29.7881698608399]],[[79.94326019287121,29.684970855712834],[79.85811614990234,29.690658569335938],[79.73530578613287,29.695810317993164],[79.94326019287121,29.684970855712834]],[[80.05807032724405,29.5230615837142],[80.06264396368005,29.52393108155642],[79.99672698974604,29.55443954467779],[80.05807032724405,29.5230615837142]],[[80.29203796386736,28.622480392456225],[80.32609149415055,28.61169430542216],[80.29951379654105,28.640329295598306],[80.29203796386736,28.622480392456225]],[[80.40132897948872,28.500836572927387],[80.42189025878923,28.508480072021598],[80.41594503652068,28.514885494483547],[80.40132897948872,28.500836572927387]],[[80.25844397843264,28.460165495667084],[80.28956604003906,28.459289550781307],[80.29743944994104,28.462216430990196],[80.25844397843264,28.460165495667084]],[[80.32667023429282,28.30498513326463],[80.35983276367199,28.348539352416935],[80.34353449683282,28.374227703774597],[80.32667023429282,28.30498513326463]],[[80.2333602905274,28.139850616455078],[80.23699188232433,28.06225013732933],[80.23954399212474,28.141789281596168],[80.2333602905274,28.139850616455078]],[[80.06109348413113,27.75880016308763],[80.07214641843969,27.776102924125613],[80.05625544111881,27.776125316797422],[80.06109348413113,27.75880016308763]],[[79.90363311767607,27.72648048400879],[80.05491638183594,27.749130249023438],[80.05681164746076,27.75209718316911],[79.90363311767607,27.72648048400879]],[[79.70638275146513,27.479120254516772],[79.64788055419922,27.512580871582145],[79.73694610595697,27.45776176452648],[79.67816162109403,27.639379501342717],[79.70638275146513,27.479120254516772]],[[79.697270467351,27.232288770745782],[79.69458007812528,27.22392082214367],[79.77970966713717,27.19905491323479],[79.697270467351,27.232288770745782]],[[79.91796949075645,27.11780186758402],[79.89583587646484,27.152240753173828],[79.8657040451637,27.164387850557173],[79.91796949075645,27.11780186758402]],[[79.99569924622975,26.996857943993398],[80.00014133841391,26.95694926236355],[80.0973510742188,26.87717056274414],[79.99569924622975,26.996857943993398]],[[80.37372867807406,26.277589010658705],[80.36937713623058,26.28460121154791],[80.22249603271496,26.254949569702205],[80.37372867807406,26.277589010658705]],[[80.55800628662121,26.231630325317496],[80.41858684813907,26.156487750726054],[80.58174361242375,26.216643736685537],[80.52417755126959,26.362598419189453],[80.55800628662121,26.231630325317496]],[[80.24719238281267,26.050188064575423],[80.23447119773832,26.011027089957143],[80.27879257379509,26.06978665766496],[80.24719238281267,26.050188064575423]],[[80.21667439278161,25.956241295778185],[80.33421267963189,25.882629125804918],[80.36392381865676,25.903603326621464],[80.21667439278161,25.956241295778185]],[[80.22292327880888,25.802370071411133],[80.3426132202149,25.709770202636662],[80.22722731826707,25.80443579378737],[80.22292327880888,25.802370071411133]],[[80.10401576212031,25.414184868108162],[80.14198303222662,25.40221977233898],[80.13118743896479,25.460979461669922],[80.10401576212031,25.414184868108162]],[[80.02073669433622,25.34316062927246],[80.12329864501959,25.338430404663143],[80.09609222412104,25.35157966613781],[80.02073669433622,25.34316062927246]],[[80.29027289316325,25.408182713892003],[80.27372741699236,25.425039291381893],[80.19391632080107,25.41623115539562],[80.29027289316325,25.408182713892003]],[[80.30404663085955,25.288892745971737],[80.3107528686524,25.387317657470646],[80.29570096994242,25.40265257405776],[80.30404663085955,25.288892745971737]],[[80.42034124042671,25.171357086444544],[80.4225692749024,25.172210693359432],[80.42231011191127,25.17299083200313],[80.42034124042671,25.171357086444544]],[[80.14216613769537,24.940530776977653],[80.27065789042473,25.02958104548553],[80.29181836840286,25.064710373852137],[80.14216613769537,24.940530776977653]],[[80.0274429321289,24.925979614257926],[80.03086215641108,24.91842101909988],[80.03659232778475,24.927140097390506],[80.0274429321289,24.925979614257926]],[[79.75241465998504,24.413451896536667],[79.7903008367761,24.374989023188615],[79.80652775804322,24.377058206985584],[79.75241465998504,24.413451896536667]],[[79.80661773681658,24.28736114501976],[79.85146331787115,24.30236053466797],[79.8473610139771,24.303746643262325],[79.80661773681658,24.28736114501976]],[[79.84092978269958,24.00059152086281],[79.83825683593767,24.025270462036133],[79.73092651367193,24.064891815185604],[79.84092978269958,24.00059152086281]],[[79.9394306451071,23.64854535363929],[79.94931793212896,23.659320831298828],[79.93478593709233,23.663972055927633],[79.9394306451071,23.64854535363929]],[[79.74652066286714,23.41943286373759],[79.80396240481913,23.45958424915479],[79.80433471813413,23.478150926308075],[79.74652066286714,23.41943286373759]],[[79.86654663085943,23.366289138793945],[79.83756256103521,23.448120117187557],[79.81914596644144,23.445882780611512],[79.86654663085943,23.366289138793945]],[[80.57448437399786,23.2963795441026],[80.58135575214757,23.356150514721094],[80.5504524118974,23.357990491932565],[80.57448437399786,23.2963795441026]],[[80.47289276123053,23.200210571289176],[80.57576751708996,23.28667068481451],[80.57551125212646,23.288609705089304],[80.47289276123053,23.200210571289176]],[[80.57007796240491,23.135292568379313],[80.57412719726562,23.13956069946289],[80.47289276123053,23.200210571289176],[80.57007796240491,23.135292568379313]],[[80.40143585205107,23.17458915710455],[80.3977526038949,23.171756048218164],[80.42423897376952,23.156150841378686],[80.40143585205107,23.17458915710455]],[[80.27040863037138,23.14866065979004],[80.24679637836881,23.143917027958878],[80.30282592773466,23.09873962402355],[80.27040863037138,23.14866065979004]],[[80.18110656738293,23.13072013854986],[80.18108672653214,23.12755757535087],[80.19842500141489,23.1341993609015],[80.18110656738293,23.13072013854986]],[[79.95732879638678,22.854690551757812],[79.97425576035512,22.836205478084914],[79.94589996337896,22.947099685669002],[79.95732879638678,22.854690551757812]],[[80.06037902832043,22.760080337524528],[80.0637247736453,22.760678424943567],[80.00958852904989,22.80497452219085],[80.06037902832043,22.760080337524528]],[[80.08595716553633,22.42672961124624],[80.08599853515625,22.428049087524585],[80.02538299560564,22.544189453125],[80.08595716553633,22.42672961124624]],[[80.09126485004258,22.270448835687557],[80.09358347106934,22.340685368403147],[80.08919061646657,22.341941272799506],[80.09126485004258,22.270448835687557]],[[80.02842712402361,22.18283081054699],[80.09046173095709,22.246120452880803],[80.09055321182042,22.248891625304655],[80.02842712402361,22.18283081054699]],[[79.53662109375011,21.544218063354606],[79.56581918237448,21.55025152228864],[79.52753860363383,21.57579128788376],[79.53662109375011,21.544218063354606]],[[79.74406889642181,21.59765197441657],[79.73262023925781,21.602529525757063],[79.6620327282253,21.575836783945494],[79.74406889642181,21.59765197441657]],[[79.91275690812178,21.516918119025352],[79.91573616855982,21.52451536797087],[79.75497796741232,21.593004306740703],[79.91275690812178,21.516918119025352]],[[79.8261108398438,21.22961044311529],[79.83698936542048,21.231857326083503],[79.8590316772461,21.258329391479606],[79.8261108398438,21.22961044311529]],[[80.0790475426608,21.054241017802983],[80.07717132568388,21.143100738525334],[80.04326629638666,21.210050582885856],[80.0790475426608,21.054241017802983]],[[80.04112243652372,21.002540588378963],[80.07923126220709,21.045539855956974],[80.07921635049307,21.046246091301462],[80.04112243652372,21.002540588378963]],[[79.9580383300783,20.6890106201173],[79.79656219482428,20.683511734008903],[80.00145313865333,20.66655118695704],[79.90952301025419,20.737449645996207],[79.9580383300783,20.6890106201173]],[[79.90619659423834,20.148130416870117],[79.90824743275896,20.146117064452113],[79.98929595947266,20.2181396484375],[79.90619659423834,20.148130416870117]],[[79.9742304086738,20.081340153559612],[79.96581268310575,20.11096954345703],[79.91661793525368,20.137899561577953],[79.9742304086738,20.081340153559612]],[[79.95290585559313,20.00770732828217],[79.98500061035162,20.043430328369197],[79.97647683841606,20.07343298883055],[79.95290585559313,20.00770732828217]],[[79.91142810470373,19.97389564061645],[79.91781616210955,19.968650817871037],[79.92615146726789,19.97792841195572],[79.91142810470373,19.97389564061645]],[[79.77429962158232,19.99862098693859],[79.77849298870399,19.98023334764404],[79.84223175048822,20.030708312988338],[79.77429962158232,19.99862098693859]],[[79.78542327880876,19.5935897827149],[79.78544044922893,19.59357216022109],[79.73739624023443,19.814529418945256],[79.78542327880876,19.5935897827149]],[[79.93331224756454,18.85534404964908],[79.93900299072271,18.85889244079584],[79.93307820467513,19.021943006205902],[79.93331224756454,18.85534404964908]],[[79.89482036735009,18.83821387772478],[79.89979060139265,18.834442049823185],[79.91021809751868,18.840943983561555],[79.89482036735009,18.83821387772478]],[[80.10655975341825,18.67752838134777],[80.1083199433319,18.677970576925247],[80.06930287569767,18.705802005830943],[80.10655975341825,18.67752838134777]],[[80.26061864824386,18.716231115316706],[80.24333033386954,18.74454402786005],[80.24580253035919,18.712509004564243],[80.26061864824386,18.716231115316706]],[[80.33109089314769,18.600819371667605],[80.22202301025408,18.547910690307845],[80.48627379648842,18.626064911177515],[80.33109089314769,18.600819371667605]],[[80.45533088227134,18.44297593577841],[80.45501708984403,18.44614028930664],[80.37355041503912,18.4685897827149],[80.45533088227134,18.44297593577841]],[[80.65478991336747,18.167654321897082],[80.65500640869158,18.169040679931697],[80.46998596191423,18.29519081115717],[80.65478991336747,18.167654321897082]],[[80.5904159545899,18.076362609863224],[80.6486129760745,18.128099441528263],[80.65333414906479,18.158332131933612],[80.5904159545899,18.076362609863224]],[[80.2443245493977,17.736592225907287],[80.2484664916995,17.737159729003963],[80.26969146728533,17.96231269836437],[80.2443245493977,17.736592225907287]],[[80.15644836425787,17.747030258178768],[80.06816574991502,17.712456046084117],[80.16115018181375,17.725196192904225],[80.15644836425787,17.747030258178768]],[[80.03866577148466,17.700902938842887],[80.08233642578153,17.65340042114252],[80.04725462206345,17.70426659932996],[80.03866577148466,17.700902938842887]],[[80.08215332031278,17.507392883300724],[80.1207580566408,17.44008064270031],[80.04637145996111,17.589900970458928],[80.08215332031278,17.507392883300724]],[[79.80716705322283,17.280509948730526],[79.88185236103217,17.249675487236257],[79.7970060449707,17.30658812332247],[79.80716705322283,17.280509948730526]],[[80.04918842972734,17.014317102524664],[80.04952239990263,17.019269943237248],[79.86987304687528,17.17193984985363],[80.04918842972734,17.014317102524664]],[[79.99167633056646,16.86325073242199],[80.04588317871105,16.965299606323242],[80.04794932871965,16.995941000788985],[79.99167633056646,16.86325073242199]],[[80.06967163085943,16.813608169555664],[80.00458453421469,16.713479483867413],[80.0906600952149,16.825691223144645],[80.11780767166186,16.78245984039002],[80.11180877685553,16.821058273315543],[79.99167633056646,16.86325073242199],[80.06967163085943,16.813608169555664]],[[80.13385772705072,16.985359191894474],[80.16988104801017,17.029823254646683],[80.04588317871105,16.965299606323242],[80.13385772705072,16.985359191894474]],[[80.13118743896479,16.66453170776373],[80.13632644747497,16.663305271230143],[80.13313297044242,16.68385292425951],[80.13118743896479,16.66453170776373]],[[80.48793143089665,16.57939391046783],[80.47457885742188,16.588350296020508],[80.32842557519018,16.61746036012857],[80.48793143089665,16.57939391046783]],[[80.80005645751982,16.275079727172965],[80.66355895996111,16.46158981323248],[80.65206375218192,16.469300350311574],[80.80005645751982,16.275079727172965]],[[80.89290200094514,15.997638638687732],[80.89227294921892,16.013759613037337],[80.80005645751982,16.275079727172965],[80.89290200094514,15.997638638687732]],[[80.17430114746088,13.014476776123104],[80.12500865098126,13.03349559902706],[80.17888601383108,13.043561239224026],[80.17430114746088,13.014476776123104]],[[80.20349884033203,12.954210281372184],[80.20894529690813,12.954233401456802],[80.20126338335842,12.977061914217758],[80.20349884033203,12.954210281372184]],[[74.95916748046886,31.960668563842717],[74.94038892170181,31.96565025250973],[74.87454986572266,31.931720733642635],[74.95916748046886,31.960668563842717]],[[75.09439728154767,31.775333949492474],[74.91468397707538,31.882616274955602],[74.95490264892578,31.833408355712834],[75.09439728154767,31.775333949492474]],[[75.23664274554523,31.690418566020735],[75.19266332969988,31.716672682365946],[75.21298217773443,31.685449600219954],[75.23664274554523,31.690418566020735]],[[75.39346509427428,31.596801310995318],[75.37865294199798,31.605643628741245],[75.39088175708522,31.595126785342448],[75.39346509427428,31.596801310995318]],[[74.99581909179716,31.120010375976733],[74.93667602539091,31.14985084533697],[75.03811645507818,31.192089080810604],[74.90399177066807,31.15337855624648],[74.99581909179716,31.120010375976733]],[[74.99581909179716,31.120010375976733],[75.06733690378822,31.126682413639095],[75.18780472181055,31.184415708234894],[75.02649688720714,31.16201972961443],[74.99581909179716,31.120010375976733]],[[75.0573309268185,31.044227846407615],[75.146440885794,31.088439252031655],[75.07671137656232,31.118403138711347],[75.11541748046903,31.08421897888195],[75.0573309268185,31.044227846407615]],[[75.3827896196824,30.986876416481042],[75.23951674924389,31.048443063104504],[75.34285736083984,30.99002075195324],[75.3827896196824,30.986876416481042]],[[75.39472961425781,30.895191192626953],[75.3614924892506,30.84453465342122],[75.39472961425798,30.895191192626953],[75.34285736083984,30.99002075195324],[75.39472961425781,30.895191192626953]],[[75.3870239824302,30.597665164945056],[75.36118824525298,30.822774765941237],[75.35933685302746,30.690361022949276],[75.3870239824302,30.597665164945056]],[[75.3961715698245,30.5840682983399],[75.42045910348828,30.593419760408803],[75.39530370973985,30.569944832661918],[75.3961715698245,30.5840682983399]],[[75.39305877685553,30.533411026001204],[75.39353424801261,30.54114879466552],[75.35129478105948,30.53466359179283],[75.39305877685553,30.533411026001204]],[[75.28121185302751,30.511192321777344],[75.29481875922144,30.525992590819534],[75.17581176757818,30.507720947265625],[75.28121185302751,30.511192321777344]],[[75.324478149414,30.37951087951666],[75.24846372077752,30.464075818751496],[75.24698638916027,30.46195030212408],[75.324478149414,30.37951087951666]],[[75.36250305175781,30.26579093933117],[75.31019592285156,30.30578994751005],[75.35896877885985,30.246530992804168],[75.36250305175781,30.26579093933117]],[[75.37234448167591,30.19934155275374],[75.35985237715039,30.20328788749032],[75.35021623162847,30.159249810219443],[75.37234448167591,30.19934155275374]],[[75.33499908447266,30.13167953491211],[75.33919503931618,30.13928172401027],[75.2500457763673,30.10071945190441],[75.33499908447266,30.13167953491211]],[[75.29229736328125,30.023410797119197],[75.2500457763673,30.01835060119629],[75.29229736328124,30.023410797119176],[75.29229736328125,30.023410797119197]],[[75.20552062988281,29.865459442138672],[75.1591796875,29.92597007751465],[75.20264778973004,29.863288801572143],[75.20552062988281,29.865459442138672]],[[75.19019751499589,29.820408038473463],[75.18372093250079,29.831261069685354],[75.14171600341825,29.777008056640625],[75.19019751499589,29.820408038473463]],[[75.28353171133332,29.564297408346043],[75.22348022460943,29.546171188354492],[75.28447997539233,29.549662443492196],[75.28353171133332,29.564297408346043]],[[75.29133605957048,29.443849563598633],[75.28512373927921,29.53972696004804],[75.26500701904314,29.510610580444393],[75.29133605957048,29.443849563598633]],[[75.22345733642578,29.234951019287166],[75.23053741455084,29.255189895629826],[75.21740722656256,29.32676124572754],[75.22345733642578,29.234951019287166]],[[75.25475311279303,29.295431137085018],[75.26841120769386,29.262393893599],[75.3150765257648,29.290881550444073],[75.25475311279303,29.295431137085018]],[[75.38833618164091,29.322389602661133],[75.29596710205084,29.322969436645508],[75.25475311279303,29.295431137085018],[75.38833618164091,29.322389602661133]],[[75.32424926757841,29.290189743041935],[75.31905141692958,29.29058176449279],[75.31492614746122,29.235960006713924],[75.32424926757841,29.290189743041935]],[[75.50511932373047,29.015150070190373],[75.43473815917969,29.016540527343693],[75.50625388701052,29.01119238844084],[75.50511932373047,29.015150070190373]],[[75.59250640869158,28.99607086181652],[75.50917953965221,29.000986873888074],[75.49971006163214,28.952471812808575],[75.59250640869158,28.99607086181652]],[[75.48205091275862,28.88895815293565],[75.48921817584193,28.947542348909952],[75.41470336914057,29.0015811920166],[75.48205091275862,28.88895815293565]],[[75.34845992376613,28.929064254172093],[75.34874725341814,28.913440704345646],[75.41470336914057,29.0015811920166],[75.34845992376613,28.929064254172093]],[[75.67109680175798,28.5169296264649],[75.77781562212272,28.45500058793145],[75.61478048000293,28.509947773487585],[75.67109680175798,28.5169296264649]],[[75.60727691650396,28.409900665283146],[75.60777594335227,28.506724908147582],[75.60576629638683,28.505800247192326],[75.60727691650396,28.409900665283146]],[[75.23909397102673,28.448859633353067],[75.37542724609375,28.341180801391715],[75.2461776733399,28.462789535522404],[75.23909397102673,28.448859633353067]],[[74.88581085205078,28.194400787353516],[75.04200854077776,28.193546141060978],[75.02442989509446,28.205832652126933],[74.88581085205078,28.194400787353516]],[[74.7389907836914,27.68770027160656],[74.73552703857439,27.766920089721737],[74.72601277214046,27.684004688468747],[74.7389907836914,27.68770027160656]],[[74.755599975586,27.583110809326172],[74.74710641049205,27.584962197147508],[74.71779632568376,27.50374984741211],[74.755599975586,27.583110809326172]],[[75.36284637451189,27.091329574585018],[75.31053161621122,27.184810638427678],[75.38610076904297,27.234180450439567],[75.31685638427729,27.21186065673828],[75.27677154541044,27.126720428466854],[75.3106307983399,27.162820816040153],[75.36284637451189,27.091329574585018]],[[74.97339228394048,26.924973629274294],[74.95743518621323,26.86699936402303],[75.00963592529314,26.898218154907283],[75.00885009765642,26.948499679565543],[74.98825836181658,26.891571044921875],[74.97339228394048,26.924973629274294]],[[75.00401306152372,26.74784278869646],[74.93826293945312,26.748741149902344],[74.98803020266885,26.74470374900814],[75.00401306152372,26.74784278869646]],[[74.95689518845897,26.697236767618442],[74.94516796184804,26.725771756608847],[74.94007110595709,26.724250793457145],[74.95689518845897,26.697236767618442]],[[75.06331634521496,26.653949737548942],[74.96405417617869,26.68574175270645],[74.96997833251959,26.67622947692871],[75.06331634521496,26.653949737548942]],[[75.16973140119028,26.471765242836092],[75.16302974617551,26.466050352310088],[75.16598724231778,26.46035924603859],[75.16973140119028,26.471765242836092]],[[75.10954284667969,26.288410186767578],[75.15652174566537,26.431524084876603],[75.12565612792974,26.400381088256836],[75.10954284667969,26.288410186767578]],[[75.31566619873075,25.767601013183594],[75.351303100586,25.833660125732422],[75.30181483144545,25.74969355019726],[75.31566619873075,25.767601013183594]],[[75.41402849880072,25.765312370942066],[75.39985656738298,25.778320312500057],[75.31566619873075,25.767601013183594],[75.41402849880072,25.765312370942066]],[[75.51902008056669,25.75127983093273],[75.46079254150396,25.722389221191406],[75.42002105712919,25.690010070800838],[75.51902008056669,25.75127983093273]],[[75.32695402072254,25.013511305436417],[75.50595405244337,25.018388590672107],[75.34764124038328,25.031600324789583],[75.32695402072254,25.013511305436417]],[[75.31387329101568,24.900440216064453],[75.32217765910177,25.009334828403126],[75.31894683837885,25.006509780883846],[75.31387329101568,24.900440216064453]],[[75.27590179443376,24.9767303466798],[75.29081667493577,24.93024386966177],[75.31387329101568,24.900440216064453],[75.27590179443376,24.9767303466798]],[[75.39965057373047,24.854909896850586],[75.42421722412138,24.8927516937257],[75.3057327270509,24.813329696655273],[75.39965057373047,24.854909896850586]],[[75.25192260742193,24.837169647216854],[75.24777677744373,24.838984919144227],[75.24993934712974,24.83510538404852],[75.25192260742193,24.837169647216854]],[[75.2169494628908,24.722410202026424],[75.18911103638128,24.76283166488714],[75.1868515014649,24.760320663452205],[75.2169494628908,24.722410202026424]],[[75.58999633789062,24.541339874267635],[75.57228088378923,24.634979248046818],[75.58057328978184,24.530676759380434],[75.58999633789062,24.541339874267635]],[[75.42250823974638,24.35181045532238],[75.47714949527978,24.41364246324669],[75.41552663399898,24.351145295421304],[75.42250823974638,24.35181045532238]],[[74.96107473628145,24.317730533149916],[74.88265224644626,24.219088573647802],[74.96190643310547,24.302459716796932],[74.96107473628145,24.317730533149916]],[[74.99298858642572,24.029701232910213],[74.88138945325784,24.214465835510637],[74.88112640380865,24.213502883911076],[74.99298858642572,24.029701232910213]],[[74.92736012571399,23.718795017286343],[74.93992614746122,23.765850067138786],[74.90567779541033,23.87391090393072],[74.92736012571399,23.718795017286343]],[[75.00831604003912,23.81616973876953],[75.00091716703075,23.810725822334156],[75.00975704950251,23.814604735017674],[75.00831604003912,23.81616973876953]],[[75.25762176513678,23.823829650878906],[75.29876708984392,23.85558128356928],[75.25672938860966,23.82536854654126],[75.25762176513678,23.823829650878906]],[[75.33876421366202,23.813746018845777],[75.33380247951408,23.818935778552266],[75.33490753173834,23.806739807128963],[75.33876421366202,23.813746018845777]],[[75.47082993828477,23.912372620517825],[75.45555114746111,23.917062759399528],[75.37151336669928,23.873239517211914],[75.47082993828477,23.912372620517825]],[[75.56062316894531,23.85995101928711],[75.48862251973917,23.901985249409705],[75.58252716064482,23.800359725952205],[75.56062316894531,23.85995101928711]],[[75.66423581488984,23.7862271072697],[75.65183258056658,23.80194854736351],[75.58252716064482,23.800359725952205],[75.66423581488984,23.7862271072697]],[[75.68571781521342,23.719330605726533],[75.68947601318365,23.750869750976676],[75.67688671540373,23.770191743478435],[75.68571781521342,23.719330605726533]],[[75.36512970552174,23.601060810686153],[75.503890991211,23.530662536621094],[75.397216796875,23.605369567871207],[75.36512970552174,23.601060810686153]],[[75.3256734988986,23.621078273292],[75.33390545168271,23.616901926371405],[75.33509826660162,23.631860733032454],[75.3256734988986,23.621078273292]],[[75.27339935302751,23.545379638671932],[75.29249153910668,23.583116261193684],[75.25732725094272,23.542886354910877],[75.27339935302751,23.545379638671932]],[[75.15675134410179,23.459922048295883],[75.18758788129217,23.526244150550117],[75.18586730957048,23.526531219482422],[75.15675134410179,23.459922048295883]],[[75.20094299316423,23.329879760742415],[75.13494361651786,23.410032077743814],[75.1342391967774,23.408420562744254],[75.20094299316423,23.329879760742415]],[[75.32231976376514,23.29707193632228],[75.32579040527372,23.29854011535639],[75.20094299316423,23.329879760742415],[75.32231976376514,23.29707193632228]],[[75.23462744879822,23.098172050073362],[75.2415161132812,23.13907051086437],[75.2257919311524,23.214469909668026],[75.23462744879822,23.098172050073362]],[[75.3019332885745,23.13219070434576],[75.24872596399594,23.138249512899726],[75.34961700439482,23.072299957275447],[75.3019332885745,23.13219070434576]],[[75.30445098876947,23.045549392700252],[75.3074155709128,23.023645290758456],[75.34961700439482,23.072299957275447],[75.30445098876947,23.045549392700252]],[[75.33958602325123,22.8439480303632],[75.31700621910196,22.952783858871257],[75.332015991211,22.84188270568859],[75.33958602325123,22.8439480303632]],[[75.4354829060681,22.87180116499057],[75.42154572976399,22.866309019495727],[75.4349336892584,22.869961643809532],[75.4354829060681,22.87180116499057]],[[75.50887298583996,22.7341117858889],[75.4989229283855,22.73999069097486],[75.50741830622694,22.724487051844786],[75.50887298583996,22.7341117858889]],[[75.63384009430473,22.576500678069195],[75.71393585205107,22.6223201751709],[75.71104244035989,22.63735887207866],[75.63384009430473,22.576500678069195]],[[75.5580673217774,22.516769409179915],[75.59821319580095,22.526290893554744],[75.59736226153906,22.54774539876833],[75.5580673217774,22.516769409179915]],[[75.50553894042986,22.372051239013672],[75.59577388038116,22.34965782531654],[75.55906575057526,22.384031215639546],[75.50553894042986,22.372051239013672]],[[75.49198150634783,22.330600738525334],[75.52476180954969,22.28116365541086],[75.50553894042986,22.372051239013672],[75.49198150634783,22.330600738525334]],[[75.53584289550798,22.228771209716797],[75.53058485878469,22.25363171567437],[75.5105590820313,22.164140701294002],[75.53584289550798,22.228771209716797]],[[74.78056335449236,22.0792694091798],[75.32338714599626,22.127969741821403],[75.45787811279303,22.06501960754406],[75.32002258300787,22.13634109497076],[75.5105590820313,22.164140701294002],[74.78056335449236,22.0792694091798]],[[75.62272139598575,21.400344828379094],[75.60898590087896,21.462200164794865],[75.59263610839872,21.425451278686523],[75.62272139598575,21.400344828379094]],[[75.66053460033997,21.381461927885724],[75.62427178915203,21.39336291108145],[75.54814910888678,21.37248992919922],[75.66053460033997,21.381461927885724]],[[75.11509704589861,21.45956039428711],[75.2074584960938,21.415840148925838],[75.14350128173845,21.386262893676758],[75.22655613121535,21.41008633808095],[75.11509704589861,21.45956039428711]],[[74.86112213134771,21.064821243286246],[74.8776431968158,21.106957413615433],[74.87383270263689,21.103219985961914],[74.86112213134771,21.064821243286246]],[[74.92233896097308,20.99170694797358],[74.924057006836,21.01233100891119],[74.86112213134771,21.064821243286246],[74.92233896097308,20.99170694797358]],[[74.9648208618164,20.806510925293082],[74.99707794189459,20.750339508056754],[74.98283741311762,20.819365020061202],[74.9648208618164,20.806510925293082]],[[74.78899636537658,20.540613866204414],[74.81838226318365,20.635208129882926],[74.80599504004519,20.63983514244304],[74.78899636537658,20.540613866204414]],[[74.80322067450888,20.448843358011633],[74.78205594705828,20.50010263950019],[74.77722930908232,20.471929550171012],[74.80322067450888,20.448843358011633]],[[74.8721553168575,20.2818891534414],[74.85906331327702,20.313596941710706],[74.86328124999994,20.283041000366268],[74.8721553168575,20.2818891534414]],[[74.7260542535565,20.099335586917505],[74.72804260253935,20.19145965576172],[74.709457397461,20.115650177001953],[74.7260542535565,20.099335586917505]],[[74.72438812255888,20.022140502929744],[74.72492091607093,20.04682586078531],[74.67948146816327,19.951426080444286],[74.72438812255888,20.022140502929744]],[[74.59869509078904,19.78052730976355],[74.61134338378906,19.85048294067377],[74.59639739990246,19.780477523803825],[74.59869509078904,19.78052730976355]],[[74.79552120145456,19.657985860012488],[74.81069183349626,19.703798294067383],[74.78468322753935,19.653060913085994],[74.79552120145456,19.657985860012488]],[[75.19727325439453,19.59399986267084],[75.19292077090368,19.594934520489613],[75.33293914794922,19.479900360107422],[75.19727325439453,19.59399986267084]],[[75.51316937202616,19.389411310317858],[75.49385070800776,19.440629959106502],[75.3454818725586,19.406339645385742],[75.44616699218744,19.428050994873047],[75.51316937202616,19.389411310317858]],[[75.41067623292855,19.197280814363545],[75.54351043701172,19.308969497680664],[75.40750885009783,19.19939041137701],[75.41067623292855,19.197280814363545]],[[75.38672637939453,19.07814979553217],[75.489273071289,19.103960037231445],[75.39024187523489,19.08570528892808],[75.38672637939453,19.07814979553217]],[[75.34232931967804,19.148894335728833],[75.41285705566406,19.134309768676815],[75.3407287597658,19.15359115600586],[75.34232931967804,19.148894335728833]],[[75.28931793539981,19.078822682659773],[75.36698913574247,19.076530456543082],[75.28642272949224,19.083509445190487],[75.28931793539981,19.078822682659773]],[[74.82116112591666,18.9729319452057],[74.95691680908232,18.968671798706282],[74.81820678710943,18.9774494171142],[74.82116112591666,18.9729319452057]],[[74.9588571952554,18.825582491308214],[74.83018566132387,18.95913255121281],[74.90316009521484,18.847547531127987],[74.9588571952554,18.825582491308214]],[[75.13819885253906,18.526109695434684],[75.25213274416502,18.521187525858657],[75.20764756053117,18.567359346133443],[75.13819885253906,18.526109695434684]],[[74.80046844482428,18.350839614868278],[74.83921358340118,18.311310334475376],[75.0199584960938,18.436452865600586],[74.85621643066435,18.33048057556175],[74.80046844482428,18.350839614868278]],[[74.84249179296764,18.246354990218435],[74.79969787597662,18.283950805664062],[74.83760070800781,18.245958328247184],[74.84249179296764,18.246354990218435]],[[75.04837799072271,18.261770248413086],[75.04469094440941,18.261425945810846],[75.02574157714855,18.187070846557674],[75.04837799072271,18.261770248413086]],[[75.13092041015642,17.94977951049816],[75.12349700927751,17.997280120849723],[75.11880851654163,17.9429294622739],[75.13092041015642,17.94977951049816]],[[74.8620860856144,17.993168977030454],[74.86785121891721,17.989995342780723],[74.86815643310553,17.990789413452205],[74.8620860856144,17.993168977030454]],[[74.47020721435564,18.046770095825252],[74.69132232666021,18.058639526367188],[74.79606333421071,18.01904975812341],[74.67027282714844,18.068359374999943],[74.47020721435564,18.046770095825252]],[[74.91350001883421,17.611764178128567],[74.9093941607681,17.62472722696344],[74.89150426332051,17.575913430321176],[74.91350001883421,17.611764178128567]],[[74.9671478271485,17.589380264282454],[74.95016840808997,17.58361619833879],[74.99269104003912,17.540630340576286],[74.9671478271485,17.589380264282454]],[[74.9450302124024,17.511648178100813],[74.94640306101357,17.509789936280054],[74.99269104003912,17.540630340576286],[74.9450302124024,17.511648178100813]],[[74.98102231741194,17.467466419712146],[74.9521061493236,17.502070427283254],[74.97786712646496,17.467201232910156],[74.98102231741194,17.467466419712146]],[[75.04345703125006,17.48137092590332],[75.00420689957724,17.469415032427875],[75.0397775938738,17.472404670400195],[75.04345703125006,17.48137092590332]],[[74.96745300292986,17.18946075439453],[74.97045898437528,17.124908447265682],[74.96947928869011,17.190759583361725],[74.96745300292986,17.18946075439453]],[[75.02101135253935,17.223791122436523],[74.98036305096358,17.19773596645145],[75.03827802753698,17.22499569385909],[75.02101135253935,17.223791122436523]],[[75.20704650878923,17.2675399780274],[75.19503347253588,17.251257086682294],[75.25081634521513,17.25366020202648],[75.20704650878923,17.2675399780274]],[[75.27210998535162,17.18184089660656],[75.2168731689456,17.197830200195256],[75.27279273943049,17.16153900326132],[75.27210998535162,17.18184089660656]],[[75.29692338670034,17.162329985527105],[75.2841876503419,17.154143829222164],[75.29876708984392,17.14468193054222],[75.29692338670034,17.162329985527105]],[[75.33644104003918,17.2311305999757],[75.29154205322283,17.213840484619197],[75.34135623895645,17.22776069202652],[75.33644104003918,17.2311305999757]],[[75.57853698730463,17.382930755615348],[75.60595703125011,17.30326080322277],[75.65988922119146,17.261440277099553],[75.57853698730463,17.382930755615348]],[[75.34532928466814,16.9525203704834],[75.4679107666015,16.985330581665096],[75.28843688964838,16.954772949218807],[75.34532928466814,16.9525203704834]],[[75.4958267211914,16.737699508667106],[75.39003753662121,16.760099411010742],[75.39679718017595,16.858760833740348],[75.37508044609775,16.755558051685608],[75.4958267211914,16.737699508667106]],[[75.08074951171892,16.433799743652344],[74.99765569072136,16.467819194243425],[74.9967498779298,16.46339035034191],[75.08074951171892,16.433799743652344]],[[75.44784120574911,15.815225097421202],[75.4405364990235,15.89118957519537],[75.41293334960949,16.127531051635856],[75.44784120574911,15.815225097421202]],[[75.43958282470709,15.77688026428234],[75.44208795567975,15.78851194228907],[75.4378910571226,15.78719534719333],[75.43958282470709,15.77688026428234]],[[75.36709594726568,15.802060127258358],[75.37464218602159,15.825707481711836],[75.30602264404314,15.808160781860465],[75.36709594726568,15.802060127258358]],[[75.27755737304682,15.73662185668968],[75.31600952148443,15.728509902954102],[75.3144327831493,15.74108526446598],[75.27755737304682,15.73662185668968]],[[75.27577690466265,15.666530199908623],[75.31000071453887,15.680073232512608],[75.27713493122027,15.719991599292436],[75.27577690466265,15.666530199908623]],[[75.43208982031717,15.678469672749106],[75.35259711958605,15.650246352713722],[75.36268615722673,15.643181800842228],[75.43208982031717,15.678469672749106]],[[75.49064636230486,15.69925975799572],[75.47806863939073,15.694794126612496],[75.49466467267789,15.684253547995016],[75.49064636230486,15.69925975799572]],[[75.34723500204416,15.064432977307058],[75.48228303332658,15.040812474817809],[75.41987609863298,15.056751251220646],[75.4028701782226,15.195269584655819],[75.41821289062506,15.052889823913688],[75.34723500204416,15.064432977307058]],[[75.33235931396501,15.077700614929142],[75.34127356183494,15.069749990407955],[75.33982086181646,15.156290054321289],[75.33235931396501,15.077700614929142]],[[75.13327121063287,15.144029214578968],[75.14143341779034,15.150053398838368],[75.14108276367193,15.155791282653922],[75.13327121063287,15.144029214578968]],[[75.08458860240071,15.065019062774814],[75.08433741442836,15.070348265445629],[75.08380126953142,15.069540977478141],[75.08458860240071,15.065019062774814]],[[74.90711615980787,15.043474923543423],[74.91462707519548,15.03472995758051],[75.08380126953142,15.069540977478141],[74.90711615980787,15.043474923543423]],[[75.09681701660162,14.8055810928347],[75.09131759685917,14.922256752522822],[75.07309722900385,14.914940834045524],[75.09681701660162,14.8055810928347]],[[75.02111802448492,14.71089368219785],[75.06040191650396,14.808439254760856],[75.02052307128912,14.7121000289917],[75.02111802448492,14.71089368219785]],[[75.53512724672505,14.274731719788399],[75.53378568435201,14.277174709075247],[75.53349806795126,14.274149096651575],[75.53512724672505,14.274731719788399]],[[75.5855331420899,14.052850723266545],[75.40993609846412,14.117015727645654],[75.40040588378906,14.110321998596248],[75.5855331420899,14.052850723266545]],[[75.72914655451076,14.056394095996758],[75.7329788208009,14.059749603271598],[75.5855331420899,14.052850723266545],[75.72914655451076,14.056394095996758]],[[75.67792692456733,14.011546523339252],[75.71515251555044,14.044141007098268],[75.675590515137,14.018520355224723],[75.67792692456733,14.011546523339252]],[[75.60907056631379,13.819050161388915],[75.63095969158128,13.853665462098652],[75.61026763916016,13.839060783386174],[75.60907056631379,13.819050161388915]],[[75.60490961075384,13.754687857754782],[75.60446102717057,13.755878891436458],[75.54032135009771,13.72501087188732],[75.60490961075384,13.754687857754782]],[[75.41337585449219,13.636111259460563],[75.38371276855474,13.70703125],[75.40500796829818,13.629049184764607],[75.41337585449219,13.636111259460563]],[[75.34411621093778,13.577659606933707],[75.38269344729527,13.610216852384191],[75.27710723876959,13.559919357299805],[75.34411621093778,13.577659606933707]],[[75.2229766845706,13.599890708923567],[75.22303756965347,13.596285879697064],[75.27710723876959,13.559919357299805],[75.2229766845706,13.599890708923567]],[[75.13914090023293,13.46132922150598],[75.13827344958767,13.468499820953515],[75.13349214086792,13.46543889927795],[75.13914090023293,13.46132922150598]],[[75.1473464965822,13.393499374389876],[75.14583654498762,13.405981073641707],[75.14297168637269,13.390012250392576],[75.1473464965822,13.393499374389876]],[[75.1966983672813,13.171654188238385],[75.21246721239706,13.170637000803065],[75.1446547519553,13.247371807352728],[75.1966983672813,13.171654188238385]],[[74.49037933349638,19.980791091919002],[74.67713903693053,19.947737458478],[74.25753021240234,19.964809417724666],[74.49037933349638,19.980791091919002]],[[70.0122833251956,21.799409866333008],[70.0467987060548,21.695560455322493],[70.06385062390612,21.704947622220377],[70.0122833251956,21.799409866333008]],[[70.0517196655274,21.782789230346737],[70.0952860643617,21.72225299095591],[70.1658477783206,21.673280715942326],[70.0517196655274,21.782789230346737]],[[70.05834197998064,21.6402912139892],[70.15888977050787,21.65374946594261],[70.16034698486328,21.6041202545166],[70.1658477783206,21.673280715942326],[70.05834197998064,21.6402912139892]],[[70.72022247314459,21.599599838256836],[70.8113174438476,21.65969276428234],[70.81190953530992,21.661622998715714],[70.72022247314459,21.599599838256836]],[[70.90705105922969,21.5353294890903],[70.91042327880865,21.537210464477766],[70.8113174438476,21.65969276428234],[70.90705105922969,21.5353294890903]],[[70.8132150693956,21.66587907570123],[70.82520294189482,21.70495986938488],[70.80779051650273,21.704081212686177],[70.8132150693956,21.66587907570123]],[[70.80669771019906,21.711777245324356],[70.84494920398268,21.728896975845092],[70.80430603027361,21.72862052917486],[70.80669771019906,21.711777245324356]],[[71.31398800287704,22.03057359727834],[71.31876352771333,22.035002349445524],[71.31452941894548,22.037918090820256],[71.31398800287704,22.03057359727834]],[[71.40550994873064,21.97096061706543],[71.51966094970732,22.051731109619254],[71.40680694580078,21.974372863769645],[71.32924224326524,22.027786374097712],[71.40550994873064,21.97096061706543]],[[71.46182582814787,21.935417513657814],[71.46623215972606,21.91684723677525],[71.47589111328142,21.926540374756087],[71.46182582814787,21.935417513657814]],[[71.44805760373426,21.898608358416503],[71.43405151367216,21.903352737426758],[71.43287087627917,21.883367882949276],[71.44805760373426,21.898608358416503]],[[71.43262557178276,21.87921557107747],[71.4322967529298,21.873649597168082],[71.48316192626959,21.795240402221793],[71.43262557178276,21.87921557107747]],[[69.67007981389065,21.910656894655574],[69.6751708984375,21.909460067749308],[69.68394643277404,21.921425812234908],[69.67007981389065,21.910656894655574]],[[69.74624633789057,21.927682876587028],[69.72195618059939,21.950944460218615],[69.73051288354036,21.917139920733618],[69.74624633789057,21.927682876587028]],[[69.98977661132841,21.58325958251953],[70.08539581298828,21.57539939880371],[70.08428829102394,21.578055921101434],[69.98977661132841,21.58325958251953]],[[69.96842193603544,21.38577270507824],[69.97287559985718,21.37176579470392],[69.98728692080613,21.395870972105843],[69.96842193603544,21.38577270507824]],[[70.899193944468,20.901841126558825],[70.85392836125969,20.873964748580796],[70.90278625488287,20.897199630737532],[70.899193944468,20.901841126558825]],[[70.82432963735071,20.855736656576397],[70.81696319580084,20.851200103759822],[70.89617919921903,20.824792861938704],[70.82432963735071,20.855736656576397]],[[72.91918208526664,19.304073065636462],[72.96829855465359,19.29638115586823],[72.9638290405274,19.30182075500494],[72.91918208526664,19.304073065636462]],[[73.12084960937506,19.110719680786246],[73.06245307489799,19.099629785471706],[73.20876312255865,19.12416076660162],[73.12084960937506,19.110719680786246]],[[72.83870432578568,20.42579769028308],[72.83705902099621,20.422330856323356],[72.84486158619495,20.418315159762177],[72.83870432578568,20.42579769028308]],[[72.84507751464865,20.407119750976594],[72.84507751464855,20.407119750976676],[72.84507751464817,20.407119750976086],[72.84507751464865,20.407119750976594]],[[72.2640410030179,27.517996382168683],[72.29505157470703,27.53901290893549],[72.27726733261325,27.54697460294833],[72.2640410030179,27.517996382168683]],[[72.26107072700465,27.511488657295526],[72.26074042149641,27.469770540836482],[72.29505157470703,27.53901290893549],[72.26107072700465,27.511488657295526]],[[72.26550292968767,27.45351982116722],[72.28785756646283,27.474435737172794],[72.26314688947363,27.461559145722756],[72.26550292968767,27.45351982116722]],[[72.36004638671903,27.48632049560564],[72.40502593796484,27.535491500693816],[72.33877747467136,27.500969808050776],[72.36004638671903,27.48632049560564]],[[72.51881533038495,27.59478649767757],[72.56788635253912,27.603361129760742],[72.6587905883789,27.52968978881836],[72.55841064453153,27.615419387817496],[72.51881533038495,27.59478649767757]],[[72.8226928710938,27.475540161132926],[72.8805389404298,27.475049972534237],[72.82352813398334,27.485157121572332],[72.8226928710938,27.475540161132926]],[[72.85626983642584,27.442920684814453],[72.85925222084873,27.443407213908294],[72.8805389404298,27.475049972534237],[72.85626983642584,27.442920684814453]],[[72.98155975341797,27.38286972045904],[72.9849954698364,27.383002166449685],[72.93746948242205,27.445859909057674],[72.98155975341797,27.38286972045904]],[[73.12522199597645,27.388407863226526],[73.11823272705107,27.406959533691406],[72.99013817390077,27.383200416378212],[73.12522199597645,27.388407863226526]],[[73.1125793457033,26.95276069641119],[73.12185670329531,26.94924307828681],[73.19010162353527,27.055709838867244],[73.1125793457033,26.95276069641119]],[[73.17382768682866,26.929537674910296],[73.1727828979495,26.93123817443859],[73.16625895692775,26.932407446956258],[73.17382768682866,26.929537674910296]],[[73.18958282470697,26.881420135498047],[73.20512469089383,26.878598636687624],[73.17720205695396,26.924045546384754],[73.18958282470697,26.881420135498047]],[[73.33075714111345,26.855791091918945],[73.49646759033232,26.88714027404808],[73.24955529130791,26.870532624234055],[73.33075714111345,26.855791091918945]],[[73.6267181999697,26.840639905018985],[73.62432098388689,26.84480094909668],[73.49646759033232,26.88714027404808],[73.6267181999697,26.840639905018985]],[[73.87121582031261,26.431789398193303],[73.87543688663773,26.43125634269806],[73.76840209960943,26.53903961181652],[73.87121582031261,26.431789398193303]],[[72.95918273925776,25.901029586791935],[73.03263092041016,25.95126914978033],[73.03365964557281,25.954868800252367],[72.95918273925776,25.901029586791935]],[[72.81524758384414,25.858883287126698],[72.84759101690396,25.842128367570666],[72.8565979003908,25.897560119628963],[72.81524758384414,25.858883287126698]],[[72.79365134664206,25.809659345285816],[72.84387207031256,25.819240570068416],[72.84711214416099,25.839181204415443],[72.79365134664206,25.809659345285816]],[[72.773310472798,25.798426807799153],[72.82981027745278,25.76364100745481],[72.78414055726228,25.804407343869592],[72.773310472798,25.798426807799153]],[[72.93675994873053,25.638219833374023],[73.05792236328136,25.560020446777457],[72.88874802082273,25.711031184935077],[72.93675994873053,25.638219833374023]],[[72.99370993318406,25.274610600243037],[73.00119018554705,25.281009674072322],[72.99831281962905,25.28463481810224],[72.99370993318406,25.274610600243037]],[[72.94794265756919,25.2354584217585],[72.83026123046875,25.286401748657227],[72.69097900390653,25.045480728149357],[72.8387298583985,25.280559539794922],[72.94794265756919,25.2354584217585]],[[73.1458803541345,24.830100785118645],[73.1457290649414,24.843200683593864],[73.00302886962919,24.926889419555664],[73.1458803541345,24.830100785118645]],[[73.15281789664516,24.7571634860646],[73.23362731933622,24.79394912719721],[73.1533156307937,24.76009991143984],[73.15281789664516,24.7571634860646]],[[73.00959777832031,24.490921020507926],[73.14108276367199,24.687931060791016],[72.98100280761724,24.451049804687614],[73.00959777832031,24.490921020507926]],[[72.96327972412115,24.383739471435547],[72.97504563521966,24.375486770933104],[72.98100280761724,24.451049804687614],[72.96327972412115,24.383739471435547]],[[72.9656114373892,24.349563583338572],[72.97052253510402,24.31811405382799],[72.97334158548507,24.353871957894267],[72.9656114373892,24.349563583338572]],[[72.97286224365246,24.303131103515625],[72.98185904596095,24.299834257100702],[72.9724336392836,24.30587578638078],[72.97286224365246,24.303131103515625]],[[72.9221801757812,24.036968231201172],[73.03222656249994,24.267549514770565],[73.0289883284851,24.269625169040573],[72.9221801757812,24.036968231201172]],[[72.87029266357416,24.01600074768089],[72.8689997310571,24.012902809418616],[72.9221801757812,24.036968231201172],[72.87029266357416,24.01600074768089]],[[72.79733276367193,24.0930118560791],[72.72383880615251,24.0881404876709],[72.64657592773438,24.066280364990348],[72.8022232055664,24.07282066345209],[72.87029266357416,24.01600074768089],[72.79733276367193,24.0930118560791]],[[72.79379272460966,23.832702636718864],[72.80231438961725,23.796024247405903],[72.80435051192148,23.857999682656306],[72.79379272460966,23.832702636718864]],[[72.81183624267584,23.575981140136832],[72.84667968750017,23.602239608764762],[72.84586743725862,23.60492970517507],[72.81183624267584,23.575981140136832]],[[72.73415770118581,23.389089217246035],[72.72424396468575,23.387053402352656],[72.73280339790809,23.365092274766827],[72.73415770118581,23.389089217246035]],[[72.73254115842961,23.33443373991389],[72.74352264404297,23.322191238403263],[72.91342926025408,23.32135963439947],[72.73254115842961,23.33443373991389]],[[73.03151896640121,23.13930533659277],[73.0294180860419,23.162088097835777],[72.9795684814456,23.162889480590934],[73.03151896640121,23.13930533659277]],[[73.00923534358073,23.11549764002309],[73.03228759765642,23.130970001220703],[73.03211036125913,23.132892021437186],[73.00923534358073,23.11549764002309]],[[72.77172851562517,23.092790603637695],[72.84258925203537,22.990027258145773],[72.8456341974496,22.99577597802724],[72.77172851562517,23.092790603637695]],[[72.79886627197271,22.907480239868278],[72.79886627197271,22.90748023986845],[72.61647033691423,22.8844890594483],[72.79886627197271,22.907480239868278]],[[72.53206634521496,22.796649932861555],[72.5330122355853,22.784670117006236],[72.61776733398432,22.813888549804688],[72.53206634521496,22.796649932861555]],[[72.5438017733016,22.648019317867938],[72.55832672119146,22.663660049438533],[72.53541684693494,22.75421542365558],[72.5438017733016,22.648019317867938]],[[72.51864711318478,22.6115253637208],[72.55332581184157,22.55554043221765],[72.51993111211964,22.61215446280466],[72.51864711318478,22.6115253637208]],[[72.67025419675227,22.50447085878477],[72.58692932128906,22.501291275024585],[72.67256927490234,22.500989913940373],[72.67025419675227,22.50447085878477]],[[72.71655273437528,22.586210250854606],[72.65432739257824,22.540081024169922],[72.65649774728736,22.537083936080496],[72.71655273437528,22.586210250854606]],[[72.77181338266035,22.63704995580319],[72.75061798095709,22.64374160766613],[72.697982788086,22.624998092651367],[72.77181338266035,22.63704995580319]],[[72.83683013916021,22.593030929565487],[72.86097710418913,22.60889986024813],[72.8065135021477,22.626094696617137],[72.83683013916021,22.593030929565487]],[[72.87548828125017,22.58247947692871],[72.92131805419928,22.589849472046012],[72.87533431548516,22.604367110123327],[72.87548828125017,22.58247947692871]],[[73.14099121093767,22.72013092041027],[73.03659820556669,22.732971191406193],[73.02753168215004,22.721714991578047],[73.14099121093767,22.72013092041027]],[[73.09941101074236,22.507049560547102],[73.26703234157551,22.656237732209252],[73.23670196533197,22.63435173034668],[73.09941101074236,22.507049560547102]],[[73.05043124417989,22.2959798217592],[73.06790161132807,22.30909156799322],[73.06834960582036,22.311906096102827],[73.05043124417989,22.2959798217592]],[[72.93342590332026,22.304508209228516],[72.98618316650396,22.247760772705135],[73.00368984057144,22.260899767771907],[72.93342590332026,22.304508209228516]],[[70.8387832641601,23.0727996826173],[70.87055206298834,23.122499465942326],[70.8387832641601,23.07279968261747],[70.83087921142584,23.155550003051758],[70.8387832641601,23.0727996826173]],[[70.83937072753992,23.14898109435989],[70.89793820452252,23.13760769949631],[70.83937072753923,23.148981094360465],[70.83937072753992,23.14898109435989]],[[70.95906066894537,23.125738143921126],[70.96974182128912,23.167390823364315],[71.1512527465822,23.204008102417106],[70.96974182128912,23.167390823364485],[70.95906066894537,23.125738143921126]],[[71.46450042724615,23.14113044738781],[71.5284409329208,23.15790130645948],[71.3300170898438,23.18330955505371],[71.46450042724615,23.14113044738781]],[[71.54521179199247,23.162300109863224],[71.54521179199236,23.162300109863196],[71.60505676269537,23.133960723877067],[71.54521179199247,23.162300109863224]],[[71.6535263061524,23.1707706451416],[71.72055053710932,23.147251129150618],[71.60505676269537,23.133960723877067],[71.6535263061524,23.1707706451416]],[[71.6798324584961,23.290428161621257],[71.63697052001982,23.201099395752067],[71.67983245849615,23.290428161621207],[71.6798324584961,23.290428161621257]],[[71.59680347964932,23.439659577539235],[71.59529876708984,23.35947036743164],[71.60534667968744,23.433580398559513],[71.59680347964932,23.439659577539235]],[[71.51941680908209,23.471662521362305],[71.57454771634133,23.455496356249306],[71.54807621412088,23.474332974746133],[71.51941680908209,23.471662521362305]],[[71.78810882568376,23.454650878906364],[71.73735809326189,23.491970062255973],[71.78138996383343,23.433143900580955],[71.78810882568376,23.454650878906364]],[[71.81202696135801,23.40052028042823],[71.80503048471051,23.40156038879404],[71.80818176269537,23.39735031127941],[71.81202696135801,23.40052028042823]],[[71.96721649169939,23.57380676269537],[71.99988098847521,23.477116332453726],[72.02547028958259,23.4923375546642],[71.96721649169939,23.57380676269537]],[[72.34465789794939,23.105880737304688],[72.35166931152372,23.12364959716797],[72.30262756347685,23.03865051269537],[72.34465789794939,23.105880737304688]],[[72.46842737317353,23.057958852143326],[72.43471762869042,23.05461175651363],[72.45448303222685,23.043359756469897],[72.46842737317353,23.057958852143326]],[[72.49600982666021,23.14335060119629],[72.47835749715401,23.06835524381177],[72.50672149658232,23.098051071166992],[72.49600982666021,23.14335060119629]],[[71.77089691162104,22.130348205566634],[71.84827148033676,22.128590019168612],[71.84707641601568,22.13083076477062],[71.77089691162104,22.130348205566634]],[[71.85824800926774,22.109884027423217],[71.86296844482433,22.092920303344727],[71.86695731624776,22.093554076835844],[71.85824800926774,22.109884027423217]],[[72.17811584472635,22.01386070251494],[72.1781158447265,22.01386070251482],[72.13542175292986,22.096490859985465],[72.17811584472635,22.01386070251494]],[[72.18399047851591,22.040460586547795],[72.20408289352352,22.089336213212196],[72.20388793945312,22.09052085876459],[72.18399047851591,22.040460586547795]],[[70.96140503453998,23.025009656614014],[70.96019744873053,23.023321151733626],[71.03227233886724,22.87281990051264],[70.96140503453998,23.025009656614014]],[[70.98953161576894,22.82873695952007],[70.9888458251956,22.828029632568473],[70.99281918327969,22.817788135910707],[70.98953161576894,22.82873695952007]],[[71.00523548258629,22.78578460510409],[71.0066299438476,22.78219032287609],[71.13757324218756,22.751180648803825],[71.00523548258629,22.78578460510409]],[[71.17547172336465,22.481093687078726],[71.10997772216825,22.395610809326286],[71.17733001708979,22.477430343628157],[71.17547172336465,22.481093687078726]],[[71.1733703613283,22.177080154418945],[71.12903594970732,22.12450027465826],[71.15035382285727,22.137081052348464],[71.1733703613283,22.177080154418945]],[[71.29411315917986,22.210670471191463],[71.23415666786556,22.234404756411966],[71.22885894775408,22.218271255493164],[71.29411315917986,22.210670471191463]],[[71.33277575463325,22.258967872948684],[71.35611724853516,22.25531959533714],[71.374480307353,22.28644055358332],[71.33277575463325,22.258967872948684]],[[71.41263790264593,22.223327293909037],[71.38009643554688,22.29014015197754],[71.40300750732439,22.218812942504883],[71.41263790264593,22.223327293909037]],[[71.42265432992703,22.228022601946915],[71.46481858164663,22.24778754851458],[71.45991133381959,22.263553365434923],[71.42265432992703,22.228022601946915]],[[71.53451308967875,22.33469857482604],[71.53753447370184,22.33653140063665],[71.53639221191412,22.33649063110363],[71.53451308967875,22.33469857482604]],[[71.55298752322794,22.337082949869718],[71.62697313542029,22.312683936639473],[71.65553283691423,22.396280288696516],[71.63391876220732,22.339971542358512],[71.55298752322794,22.337082949869718]],[[71.47136688232428,22.226749420166072],[71.46591016333608,22.244280556881822],[71.44106292724621,22.204799652099666],[71.47136688232428,22.226749420166072]],[[70.57946014404303,22.136730194092024],[70.58420021753128,22.057128915039648],[70.60452270507841,22.106229782104492],[70.57946014404303,22.136730194092024]],[[70.56548215219988,22.011904469192835],[70.53274852909047,21.994887154572336],[70.56185913085955,22.003150939941463],[70.56548215219988,22.011904469192835]],[[70.52259343992692,21.992004373999205],[70.52642356489243,22.002883457130842],[70.51799774169939,21.990699768066463],[70.52259343992692,21.992004373999205]],[[70.53873974301662,22.037866317189955],[70.5399169921875,22.04121017456066],[70.53019229219844,22.0412092068903],[70.53873974301662,22.037866317189955]],[[70.54383116242177,22.95463324862751],[70.46306610107439,22.954879760742244],[70.5402297973634,22.9466228485108],[70.54383116242177,22.95463324862751]],[[72.21912645094807,22.04701092280853],[72.23703320267718,22.07526519038507],[72.22200012207031,22.090101242065543],[72.21912645094807,22.04701092280853]],[[72.44970703125028,22.50332069397001],[72.4380401452754,22.572031740877513],[72.43534088134771,22.570709228515625],[72.44970703125028,22.50332069397001]],[[71.96310028226932,22.46226025795481],[71.97238159179688,22.46718978881836],[71.9645815653686,22.469126612282178],[71.96310028226932,22.46226025795481]],[[71.94858417300756,22.534218226654605],[72.04197692871111,22.504270553588867],[71.9501495361331,22.536979675293026],[71.94858417300756,22.534218226654605]],[[72.0856688806349,22.447667053658922],[72.09519958496111,22.435319900512695],[72.17163848876947,22.477710723876953],[72.0856688806349,22.447667053658922]],[[72.15323638916027,22.512420654297042],[72.15323638916021,22.51242065429699],[72.17163848876947,22.477710723876953],[72.15323638916027,22.512420654297042]],[[72.15323638916104,22.512420654297678],[72.19709777832037,22.53998947143583],[72.18994018876852,22.543049522057284],[72.15323638916104,22.512420654297678]],[[72.07572174072283,22.591880798339844],[72.0373382568363,22.677080154419055],[72.03733825683622,22.67708015441906],[72.07572174072283,22.591880798339844]],[[71.32035064697294,24.553619384765682],[71.2977371215822,24.607641220092717],[71.31624425859121,24.549887105627448],[71.32035064697294,24.553619384765682]],[[71.38305664062506,24.621681213378906],[71.35103607177746,24.653219223022575],[71.332202875798,24.637114225487245],[71.38305664062506,24.621681213378906]],[[71.52115750800843,24.673039484299192],[71.48831939697271,24.673851013183707],[71.38305664062506,24.621681213378906],[71.52115750800843,24.673039484299192]],[[71.66156005859386,24.63326072692871],[71.6165924072265,24.670680999755973],[71.55532355147727,24.672195138194315],[71.66156005859386,24.63326072692871]],[[72.18589782714872,24.609430313110465],[72.2562439600844,24.613063504661547],[72.17918062219196,24.61428209731517],[72.18589782714872,24.609430313110465]],[[72.34069963566941,24.617425416740737],[72.33120084760894,24.634412737785023],[72.33105189492372,24.616927136470004],[72.34069963566941,24.617425416740737]],[[72.2509994506836,24.580160140991325],[72.34915161132824,24.602310180664176],[72.34262487478968,24.61398238223834],[72.2509994506836,24.580160140991325]],[[72.34394073486334,23.728771209716854],[72.5195617675783,23.78096008300804],[72.52022421715722,23.7841502108568],[72.34394073486334,23.728771209716854]],[[72.48819732666027,23.853670120239315],[72.48478698730497,23.929000854492244],[72.48088808603369,23.93112254743876],[72.48819732666027,23.853670120239315]],[[72.54913330078142,23.42972946167015],[72.5458060481695,23.41672256328585],[72.58126561782423,23.41082664329727],[72.54913330078142,23.42972946167015]],[[72.39347076416016,23.160680770874137],[72.42064937558956,23.13568273243104],[72.43499755859403,23.14130973815918],[72.39347076416016,23.160680770874137]],[[71.29934692382824,24.2556209564209],[71.33129882812517,24.316970825195426],[71.40422058105474,24.344520568847656],[71.33129882812517,24.316970825195597],[71.29934692382824,24.2556209564209]],[[71.33303070068376,24.143480300903434],[71.381332397461,24.18524169921875],[71.38133239746072,24.18524169921869],[71.33303070068376,24.143480300903434]],[[71.29656982421892,23.99360275268566],[71.35328674316412,24.11411094665533],[71.35328674316406,24.11411094665537],[71.29656982421892,23.99360275268566]],[[71.3207759677547,23.962019533484668],[71.32468031528288,23.97228624455856],[71.32468031528283,23.97228624455858],[71.3207759677547,23.962019533484668]],[[71.07579451421279,23.70561007284205],[71.08257293701189,23.724990844726562],[71.05468749999994,23.7925701141358],[71.07579451421279,23.70561007284205]],[[71.04586791992216,23.64330101013178],[71.05194561903289,23.637421644519062],[71.05959701166283,23.659298399562903],[71.04586791992216,23.64330101013178]],[[71.1828413837046,23.72594398586191],[71.15824127197294,23.724950790405273],[71.1786410905197,23.712397245892628],[71.1828413837046,23.72594398586191]],[[71.22171128883058,23.724379057643123],[71.220932006836,23.727481842041072],[71.21172496825217,23.727110120603776],[71.22171128883058,23.724379057643123]],[[72.14147949218778,24.13923072814947],[72.12357449413052,24.12411984790102],[72.16089402794745,24.12541773103714],[72.14147949218778,24.13923072814947]],[[72.23740445355254,24.068825490835025],[72.2337265014649,24.127950668334904],[72.2296371459961,24.071680068969783],[72.23740445355254,24.068825490835025]],[[72.4232102880719,23.962509486627955],[72.36798763260387,23.99256039339434],[72.37423706054705,23.965621948242244],[72.4232102880719,23.962509486627955]],[[71.4872360229495,24.018989562988338],[71.42386627197271,23.921949386596623],[71.48849755728789,24.014242110415974],[71.4872360229495,24.018989562988338]],[[71.5693969726563,23.99273109436058],[71.56484682564756,23.990973302870387],[71.6172714233399,23.93802070617687],[71.5693969726563,23.99273109436058]],[[71.69145060415198,23.960716764443877],[71.68831634521479,23.965839385986328],[71.6172714233399,23.93802070617687],[71.69145060415198,23.960716764443877]],[[71.98055267334001,23.889530181884766],[71.77407836914068,23.825670242309627],[71.86099243164062,23.843961715698242],[71.98055267334001,23.889530181884766]],[[71.93619696501423,24.004454169381752],[71.93416595458979,24.00556182861328],[71.98055267334001,23.889530181884766],[71.93619696501423,24.004454169381752]],[[72.04147259972393,23.98647079209565],[72.03512359163479,23.982215942862243],[72.04380798339872,23.980079650878963],[72.04147259972393,23.98647079209565]],[[72.03842163085943,24.05260276794428],[72.04409678531786,24.03292758546181],[72.0628771303987,24.02882511967288],[72.03842163085943,24.05260276794428]],[[72.12562675847191,24.035183709797202],[72.0887488370421,24.023173583934383],[72.10790252685575,24.018989562988338],[72.12562675847191,24.035183709797202]],[[72.15596119609476,24.08893564504718],[72.14894823003017,24.056491902016315],[72.17182159423822,24.07739067077648],[72.15596119609476,24.08893564504718]],[[72.10769653320341,24.110719680786133],[72.12533393949442,24.11122959291878],[72.1161886350729,24.117886569830024],[72.10769653320341,24.110719680786133]],[[72.7313471156294,25.77010501736188],[72.7375082173537,25.778656262075895],[72.72885894775396,25.773880004882812],[72.7313471156294,25.77010501736188]],[[72.35505088874642,24.722622683144884],[72.33175659179693,24.69965171813965],[72.33163201973206,24.68502816531022],[72.35505088874642,24.722622683144884]],[[72.50067138671875,24.757699966430664],[72.40582275390653,24.77268981933588],[72.39220048749301,24.759256634133706],[72.50067138671875,24.757699966430664]],[[72.51023185646771,24.91905919976934],[72.50853729248047,24.91862106323248],[72.50067138671875,24.757699966430664],[72.51023185646771,24.91905919976934]],[[71.64167785644537,26.39899063110346],[71.59394836425798,26.49644279479992],[71.5864546617787,26.49303938823563],[71.64167785644537,26.39899063110346]],[[72.08405303955107,26.43930053710949],[72.06684844269859,26.34742099639598],[72.09256024977546,26.339159499704188],[72.08405303955107,26.43930053710949]],[[70.09695817354097,26.054457234316313],[70.09453582763666,26.04998970031761],[70.09843716297078,26.037526753278538],[70.09695817354097,26.054457234316313]],[[70.14848916485987,26.140411354406773],[70.14433288574219,26.141830444335938],[70.13433233758549,26.1233864273951],[70.14848916485987,26.140411354406773]],[[71.46458202163124,26.489995213498823],[71.45110321044922,26.5078182220459],[71.33129882812517,26.413259506225643],[71.46458202163124,26.489995213498823]],[[73.26026478981419,21.92532054692856],[73.25084686279314,21.93029975891119],[73.25133464012393,21.922294441648223],[73.26026478981419,21.92532054692856]],[[73.28034576985134,21.914703830935718],[73.30896759033232,21.832799911499137],[73.30731964111345,21.889980316162223],[73.35527038574224,21.875091552734375],[73.28034576985134,21.914703830935718]],[[73.37258392021435,21.925108031975768],[73.36676788330107,21.92600059509283],[73.35527038574224,21.875091552734375],[73.37258392021435,21.925108031975768]],[[73.48682370964582,21.70505878775356],[73.47358703613276,21.719499588012695],[73.4015121459961,21.718349456787053],[73.48682370964582,21.70505878775356]],[[73.45832824707026,21.523250579833984],[73.51122283935564,21.678440093994254],[73.49437547021358,21.696820051196653],[73.45832824707026,21.523250579833984]],[[73.45496198692747,21.52282860656954],[73.56294250488287,21.471929550171012],[73.45832824707026,21.523250579833984],[73.45496198692747,21.52282860656954]],[[72.99817657470709,21.536729812622013],[73.05536651611345,21.476280212402344],[73.05630821501573,21.485831700415556],[72.99817657470709,21.536729812622013]],[[72.89517974853521,22.172821044921875],[72.93673706054688,22.181510925293082],[72.89212287495414,22.175771077774364],[72.89517974853521,22.172821044921875]],[[73.00823211669939,21.91253089904785],[73.09909057617193,21.92873001098627],[73.01053550141269,21.915242128639257],[73.00823211669939,21.91253089904785]],[[75.03329011780521,13.622623165555856],[75.01281500935805,13.663131472936868],[75.01859283447283,13.63278961181652],[75.03329011780521,13.622623165555856]],[[75.06044769287121,13.518581390380916],[75.1006695568497,13.48931852226098],[75.0604701918076,13.56884963877977],[75.06044769287121,13.518581390380916]],[[74.67106628417986,13.981021881103686],[74.69174233235631,13.94835979955815],[74.63037872314499,14.16158199310247],[74.67106628417986,13.981021881103686]],[[74.72014617919928,13.903490066528434],[74.77511814092017,13.904392160722153],[74.70323144547012,13.930210376312234],[74.72014617919928,13.903490066528434]],[[74.93521118164062,13.768140792846793],[74.96761509270985,13.752555766923173],[74.91654205322283,13.853599548340071],[74.93521118164062,13.768140792846793]],[[72.98314666748053,20.742380142211914],[72.89537482399501,20.735885627223205],[73.05634307861334,20.702070236206282],[72.98314666748053,20.742380142211914]],[[73.41821653907775,20.630928530349372],[73.41596221923857,20.626161575317326],[73.43232682004998,20.615422366191762],[73.41821653907775,20.630928530349372]],[[73.47518920898443,20.721670150756836],[73.4984359741211,20.653419494629393],[73.499889108278,20.803632269172418],[73.44888200020253,20.695773310437],[73.47518920898443,20.721670150756836]],[[73.49749841853586,20.81917832042531],[73.50003815936732,20.819039915856997],[73.5001219053304,20.827696868425424],[73.49749841853586,20.81917832042531]],[[73.60370635986338,20.959800720215142],[73.55593109130871,21.008911132812443],[73.60370635986328,20.9598007202149],[73.60370635986338,20.959800720215142]],[[73.72136688232422,21.007881164550838],[73.61815643310597,20.99427032470706],[73.73188359468519,21.002671759810067],[73.72136688232422,21.007881164550838]],[[73.94509887695312,20.840131759643555],[74.40141296386724,20.860652923583984],[73.93373107910162,20.844970703125057],[73.91486702135236,20.964247099147826],[73.94953155517578,20.7423095703125],[73.91444947706987,20.728903031475276],[73.94953155517595,20.7423095703125],[73.94509887695312,20.840131759643555]],[[73.99833472987295,15.618468006835867],[74.00238800048834,15.609051704406966],[74.01121401418477,15.612433147591219],[73.99833472987295,15.618468006835867]],[[74.11544416180666,15.652366047583453],[74.1580468918081,15.668688105983627],[74.09652709960932,15.67084980011009],[74.11544416180666,15.652366047583453]],[[74.21937156814178,15.7786700541398],[74.10704145837927,15.835005425107987],[74.21740722656261,15.77876091003418],[74.09652709960932,15.67084980011009],[74.21937156814178,15.7786700541398]],[[74.2258302944701,15.666306319924713],[74.24714541672273,15.657544358866323],[74.24504089355474,15.665631294250488],[74.2258302944701,15.666306319924713]],[[74.27432813310928,15.553090830233902],[74.28189849853544,15.512951850891227],[74.11838662733042,15.428805277929163],[74.3129596067443,15.509926533816799],[74.27432813310928,15.553090830233902]],[[74.7447616304651,15.419317427298246],[74.72952385442682,15.401778002584466],[74.78154692753549,15.39056249869722],[74.7447616304651,15.419317427298246]],[[74.73139190673834,15.486641883850098],[74.78098297119146,15.457000732421818],[74.79198874072888,15.470176085715428],[74.73139190673834,15.486641883850098]],[[74.7938868170941,15.47244833270415],[74.81742095947271,15.500621795654297],[74.83463287353544,15.606880187988395],[74.7938868170941,15.47244833270415]],[[75.10983276367193,15.669091224670524],[75.20546722412104,15.647160530090332],[75.21509467932582,15.65549546013587],[75.10983276367193,15.669091224670524]],[[75.24993833783822,15.650995008346467],[75.25289916992199,15.6436510086059],[75.259064084033,15.64981631521993],[75.24993833783822,15.650995008346467]],[[74.21183776855474,14.921420097351131],[74.1865615844726,14.953380584716797],[74.18524637814505,14.94814525051278],[74.21183776855474,14.921420097351131]],[[74.91237640380865,15.247941017150993],[74.90219879150385,15.296249389648438],[74.85811377626251,15.330710480535224],[74.91237640380865,15.247941017150993]],[[74.89611965405395,15.056278165700517],[74.89525604248053,15.095211029052791],[74.83238983154291,15.130478858947697],[74.89611965405395,15.056278165700517]],[[74.67016601563238,14.184228897091584],[74.63037872314482,14.161581993103255],[74.63037872314484,14.161581993103104],[74.67016601563238,14.184228897091584]],[[74.73413085937547,14.26369094848508],[74.74946960193338,14.148978530881962],[74.75171661376953,14.147979736328068],[74.73413085937547,14.26369094848508]],[[74.73413085937528,14.263690948486499],[74.85954284667974,14.21028041839611],[74.87726787239508,14.216385544854914],[74.73413085937528,14.263690948486499]],[[74.93136623744088,14.240814692445605],[74.90691087903897,14.22659564593384],[74.93224334716803,14.235321044921989],[74.93136623744088,14.240814692445605]],[[74.95137786865263,14.399510383605957],[74.9788078744384,14.319643547625697],[74.98094177246122,14.320011138916072],[74.95137786865263,14.399510383605957]],[[74.88065338134766,14.44578075408947],[74.89199541428506,14.438360409509421],[74.92424011230474,14.458010673522892],[74.88065338134766,14.44578075408947]],[[74.10225619213905,15.271649393554524],[74.02201080322283,15.30165100097679],[74.10275268554693,15.26785087585472],[74.10225619213905,15.271649393554524]],[[74.0800170898438,15.40905952453619],[74.09101381036793,15.357661383779377],[74.08402604534182,15.41112261551441],[74.0800170898438,15.40905952453619]],[[73.5506213828647,17.89919402403371],[73.54615020751959,17.89597129821783],[73.54704993256041,17.89528636829434],[73.5506213828647,17.89919402403371]],[[73.66806045225192,18.029574628452014],[73.66691141319447,18.026431243015956],[73.67113581229638,18.027711964221897],[73.66806045225192,18.029574628452014]],[[73.87062835693365,18.11918067932129],[73.86627927376078,18.03283310174461],[73.8924549674044,18.127800374935134],[73.87062835693365,18.11918067932129]],[[73.90394407183743,18.174653816436066],[73.88218688964861,18.172340393066406],[73.89843486554996,18.15218685427976],[73.90394407183743,18.174653816436066]],[[74.30956268310575,18.068082809448356],[73.95384979248075,18.17996025085455],[73.923766547385,18.176761524032493],[74.30956268310575,18.068082809448356]],[[73.87176889758804,16.61477077353886],[73.86933135986357,16.679059982299805],[73.82225036621088,16.705049514770508],[73.86585235595709,16.650287628173942],[73.78192901611334,16.661119461059684],[73.7748413085938,16.59995079040533],[73.79245758056669,16.658189773559627],[73.87176889758804,16.61477077353886]],[[73.84987640380888,16.737310409546012],[73.84209934602433,16.742836877409704],[73.82225036621088,16.705049514770508],[73.84987640380888,16.737310409546012]],[[73.8434219360351,17.052570343017692],[73.7056946192412,17.15217079618313],[73.7011032104495,17.142089843750114],[73.8434219360351,17.052570343017692]],[[73.70777140937334,17.156730621606044],[73.85804748535162,17.151428222656307],[73.71615371996972,17.175134923691676],[73.70777140937334,17.156730621606044]],[[74.66050720214872,16.637580871582088],[74.70343014237888,16.71647045306721],[74.69932971429742,16.7196183443385],[74.66050720214872,16.637580871582088]],[[73.48097296654255,16.494373913142407],[73.48607635498053,16.493989944458235],[73.63347625732439,16.58102989196783],[73.48097296654255,16.494373913142407]],[[73.8270568847658,16.543331146240178],[73.87207031250017,16.606821060180664],[73.87192357091216,16.610691318470597],[73.8270568847658,16.543331146240178]],[[73.85597991943388,16.298360824585018],[73.91317749023449,16.32657051086437],[73.86079671482948,16.316987310626214],[73.85597991943388,16.298360824585018]],[[73.9477612664237,16.2290662260901],[73.95597839355469,16.236391067504826],[73.95244598388678,16.241199493408146],[73.9477612664237,16.2290662260901]],[[74.27543735464259,15.748356833682726],[74.2353298621063,15.770041845864185],[74.25006866455072,15.741180419921989],[74.27543735464259,15.748356833682726]],[[74.36710677822454,15.780146386280496],[74.3447515007462,15.767964743673755],[74.36485290527372,15.773651123046875],[74.36710677822454,15.780146386280496]],[[74.37098693847685,16.0595703125],[74.37490764065156,16.058818874709985],[74.43459320068365,16.110620498657283],[74.37098693847685,16.0595703125]],[[74.49778801266073,16.12824816067329],[74.49224959525944,16.102187663854426],[74.49640655517584,16.101579666137695],[74.49778801266073,16.12824816067329]],[[74.44375505393523,16.261171595092947],[74.50206984343404,16.210907223169958],[74.5031127929688,16.231040954589844],[74.44375505393523,16.261171595092947]],[[74.33383941650408,16.26807022094738],[74.40896199029841,16.278832936470007],[74.3800659179688,16.29350090026867],[74.33383941650408,16.26807022094738]],[[74.36734970019953,16.395893344436832],[74.36165618896479,16.36474990844738],[74.36911010742188,16.394329071045036],[74.36734970019953,16.395893344436832]],[[74.27636718750028,16.54453277587902],[74.27920726744645,16.53208521996509],[74.31411743164091,16.502098083496094],[74.27636718750028,16.54453277587902]],[[74.61590003173313,16.57085337442893],[74.57173038990011,16.5603062310172],[74.57405090332037,16.551969528198185],[74.61590003173313,16.57085337442893]],[[74.689684873648,16.60522644849207],[74.6790876000141,16.599365899500977],[74.69037628173834,16.604459762573242],[74.689684873648,16.60522644849207]],[[73.70553449158314,17.258418152950004],[73.70856277659969,17.262277061768298],[73.6540603637697,17.39001274108898],[73.70553449158314,17.258418152950004]],[[73.94440517159732,17.150131778478404],[73.75866699218756,17.27131271362316],[73.75350023366283,17.27038095507351],[73.94440517159732,17.150131778478404]],[[74.03975677490234,17.090070724487305],[74.07032928907347,17.09697403807754],[74.03404358635814,17.093669406771834],[74.03975677490234,17.090070724487305]],[[74.25493621826178,17.138658523559627],[74.27341221967447,17.166284553356945],[74.13224970919168,17.110955749732735],[74.25493621826178,17.138658523559627]],[[74.29379272460955,17.196758270263786],[74.26387023925781,17.29215812683117],[74.28367309324594,17.1816270072083],[74.29379272460955,17.196758270263786]],[[74.29474639892595,17.354211807251033],[74.26194000244158,17.357330322265625],[74.2841819459264,17.33297978884945],[74.29474639892595,17.354211807251033]],[[73.60614013671903,17.846809387207088],[73.59169895136252,17.857632645360624],[73.60149216538412,17.827211925438288],[73.60614013671903,17.846809387207088]],[[73.69822692871105,17.686479568481502],[73.5762710571289,17.720870971679688],[73.69908119867527,17.684534960957507],[73.69822692871105,17.686479568481502]],[[73.75594329833984,17.555097579956055],[73.70991825427548,17.659866155146062],[73.75421120255638,17.552751001962335],[73.75594329833984,17.555097579956055]],[[73.68247222900408,19.302579879760742],[73.69898986816418,19.244199752807617],[73.69594477462691,19.306246195423515],[73.68247222900408,19.302579879760742]],[[73.55367279052763,19.182720184326115],[73.55334768726358,19.17858285826362],[73.69898986816418,19.244199752807617],[73.55367279052763,19.182720184326115]],[[73.80391809150407,19.335629229180523],[73.74783237274262,19.320366490058333],[73.80500793457037,19.330762863159293],[73.80391809150407,19.335629229180523]],[[73.80310228893497,19.339271949885063],[73.79224065445908,19.38777130780456],[73.68421936035173,19.462619781494197],[73.80310228893497,19.339271949885063]],[[74.78446960449247,18.40820121765131],[74.73935699462908,18.397689819335994],[74.78966507217332,18.389573595448688],[74.78446960449247,18.40820121765131]],[[73.56646728515653,19.015661239624137],[73.53087412788246,19.07788997333081],[73.52754974365263,19.04873085021984],[73.56646728515653,19.015661239624137]],[[73.3421859741211,18.700960159301815],[73.41870144961828,18.856948116015566],[73.39887237548845,18.851512908935774],[73.3421859741211,18.700960159301815]],[[73.39511871337896,18.692239761352653],[73.38912091859524,18.693227867354057],[73.39136467895187,18.684370736540455],[73.39511871337896,18.692239761352653]],[[73.53289320942018,18.18756842762927],[73.51928710937506,18.285631179809684],[73.53132629394543,18.186630249023438],[73.53289320942018,18.18756842762927]],[[73.60714054969493,18.107711081108086],[73.60745640532835,18.10879947243904],[73.60668945312528,18.10828018188488],[73.60714054969493,18.107711081108086]],[[72.83534240722668,20.144641876220703],[72.8873955226891,20.223787083679987],[72.8745422363283,20.225809097289982],[72.83534240722668,20.144641876220703]],[[72.98355512114922,20.13177059775712],[72.9744873046875,20.225839614868164],[72.93547328240085,20.262149638534726],[72.97042846679682,20.212329864501953],[72.98355512114922,20.13177059775712]],[[72.92625260713402,20.276138976714996],[72.93041973140441,20.277976172256487],[72.92459106445318,20.278659820556754],[72.92625260713402,20.276138976714996]],[[73.10338592529297,20.36036109924322],[73.11286926269543,20.304941177368278],[73.1128692626956,20.304941177368296],[73.10338592529297,20.36036109924322]],[[73.15874261890478,20.294565998452093],[73.10666587247844,20.24419662862395],[73.1795425415039,20.28986167907715],[73.15874261890478,20.294565998452093]],[[73.0723167704672,20.210973688613365],[73.08244323730469,20.156589508056754],[73.08244323730484,20.156589508056793],[73.0723167704672,20.210973688613365]],[[73.082443237305,20.15658950805683],[73.1500701904298,20.172840118408203],[73.14773028874035,20.191339190995834],[73.082443237305,20.15658950805683]],[[73.16728604979203,20.201747939457224],[73.21961716545532,20.189033843764197],[73.18017578125006,20.208608627319336],[73.16728604979203,20.201747939457224]],[[73.22735374480348,20.185194174613404],[73.22554234246192,20.177367097916925],[73.22915649414068,20.18429946899414],[73.22735374480348,20.185194174613404]],[[73.2142408257717,20.12853319951022],[73.20431734815823,20.085653813415455],[73.2278131035356,20.127364739849387],[73.2142408257717,20.12853319951022]],[[73.25942230224626,20.120700836181754],[73.31114959716797,20.207210540771484],[73.24384717954267,20.125984339938714],[73.2901669795478,20.045738544418416],[73.25942230224626,20.120700836181754]],[[73.46138763427729,19.98205947875988],[73.42591857910156,19.859731674194336],[73.42906453969877,19.85061749962679],[73.46138763427729,19.98205947875988]],[[73.43696765646982,19.827721349578766],[73.45581817626982,19.77310943603527],[73.47707659807023,19.767447377560064],[73.43696765646982,19.827721349578766]],[[73.50321985844516,19.728160423543322],[73.50026702880888,19.714550018310547],[73.5769281735162,19.61739477521489],[73.50321985844516,19.728160423543322]],[[73.63457614916568,19.544335559759904],[73.65114013072187,19.593474286262463],[73.59062253366565,19.600039452718224],[73.63457614916568,19.544335559759904]],[[73.78598785400419,19.632030487060604],[73.87273167039258,19.746661015468295],[73.85031127929688,19.741260528564453],[73.78598785400419,19.632030487060604]],[[73.88313049277586,19.749165820306736],[73.90039395425818,19.74763993037725],[73.8985900878908,19.75288963317871],[73.88313049277586,19.749165820306736]],[[73.63662278296361,19.54174179201844],[73.64364624023443,19.532840728759822],[73.71749877929716,19.496389389038086],[73.63662278296361,19.54174179201844]],[[73.01051330566406,20.140222549438477],[73.00440339883428,20.133729616953392],[73.01378473518703,20.134611139076192],[73.01051330566406,20.140222549438477]],[[73.06063842773465,20.09906005859382],[73.05281066894548,20.067670822143832],[73.0528106689456,20.06767082214361],[73.06063842773465,20.09906005859382]],[[73.19215734508212,20.064066723083723],[73.0606384277351,20.0990600585937],[73.18586730957037,20.052900314330998],[73.19215734508212,20.064066723083723]],[[73.42991638183588,20.206230163574276],[73.39134979248075,20.390199661254996],[73.4259439392877,20.206262954662307],[73.42991638183588,20.206230163574276]],[[73.49843597412126,20.653419494628906],[73.53837585449224,20.673860549926758],[73.49843597412124,20.65341949462898],[73.49843597412126,20.653419494628906]],[[73.74820709228544,20.56735992431635],[73.82653353492829,20.612151793823536],[73.66584014892602,20.562810897827244],[73.74820709228544,20.56735992431635]],[[73.84641265869146,20.623519897460994],[73.82264709472656,20.693820953369197],[73.83772782861861,20.61855337833681],[73.84641265869146,20.623519897460994]],[[73.91761938249049,26.425929344853078],[74.0390014648438,26.410600662231445],[74.05409868991237,26.419337040170536],[73.91761938249049,26.425929344853078]],[[74.28806304931658,26.45112037658697],[74.23551177978521,26.463329315185547],[74.15685272216814,26.413200378417912],[74.28806304931658,26.45112037658697]],[[74.29756599465689,26.37620135487438],[74.2511672973634,26.288360595703352],[74.30296325683611,26.33365058898937],[74.29756599465689,26.37620135487438]],[[74.30207061767584,26.254169464111442],[74.38287084026581,26.280124903656972],[74.36203002929682,26.29380035400385],[74.30207061767584,26.254169464111442]],[[74.38625363971774,26.277905157697607],[74.36688995361334,26.19248962402355],[74.39933776855474,26.269319534301815],[74.38625363971774,26.277905157697607]],[[74.12409973144537,25.96257972717285],[74.15356521702286,25.92274519690881],[74.15879058837896,25.930730819702262],[74.12409973144537,25.96257972717285]],[[74.11617279052729,25.865600585937443],[74.17520071196347,25.832424807380125],[74.18669798616547,25.852472018576098],[74.11617279052729,25.865600585937443]],[[74.5086905496834,25.917439598278097],[74.38688659667986,25.96471977233881],[74.30224100040145,25.90316857332078],[74.40437316894526,25.947980880737305],[74.5086905496834,25.917439598278097]],[[74.51749119321788,25.91402348617421],[74.52607727050781,25.86778068542492],[74.52030944824247,25.912929534912166],[74.51749119321788,25.91402348617421]],[[74.70381230892554,25.921611143410242],[74.79920959472656,25.873491287231445],[74.71092224121111,25.92185974121088],[74.70381230892554,25.921611143410242]],[[75.07374006058527,25.774711265856567],[75.07781943110479,25.764855132610414],[75.07704925537121,25.77292060852062],[75.07374006058527,25.774711265856567]],[[75.10348130795572,25.702853684990348],[75.1058959960937,25.697019577026424],[75.11712683579707,25.702690066251353],[75.10348130795572,25.702853684990348]],[[75.21009971522858,25.70157526105875],[75.25144958496094,25.684579849243278],[75.26409469461841,25.700927826196388],[75.21009971522858,25.70157526105875]],[[73.25173187255888,23.071760177612532],[73.2660367881794,23.073719303287746],[73.14311218261719,23.205631256103572],[73.25173187255888,23.071760177612532]],[[73.334457397461,23.083089828491325],[73.37892150878912,23.139219284057617],[73.30358361070347,23.078861517753097],[73.334457397461,23.083089828491325]],[[73.53058624267607,23.286600112915096],[73.38025665283209,23.23802185058588],[73.34877014160162,23.201610565185774],[73.53058624267607,23.286600112915096]],[[73.63340709896495,23.452423672974938],[73.70960235595709,23.444490432739258],[73.70722701916019,23.39101958685398],[73.83213043212919,23.446750640869254],[73.72614288330078,23.412662506103516],[73.70421600341814,23.455781936645565],[73.63340709896495,23.452423672974938]],[[73.64321136474626,22.664440155029297],[73.6100463867188,22.62059974670416],[73.69541931152338,22.666440963745174],[73.64321136474626,22.664440155029297]],[[73.66256501515609,22.504903293146683],[73.65168762207043,22.51305007934593],[73.59565734863276,22.485940933227596],[73.66256501515609,22.504903293146683]],[[73.73092651367205,22.453702926635742],[73.68335718023677,22.48933069020794],[73.73896700349164,22.428282564883403],[73.74359855773228,22.490668818809855],[73.73092651367205,22.453702926635742]],[[73.77671169874547,22.542839308001533],[73.76307678222668,22.547489166259766],[73.7602203412874,22.539156580982972],[73.77671169874547,22.542839308001533]],[[74.15332031250011,22.517419815063533],[74.02423095703153,22.572549819946403],[74.05846503703182,22.53431285510178],[74.15332031250011,22.517419815063533]],[[74.3841857910158,22.643569946289062],[74.3967469293529,22.672086926995988],[74.38340040456896,22.643578279201446],[74.3841857910158,22.643569946289062]],[[74.47891998291044,22.858640670776367],[74.46535567883971,22.89094592568265],[74.47101182400056,22.84068713750507],[74.47891998291044,22.858640670776367]],[[74.45147705078153,22.923999786376953],[74.40038299560547,22.899379730224553],[74.45650106350661,22.912034409392668],[74.45147705078153,22.923999786376953]],[[74.3911895751956,23.11199951171875],[74.32633685573143,23.06525666284006],[74.32633685573143,23.065256662840056],[74.3911895751956,23.11199951171875]],[[74.7922821044923,23.24081039428711],[74.69960784912138,23.22034072875988],[74.7312507622288,23.218757953157496],[74.7922821044923,23.24081039428711]],[[74.78156280517584,23.14997100830078],[74.79251126470331,23.15088275655964],[74.78310543188,23.161927162069393],[74.78156280517584,23.14997100830078]],[[75.23240661621111,23.090431213378906],[75.23256444999855,23.090981351908287],[75.19922278138286,23.0939210608926],[75.23240661621111,23.090431213378906]],[[73.46201324462908,21.978479385375977],[73.4400711059572,21.91475105285639],[73.46669993758267,21.978507057326063],[73.46201324462908,21.978479385375977]],[[74.1430855624782,21.95281195954959],[74.16172415222668,21.950696036192443],[74.14796505756219,21.962104707826708],[74.1430855624782,21.95281195954959]],[[74.38831329345732,22.0201797485351],[74.29064941406261,21.936059951782283],[74.43489370022895,22.03057026328097],[74.38831329345732,22.0201797485351]],[[74.5129720142814,21.724352479807713],[74.5905532836914,21.66415977478033],[74.68666910878277,21.63882591241163],[74.5129720142814,21.724352479807713]],[[74.72807988999926,21.627911008118588],[75.0541335992972,21.566197292249417],[74.89904785156256,21.63086128234886],[74.72807988999926,21.627911008118588]],[[72.7850391937687,21.032889727985374],[72.81883239746111,21.02407073974615],[72.96921246806764,21.05950735247036],[72.7850391937687,21.032889727985374]],[[73.0090430568802,21.06526386442935],[73.01825317450337,21.052940158347575],[73.01896667480474,21.066698074340934],[73.0090430568802,21.06526386442935]],[[73.91474177437536,20.96503902887093],[73.86267089843778,21.030950546264762],[73.84683227539091,20.993989944458235],[73.76663287018019,21.031163494216585],[73.76944732666033,21.0145206451416],[73.91474177437536,20.96503902887093]],[[74.30858182646702,21.49154290593345],[74.32772064208984,21.49575042724615],[74.31311017104332,21.554650654528928],[74.30858182646702,21.49154290593345]],[[74.11071652844267,21.448302290866526],[74.11097717285168,21.448101043701172],[74.11514599452856,21.449017527061482],[74.11071652844267,21.448302290866526]],[[73.63639831542974,21.13265991210949],[73.73668670654303,21.1382808685305],[73.73944554430197,21.15439363233473],[73.63639831542974,21.13265991210949]],[[73.61316680908232,21.176059722900504],[73.60928409752799,21.17478554063378],[73.63639831542974,21.13265991210949],[73.61316680908232,21.176059722900504]],[[73.58830261230474,21.167900085449446],[73.5949257761005,21.16239735782933],[73.60251620131487,21.172564532655944],[73.58830261230474,21.167900085449446]],[[73.9768676757813,21.461629867553825],[73.97767826668738,21.47142737386368],[73.93321315984218,21.450982650261466],[73.9768676757813,21.461629867553825]],[[73.98318731909745,21.53801457012412],[73.96878862443657,21.533051330674066],[73.98043168180187,21.50470754238789],[73.98318731909745,21.53801457012412]],[[74.18816247690083,21.55296308327126],[74.02555847167997,21.552619934082088],[73.99694967959746,21.54275846477348],[74.18816247690083,21.55296308327126]],[[74.31189084697363,21.55956620205698],[74.30996704101557,21.567321777343807],[74.28466127213694,21.558113017819398],[74.31189084697363,21.55956620205698]],[[73.88929087592788,21.6639037434991],[73.78761291503912,21.625049591064567],[73.8856277465822,21.645059585571232],[73.88929087592788,21.6639037434991]],[[73.81051635742193,21.823337554931697],[73.89204376515396,21.67806537265234],[73.89636230468756,21.700281143188704],[73.81051635742193,21.823337554931697]],[[74.48173115418513,22.0410181165678],[74.50637852094445,22.04636547337321],[74.50608062744158,22.04644966125494],[74.48173115418513,22.0410181165678]],[[73.39064788818376,22.716070175170955],[73.42172241210938,22.659931182861385],[73.3979407252128,22.723527137358673],[73.39064788818376,22.716070175170955]],[[73.3755493164062,22.644969940185547],[73.37612765953581,22.63140273755457],[73.42172241210938,22.659931182861385],[73.3755493164062,22.644969940185547]],[[73.37693949990972,22.6123579831647],[73.37943267822266,22.5538711547851],[73.399726663572,22.55147659640008],[73.37693949990972,22.6123579831647]],[[73.42769595602788,22.476749906550683],[73.42859649658203,22.4273300170899],[73.46244575025243,22.383907475894073],[73.42769595602788,22.476749906550683]],[[73.48439718933363,22.355747703832545],[73.4914169311524,22.346742630004996],[73.63603973388683,22.323770523071346],[73.48439718933363,22.355747703832545]],[[73.73604583740229,22.291202545166072],[73.77594757080095,22.383380889892635],[73.77473705418846,22.38436944606243],[73.73604583740229,22.291202545166072]],[[74.08890735470327,22.35479603924727],[74.07198333740251,22.360240936279297],[74.0728616887511,22.328254308001686],[74.08890735470327,22.35479603924727]],[[74.18070983886719,22.08660125732422],[74.09770202636736,22.01545906066889],[74.10827916004367,22.009988315315507],[74.18070983886719,22.08660125732422]],[[73.26905152719145,22.65803486989329],[73.271987915039,22.660648345947266],[73.26686096191423,22.767650604248047],[73.26905152719145,22.65803486989329]],[[73.35688781738298,22.79001998901373],[73.35744124726088,22.792977418327943],[73.26686096191423,22.767650604248047],[73.35688781738298,22.79001998901373]],[[73.41285705566412,22.809860229492188],[73.42814306137706,22.770924840227757],[73.43254089355497,22.774801254272518],[73.41285705566412,22.809860229492188]],[[73.3750305175783,22.89542007446289],[73.37415305073812,22.88228227784225],[73.37693188820663,22.8971318833966],[73.3750305175783,22.89542007446289]],[[73.54013824462919,23.250749588012752],[73.57628631591803,23.274749755859602],[73.53895167918245,23.255202999381943],[73.54013824462919,23.250749588012752]],[[74.30362701416044,23.962760925293026],[74.37299842068315,23.90179508486156],[74.49140930175798,23.911928176879996],[74.53112030029303,23.87095069885254],[74.69342803955084,23.89159965515148],[74.4807357788086,23.92673110961914],[74.39138793945341,23.906311035156364],[74.30362701416044,23.962760925293026]],[[74.7006093911776,23.668321093171745],[74.70831461048239,23.683231370197447],[74.6961288452149,23.673030853271484],[74.7006093911776,23.668321093171745]],[[74.78797058686321,23.551780541504197],[74.77247804133575,23.570193985923034],[74.77109854518498,23.543042572100426],[74.78797058686321,23.551780541504197]],[[73.09892272949224,24.491491317748967],[73.06367204350248,24.476590393630136],[73.09624319901023,24.472871143291528],[73.09892272949224,24.491491317748967]],[[73.23147583007818,24.364660263061467],[73.13534174297152,24.368511122740813],[73.16996765136736,24.3506698608399],[73.23147583007818,24.364660263061467]],[[73.08729752670364,24.182146277453324],[73.08397810478897,24.187527332435543],[73.08268737792974,24.184980392455998],[73.08729752670364,24.182146277453324]],[[73.20214066876231,24.048675614759606],[73.2238159179688,24.098220825195426],[73.19893646240229,24.051460266113395],[73.20214066876231,24.048675614759606]],[[73.36207580566406,23.861869812011832],[73.36261000280552,23.79237432522133],[73.46814727783209,23.843961715698242],[73.37042236328125,23.814380645751953],[73.36207580566406,23.861869812011832]],[[74.61338043212919,23.46136093139654],[74.51830291748064,23.3287296295166],[74.52123405112405,23.324877786666793],[74.61338043212919,23.46136093139654]],[[74.12846683113285,23.232695411724517],[74.13378143310564,23.269451141357422],[74.11318323634725,23.275595319858276],[74.12846683113285,23.232695411724517]],[[73.3626480102539,23.78742980957037],[73.50853729248064,23.70333099365257],[73.36262243923893,23.790756428145283],[73.3626480102539,23.78742980957037]],[[74.83490753173845,25.14921951293951],[74.90154266357428,25.185199737548828],[74.82167710136021,25.160150631068976],[74.83490753173845,25.14921951293951]],[[74.97235107421903,25.108190536499023],[75.02997831555426,25.13851875644223],[75.02210235595709,25.139560699462834],[74.97235107421903,25.108190536499023]],[[75.04683939978713,25.136288134405707],[75.20275878906278,25.093059539794922],[75.12316894531256,25.126190185546932],[75.04683939978713,25.136288134405707]],[[75.18547746429209,25.047379856647776],[75.20101028694789,25.046458619282095],[75.20275878906278,25.093059539794922],[75.18547746429209,25.047379856647776]],[[73.33038081556406,24.910537501741825],[73.33226776123047,24.912811279296932],[73.33323635017915,24.91740046754135],[73.33038081556406,24.910537501741825]],[[73.39464261542767,25.064983724298425],[73.41156154094797,25.08266969684354],[73.39877319335949,25.074911117553825],[73.39464261542767,25.064983724298425]],[[73.42266514289838,25.089406155603175],[73.49413299560558,25.11787986755371],[73.57094895864957,25.17936865732022],[73.42266514289838,25.089406155603175]],[[74.00134277343778,24.918560028076172],[74.09066009521501,24.86470031738287],[74.09591178038465,24.866902854808178],[74.00134277343778,24.918560028076172]],[[74.10468100590636,24.870580635706812],[74.11585266596659,24.87526598880599],[74.12209439990035,24.883392950641657],[74.10468100590636,24.870580635706812]],[[74.30406494378407,24.99726319613611],[74.30690002441435,24.997510910034123],[74.31085309217393,25.009238707721153],[74.30406494378407,24.99726319613611]],[[74.25237554278606,25.07130440975165],[74.31811115574446,25.030771630082132],[74.25917053222668,25.06743049621582],[74.30569632759334,25.102016979744217],[74.25237554278606,25.07130440975165]],[[74.35296324649963,25.13715440188406],[74.37908172607428,25.15657043457037],[74.37630336955779,25.174477734748777],[74.35296324649963,25.13715440188406]],[[74.38819728445482,25.193497366464502],[74.45784759521484,25.16987991333002],[74.39686584472662,25.207359313964787],[74.38819728445482,25.193497366464502]],[[74.75662014285675,24.282094199941948],[74.85817718505876,24.455539703369254],[74.85260862512712,24.45764926607499],[74.75662014285675,24.282094199941948]],[[74.88748147844424,24.262689758746394],[74.86972045898449,24.280708312988338],[74.77556632742196,24.279284813023914],[74.88748147844424,24.262689758746394]],[[74.25389862060547,24.521100997924805],[74.21615600585955,24.471639633178825],[74.22135367024745,24.473003222427856],[74.25389862060547,24.521100997924805]],[[74.22563454042809,24.609121909659038],[74.22487640380888,24.607749938964844],[74.2786331176759,24.595170974731445],[74.22563454042809,24.609121909659038]],[[74.11616468135131,24.77427529927907],[74.11943817138672,24.741540908813533],[74.17310333251959,24.71827125549322],[74.11616468135131,24.77427529927907]],[[74.07556915283203,25.679319381713924],[74.0951578073216,25.667899359757126],[74.08814080513281,25.685877996601736],[74.07556915283203,25.679319381713924]],[[74.0559921264649,25.571311950683594],[74.1185989379884,25.6078395843507],[74.10936730375047,25.631492448491294],[74.0559921264649,25.571311950683594]],[[74.08532899506308,25.51057724459663],[74.102066040039,25.51588821411127],[74.0559921264649,25.571311950683594],[74.08532899506308,25.51057724459663]],[[74.04421997070324,25.50088119506836],[74.04238664563648,25.496950854214106],[74.05223658611455,25.500076419908368],[74.04421997070324,25.50088119506836]],[[74.01570892334001,25.439758300781307],[74.01675193445556,25.4393150210572],[74.02425417966549,25.45807789431933],[74.01570892334001,25.439758300781307]],[[74.05330952728947,25.400521344838573],[74.0755615234375,25.409700393676985],[74.07188889905733,25.411368586178867],[74.05330952728947,25.400521344838573]],[[74.012680053711,25.376800537109375],[74.08361053466814,25.318759918213118],[74.0168971133114,25.379262593620407],[74.012680053711,25.376800537109375]],[[74.02260589599615,25.317819595337028],[74.02308411359424,25.312803993216114],[74.08361053466814,25.318759918213118],[74.02260589599615,25.317819595337028]],[[74.02677917480486,25.274049758911133],[74.04609680175787,25.238559722900334],[74.02466148629846,25.296260323739112],[74.02677917480486,25.274049758911133]],[[74.19432067871105,25.05561065673828],[74.21017213724527,25.06003259526051],[74.16458129882841,25.129560470581055],[74.19432067871105,25.05561065673828]],[[73.6023330688476,25.204490661621207],[73.61284637451172,25.287389755249137],[73.59593967883713,25.199372951725096],[73.6023330688476,25.204490661621207]],[[73.94838714599626,25.65232086181652],[73.98680114746105,25.670600891113338],[74.011947631836,25.705490112304744],[73.99137170160735,25.713465700283656],[73.94838714599626,25.65232086181652]],[[73.91512376691547,25.72252480591481],[73.90446035289312,25.685895046308154],[73.94838714599626,25.65232086181652],[73.91512376691547,25.72252480591481]],[[74.00168991774422,25.72814319665389],[74.0921630859375,25.76904106140131],[74.0159301757813,25.74839973449707],[74.00168991774422,25.72814319665389]],[[74.05509185791027,25.83076095581066],[74.10576834305385,25.854457209971223],[74.02277825621096,25.848084966692273],[74.0921630859375,25.76904106140131],[74.05509185791027,25.83076095581066]],[[75.05608367919933,30.955333709716854],[75.03254078781006,31.027160458676065],[75.04765899619652,30.950578069794645],[75.05608367919933,30.955333709716854]],[[74.93332672119158,30.877359390258903],[74.92321530794463,30.83514503846235],[74.93933338184813,30.880758170237392],[74.93332672119158,30.877359390258903]],[[74.75979614257818,30.81211853027338],[74.89951324462902,30.73619079589855],[74.94396209716791,30.59353065490734],[74.90447396895239,30.75690142819401],[74.75979614257818,30.81211853027338]],[[74.46383666992199,30.748750686645735],[74.4643690277384,30.74547786006149],[74.61361694335932,30.830640792846737],[74.46383666992199,30.748750686645735]],[[74.49146270751959,30.667261123657227],[74.5963345971851,30.64027188250089],[74.47984947288234,30.65030726081175],[74.49146270751959,30.667261123657227]],[[74.74799547604508,30.488138572357133],[74.75105285644537,30.491399765014762],[74.74824689375785,30.49251887296912],[74.74799547604508,30.488138572357133]],[[75.04183959960955,30.459630966186523],[74.99687957763678,30.489070892334098],[75.11846923827402,30.52349281310845],[74.98970829085769,30.489183777856443],[75.04183959960955,30.459630966186523]],[[75.13418579101562,30.581939697265625],[75.1184692382814,30.52349281311054],[75.13418579101574,30.58193969726542],[75.13418579101562,30.581939697265625]],[[73.76542663574219,29.051040649414347],[73.73562622070341,29.006820678710938],[73.77431630256025,29.037518598677686],[73.76542663574219,29.051040649414347]],[[74.02746582031278,29.011070251464844],[74.01925659179716,28.93341064453125],[74.03271947684082,28.9998218757222],[74.02746582031278,29.011070251464844]],[[74.08027325881446,28.942387146453964],[74.1114831588478,28.893861886625885],[74.11394778457264,28.953305759699862],[74.08027325881446,28.942387146453964]],[[74.11907196044939,28.83945083618164],[74.1155019674853,28.86504737664386],[74.05248260498047,28.77773094177246],[74.11907196044939,28.83945083618164]],[[74.16124169731714,28.789384244462536],[74.13687665234953,28.78677358232878],[74.14983836899442,28.771385502371164],[74.16124169731714,28.789384244462536]],[[74.3515185959763,26.465752381917948],[74.45400263171518,26.489383837893147],[74.37243652343756,26.491050720214844],[74.3515185959763,26.465752381917948]],[[74.46431381701622,26.491761460122177],[74.46972656250006,26.493009567260856],[74.58972930908232,26.63171958923334],[74.46431381701622,26.491761460122177]],[[74.67031097412126,26.596759796142692],[74.71804046630865,26.678459167480582],[74.70998243491486,26.683542650003435],[74.67031097412126,26.596759796142692]],[[74.84752655029303,26.9780216217041],[74.96294940994841,26.948437718613118],[74.95626831054693,26.96344947814947],[74.84752655029303,26.9780216217041]],[[74.61714688511768,27.669518193139474],[74.60543823242205,27.708209991455078],[74.60697174072283,27.669500350952433],[74.61714688511768,27.669518193139474]],[[73.58403658645179,27.49060547670716],[73.53637695312517,27.493999481201115],[73.53456030828006,27.48569255120407],[73.58403658645179,27.49060547670716]],[[73.60423278808622,27.492610931396598],[73.61829323040583,27.52213334173043],[73.60130570353223,27.49232027597775],[73.60423278808622,27.492610931396598]],[[73.77699279785168,27.509292602539176],[73.64396667480486,27.567190170288313],[73.64191077041855,27.563582063404585],[73.77699279785168,27.509292602539176]],[[73.87938878078035,27.5173990312093],[73.84182382154977,27.688283242522093],[73.84755706787115,27.551782608032227],[73.87938878078035,27.5173990312093]],[[73.89816284179682,27.49711990356451],[74.0259780883789,27.535989761352596],[73.88824642906195,27.507831288781183],[73.89816284179682,27.49711990356451]],[[73.7930908203125,27.909971237182674],[73.73124694824247,27.95676040649414],[73.79402806753554,27.905707669331317],[73.7930908203125,27.909971237182674]],[[74.69403262016877,29.990877773998793],[74.64697265625014,29.90467071533213],[74.69733943404833,29.971344390539624],[74.69403262016877,29.990877773998793]],[[74.69959062027031,29.971115711789558],[74.89838217973231,29.950922177866165],[74.88149261474615,29.968349456787223],[74.69959062027031,29.971115711789558]],[[73.96266986438648,30.18473545736558],[73.92494803480021,30.078038199161416],[73.9666519165039,30.12118911743164],[73.96266986438648,30.18473545736558]],[[73.89186065624797,29.984449616332668],[73.88944244384783,29.97760963439964],[73.8915321138871,29.97748884120799],[73.89186065624797,29.984449616332668]],[[74.529106140137,29.449539184570312],[74.53804892235726,29.43327916190304],[74.55514325369342,29.454286530527952],[74.529106140137,29.449539184570312]],[[75.07807922363298,29.232450485229663],[75.08670718897586,29.23551254741705],[75.0399169921875,29.287149429321516],[75.07807922363298,29.232450485229663]],[[74.13633728027355,28.98515129089367],[74.10436248779297,29.09650039672863],[74.12489402268773,28.96887505933955],[74.13633728027355,28.98515129089367]],[[74.3201522827149,29.809539794921932],[74.31449038792009,29.82957964611835],[74.2551727294923,29.663190841675032],[74.3201522827149,29.809539794921932]],[[74.67353820800798,30.1119384765625],[74.67353820800781,30.1119384765625],[74.67353820800814,30.11193847656154],[74.67353820800798,30.1119384765625]],[[74.72653198242182,30.181421279907227],[74.62203979492188,30.13016128540039],[74.62475844058892,30.129199287596578],[74.72653198242182,30.181421279907227]],[[74.44516754150399,30.02145195007336],[74.41677856445307,29.997100830078068],[74.44516754150402,30.021451950073356],[74.44516754150399,30.02145195007336]],[[74.40519714355456,30.095239639282333],[74.3571624755861,30.084802627563555],[74.40519714355469,30.095239639282227],[74.40519714355456,30.095239639282333]],[[74.33512567756627,30.394055689133204],[74.3065567016603,30.386791229248114],[74.3480072021485,30.390100479125977],[74.33512567756627,30.394055689133204]],[[74.98310089111328,30.492929458618164],[74.9883767631254,30.48993861001485],[74.98046112060547,30.544040679931584],[74.98310089111328,30.492929458618164]],[[75.27672576904303,12.611660003662223],[75.22290039062506,12.562640190124625],[75.30126092929596,12.598954491792277],[75.27672576904303,12.611660003662223]],[[75.32785797119152,12.585181236267317],[75.30225274671544,12.598440879985136],[75.32232377996591,12.582105841042809],[75.32785797119152,12.585181236267317]],[[75.33676147460848,12.4577817916884],[75.27783370918442,12.543484817850725],[75.27240753173822,12.539880752563533],[75.33676147460848,12.4577817916884]],[[75.39731597900419,12.497810363769531],[75.43389129638678,12.523170471191406],[75.33676147462344,12.45778179169644],[75.39731597900419,12.497810363769531]],[[75.36560058593756,12.407040596008414],[75.39624756573075,12.459156468206954],[75.36662292480497,12.45166015625],[75.36560058593756,12.407040596008414]],[[75.42008002315579,12.28639657359056],[75.41936178310822,12.2947008600649],[75.38507988034304,12.279725317382747],[75.42008002315579,12.28639657359056]],[[75.19735717773443,12.1173610687257],[75.17217254638678,12.186719894409407],[75.18725365135329,12.104420992904833],[75.19735717773443,12.1173610687257]],[[75.00527954101568,12.785491943359432],[74.99507882503198,12.783200808713312],[74.9847793579101,12.729881286621037],[75.00527954101568,12.785491943359432]],[[75.43273915102321,32.60958812570164],[75.42241413391206,32.61318621097643],[75.42739105224615,32.58761978149414],[75.43273915102321,32.60958812570164]],[[74.0084457397461,34.3465194702149],[73.91379870403948,34.34782048678871],[74.09463500976562,34.3052978515625],[74.0084457397461,34.3465194702149]],[[75.74288940429693,34.19158172607422],[75.93824768066418,33.98065185546875],[75.7384262084961,34.2032203674317],[75.59195144653933,34.26974834445302],[75.74288940429693,34.19158172607422]],[[74.75784981700889,33.50741566330651],[75.18154920392234,33.46523735911464],[75.18181546506739,33.46549080252298],[74.87716674804699,33.52223968505871],[74.75784981700889,33.50741566330651]],[[74.80481719970705,33.399162292480604],[74.75367720952431,33.50689725553674],[74.75367720952416,33.50689725553672],[74.80481719970705,33.399162292480604]],[[74.77455139160175,32.96966171264668],[74.67560577392572,33.00067138671875],[74.77455139160168,32.969661712646484],[74.77455139160175,32.96966171264668]],[[74.94020080566423,33.053241729736385],[74.94020080566406,33.053241729736364],[74.97075653076178,32.916912078857536],[74.94020080566423,33.053241729736385]],[[75.2260971069336,32.82917022705078],[75.23877716064459,32.701919555664006],[75.22609710693376,32.82917022705078],[75.0329971313478,32.93078994750979],[75.2260971069336,32.82917022705078]],[[74.55023193359386,33.57905197143555],[74.70664215087902,33.49374008178722],[74.74742436960302,33.50612039818549],[74.72769927978516,33.50366973876959],[74.55023193359386,33.57905197143555]],[[73.93783061124107,34.098128128394706],[73.9987187227191,34.10222091086453],[73.94783020019537,34.10499954223644],[73.93783061124107,34.098128128394706]],[[74.06876060291145,34.098396461735376],[74.20533752441412,34.078441619873104],[74.12346649169922,34.095409393310604],[74.06876060291145,34.098396461735376]],[[74.69513702392584,33.58803939819336],[74.7182471128871,33.694906211694175],[74.71620244344396,33.698155012115926],[74.69513702392584,33.58803939819336]],[[75.27696001281679,34.17375750766185],[75.32408933229237,34.22075855916065],[75.28343963623058,34.19752883911144],[75.27696001281679,34.17375750766185]],[[74.78701782226562,34.26977920532232],[74.8860092163086,34.152500152588004],[74.99674224853527,34.04249191284174],[74.78701782226562,34.26977920532232]],[[74.80443618394469,34.33981942458525],[74.79567718505865,34.34020996093756],[74.78701782226562,34.26977920532232],[74.80443618394469,34.33981942458525]],[[77.45522308349666,32.861740112305036],[77.45522308349618,32.86174011230484],[77.45522308349626,32.8617401123048],[77.45522308349666,32.861740112305036]],[[76.80345916748051,33.15568923950216],[76.82834625244146,33.24639892578131],[76.80345916748047,33.15568923950218],[76.80345916748051,33.15568923950216]],[[76.76523544013888,33.3077764129572],[76.79976642729793,33.24760854321086],[76.82834625244146,33.24639892578131],[76.76523544013888,33.3077764129572]],[[76.77151871937008,33.248804104054315],[76.75997161865234,33.25297927856451],[76.75848831824527,33.249355604990214],[76.77151871937008,33.248804104054315]],[[76.7298660278322,33.1794319152832],[76.72176480587328,33.11309155510947],[76.75050969059444,33.229863975351556],[76.62700653076166,33.162479400634766],[76.7298660278322,33.1794319152832]],[[76.58190155029303,33.2068710327149],[76.55964614627693,33.204510083626445],[76.62700653076166,33.162479400634766],[76.58190155029303,33.2068710327149]],[[76.71948220696076,33.094399506581965],[76.71821594238298,33.084030151367244],[76.7737884521485,32.96208190917963],[76.71948220696076,33.094399506581965]],[[76.66009758991409,32.853072775385286],[76.66779327392607,32.85536956787132],[76.7737884521485,32.96208190917963],[76.66009758991409,32.853072775385286]],[[76.36687823280512,32.80449489711642],[76.35865783691406,32.79763031005871],[76.42604064941406,32.660659790039176],[76.36687823280512,32.80449489711642]],[[76.82036711665133,32.53497262981136],[76.854401234531,32.52537238193279],[76.8566970825197,32.53351211547874],[76.82036711665133,32.53497262981136]],[[76.8789672851562,32.448982238769815],[76.84623723688351,32.49642762346137],[76.77834914206245,32.41120442934641],[76.8789672851562,32.448982238769815]],[[76.9360961914063,32.405460357666016],[77.05090923663425,32.41395944286],[77.0421829223634,32.43154144287115],[76.9360961914063,32.405460357666016]],[[77.05735704452165,32.40096823548087],[77.01436614990263,32.309238433838004],[77.05813598632812,32.39939880371105],[77.05735704452165,32.40096823548087]],[[76.92357635498075,32.06541061401373],[76.92960627526617,32.09291333657216],[76.82666778564482,32.04365921020508],[76.92357635498075,32.06541061401373]],[[76.78055085401698,32.074529506506174],[76.77674102783197,32.07707977294922],[76.76942165337337,32.07105808319366],[76.78055085401698,32.074529506506174]],[[76.68383687514857,32.04436245573218],[76.66409301757818,32.05041885375988],[76.66401166723993,32.03817857145213],[76.68383687514857,32.04436245573218]],[[76.66363759339167,31.98189399285858],[76.66312294577874,31.904458149232646],[76.67870330810541,31.935060501098633],[76.66363759339167,31.98189399285858]],[[76.62399285909746,31.827600329365595],[76.65028696349181,31.879246203691586],[76.5768432617187,31.89850044250511],[76.62547302246122,31.87709045410179],[76.62399285909746,31.827600329365595]],[[76.62237749220218,31.77358959575331],[76.62174224853521,31.752349853515852],[76.71280670166044,31.667680740356502],[76.62237749220218,31.77358959575331]],[[76.7150497436524,31.588310241699446],[76.71820831298845,31.522869110107706],[76.71280670166044,31.667680740356502],[76.7150497436524,31.588310241699446]],[[76.86286180660323,31.35628185828086],[76.86168670654303,31.334699630737305],[76.91368103027338,31.305620193481445],[76.86286180660323,31.35628185828086]],[[76.6682790407412,31.21968528591898],[76.61847149437304,31.217791756857356],[76.5903930664062,31.18285942077631],[76.6682790407412,31.21968528591898]],[[76.61071257493131,31.008584524949665],[76.61006927490251,31.004230499267692],[76.61205629726324,31.003439623264455],[76.61071257493131,31.008584524949665]],[[76.85243225097668,30.870689392089844],[76.81018829345709,30.93037986755371],[76.7459930182884,30.92089209271191],[76.81436920166016,30.92134094238287],[76.85243225097668,30.870689392089844]],[[76.81980895996105,30.68582916259777],[76.7263031005866,30.69590950012206],[76.82367510495726,30.68350579201792],[76.84678649902342,30.792520523071197],[76.80097725025038,30.783004159685333],[76.81980895996105,30.68582916259777]],[[76.86222839356206,30.679271697986803],[76.91018340114255,30.604747072326003],[76.91060638427746,30.6058292388916],[76.86222839356206,30.679271697986803]],[[76.92006683349615,30.52469062805187],[76.9037901462895,30.537515292568663],[76.8888473510745,30.44111061096197],[76.92006683349615,30.52469062805187]],[[76.92875358467498,30.39436283620764],[76.93139648437528,30.39707183837885],[76.8888473510745,30.44111061096197],[76.92875358467498,30.39436283620764]],[[76.92122705050627,30.38664805331126],[76.89283183141625,30.367985956849665],[76.8977661132813,30.362600326538313],[76.92122705050627,30.38664805331126]],[[76.58786017331967,30.25297432414902],[76.63891601562506,30.205940246582315],[76.590316772461,30.25412178039568],[76.58786017331967,30.25297432414902]],[[76.63021051527906,30.156420880161694],[76.63483230341792,30.158782131027266],[76.63891601562506,30.205940246582315],[76.63021051527906,30.156420880161694]],[[76.60657070732027,30.09577405386749],[76.45208740234403,30.100709915161246],[76.60105133056669,30.08023071289074],[76.60657070732027,30.09577405386749]],[[76.41020202636736,30.202289581299],[76.45079215059708,30.098981456745037],[76.45208740234403,30.100709915161246],[76.41020202636736,30.202289581299]],[[76.78295135498053,29.94911193847662],[76.67883300781261,29.92094993591303],[76.74197702263963,29.927839140249862],[76.78295135498053,29.94911193847662]],[[76.6838555795269,29.882599935015108],[76.66551971435575,29.868328094482422],[76.6877029024832,29.83919619007388],[76.6838555795269,29.882599935015108]],[[76.69165975730866,29.794556756482073],[76.6756896972658,29.767211914062614],[76.70120239257807,29.686901092529297],[76.69165975730866,29.794556756482073]],[[76.53481292724615,29.462379455566634],[76.51073678790365,29.553477877211023],[76.42850140307331,29.527419233498982],[76.53481292724615,29.462379455566634]],[[77.13661060231448,29.44676630100689],[77.11729724706223,29.47919886337162],[77.12413787841803,29.452941894531193],[76.85755920410168,29.495130538940487],[76.71433989380486,29.480164759357187],[77.13661060231448,29.44676630100689]],[[76.72280883789067,29.397211074829283],[76.72280883788856,29.39721107482857],[76.72280883789062,29.39721107482916],[76.72280883789067,29.397211074829283]],[[76.63878105833753,29.3686288643668],[76.63693237304682,29.368000030517578],[76.63163757324287,29.299360275275117],[76.63878105833753,29.3686288643668]],[[76.46900939941412,29.100839614868278],[76.50405883789068,29.169660568237305],[76.45383696084177,29.081567956665726],[76.52317819948465,29.08811359153617],[76.46900939941412,29.100839614868278]],[[76.80873720781328,28.929180031390707],[76.80932617187528,28.864099502563704],[76.8174133300783,28.925661087036133],[76.80873720781328,28.929180031390707]],[[76.88905233546643,28.86698591331342],[76.88183593749994,28.87300109863287],[76.80932617187528,28.864099502563704],[76.88905233546643,28.86698591331342]],[[76.94376710540001,28.821378744419782],[76.9239000451478,28.83793881354632],[76.9423065185547,28.820680618286254],[76.94376710540001,28.821378744419782]],[[76.93450923438071,28.650781620417618],[76.92930652150585,28.637647968509622],[76.93390655517572,28.63764953613287],[76.93450923438071,28.650781620417618]],[[76.87793731689459,28.637630462646598],[76.83502960205084,28.591400146484375],[76.84529199255213,28.57234135820607],[76.87793731689459,28.637630462646598]],[[76.63648223876959,28.414579391479663],[76.60600280761747,28.433820724487305],[76.67312622070341,28.26786041259777],[76.63648223876959,28.414579391479663]],[[76.84648132324224,28.23950958251953],[76.83290463996465,28.24172993966502],[76.96176147460938,28.144010543823356],[76.84648132324224,28.23950958251953]],[[76.66007232666016,28.01905059814453],[76.5463067910416,27.97377049067369],[76.5465927124024,27.971370697021598],[76.66007232666016,28.01905059814453]],[[76.35560607910156,28.128450393676815],[76.30449287562134,28.198640262673262],[76.2767868041995,28.172760009765625],[76.35560607910156,28.128450393676815]],[[76.34188074881654,28.042375975328852],[76.33074213104538,28.0329546698214],[76.33679962158209,28.029661178588867],[76.34188074881654,28.042375975328852]],[[76.16645812988287,27.915069580078125],[76.22058278999738,27.844452450021606],[76.23262368991868,27.85243859789829],[76.16645812988287,27.915069580078125]],[[76.42299789941319,27.134603612469945],[76.46589660644548,27.083971023559798],[76.42610931396496,27.138099670410384],[76.42299789941319,27.134603612469945]],[[76.58412796531525,27.180107485919198],[76.64643096923857,27.1712398529055],[76.58788299560575,27.18316078186058],[76.58412796531525,27.180107485919198]],[[76.91781785731271,27.15376005630386],[76.89894866943371,27.23548126220703],[76.86451721191423,27.236551284790266],[76.8970489501956,27.230970382690543],[76.91781785731271,27.15376005630386]],[[76.9243370109293,27.149928411946135],[76.96959991512097,27.123325057943386],[76.9638133023064,27.183037977412763],[76.9243370109293,27.149928411946135]],[[77.07074252904675,26.864705710276812],[77.00398554429432,26.983942086396368],[77.01020050048822,26.933759689331282],[77.07074252904675,26.864705710276812]],[[76.98268283159229,26.8179404937816],[76.91536712646513,26.913120269775618],[76.98219299316423,26.817680358886776],[76.98268283159229,26.8179404937816]],[[76.75128936767584,26.875419616699276],[76.54615076220797,26.765739741466586],[76.60353851318388,26.77559089660656],[76.75128936767584,26.875419616699276]],[[76.44632720947277,26.64481925964361],[76.49849137343824,26.740258063836922],[76.40065002441423,26.55760955810547],[76.44632720947277,26.64481925964361]],[[76.93876647949224,26.65744972229004],[76.92404174804705,26.581439971923885],[76.96530151367193,26.60873985290533],[76.93876647949224,26.65744972229004]],[[76.90432739257841,26.562910079956055],[76.77731323242182,26.479610443115348],[76.75483766392944,26.455386426315272],[76.90432739257841,26.562910079956055]],[[76.62575689848458,26.316264044082153],[76.58325195312506,26.270452499389762],[76.58010690825621,26.24104265484463],[76.62575689848458,26.316264044082153]],[[76.57764728999838,26.218042350041397],[76.5770492553711,26.21245002746582],[76.70233154296903,26.17121124267578],[76.57764728999838,26.218042350041397]],[[76.83809661865246,26.036390304565543],[76.80631256103516,25.95297813415533],[76.86625233445578,26.056237837939985],[76.83809661865246,26.036390304565543]],[[76.6461257934572,25.90885162353527],[76.5667800903322,25.839670181274528],[76.5635914816679,25.834489068049038],[76.6461257934572,25.90885162353527]],[[76.48677825927763,25.846080780029297],[76.46821647241924,25.813989236464423],[76.5667800903322,25.839670181274528],[76.48677825927763,25.846080780029297]],[[76.53401799635007,25.78643564035211],[76.47778320312506,25.695060729980582],[76.53061676025396,25.733970642089957],[76.53401799635007,25.78643564035211]],[[76.57079352554342,25.428175052321446],[76.58547857841741,25.430853739601737],[76.47778320312506,25.695060729980582],[76.57079352554342,25.428175052321446]],[[76.52903620852251,25.420558137699295],[76.50411987304699,25.42757034301752],[76.4789361085848,25.4114194235526],[76.52903620852251,25.420558137699295]],[[76.3260498046875,25.38353157043457],[76.21399688720709,25.08872985839838],[76.2184971645421,25.082915469406757],[76.3260498046875,25.38353157043457]],[[76.56305051620954,24.82209651516083],[76.49243927001959,24.82993125915533],[76.5608978271485,24.81205177307129],[76.56305051620954,24.82209651516083]],[[76.60897827148443,24.431179046630803],[76.68242790503233,24.433057718440345],[76.67153167724615,24.443500518798885],[76.60897827148443,24.431179046630803]],[[76.81536841888607,24.53298834328434],[76.84117126464872,24.442819595336914],[76.73517474386162,24.434406860626147],[76.84860745938175,24.43730820723108],[76.81536841888607,24.53298834328434]],[[76.89442294440418,24.121626014294666],[76.94444274902361,24.206291198730526],[76.8859413445305,24.12958537534169],[76.89442294440418,24.121626014294666]],[[76.80111694335966,24.120340347290096],[76.75499725341791,24.17209053039562],[76.70380812898225,24.171472330529046],[76.80111694335966,24.120340347290096]],[[76.6962159584031,24.175461719787194],[76.69518460176664,24.17630382394171],[76.69519042968756,24.176000595092887],[76.6962159584031,24.175461719787194]],[[76.69058147020772,24.27341601674537],[76.69296264648466,24.28504943847662],[76.58802032470709,24.24955940246582],[76.69058147020772,24.27341601674537]],[[76.18548583984392,24.331510543823242],[76.23594665527355,24.0997695922851],[76.24518585205095,24.152309417724553],[76.18548583984392,24.331510543823242]],[[77.04810333251964,23.484638214111385],[76.9934921264649,23.402782440185547],[77.1461715698245,23.578090667724666],[77.04810333251964,23.484638214111385]],[[76.99048614501959,23.289142608642635],[76.9063568115235,23.234489440918026],[76.90013613379247,23.21727814891735],[76.99048614501959,23.289142608642635]],[[76.88671429686445,23.180142781270586],[76.86670819180227,23.124790144321718],[76.87869262695318,23.12062835693365],[76.88671429686445,23.180142781270586]],[[76.81052577770528,23.144300389024625],[76.75463867187517,23.18330192565918],[76.74956678743521,23.165469376440466],[76.81052577770528,23.144300389024625]],[[76.68203802441008,23.188919822852938],[76.67607879638689,23.199590682983512],[76.65120588720934,23.199626777176068],[76.68203802441008,23.188919822852938]],[[76.64257093633226,23.199639307740043],[76.62876129150408,23.19965934753418],[76.58706665039068,23.113428115844783],[76.64257093633226,23.199639307740043]],[[76.52760786294958,23.14636516881191],[76.53576660156256,23.132431030273438],[76.58706665039068,23.113428115844783],[76.52760786294958,23.14636516881191]],[[76.44940948486357,22.93226051330572],[76.52376490451208,22.823349364698462],[76.51899719238293,22.8640193939209],[76.44940948486357,22.93226051330572]],[[76.56054446328994,22.769476977040632],[76.56407928466797,22.76429939270014],[76.56583691374942,22.764788902005666],[76.56054446328994,22.769476977040632]],[[76.91861724853544,22.83162117004389],[76.9256223822842,22.877788876940652],[76.92207336425776,22.87743949890148],[76.91861724853544,22.83162117004389]],[[76.9384940945991,22.879056014378627],[76.98371695976238,22.876410390227424],[76.9808959960938,22.883230209350586],[76.9384940945991,22.879056014378627]],[[77.00383320490258,22.827778373154125],[77.02659606933588,22.693679809570256],[77.02410888671903,22.77876091003418],[77.00383320490258,22.827778373154125]],[[77.06741333007807,22.515270233154297],[77.11913987938782,22.56227635732568],[76.78704833984375,22.431909561157227],[77.06741333007807,22.515270233154297]],[[76.7415618896485,22.30035972595215],[76.77973937988293,22.35053062438965],[76.78704833984375,22.431909561157227],[76.7415618896485,22.30035972595215]],[[76.6811000368358,22.30867972785574],[76.68371582031267,22.305221557617244],[76.7415618896485,22.30035972595215],[76.6811000368358,22.30867972785574]],[[76.82563018798828,22.164470672607365],[76.86337613721146,22.12974724926805],[76.86625671386719,22.13825035095215],[76.82563018798828,22.164470672607365]],[[76.84041595459423,22.061971664421364],[76.87812805175787,21.99442291259777],[76.87972205528611,21.994378502394174],[76.84041595459423,22.061971664421364]],[[77.13379669189447,21.99555015563965],[76.8882388302289,21.994141218283755],[77.14173099952959,21.987078725228045],[77.13379669189447,21.99555015563965]],[[77.21693837166693,21.90854168982805],[77.20905303955084,21.87006950378418],[77.24822514899782,21.92963846575619],[77.21693837166693,21.90854168982805]],[[77.16557948270152,21.860418847069635],[77.15995788574236,21.859170913696516],[77.1946411132812,21.791139602661246],[77.16557948270152,21.860418847069635]],[[77.06451667213686,21.719837512154193],[77.0626970511602,21.716061980226534],[77.06836446707807,21.72010462326324],[77.06451667213686,21.719837512154193]],[[77.03745364808499,21.698055525584152],[76.84523404839123,21.599081714438718],[76.90112304687517,21.600809097289982],[77.03745364808499,21.698055525584152]],[[76.7819006487945,21.566471366998233],[76.77484356754054,21.56283767809044],[76.78016972046709,21.562472592589693],[76.7819006487945,21.566471366998233]],[[76.78418731689453,21.466489791870117],[76.624526977539,21.33510017395031],[76.62734374718258,21.33103982109093],[76.78418731689453,21.466489791870117]],[[76.72220611572266,21.291250228882063],[76.78153181677845,21.191518668980603],[76.78742771127573,21.191918863990647],[76.72220611572266,21.291250228882063]],[[76.80869375768758,20.28065531743117],[76.82093027777289,20.25569183008304],[76.82911219578997,20.281403721478185],[76.80869375768758,20.28065531743117]],[[77.63301086425781,20.75634956359869],[77.54782867431652,20.854539871215877],[77.48266228788545,20.875749964351545],[77.61609649658209,20.770120620727653],[77.51542663574247,20.729761123657227],[77.61371612548845,20.759809494018555],[77.63155821478087,20.708161573197607],[77.63301086425781,20.75634956359869]],[[77.62732696533209,20.567800521850813],[77.65039782596315,20.551114850000754],[77.65523466696463,20.562446612563193],[77.62732696533209,20.567800521850813]],[[78.28230173501267,20.694533061213367],[78.10765838623075,20.640930175781364],[78.27282714843778,20.688570022583008],[78.24545288085955,20.643739700317383],[78.28230173501267,20.694533061213367]],[[78.64273834228533,20.431949615478743],[78.70305633544928,20.309200286865178],[78.72613609245491,20.30631720037896],[78.64273834228533,20.431949615478743]],[[78.8176474631036,20.3165373227033],[78.76586535653183,20.30135428398692],[78.80886573771379,20.26325816174797],[78.8176474631036,20.3165373227033]],[[78.81239452475585,20.253431592581784],[78.81487274169933,20.24653053283697],[78.91588592529314,20.25189971923828],[78.81239452475585,20.253431592581784]],[[79.08921051025385,19.913539886474666],[79.14076127803234,19.887127605587434],[79.14591217041033,19.89182090759283],[79.08921051025385,19.913539886474666]],[[78.84556335407191,19.750298150427547],[78.8403031478089,19.75175944026278],[78.8588027954101,19.656311035156307],[78.84556335407191,19.750298150427547]],[[78.49391937255854,19.793149948120117],[78.32837677001953,19.91608810424799],[78.31579821734526,19.90909401638849],[78.49391937255854,19.793149948120117]],[[78.2941284179688,19.849550247192383],[78.34953241104559,19.798013852513],[78.33899688720714,19.83917999267578],[78.2941284179688,19.849550247192383]],[[78.3598969169056,19.757515942063158],[78.35768707422646,19.75087384104176],[78.36080169677734,19.753980636596793],[78.3598969169056,19.757515942063158]],[[78.27910614013683,19.558200836181697],[78.30674977283854,19.4637281549563],[78.31195831298822,19.465900421142635],[78.27910614013683,19.558200836181697]],[[78.18216705322271,19.411769866943473],[78.17042030600663,19.241562312489584],[78.18331909179693,19.241540908813533],[78.18216705322271,19.411769866943473]],[[78.0511322021485,19.241760253906193],[77.94892120361334,19.341279983520735],[77.94424699449938,19.33920149963267],[78.0511322021485,19.241760253906193]],[[77.77440617075747,19.05614750288274],[77.80541657470478,19.101238635845743],[77.80265045166027,19.10196113586437],[77.77440617075747,19.05614750288274]],[[77.76190545203596,19.035870713344902],[77.75739288330084,19.028551101684513],[77.76329671773665,19.021974392138514],[77.76190545203596,19.035870713344902]],[[77.81375454210686,18.96576576047482],[77.84635810219855,18.92944628925322],[77.85372924804693,18.95227813720703],[77.81375454210686,18.96576576047482]],[[77.96359884714427,18.865426481357357],[77.90425167111141,18.86495444222384],[77.94255065917986,18.822290420532454],[77.96359884714427,18.865426481357357]],[[77.9817757094964,18.875564782153393],[78.02480316162115,18.87638282775879],[78.2019882202149,18.998390197753906],[77.9817757094964,18.875564782153393]],[[78.26040649414074,18.990320205688704],[78.27684020996122,18.943479537963924],[78.2822335174035,18.945732088941966],[78.26040649414074,18.990320205688704]],[[78.50798787003913,18.94876175427024],[78.55568695068388,18.761421203613338],[78.52864837646484,18.94160079956066],[78.50798787003913,18.94876175427024]],[[78.72737577776488,19.017005278428783],[78.68181610107422,19.025350570678768],[78.52864837646484,18.94160079956066],[78.72737577776488,19.017005278428783]],[[78.52272122102511,18.471157267961427],[78.51918792724615,18.467609405517692],[78.5607528686524,18.387979507446516],[78.52272122102511,18.471157267961427]],[[78.57205963134771,18.2216415405274],[78.5171661376956,18.282070159912053],[78.55468855964037,18.20257578215356],[78.57205963134771,18.2216415405274]],[[78.67472260941223,18.22953365463062],[78.73977661132807,18.215101242065487],[78.75492994700946,18.235699513756927],[78.67472260941223,18.22953365463062]],[[78.94107650674361,18.25000934498373],[78.96457738164094,18.230571734099893],[78.95475006103516,18.251060485839957],[78.94107650674361,18.25000934498373]],[[79.09279856674006,18.018717827728874],[79.08828224493345,18.017667509924653],[79.09782326038557,18.01511734631485],[79.09279856674006,18.018717827728874]],[[78.82734059492812,17.873632810164978],[78.96140289306669,18.030580520629996],[78.87477874755888,17.959390640258846],[78.82734059492812,17.873632810164978]],[[78.98227691650396,17.784189224243278],[78.8633575439456,17.804990768432674],[78.86612701416021,17.862510681152457],[78.85542958635978,17.76918880158436],[78.98227691650396,17.784189224243278]],[[78.77214813232433,17.672319412231502],[78.50333499278685,17.691609107359128],[78.71399688720732,17.662620544433707],[78.77214813232433,17.672319412231502]],[[78.68533522975837,17.583878742774118],[78.68165588378923,17.573770523071403],[78.70709991455084,17.43470191955572],[78.68533522975837,17.583878742774118]],[[78.75411224365251,17.43959045410162],[78.74096679687517,17.292079925537166],[78.74969206924538,17.285435166339017],[78.75411224365251,17.43959045410162]],[[78.57882690429705,16.94679832458496],[78.74369049072271,16.90450096130371],[78.5046157836914,17.008441925049055],[78.57882690429705,16.94679832458496]],[[78.77778625488298,16.862630844116325],[78.78532118908603,16.765410219119804],[78.79035949707048,16.773668289184684],[78.77778625488298,16.862630844116325]],[[79.22527313232428,16.508220672607536],[79.21147155761713,16.36281013488781],[79.21840051996932,16.244563656866063],[79.22505950927751,16.250070571899528],[79.22527313232428,16.508220672607536]],[[79.21268421683783,16.23983633351508],[79.03093719482428,16.245742797851562],[79.19293765133256,16.223506128823743],[79.21268421683783,16.23983633351508]],[[78.92549896240246,16.202339172363395],[78.92491027275275,16.19853339393602],[79.03093719482428,16.245742797851562],[78.92549896240246,16.202339172363395]],[[78.91036874102825,16.105299255096938],[78.86348563227537,16.138548543099773],[78.91102954297331,16.080532889267886],[78.91036874102825,16.105299255096938]],[[78.7672500610351,15.67151069641119],[78.73530578613287,15.297620773315487],[78.74384381441386,15.217345519915833],[78.7672500610351,15.67151069641119]],[[78.74835461097581,15.174934634741156],[78.75928826811212,15.072135479208402],[78.77196641518925,15.17681086943732],[78.74835461097581,15.174934634741156]],[[78.75669338625825,15.050711191495246],[78.66271972656244,14.920401573181266],[78.75418853759771,15.030030250549316],[78.75669338625825,15.050711191495246]],[[78.47429656982422,14.892391204833984],[78.51790618896496,14.992528915405273],[78.50853279145178,15.034690210501738],[78.47429656982422,14.892391204833984]],[[78.50410606309715,15.054601518030196],[78.50284576416044,15.060270309448242],[78.42221069335932,15.026269912719783],[78.50410606309715,15.054601518030196]],[[78.12813275402975,14.923821558140403],[78.22956085205072,14.947060585021973],[78.13215343028952,14.941211516951999],[78.12813275402975,14.923821558140403]],[[78.45180088344058,13.982536196209384],[78.26632690429699,13.886419296264762],[78.45180088344058,13.982536196209383],[78.45180088344058,13.982536196209384]],[[78.22454345301333,13.781585554777132],[78.24804687500028,13.782621383667049],[78.26632690429699,13.886419296264762],[78.22454345301333,13.781585554777132]],[[78.11823272705095,13.776900291443098],[78.11218077678889,13.81494463834976],[78.10961255719526,13.765666774742405],[78.11823272705095,13.776900291443098]],[[78.05834197998064,13.666970252990666],[78.08072662353521,13.635340690612907],[78.1227627643877,13.642830582054302],[78.05834197998064,13.666970252990666]],[[78.55565643310553,13.299429893493652],[78.57542006877041,13.265560731919559],[78.57611083984403,13.267129898071516],[78.55565643310553,13.299429893493652]],[[78.42265319824219,12.968600273132324],[78.42135620117193,12.923529624939022],[78.43934019842045,12.90761311662393],[78.42265319824219,12.968600273132324]],[[78.22886657714844,12.720202445984],[78.24109649658209,12.847420692443848],[78.18984985351591,12.68130970001232],[78.22886657714844,12.720202445984]],[[78.52913609014045,12.375918224630448],[78.5976169596619,12.341230527296666],[78.55780029296903,12.374200820922795],[78.52913609014045,12.375918224630448]],[[78.59491815602506,12.256008662384456],[78.60052801842208,12.338820017576547],[78.59220123291033,12.254911422729492],[78.59491815602506,12.256008662384456]],[[78.65815858449139,12.208978241440162],[78.62014007568371,12.11775112152111],[78.65966796874994,12.20596885681158],[78.65815858449139,12.208978241440162]],[[78.70967377994927,11.974738217265951],[78.70907794034697,11.971347191369706],[78.71515290571934,11.975500003930527],[78.70967377994927,11.974738217265951]],[[78.61342620849615,11.851779937744254],[78.6810531616211,11.833610534667912],[78.6205368041995,11.869441032409725],[78.69275665283209,11.878459930419979],[78.62285614013666,11.872030258178768],[78.52899932861357,11.788821220398063],[78.61342620849615,11.851779937744254]],[[78.41410089648689,11.850027809869493],[78.44087982177763,11.812470436096135],[78.52899932861357,11.788821220398063],[78.41410089648689,11.850027809869493]],[[78.81446840514428,11.4916446624084],[78.949966430664,11.388131141662598],[78.8650303845778,11.497328471931018],[78.81446840514428,11.4916446624084]],[[79.15453338623053,11.364020347595215],[79.15835999843824,11.364107519782042],[78.949966430664,11.388131141662598],[79.15453338623053,11.364020347595215]],[[78.7945386864874,11.472246096403902],[78.78314971923834,11.461160659789982],[78.78379058837902,11.370671272277832],[78.7945386864874,11.472246096403902]],[[78.70181274414091,11.441281318664608],[78.70181274414081,11.441281318664553],[78.78379058837902,11.370671272277832],[78.70181274414091,11.441281318664608]],[[78.63712310791043,11.407389640807873],[78.63038272279178,11.346085747314039],[78.67217988248817,11.366484397270233],[78.63712310791043,11.407389640807873]],[[78.61811065673847,11.319400787353718],[78.67244231354367,11.366178185236567],[78.61811065673828,11.319400787353743],[78.61811065673847,11.319400787353718]],[[78.61811065674507,11.319400787352837],[78.71927661976815,11.305907815374624],[78.71792602539068,11.308591842651424],[78.61811065674507,11.319400787352837]],[[78.72072632693391,11.303026821908928],[78.70650864657713,11.236274525117398],[78.73638916015625,11.27190017700201],[78.72072632693391,11.303026821908928]],[[78.6969833374024,11.04099082946783],[78.74669647216811,11.108942031860378],[78.74669647216797,11.108942031860408],[78.6969833374024,11.04099082946783]],[[78.79326629638678,11.066880226135197],[78.92786074213758,11.07173878435257],[78.8735961914063,11.088649749755973],[78.79326629638678,11.066880226135197]],[[79.00544738769543,11.04755973815918],[78.99545687324127,11.0038297547897],[79.05374145507812,11.092511177063102],[79.00544738769543,11.04755973815918]],[[78.98262195314847,10.984301108744322],[78.9295987686315,10.949350790338201],[78.96176147460966,10.95256137847906],[78.98262195314847,10.984301108744322]],[[78.92507125706486,10.946366473717411],[78.9231033325197,10.945069313049316],[78.99120330810564,10.875931739807243],[78.92507125706486,10.946366473717411]],[[78.76216125488281,10.818779945373535],[79.19735717773432,10.924558639526367],[79.20237006613701,10.92824336794892],[78.99120330810564,10.875931739807243],[78.76216125488281,10.818779945373535]],[[78.85798632345977,10.694083777406107],[78.85773603949319,10.691172083452496],[78.86397991408853,10.687637382146947],[78.85798632345977,10.694083777406107]],[[78.83309267199465,10.676999711301237],[78.80436706542974,10.680130958557129],[78.77329254150402,10.633721351623478],[78.83309267199465,10.676999711301237]],[[78.73010353989322,10.65301748944526],[78.72615051269537,10.695118904113826],[78.7203369140625,10.657381057739371],[78.73010353989322,10.65301748944526]],[[78.67885589599615,10.719522476196403],[78.67772572242015,10.716734884099429],[78.72615051269537,10.695118904113826],[78.67885589599615,10.719522476196403]],[[78.55711724173764,10.659440484635242],[78.53665161132807,10.67346000671398],[78.52311398242996,10.640946583299014],[78.55711724173764,10.659440484635242]],[[78.47915226039919,10.617036412145977],[78.4579162597658,10.618359565734806],[78.45645685583442,10.60469269623896],[78.47915226039919,10.617036412145977]],[[78.4508106349339,10.551817571995876],[78.44847869873058,10.52997970581066],[78.47485777388205,10.490274680221148],[78.4508106349339,10.551817571995876]],[[78.48586194461167,10.473711518779668],[78.48812866210943,10.47029972076416],[78.49313044889823,10.47699656361542],[78.48586194461167,10.473711518779668]],[[78.56330533053854,10.508712529300203],[78.56430102234667,10.5085114642493],[78.56420898437506,10.50912094116211],[78.56330533053854,10.508712529300203]],[[78.56621462050843,10.495839586767081],[78.56744850970222,10.449256952792584],[78.57283782958996,10.451980590820312],[78.56621462050843,10.495839586767081]],[[78.5180687679767,10.424301569708181],[78.50815582275396,10.423601150512695],[78.50760335782681,10.41901259268441],[78.5180687679767,10.424301569708181]],[[78.497802734375,10.252829551696777],[78.50328189051852,10.383120173686342],[78.4756969267345,10.370919374553914],[78.497802734375,10.252829551696777]],[[78.43366241455078,10.232810020446777],[78.46551212727303,10.238730866277953],[78.46626281738276,10.242300033569336],[78.43366241455078,10.232810020446777]],[[78.47124545727034,10.186255719089225],[78.47161865234375,10.17694091796875],[78.47849652074214,10.184034964199341],[78.47124545727034,10.186255719089225]],[[78.91181182861357,10.008200645446891],[78.99361389875351,9.966648255092755],[78.99517059326166,9.969161987304801],[78.91181182861357,10.008200645446891]],[[78.9901969741916,9.961130644994919],[78.92992805500761,9.916541416250631],[78.97191619873047,9.931611061096305],[78.9901969741916,9.961130644994919]],[[78.88405052494707,9.882599482169363],[78.86425018310553,9.867950439453125],[78.86553717184194,9.860748117506756],[78.88405052494707,9.882599482169363]],[[78.87190398602183,9.761507485065296],[78.81082916259771,9.708191871643294],[78.87394714355474,9.751331329345703],[78.87190398602183,9.761507485065296]],[[78.77851867675781,9.692300796508789],[78.7697830200197,9.623320579528922],[78.79550081945028,9.60743693530874],[78.77851867675781,9.692300796508789]],[[78.79734029150347,9.598244649987064],[78.76644313145239,9.581317032334725],[78.80098724365263,9.5800199508667],[78.79734029150347,9.598244649987064]],[[78.64241027832037,9.50574970245367],[78.44567108154291,9.609219551086426],[78.43104950880064,9.60108434779866],[78.64241027832037,9.50574970245367]],[[78.3958801327513,9.587707665327521],[78.3871772324232,9.595987222315083],[78.35000610351568,9.559551239013786],[78.3958801327513,9.587707665327521]],[[78.20484518319026,9.422955902490834],[78.19692993164091,9.421430587768612],[78.22608947753935,9.36526107788086],[78.20484518319026,9.422955902490834]],[[78.30121924148223,9.35600789514585],[78.27768707275408,9.376921653747502],[78.22608947753935,9.36526107788086],[78.30121924148223,9.35600789514585]],[[78.32843551065996,9.331819963714793],[78.35871887207048,9.26470088958746],[78.35735321044916,9.306119918823356],[78.32843551065996,9.331819963714793]],[[78.24439356884666,9.279512059100131],[78.26414290075205,9.26345656874535],[78.35871887207048,9.26470088958746],[78.24439356884666,9.279512059100131]],[[76.62336730957043,21.19265937805176],[76.6233673095706,21.192659378051758],[76.6610717773438,21.282421112060604],[76.62336730957043,21.19265937805176]],[[76.50208282470697,9.530973434448356],[76.4179229736331,9.55958080291748],[76.4145812988283,9.694309234619368],[76.36820984976679,9.790371148737362],[76.36069488525419,9.70041656494152],[76.39875030517595,9.675971031189079],[76.35485839843767,9.529861450195597],[76.38236236572266,9.506526947021598],[76.50208282470697,9.530973434448356]],[[76.67125701904291,9.165452003478947],[76.6261825561524,9.222730636596793],[76.64505004882818,9.0862913131715],[76.67125701904291,9.165452003478947]],[[76.62262725830072,9.90829086303711],[76.62251742023086,9.905668479118688],[76.68579101562517,9.902200698852596],[76.62262725830072,9.90829086303711]],[[76.61801910400419,9.841939926147461],[76.59416591667053,9.829770774078446],[76.76994323730474,9.796791076660156],[76.61801910400419,9.841939926147461]],[[76.87610259676715,9.704038141626507],[76.87384796142595,9.70853137969982],[76.76994323730474,9.796791076660156],[76.87610259676715,9.704038141626507]],[[76.5090332701347,9.832773330457265],[76.53597259521496,9.792560577392805],[76.54205432124188,9.799858882743447],[76.5090332701347,9.832773330457265]],[[76.49774932861345,9.84402084350586],[76.49166911472479,9.842265670368683],[76.4992803762935,9.84249473857816],[76.49774932861345,9.84402084350586]],[[75.04853820800798,28.15892982482916],[75.12171936035185,28.137832641601562],[75.06320580055359,28.178730416829662],[75.04853820800798,28.15892982482916]],[[76.08563995361334,27.865222930908203],[76.1690277191454,27.81025845934751],[76.08806610107428,27.868448257446346],[75.96308135986328,27.864730834960938],[76.08009338378912,27.851070404052734],[75.93492889404303,27.6260795593264],[76.0633926391601,27.779239654541243],[76.08563995361334,27.865222930908203]],[[76.74563598632841,20.205802917480526],[76.80977630615251,20.220640182495174],[76.8167608926362,20.24258942822625],[76.74563598632841,20.205802917480526]],[[76.65677451785321,19.96907568370196],[76.65899658203136,19.972818374633846],[76.62909698486357,20.083271026611385],[76.65677451785321,19.96907568370196]],[[76.6055297851563,19.92180061340332],[76.62295866739345,19.912118608333042],[76.64963226189256,19.95704576265833],[76.6055297851563,19.92180061340332]],[[76.65734482435417,19.89301658322832],[76.65526580810564,19.897840499877873],[76.6500513020626,19.897068244077612],[76.65734482435417,19.89301658322832]],[[76.657558855797,19.89251996861965],[76.63836303989098,19.865835358823524],[76.67535102518487,19.85123700981514],[76.657558855797,19.89251996861965]],[[76.52934866974282,19.860396784317366],[76.52171317039208,19.849396841719766],[76.535477659422,19.851336559177785],[76.52934866974282,19.860396784317366]],[[76.20217586728496,19.27982799581103],[76.22635650634771,19.24170112609869],[76.20915222167986,19.27783966064453],[76.20217586728496,19.27982799581103]],[[76.35298814015344,19.203636245706097],[76.3629913330081,19.237270355224553],[76.34806875784001,19.237754261949053],[76.35298814015344,19.203636245706097]],[[76.67289082274199,18.772350445404232],[76.66604614257818,18.81859016418457],[76.58703613281256,18.873830795288086],[76.67289082274199,18.772350445404232]],[[76.73004291599183,18.70479660036263],[76.72561645507807,18.74869918823248],[76.68471852493023,18.75837008676137],[76.73004291599183,18.70479660036263]],[[76.73095703124994,18.695730209350813],[76.57015991210966,18.679075241088867],[76.56823983730628,18.67429580189368],[76.73095703124994,18.695730209350813]],[[76.44164276123064,18.643144607543945],[76.43657963600684,18.633653018568165],[76.5376815795899,18.59823036193859],[76.44164276123064,18.643144607543945]],[[76.27649820935788,18.553516958508155],[76.27136230468756,18.419401168823356],[76.27855906522198,18.553282081702584],[76.27649820935788,18.553516958508155]],[[76.674057006836,17.920459747314453],[76.68379211425793,17.986059188842887],[76.67972502069458,17.987264168595008],[76.674057006836,17.920459747314453]],[[76.73745727539062,17.85705947875988],[76.74028473724289,17.893022515467624],[76.73503394324939,17.895197846726816],[76.73745727539062,17.85705947875988]],[[76.71570587158197,17.781919479370345],[76.69055175781267,17.679952621460075],[76.61444854736345,17.76831245422369],[76.69753470595948,17.647352068132026],[76.71570587158197,17.781919479370345]],[[76.42872619628912,17.644411087036133],[76.4892959594726,17.660669326782227],[76.29866027832037,17.727621078491325],[76.42872619628912,17.644411087036133]],[[76.12120819091814,17.366340637207088],[76.0628464673626,17.345975773818505],[76.07117655430837,17.318171768725044],[76.12120819091814,17.366340637207088]],[[76.17745208740229,17.190750122070426],[76.20146920926818,17.17647021675696],[76.0903396606447,17.25420951843273],[76.17745208740229,17.190750122070426]],[[76.25461578369146,17.144870758056754],[76.3592605590822,17.18181991577171],[76.24874854567445,17.14835925279823],[76.25461578369146,17.144870758056754]],[[76.35293579101562,16.222719192504883],[76.28025817871088,16.146602630615178],[76.3721032441409,16.212085420091473],[76.32792663574247,16.18787956237793],[76.35293579101562,16.222719192504883]],[[76.4123192826401,15.890914143633719],[76.37335968017595,15.910849571228084],[76.3681098316539,15.89987540278369],[76.4123192826401,15.890914143633719]],[[76.42678406797766,15.874014323045866],[76.42571258544928,15.884060859680233],[76.41532992702355,15.889373612434156],[76.42678406797766,15.874014323045866]],[[76.41102600097662,15.798280715942326],[76.44190979003912,15.732191085815373],[76.43238009965174,15.821544277355656],[76.41102600097662,15.798280715942326]],[[76.68962860107439,15.641242027282715],[76.59581756591803,15.695229530334586],[76.44190979003912,15.732191085815373],[76.68962860107439,15.641242027282715]],[[76.8012423020526,15.520537111542168],[76.80865404950775,15.542917662994267],[76.77149900249026,15.55742002214328],[76.8012423020526,15.520537111542168]],[[77.12900862155209,15.927645728887699],[77.09005737304699,15.917869567871094],[76.83590698242205,15.625210762023926],[77.06388854980474,15.823169708251953],[77.02227020263689,15.831780433654899],[77.12900862155209,15.927645728887699]],[[77.04708862304693,15.72501182556158],[77.05853191171713,15.715320927078958],[77.04774213435483,15.728830133059155],[77.04708862304693,15.72501182556158]],[[77.1193136993485,15.637142153451695],[77.12092590332037,15.637201309204329],[77.11971945839542,15.638711823503893],[77.1193136993485,15.637142153451695]],[[77.16086697797793,15.256994915825674],[77.16414642334001,15.259070396423397],[77.10968780517584,15.327281951904354],[77.16086697797793,15.256994915825674]],[[77.16124878886923,15.16486634878446],[77.1644821166995,15.168470382690657],[77.12345886230497,15.233320236206282],[77.16124878886923,15.16486634878446]],[[77.07881927490263,15.000009536743278],[77.15357191814151,15.13466898500729],[77.1494145655436,15.134975158061772],[77.07881927490263,15.000009536743278]],[[76.79693603515653,15.09076023101818],[76.78851290140605,15.068032368810776],[76.84234441699644,15.055418893946825],[76.79693603515653,15.09076023101818]],[[76.71862381186054,15.025340866559995],[76.76456892996741,14.977618444001351],[76.76824845569855,15.013353487601936],[76.71862381186054,15.025340866559995]],[[76.8487396240235,14.80403137207054],[76.86547851562517,14.937600135803336],[76.86197017595828,14.938713252686053],[76.8487396240235,14.80403137207054]],[[76.91397624173449,14.395173462526138],[76.94156646728533,14.399541854858398],[76.97339630126953,14.478281021118221],[76.91397624173449,14.395173462526138]],[[76.94384247887048,14.266482384786995],[76.9501113891601,14.2940292358399],[76.87909698486334,14.346389770507812],[76.94384247887048,14.266482384786995]],[[76.96929143432261,14.23507387473251],[77.00137383012088,14.195478526589543],[77.10507965087896,14.213281631469727],[76.96929143432261,14.23507387473251]],[[77.15975952148455,14.336238861084041],[77.28114318847662,14.331110954284782],[77.15215301513689,14.337740898132381],[77.10507965087896,14.213281631469727],[77.15975952148455,14.336238861084041]],[[76.89142608642595,14.1589994430542],[76.94629669189447,14.085260391235465],[76.96734114683663,14.057844372788617],[76.97500610351568,14.06527042388916],[76.89142608642595,14.1589994430542]],[[76.71823120117205,13.888670921325911],[76.76449584960966,13.793289184570312],[76.72297861937908,13.889770905062244],[76.71823120117205,13.888670921325911]],[[76.2333374023437,13.501450538635254],[76.42237854003923,13.517520904540959],[76.31602480169434,13.578675251158506],[76.358383178711,13.524150848388786],[76.2333374023437,13.501450538635254]],[[76.34189605712908,13.353860855102539],[76.3463942402115,13.303608262510783],[76.36643391802616,13.360024396323777],[76.34189605712908,13.353860855102539]],[[76.35170745849615,13.244250297546444],[76.3674621582033,13.192490577697754],[76.34936013476849,13.270474019615104],[76.35170745849615,13.244250297546444]],[[76.60004846401417,13.058794289503677],[76.59918975830095,13.066189765930233],[76.46431732177729,13.0841703414917],[76.60004846401417,13.058794289503677]],[[76.80675692028164,12.997426265477037],[76.66777801513683,13.047239303588867],[76.62158717168221,13.010831856919534],[76.67842102050787,13.036101341247615],[76.80675692028164,12.997426265477037]],[[76.49643707275396,12.814660072326717],[76.49584079118448,12.80555529864089],[76.57071685791044,12.841210365295467],[76.49643707275396,12.814660072326717]],[[76.40428924560564,12.859972000122184],[76.32617950439482,12.800381660461369],[76.40548102817208,12.858662397090926],[76.40428924560564,12.859972000122184]],[[76.34063667824412,12.647594591829797],[76.37531425710827,12.591511180215678],[76.35364934754888,12.683608113938725],[76.34063667824412,12.647594591829797]],[[76.44637298584013,12.476589202881087],[76.56134033203136,12.417589187622127],[76.41782533901274,12.522758787958145],[76.44637298584013,12.476589202881087]],[[76.56165313720703,12.342049598694075],[76.67890167236328,12.383081436157454],[76.5616364635772,12.346076127798291],[76.56165313720703,12.342049598694075]],[[77.09277044734888,12.184122325742797],[77.12272644042963,12.196710586547908],[77.11642824491355,12.209293530843047],[77.09277044734888,12.184122325742797]],[[76.92250895019487,12.011529646220483],[76.93058776855474,12.018750190734806],[76.84883117675776,12.052511215210075],[76.92250895019487,12.011529646220483]],[[76.85932838769071,12.001581931102963],[76.89612579345732,11.987949371337947],[76.91675922092435,12.006390754083816],[76.85932838769071,12.001581931102963]],[[76.75036433947723,11.992458107023936],[76.7735595703125,11.974089622497615],[76.78791366705947,11.995602203308565],[76.75036433947723,11.992458107023936]],[[76.40502929687517,11.804071426391715],[76.40500765386494,11.802148749288145],[76.45421600341797,11.783271789550781],[76.40502929687517,11.804071426391715]],[[76.4044467757699,11.75232261791043],[76.40579117370461,11.752742416006223],[76.40469723498312,11.774572396913907],[76.4044467757699,11.75232261791043]],[[76.50421142578142,11.698040962219295],[76.42994805230641,11.661030970966621],[76.51369568736366,11.683111929991274],[76.50421142578142,11.698040962219295]],[[76.57482910156256,11.605719566345215],[76.59080420230407,11.606168868275203],[76.57312944011217,11.6084412682086],[76.57482910156256,11.605719566345215]],[[76.83885722355504,11.58721011509133],[76.83121282463487,11.622464954075074],[76.83556574579443,11.588039533829686],[76.83885722355504,11.58721011509133]],[[76.99802991563617,11.521794345759954],[76.99722290039057,11.535328865051497],[76.98034738223171,11.539166687187612],[76.99802991563617,11.521794345759954]],[[77.00199263514952,11.426615442370082],[77.0036010742188,11.428359985351562],[77.00271381523116,11.443240279063742],[77.00199263514952,11.426615442370082]],[[77.09809112548857,11.396809577941895],[76.96051636196728,11.37546842103774],[76.9513053620085,11.364449650610176],[77.09995269775396,11.381401062011719],[77.15499114990251,11.304739952087402],[77.09809112548857,11.396809577941895]],[[77.21022435741499,11.334673445266482],[77.21347045898449,11.341039657592887],[77.15499114990251,11.304739952087402],[77.21022435741499,11.334673445266482]],[[76.84673309326166,11.335990905761662],[76.84570312500006,11.283820152282772],[76.87428672658199,11.341051895189898],[76.84673309326166,11.335990905761662]],[[76.70021820068388,11.254181861877385],[76.69263854651034,11.247453476446248],[76.84570312500006,11.283820152282772],[76.70021820068388,11.254181861877385]],[[76.7091010499208,11.185479433009043],[76.69199396453395,11.246881287283024],[76.64888451292708,11.208613445572162],[76.7091010499208,11.185479433009043]],[[76.69117736816412,11.144510269165153],[76.73871612548834,11.121290206909237],[76.69440990225138,11.151899053481317],[76.69117736816412,11.144510269165153]],[[76.79056366196201,11.042549831180816],[76.79342651367193,11.047011375427246],[76.73709869384783,11.047510147094727],[76.79056366196201,11.042549831180816]],[[76.70652008056669,11.031351089477596],[76.78183746337902,11.028950691223201],[76.79026864051366,11.04209006190919],[76.70652008056669,11.031351089477596]],[[76.64916229248064,10.924152374267578],[76.67253161001099,10.915499522350363],[76.65077137201351,10.927159660014654],[76.64916229248064,10.924152374267578]],[[76.88674927212998,10.783044323899219],[76.88829803466825,10.799881935119629],[76.85742106044326,10.816427239916475],[76.88674927212998,10.783044323899219]],[[76.80499267578142,10.626340866088924],[76.80569179836006,10.614616855347323],[76.87261962890636,10.629431724548454],[76.80499267578142,10.626340866088924]],[[76.88927749453032,10.247418849617269],[76.9707870483399,10.208650588989258],[76.88226332946674,10.259375077672651],[76.88927749453032,10.247418849617269]],[[77.1731262207033,10.344011306762638],[77.22216033935564,10.340300559997672],[76.9707870483399,10.208650588989258],[77.1731262207033,10.344011306762638]],[[76.40660858154303,10.288559913635254],[76.67714691162138,10.259491920471135],[76.82874298095709,10.27621078491211],[76.40660858154303,10.288559913635254]],[[76.77144622802751,10.027211189270076],[76.81710815429693,10.005789756774902],[76.82726287841825,10.015878677368221],[76.77144622802751,10.027211189270076]],[[75.68982696533209,11.791951179504338],[75.56805259475321,11.670411916369353],[75.56948852539068,11.669241905212402],[75.68982696533209,11.791951179504338]],[[75.77464593136635,11.784416260229463],[75.77218627929705,11.79194164276123],[75.68982696533209,11.791951179504338],[75.77464593136635,11.784416260229463]],[[75.915300448805,11.937411311582693],[75.92518615722662,11.932871818542424],[75.93294605498221,11.934475719747633],[75.915300448805,11.937411311582693]],[[76.05180260039567,11.959042300705281],[76.18013763427734,12.028020858764876],[76.17827292609385,12.042602399273873],[76.05180260039567,11.959042300705281]],[[76.05393963871008,10.730337398365423],[76.05832943044877,10.719730223979644],[76.09444986850507,10.71271496218453],[76.05393963871008,10.730337398365423]],[[76.15438842773438,10.697919845580998],[76.15896558249284,10.70538312076992],[76.13016109481659,10.703900073002545],[76.15438842773438,10.697919845580998]],[[76.19736386312128,10.767993399476728],[76.18305969238287,10.776741981506461],[76.16412602039262,10.713797467711155],[76.19736386312128,10.767993399476728]],[[75.8958129882813,11.237441062927303],[76.03837585449247,11.259050369262752],[76.10859680175776,11.31089973449707],[76.03837585449247,11.259050369262923],[75.8958129882813,11.237441062927303]],[[76.09979645995787,11.393457422121195],[76.09424591064482,11.3895006179809],[76.10859680175776,11.31089973449707],[76.09979645995787,11.393457422121195]],[[76.12865874200098,11.432445755033465],[76.14811662552842,11.452386631541],[76.10888183813167,11.460163950833813],[76.12865874200098,11.432445755033465]],[[76.45019633740516,11.200241839798034],[76.44664468812023,11.228426102465962],[76.40246582031261,11.198230743408203],[76.45019633740516,11.200241839798034]],[[76.12888578411585,10.889132447188596],[76.12116241455107,10.888760566711483],[76.11682975676928,10.88102056202839],[76.12888578411585,10.889132447188596]],[[76.22574615478533,11.564439773559798],[76.28338152164561,11.572921464295069],[76.25969696044939,11.586937904357967],[76.22574615478533,11.564439773559798]],[[76.3257050652729,11.579149848487326],[76.42479705810575,11.62329006195074],[76.4244821481751,11.631788356300701],[76.3257050652729,11.579149848487326]],[[75.90216064453136,11.596530914306868],[76.0351867675783,11.494860649108944],[76.04685913000792,11.501078228784268],[75.90216064453136,11.596530914306868]],[[75.31020904634404,18.518678514680385],[75.31558086463194,18.518446441500338],[75.31685944679876,18.520123172885604],[75.31020904634404,18.518678514680385]],[[75.42397357226827,18.535421619780905],[75.42487335205078,18.535110473632812],[75.42803744996624,18.53939718245113],[75.42397357226827,18.535421619780905]],[[75.52603476943678,18.635264852204795],[75.5532302856447,18.643880844116268],[75.55366315975577,18.66229283024784],[75.52603476943678,18.635264852204795]],[[75.58542037335162,18.69335990516125],[75.59154669496488,18.695171627774528],[75.58914184570318,18.697000503540096],[75.58542037335162,18.69335990516125]],[[75.61914085799336,18.674186405607845],[75.64892578124994,18.648220062255916],[75.6502978048465,18.650491704265605],[75.61914085799336,18.674186405607845]],[[75.29485321044928,13.121350288391227],[75.33485771758707,13.162065394788868],[75.27400070140308,13.133825121988238],[75.29485321044928,13.121350288391227]],[[75.37559669703356,13.166724270572066],[75.36962890625011,13.17820072174078],[75.36075443666834,13.174082586188549],[75.37559669703356,13.166724270572066]],[[75.49209340930277,13.071446179608134],[75.48583221435575,13.087550163269157],[75.40738677978521,13.105589866638127],[75.49209340930277,13.071446179608134]],[[75.56073760986334,12.862719535827637],[75.55487823486357,12.90996170043951],[75.53920216552844,12.950281027114114],[75.56073760986334,12.862719535827637]],[[75.79968261718756,12.071181297302303],[75.82697296142584,11.977971076965332],[75.85583018188746,11.964719912166611],[75.79968261718756,12.071181297302303]],[[75.3331909179688,12.010141372680664],[75.3070831298831,12.034309387207031],[75.30906677246233,12.102661132813065],[75.27564235742007,12.007542682333924],[75.3331909179688,12.010141372680664]],[[75.38247362066026,12.133266345939333],[75.39982604980463,12.140501022338867],[75.22306060791034,12.104840278625577],[75.38247362066026,12.133266345939333]],[[75.4827270507813,12.286181449890194],[75.47598049128989,12.286204616908607],[75.50062480069757,12.260426956277902],[75.4827270507813,12.286181449890194]],[[75.67363136522876,12.08954859027635],[75.64925286103818,12.104963736096645],[75.6624298095706,12.091180801391602],[75.67363136522876,12.08954859027635]],[[76.17535833023263,12.065393792583677],[76.17164611816412,12.094422340393066],[76.1277465820313,12.186290740967024],[76.17535833023263,12.065393792583677]],[[75.99500274658209,12.319081306457576],[75.91111732123895,12.392240556427177],[75.90809631347685,12.387399673461914],[75.99500274658209,12.319081306457576]],[[75.91888831914102,12.404692855239231],[75.97035980224626,12.442040443420524],[75.96358498763169,12.47631509461741],[75.91888831914102,12.404692855239231]],[[76.0145728196394,12.560384223550708],[76.01745691927405,12.563695658416517],[75.96232604980486,12.552760124206486],[76.0145728196394,12.560384223550708]],[[75.93958978527998,12.608927084162573],[75.93740081787115,12.600259780883789],[75.96232604980486,12.552760124206486],[75.93958978527998,12.608927084162573]],[[76.02491092635566,12.56517420483212],[76.11128234863281,12.5059814453125],[76.04283905029314,12.56873035430931],[76.02491092635566,12.56517420483212]],[[76.2169418334961,12.636051177978572],[76.31719207763678,12.603270530700684],[76.3193464339951,12.60777489187912],[76.2169418334961,12.636051177978572]],[[75.97055816650408,12.798669815063533],[75.9202270507813,12.8215913772583],[75.8617477416995,12.814660072326717],[75.97055816650408,12.798669815063533]],[[75.93525695800798,12.755477905273438],[75.94162437765232,12.74410946139165],[75.97055816650408,12.798669815063533],[75.93525695800798,12.755477905273438]],[[75.53553771972662,15.027211189269963],[75.5221788273087,15.030623060086633],[75.53768316671784,15.014912351921406],[75.53553771972662,15.027211189269963]],[[75.71712116574308,14.952523053505761],[75.69189559250496,14.964268799767195],[75.69350605944567,14.940035320969915],[75.71712116574308,14.952523053505761]],[[75.80988311767607,15.019730567932129],[75.78240294887524,14.987044238248707],[75.9042358398438,15.051469802856502],[75.80988311767607,15.019730567932129]],[[75.90450362516414,15.112231965706854],[75.88463592529325,15.102959632873592],[75.9042358398438,15.051469802856502],[75.90450362516414,15.112231965706854]],[[76.79621220640897,15.50534820837967],[76.6089706420899,15.43719959259056],[76.79280853271501,15.49507045745861],[76.79621220640897,15.50534820837967]],[[75.63238943998135,13.701026549967338],[75.63420104980497,13.696880340576229],[75.63773350419221,13.703134429007816],[75.63238943998135,13.701026549967338]],[[75.94400749158218,13.810096499129937],[75.94814300537138,13.81001091003418],[75.95653331654722,13.818146652413757],[75.94400749158218,13.810096499129937]],[[76.03727241618596,13.887964981383167],[76.09572601318365,13.858381271362418],[76.0372898034869,13.888011520343305],[76.03727241618596,13.887964981383167]],[[76.13548278808588,14.42094039917015],[76.19307326159117,14.447544515327115],[76.1827011108399,14.453419685363883],[76.13548278808588,14.42094039917015]],[[76.31751009708357,14.406522153637328],[76.33000183105497,14.401611328125114],[76.361450429381,14.412610998585984],[76.31751009708357,14.406522153637328]],[[76.3902557811789,14.422686149599128],[76.45668792724604,14.445921897888184],[76.45666670224554,14.473896448785645],[76.3902557811789,14.422686149599128]],[[76.5996780395509,14.619020462036133],[76.52567291259777,14.558390617370605],[76.42188262939459,14.576371192932243],[76.50741960768582,14.539796541778149],[76.5996780395509,14.619020462036133]],[[76.73739624023449,14.811971664428768],[76.6699095168838,14.918050026792978],[76.66197204589861,14.910861015319824],[76.73739624023449,14.811971664428768]],[[76.68478218366965,14.931520283548467],[76.705307006836,14.927510261535645],[76.69834272926323,14.943802144866286],[76.68478218366965,14.931520283548467]],[[76.67104199484643,15.012343227199691],[76.68407637892814,15.017378695027775],[76.6696395874024,15.014051437378043],[76.67104199484643,15.012343227199691]],[[76.27940025793964,13.625818969015148],[76.28295898437517,13.640399932861328],[76.21708679199247,13.706029891967773],[76.27940025793964,13.625818969015148]],[[75.63220977783209,14.309450149536133],[75.6322672626982,14.311914969379421],[75.62595811224514,14.307214443379612],[75.63220977783209,14.309450149536133]],[[75.74131644708102,14.68471684478037],[75.73954010009766,14.68082141876215],[75.81141662597685,14.647109985351676],[75.74131644708102,14.68471684478037]],[[75.7542146278194,14.733591013248349],[75.70585632324224,14.717720031738224],[75.7525578719051,14.72852146072413],[75.7542146278194,14.733591013248349]],[[75.80001831054705,14.765231132507438],[75.81820317620956,14.780129665640711],[75.77224731445318,14.788769721984977],[75.80001831054705,14.765231132507438]],[[75.83524322509794,14.79409027099615],[75.81986999511736,14.896151542663574],[75.8270621040007,14.787387625730767],[75.83524322509794,14.79409027099615]],[[76.05561158080633,14.905013316988223],[76.04737091064447,14.92444038391119],[75.86988830566412,14.850320816039982],[76.05561158080633,14.905013316988223]],[[75.72374725341814,14.764570236206168],[75.66816264293288,14.802745837294461],[75.66461181640642,14.79868030548107],[75.72374725341814,14.764570236206168]],[[75.48500397599071,16.550832802246333],[75.46784938021341,16.478517679080387],[75.49386596679688,16.52164077758789],[75.48500397599071,16.550832802246333]],[[75.454853551621,16.4237338207194],[75.45186614990263,16.411140441894588],[75.4691376254326,16.421439963224177],[75.454853551621,16.4237338207194]],[[75.80115958864344,15.843098799717808],[75.77855682373053,15.847380638122672],[75.74590301513678,15.810469627380371],[75.80115958864344,15.843098799717808]],[[76.04117584228521,15.760639190673885],[75.84570312500011,15.834660530090389],[75.83851009564376,15.836023168221786],[76.04117584228521,15.760639190673885]],[[75.94454193115263,15.674461364746094],[75.97233581542974,15.660011291503906],[76.01097869873064,15.66016101837181],[75.94454193115263,15.674461364746094]],[[75.8971557617188,15.746649742126579],[75.88647164782132,15.73240307505875],[75.94454193115263,15.674461364746094],[75.8971557617188,15.746649742126579]],[[75.8712921142581,15.712162017822266],[75.898910522461,15.603541374206657],[75.8853980985266,15.730971557243645],[75.8712921142581,15.712162017822266]],[[75.81089019775408,15.472370147705078],[75.90290832519537,15.398821830749569],[75.81539043173194,15.479076567073395],[75.81089019775408,15.472370147705078]],[[75.77237701416033,15.897841453552303],[75.82861328125,15.89624118804943],[75.79149999495053,15.906114207457142],[75.77237701416033,15.897841453552303]],[[75.85240173339872,15.93246078491211],[75.82267674915497,15.919601519812607],[75.86163954531067,15.926641652929044],[75.85240173339872,15.93246078491211]],[[75.96576014141833,15.86105344906849],[75.93632612241728,15.879594684048355],[75.96520996093767,15.855109214782715],[75.96576014141833,15.86105344906849]],[[75.99401855468767,16.000701904297102],[75.99187835947353,15.987098279410901],[76.08017730712885,16.006891250610465],[75.99401855468767,16.000701904297102]],[[75.81133270263678,17.369939804077376],[75.82472229003918,17.42284965515131],[75.80413775933852,17.37434375906038],[75.81133270263678,17.369939804077376]],[[76.05593812993384,17.352887920192043],[76.0545272827149,17.354299545288313],[75.93115234375011,17.32411003112793],[76.05593812993384,17.352887920192043]],[[75.5389235413621,18.14300197285435],[75.43257141113293,18.177349090576115],[75.5353393554688,18.133829116821232],[75.5389235413621,18.14300197285435]],[[75.71009826660168,18.395620346069336],[75.72154998779325,18.337232589721623],[75.72776622166347,18.409786887264808],[75.71009826660168,18.395620346069336]],[[75.7649765014649,18.43962287902832],[75.74763231960698,18.42571594605659],[75.78373776013783,18.409595859092754],[75.7649765014649,18.43962287902832]],[[75.87494568515164,17.859360207757895],[75.85302734375,18.005580902099666],[75.85893249511719,17.862859725952262],[75.87494568515164,17.859360207757895]],[[75.85027313232428,23.573911666870117],[75.8685188961128,23.574325213626032],[75.8100967407226,23.662429809570312],[75.85027313232428,23.573911666870117]],[[76.08659928965079,23.5792680836709],[76.08618927001959,23.579790115356673],[76.07747794605102,23.579061345158937],[76.08659928965079,23.5792680836709]],[[76.21627837878601,23.48991524775536],[76.24755096435553,23.51385116577154],[76.22343676413917,23.512510180979007],[76.21627837878601,23.48991524775536]],[[76.19563293457031,23.42474937438965],[76.24790191650396,23.356389999389762],[76.20305133692655,23.44816503275339],[76.19563293457031,23.42474937438965]],[[76.07904757555761,23.240667749255657],[76.13359372233447,23.239377153007005],[76.12751007080095,23.281829833984432],[76.07904757555761,23.240667749255657]],[[76.3893660622521,23.222943883377113],[76.37592315673834,23.230390548706055],[76.36767010157578,23.230420051876997],[76.3893660622521,23.222943883377113]],[[75.99160766601568,21.376089096069336],[76.0523757934572,21.35270118713379],[76.0775636299631,21.36425010903868],[75.99160766601568,21.376089096069336]],[[76.10694885253912,21.36020278930664],[76.10398300609985,21.360611284725888],[76.17272186278896,21.188289642344387],[76.10694885253912,21.36020278930664]],[[76.11661151967137,21.165707451203062],[76.17272186279243,21.18828964233371],[76.1143188476562,21.17045974731451],[76.11661151967137,21.165707451203062]],[[76.15829289198582,21.100745287421482],[76.124351467284,21.14966393398874],[76.13566589355497,21.126211166381836],[76.15829289198582,21.100745287421482]],[[76.23487177431545,21.083107930256617],[76.17166308450356,21.085697613052577],[76.17263793945341,21.0846004486084],[76.23487177431545,21.083107930256617]],[[76.38103086290675,21.079602680700877],[76.38275871274973,21.0794749348784],[76.45269012449953,21.114868164056556],[76.38103086290675,21.079602680700877]],[[76.4873733520509,21.196060180664062],[76.46307134339467,21.13917017271895],[76.48737335205107,21.19606018066406],[76.4873733520509,21.196060180664062]],[[75.77416992187506,20.33822250366211],[75.74080789133309,20.41920535914719],[75.73818206787104,20.41580009460455],[75.77416992187506,20.33822250366211]],[[75.74434557731931,20.423793160583937],[75.81510400014952,20.471464151618164],[75.76628112792986,20.452239990234432],[75.74434557731931,20.423793160583937]],[[75.82235302196025,20.474318477036313],[75.89478302001947,20.448570251464844],[75.82618713378912,20.475828170776367],[75.82235302196025,20.474318477036313]],[[75.8814653808435,20.56075089538094],[75.92869524726048,20.553026827386617],[75.8695831298831,20.625240325927678],[75.8814653808435,20.56075089538094]],[[75.93197631835932,20.552490234374943],[75.9518819534161,20.610666038815467],[75.9337997436524,20.6013507843017],[75.93197631835932,20.552490234374943]],[[76.01061536081599,20.641204487593],[76.01770021425769,20.643140214183735],[75.98696899414062,20.760641098022518],[76.01061536081599,20.641204487593]],[[76.09862518310558,20.353021621704045],[76.17418861249422,20.282706970765187],[76.17759704589872,20.29818344116211],[76.09862518310558,20.353021621704045]],[[76.12570136974765,19.858591964897943],[76.14009857177751,19.84537124633789],[76.25950277359223,19.867829365213563],[76.12570136974765,19.858591964897943]],[[76.30514370470422,19.876413731935433],[76.33904266357439,19.88278961181652],[76.3675384521485,19.926588058471793],[76.30514370470422,19.876413731935433]],[[75.91092035823209,19.388718413372924],[75.91066741943376,19.389741897583065],[75.7730865478515,19.395780563354606],[75.91092035823209,19.388718413372924]],[[75.93885803222656,19.292821884155217],[76.01982879638678,19.339820861816406],[75.93816530762935,19.296100147657864],[75.93885803222656,19.292821884155217]],[[75.70398712158214,20.619388580322266],[75.73240229195966,20.617585264783376],[75.70536143236284,20.641391908428204],[75.70398712158214,20.619388580322266]],[[75.68732950748281,20.657267128974052],[75.67037963867193,20.672189712524414],[75.66576304131482,20.650625590019327],[75.68732950748281,20.657267128974052]],[[76.36386726894993,20.975983086976104],[76.31570860971765,20.966907845630143],[76.34600830078136,20.951700210571403],[76.36386726894993,20.975983086976104]],[[76.3827514623398,21.077834779645677],[76.38241269051242,21.001199335497528],[76.39338684082048,21.016120910644645],[76.3827514623398,21.077834779645677]],[[75.60894607069903,22.346388910778064],[75.65232849121122,22.33562278747553],[75.82704162597685,22.40829086303711],[75.60894607069903,22.346388910778064]],[[75.96138708264466,22.4346517873408],[75.97517432158908,22.437811772052843],[75.96850585937506,22.4407196044923],[75.96138708264466,22.4346517873408]],[[76.05269721875521,22.45557973639042],[76.0557098388673,22.456270217895508],[76.05528629301334,22.457517866741995],[76.05269721875521,22.45557973639042]],[[76.10540771484392,22.56298255920433],[76.06310272216803,22.587560653686637],[76.10502624511736,22.561939239502067],[76.03002166748047,22.531940460205305],[76.09085083007807,22.530530929565543],[76.10418701171903,22.473840713500977],[76.10540771484392,22.56298255920433]],[[76.10436225085883,22.590503830778452],[76.08220672607428,22.6059894561767],[76.06310272216803,22.587560653686637],[76.10436225085883,22.590503830778452]],[[76.19848724041192,22.31167583062562],[76.22696741124656,22.328404540809185],[76.21393170932447,22.345519083873448],[76.19848724041192,22.31167583062562]],[[76.29707730520573,22.308393188000423],[76.32083892822294,22.301610946655387],[76.4465713500976,22.35029029846197],[76.29707730520573,22.308393188000423]],[[76.47602369154953,22.403272499660357],[76.44441986083996,22.388660430908203],[76.4465713500976,22.35029029846197],[76.47602369154953,22.403272499660357]],[[76.48749049574158,22.408574190229494],[76.60349273681652,22.411279678344727],[76.50850677490246,22.41829109191889],[76.48749049574158,22.408574190229494]],[[76.00881195068371,21.479330062866268],[75.94831848144658,21.483280181884748],[76.00737210787145,21.47068972897031],[76.00881195068371,21.479330062866268]],[[75.94874749477152,21.488298556254094],[75.94831848144543,21.483280181884993],[75.94831848144544,21.48328018188499],[75.94874749477152,21.488298556254094]],[[76.17737579345709,21.543230056762695],[76.12784576416044,21.59608078002924],[76.12784576416031,21.596080780029187],[76.17737579345709,21.543230056762695]],[[76.28958892822277,21.596099853515682],[76.28958892822344,21.596099853515636],[76.17737579345709,21.543230056762695],[76.28958892822277,21.596099853515682]],[[76.63817499004024,21.57220573731461],[76.41786193847662,21.60007286071783],[76.39531053556553,21.588853079626787],[76.63817499004024,21.57220573731461]],[[76.16636657714872,22.262601852416992],[76.17209943174306,22.27136051281981],[76.0232009887697,22.217002868652457],[76.16636657714872,22.262601852416992]],[[76.16382195389023,22.113064186308385],[76.15520578823374,22.06533042008903],[76.1591873168947,22.066020965576286],[76.16382195389023,22.113064186308385]],[[76.18322753906267,22.124702453613224],[76.17221153638901,22.11809573793794],[76.19805274150306,22.110918843657824],[76.18322753906267,22.124702453613224]],[[76.23374938964861,22.077730178833065],[76.21950927051176,22.090969812402307],[76.19579230207437,22.05583950968133],[76.23374938964861,22.077730178833065]],[[76.17022705078142,21.888099670410213],[76.16276719267796,22.00692170243498],[76.14575958251982,21.98172950744629],[76.17022705078142,21.888099670410213]],[[75.64173889160156,23.009290695190373],[75.6254425048831,23.090749740600586],[75.60914509884887,23.09037428298401],[75.64173889160156,23.009290695190373]],[[75.90072513776727,23.000318697270625],[75.93012786923116,23.0270646448214],[75.88443292187127,23.024248380138044],[75.90072513776727,23.000318697270625]],[[76.23081824613396,22.63595001793648],[76.24389648437506,22.646839141845646],[76.22829941588334,22.653188561755115],[76.23081824613396,22.63595001793648]],[[76.13368909465338,22.592595810439153],[76.14315795898455,22.593271255493164],[76.14380561318963,22.596833028493602],[76.13368909465338,22.592595810439153]],[[75.60312981639926,23.090235703653846],[75.56682586669928,23.089399337768498],[75.47572326660185,23.006580352783146],[75.60312981639926,23.090235703653846]],[[76.08635707996623,23.0636200224334],[76.06602800971945,23.074162187344612],[76.0754470825197,23.052640914916992],[76.08635707996623,23.0636200224334]],[[76.04934692382818,23.182937622070312],[76.09433031917267,23.07164376862864],[76.10646057128935,23.083850860595703],[76.04934692382818,23.182937622070312]],[[76.13829803466808,23.196020126342717],[76.13237973045433,23.196708620900147],[76.04934692382818,23.182937622070312],[76.13829803466808,23.196020126342717]],[[76.04709625244146,23.213529586792106],[76.05206161943009,23.212663696551676],[76.05993565477128,23.224434856195035],[76.04709625244146,23.213529586792106]],[[75.93221282959001,23.13834953308111],[75.99040985107428,23.081899642944393],[75.93280706506299,23.14567861347421],[75.93221282959001,23.13834953308111]],[[75.9472198486331,23.323440551757926],[75.94550802341399,23.302327533063796],[75.9551920862723,23.304926305737926],[75.9472198486331,23.323440551757926]],[[75.73921927642564,25.085371480428712],[75.71867974491792,25.062688768476235],[75.7399063110351,25.076271057128963],[75.73921927642564,25.085371480428712]],[[75.72370910644531,25.12792015075695],[75.736704995281,25.118675512563588],[75.73438355882284,25.14942513440532],[75.72370910644531,25.12792015075695]],[[76.17794799804693,25.715282440185604],[76.25621032714872,25.673831939697266],[76.17110496669574,25.730147593582036],[76.17794799804693,25.715282440185604]],[[76.21726226806652,25.866870880126953],[76.35930633544928,25.743209838867188],[76.31939697265642,25.82694053649908],[76.21726226806652,25.866870880126953]],[[75.77706146240263,23.853870391845703],[75.93180847167986,23.901939392089957],[75.96257090861995,23.927667932273874],[75.77706146240263,23.853870391845703]],[[75.97496099179507,23.938030529797405],[75.98092651367193,23.943019866943416],[75.96018218994169,24.025369644165096],[75.97496099179507,23.938030529797405]],[[75.83569449681437,24.60766845332868],[75.83544158935575,24.597562789916992],[75.84573779569932,24.600107359869426],[75.83569449681437,24.60766845332868]],[[75.92087652350442,24.54389426067916],[75.92100977321624,24.543714267798617],[75.92105860119074,24.54393698529929],[75.92087652350442,24.54389426067916]],[[75.91915893029787,24.53527207634673],[75.892562866211,24.521530151367188],[75.89862060546892,24.441591262817496],[75.91915893029787,24.53527207634673]],[[75.7283938331299,24.406923546827354],[75.72688293457043,24.40527915954584],[75.72927350496595,24.401481231340405],[75.7283938331299,24.406923546827354]],[[75.77845538096427,24.323345387945007],[75.82688140869135,24.246410369873047],[75.81120300292997,24.303449630737305],[75.77845538096427,24.323345387945007]],[[75.5493753214348,24.715323975834],[75.60260200936916,24.700120084391482],[75.58190155029303,24.722700119018555],[75.5493753214348,24.715323975834]],[[75.62512838748407,24.693685556511888],[75.63400268554716,24.691150665283146],[75.78618621826178,24.765529632568303],[75.62512838748407,24.693685556511888]],[[76.21585653100058,24.788745501560015],[76.20075225830095,24.764060974121207],[76.18966674804688,24.62754058837885],[76.21585653100058,24.788745501560015]],[[76.25720729304369,24.846707892824735],[76.25411987304682,24.85127830505371],[76.24997464371857,24.844503862541448],[76.25720729304369,24.846707892824735]],[[75.71660744007204,24.916763935635057],[75.64493496772899,24.97946886166844],[75.68332672119146,24.931650161743164],[75.71660744007204,24.916763935635057]],[[75.28221893310553,26.567689895629996],[75.17808339510175,26.47888747320647],[75.28745269775419,26.56540107727062],[75.3678588867188,26.48998069763195],[75.3263473510745,26.56188011169445],[75.28221893310553,26.567689895629996]],[[75.95764160156256,26.487541198730582],[76.13539074085236,26.527816601745943],[76.10729217529314,26.540000915527457],[75.95764160156256,26.487541198730582]],[[76.17484283447266,26.490400314330998],[76.16739362888451,26.559731883815665],[76.15295476348015,26.520200356620848],[76.17484283447266,26.490400314330998]],[[76.14808950329308,26.472476973773052],[76.21047957967009,26.467510034471832],[76.17484283447266,26.490400314330998],[76.14808950329308,26.472476973773052]],[[76.32085111290772,26.45555990178427],[76.40055084228527,26.3817195892334],[76.32520294189459,26.456130981445312],[76.32085111290772,26.45555990178427]],[[76.4735034675085,26.500362324770386],[76.47547149658209,26.503562927246207],[76.45234680175798,26.552997589111385],[76.4735034675085,26.500362324770386]],[[75.95266723632818,25.86909103393566],[76.0525426854243,25.82025567167461],[76.05596160888672,25.866859436035213],[75.95266723632818,25.86909103393566]],[[76.05590057373058,25.81290054321289],[76.06326850274887,25.810621549300812],[76.05517493612635,25.814489981963963],[76.05590057373058,25.81290054321289]],[[75.89244574170466,25.859317260223612],[75.88948822021501,25.873220443725586],[75.88131204101808,25.864985190609424],[75.89244574170466,25.859317260223612]],[[76.13891601562494,26.30265998840332],[76.14520582075399,26.4705450564405],[76.13376617431635,26.46288108825695],[76.13891601562494,26.30265998840332]],[[76.18532622270526,26.878881043320142],[76.18398284912126,26.868431091308707],[76.26759338378912,26.871650695800838],[76.18532622270526,26.878881043320142]],[[76.22229932578023,26.994745943095506],[76.19639587402344,26.96499061584484],[76.18902533170737,26.90765599618354],[76.22229932578023,26.994745943095506]],[[75.46098327636724,31.652019500732365],[75.55932617187517,31.779069900512752],[75.39676738529695,31.598941864328488],[75.46098327636724,31.652019500732365]],[[75.56195662895783,31.629593973302274],[75.58436752171527,31.58944506555964],[75.63013032133662,31.614453037904696],[75.56195662895783,31.629593973302274]],[[75.80103719938349,31.41691802756564],[75.65693664550776,31.60849952697754],[75.6334333506275,31.613719456498664],[75.80103719938349,31.41691802756564]],[[75.77793884337812,31.37095784094204],[75.77610773839241,31.36882982274551],[75.77986061564089,31.370572966761063],[75.77793884337812,31.37095784094204]],[[75.89462280273455,31.34758949279785],[75.84069061279303,31.29749107360834],[75.84396727765387,31.29557124607955],[75.89462280273455,31.34758949279785]],[[75.88781738281256,31.282840728759822],[76.0120391845706,31.261100769042912],[75.8489375274227,31.29265913186085],[75.88781738281256,31.282840728759822]],[[76.1697899708912,31.14418696099425],[76.18126678466791,31.135681152343807],[76.18386946767143,31.14186516604401],[76.1697899708912,31.14418696099425]],[[76.50656127929693,30.99822044372553],[76.32806400654748,31.23574908471618],[76.2282485961914,31.247310638427734],[76.32504272460966,31.228410720825195],[76.50656127929693,30.99822044372553]],[[76.28105356494599,31.3050066515488],[76.33666229248058,31.353019714355753],[76.32709955613598,31.375689601780053],[76.29609680175781,31.31920051574707],[76.17282867431669,31.306739807129077],[76.28105356494599,31.3050066515488]],[[76.13994837526485,31.354603407575212],[76.1396102905274,31.353120803833008],[76.17282867431669,31.306739807129077],[76.13994837526485,31.354603407575212]],[[76.15349578857428,31.414012908935547],[75.9218292236331,31.817180633545036],[75.97579193115246,31.695329666137695],[76.15349578857428,31.414012908935547]],[[75.97146606445312,31.81454849243164],[75.96857512987275,31.819113243283997],[75.9218292236331,31.817180633545036],[75.97146606445312,31.81454849243164]],[[76.05160198453473,31.847474136661365],[76.2750091552735,31.688711166381836],[76.06787872314459,31.84595108032238],[76.05160198453473,31.847474136661365]],[[76.29917144775408,31.723819732666072],[76.45761871337919,31.427089691162223],[76.28645324707037,31.7899112701416],[76.2750091552735,31.688711166381836],[76.29917144775408,31.723819732666072]],[[75.6313095092774,30.032909393310547],[75.64534759521501,30.11309814453125],[75.64209733316582,30.114124922845626],[75.6313095092774,30.032909393310547]],[[75.75567626953136,29.921201705932617],[75.63006591796892,29.93783760070795],[75.67235974777383,30.01399053242617],[75.63006591796875,29.93783760070795],[75.75567626953136,29.921201705932617]],[[75.76396179199219,29.837600708007926],[75.76396179199192,29.837600708007624],[75.75567626953136,29.921201705932617],[75.76396179199219,29.837600708007926]],[[75.84123064179595,29.78478582823805],[75.81997680664091,29.81538009643566],[75.78576148956931,29.81397471041101],[75.84123064179595,29.78478582823805]],[[75.93866729736328,29.733512878417912],[75.95395319047282,29.735782906140216],[75.92385869111769,29.741305437804478],[75.93866729736328,29.733512878417912]],[[76.10684094079681,29.84247556615362],[76.08225276453659,29.80722807213149],[76.0916637706428,29.810214805524225],[76.10684094079681,29.84247556615362]],[[76.24201202392584,29.869028091430835],[76.16629028320318,29.9286594390872],[76.23522949218778,29.85980987548828],[76.20716676110933,29.782775343799855],[76.24201202392584,29.869028091430835]],[[76.1911539307546,30.135937211598787],[76.1906127929687,30.134960174560717],[76.25499725341803,30.104579925537053],[76.1911539307546,30.135937211598787]],[[76.20495012474909,30.158442449668282],[76.20387268066412,30.158901214599723],[76.19873002906628,30.14961603582307],[76.20495012474909,30.158442449668282]],[[76.33918090378347,30.14474013368858],[76.32588195800798,30.14924049377447],[76.32289886474615,30.108221054077262],[76.33918090378347,30.14474013368858]],[[76.38436889648466,30.123832702636776],[76.38603261585286,30.12888552547285],[76.3695351335292,30.13446826956553],[76.38436889648466,30.123832702636776]],[[75.83000042506016,28.92724581922427],[75.79663505593477,28.91666035222295],[75.82266235351591,28.9167098999024],[75.83000042506016,28.92724581922427]],[[75.905746459961,29.025659561157454],[75.90075050925834,29.018190530363967],[75.97097778320318,28.99860954284685],[75.905746459961,29.025659561157454]],[[75.97843933105474,29.085689544677734],[75.97773242912132,29.07743964494088],[76.06107330322294,29.030199050903377],[75.97843933105474,29.085689544677734]],[[76.19097029031347,29.054978004729435],[76.18807220458996,29.06072044372587],[76.06107330322294,29.030199050903377],[76.19097029031347,29.054978004729435]],[[76.21880330184094,28.999828024352027],[76.20041295324296,29.036267752166296],[76.21473770311471,28.978497130097722],[76.21880330184094,28.999828024352027]],[[76.3965728515801,28.680623513630813],[76.39158630371105,28.764781951904524],[76.3754998106846,28.77214530860771],[76.3714370727539,28.708160400390625],[76.3965728515801,28.680623513630813]],[[76.44084167480497,28.741041183471793],[76.43224783737135,28.7303391864682],[76.56999206542969,28.73858833313011],[76.44084167480497,28.741041183471793]],[[75.89418127508921,28.42228050207752],[75.77031707763678,28.407619476318303],[75.90559550749963,28.373182221112174],[75.89418127508921,28.42228050207752]],[[75.8970356830133,28.4314921142043],[75.9913558959961,28.44432067871105],[75.89768218994158,28.433578491210994],[75.8970356830133,28.4314921142043]],[[76.01912592779688,28.395032260690943],[76.01949310302763,28.39438056945812],[76.0208410660808,28.395151297265542],[76.01912592779688,28.395032260690943]],[[76.0974565425382,28.438957897190836],[76.12014994056334,28.451933351422795],[76.10836029052763,28.45514106750494],[76.0974565425382,28.438957897190836]],[[76.16270576463403,28.44035480576224],[76.16603088378923,28.43494987487793],[76.17020597759249,28.438314155390643],[76.16270576463403,28.44035480576224]],[[76.2902469153505,28.398694264210516],[76.28411083510953,28.445517357379874],[76.21156311035185,28.471639633178768],[76.2902469153505,28.398694264210516]],[[76.30118572461924,28.388553225934636],[76.32205963134783,28.36920166015625],[76.3883590698245,28.40068817138672],[76.30118572461924,28.388553225934636]],[[76.35112762451178,28.371759414673022],[76.37835800807376,28.352600359435325],[76.3883590698245,28.40068817138672],[76.35112762451178,28.371759414673022]],[[76.01280637448559,28.2501545843033],[76.01872253417997,28.280958175659293],[75.941271959722,28.34409786481021],[76.01280637448559,28.2501545843033]],[[76.08309287041008,28.15785014560335],[76.09288787841803,28.155218124389705],[76.0526151157078,28.197875359602524],[76.08309287041008,28.15785014560335]],[[75.94249725341814,28.105630874633732],[75.94523835358522,28.101435811315312],[76.02774810791033,28.172721862792912],[75.94249725341814,28.105630874633732]],[[75.97740936279314,28.052200317382812],[75.98126452263736,28.053642529093654],[75.96992476997629,28.06365496656214],[75.97740936279314,28.052200317382812]],[[76.34411621093778,28.615989685058537],[76.30181831220793,28.495823430737698],[76.32003784179693,28.50098991394043],[76.34411621093778,28.615989685058537]],[[76.16638946533197,29.681838989257812],[76.25711059570318,29.541570663452262],[76.26039104074692,29.543427410296534],[76.16638946533197,29.681838989257812]],[[76.2915878295899,29.09107017517084],[76.23036193847662,29.06047248840332],[76.39019910476944,29.075560706464547],[76.2915878295899,29.09107017517084]],[[76.0167659778038,29.434074209259247],[75.92575836181646,29.50692939758312],[76.01380157470697,29.434539794922102],[76.0167659778038,29.434074209259247]],[[76.28823852539091,29.201730728149528],[76.28438006758917,29.203022229479583],[76.28865758444687,29.187885074214154],[76.28823852539091,29.201730728149528]],[[75.32581976292938,29.66787560664793],[75.31772613525396,29.6707000732423],[75.31392548001145,29.6526934817174],[75.32581976292938,29.66787560664793]],[[75.39545509254442,29.756759676506444],[75.33535003662104,29.693849563598746],[75.3392225693825,29.684983244274765],[75.39545509254442,29.756759676506444]],[[75.56878662109403,29.74262046813959],[75.65638732910156,29.776060104370117],[75.56878662109396,29.74262046813963],[75.56878662109403,29.74262046813959]],[[75.6874313354495,29.75177955627464],[75.68743133544952,29.751779556274677],[75.68743133544949,29.75177955627465],[75.6874313354495,29.75177955627464]],[[75.67929095382725,30.99693933218774],[75.43408047272763,30.982837685557627],[75.58988189697271,30.970569610595874],[75.67929095382725,30.99693933218774]],[[75.87687837157067,31.16094525758595],[75.93943786621111,31.01189994812023],[75.9023426514937,31.00976666406456],[75.97785928668817,31.00630440519087],[75.87687837157067,31.16094525758595]],[[76.29903464398024,30.995460562216575],[76.23341313344076,30.99458786655873],[76.29935251197105,30.991564702220778],[76.29903464398024,30.995460562216575]],[[76.36313629150396,31.44135093688982],[76.43113708496094,31.282840728759822],[76.39001385189061,31.412436880445455],[76.36313629150396,31.44135093688982]],[[76.08864593505865,30.562929153442383],[76.01563262939459,30.617639541625977],[76.07363576479891,30.52359137048826],[76.16123962402338,30.68090057373047],[76.08864593505865,30.562929153442383]],[[76.30792236328125,30.434320449829045],[76.37429046630854,30.414630889892805],[76.44075073725577,30.43421984163009],[76.30792236328125,30.434320449829045]],[[76.46791186030289,30.442225495548094],[76.47718811035162,30.44495964050293],[76.48842620849611,30.56473159790023],[76.46791186030289,30.442225495548094]],[[76.5688781738283,30.574808120727766],[76.56746502730992,30.62527501365681],[76.54457855224621,30.60081291198736],[76.5688781738283,30.574808120727766]],[[76.5670893388522,30.63869176055747],[76.56652901339451,30.65870234297823],[76.5218742064693,30.640314972888444],[76.5670893388522,30.63869176055747]],[[76.62177276611334,30.681449890136832],[76.6168060302735,30.629791259765625],[76.64526097842361,30.603779069669173],[76.62177276611334,30.681449890136832]],[[76.66693536800545,30.5839653508371],[76.67903900146513,30.572900772094954],[76.68777277698685,30.58034452660074],[76.66693536800545,30.5839653508371]],[[75.75802612304682,30.674470901489258],[75.88256835937494,30.66253089904808],[75.82382965087885,30.690170288085994],[75.75802612304682,30.674470901489258]],[[76.03874206542997,30.191690444946403],[76.05130642706276,30.174973980606023],[76.05158708117429,30.19974440455602],[76.03874206542997,30.191690444946403]],[[76.11248394867678,29.853444229391016],[76.11477661132818,29.857900619506893],[76.05694580078142,29.8462295532226],[76.11248394867678,29.853444229391016]],[[76.2366790771485,30.773139953613338],[76.35035550991375,30.895950127720244],[76.33558654785156,30.915330886841105],[76.30949348037241,30.882624992369614],[76.2366790771485,30.773139953613338]],[[76.31546020507818,30.852569580078125],[76.3617172241211,30.881040573120174],[76.3506763687075,30.895529076669597],[76.31546020507818,30.852569580078125]],[[76.31546020507818,30.852569580078125],[76.39726257324224,30.76172065734869],[76.3972625732453,30.761720657348857],[76.37918853759777,30.83383941650419],[76.31546020507818,30.852569580078125]],[[76.50888873929541,30.727022408878447],[76.52745056152338,30.76162147521967],[76.51839161554143,30.76162837666705],[76.50888873929541,30.727022408878447]],[[76.51976835718747,30.640390572369],[76.55795288085966,30.6776504516601],[76.50513196757326,30.71334163288599],[76.55795288085949,30.6776504516601],[76.51976835718747,30.640390572369]],[[75.19193730092948,31.184989475490667],[75.25737762451189,31.149169921875],[75.19986724853521,31.18609046936041],[75.19193730092948,31.184989475490667]],[[75.8585804925764,31.249575105053246],[75.82861328125,31.28545951843273],[75.85659027099638,31.247310638427734],[75.8585804925764,31.249575105053246]],[[75.77165985107428,31.206369400024528],[75.76864406735558,31.186493439651358],[75.84424591064453,31.23681068420416],[75.77165985107428,31.206369400024528]],[[75.75840759277338,31.162630081176815],[75.76047020413971,31.167438458712773],[75.73405223921459,31.167629194575095],[75.75840759277338,31.162630081176815]],[[75.68338012695318,31.1780300140382],[75.69347706158317,31.17595754479367],[75.69225311279314,31.241821289062784],[75.68338012695318,31.1780300140382]],[[75.6872863769533,31.34878158569336],[75.70070455060035,31.333806397557026],[75.71375985580478,31.339870352126177],[75.6872863769533,31.34878158569336]],[[75.63881683349604,32.75645065307623],[75.75798797607433,32.777969360351676],[75.76399186167836,32.7926304814119],[75.63881683349604,32.75645065307623]],[[75.87122964560265,32.545750510223336],[75.92362213134783,32.64369964599621],[75.91248321533232,32.757122039795036],[75.79615765129546,32.89049557053793],[75.91248321533214,32.757122039795036],[75.90458679199224,32.615219116210994],[75.66133007587179,32.399083284724135],[75.87122964560265,32.545750510223336]],[[75.88604214031517,32.46910097794945],[75.9321670532226,32.41682052612316],[75.89746538651119,32.39640680017298],[75.9560489792355,32.39172114143965],[75.88604214031517,32.46910097794945]],[[76.00403594970732,32.338680267333984],[75.96164450830632,32.385536301053165],[76.01550292968778,32.271369934082145],[76.00403594970732,32.338680267333984]],[[76.10704040527372,32.22951126098644],[76.16610717773443,32.2285995483399],[76.01550292968778,32.271369934082145],[76.10704040527372,32.22951126098644]],[[76.68161787098286,32.191529945836336],[76.61954615193054,32.19408544227222],[76.65754699707031,32.18111038208002],[76.68161787098286,32.191529945836336]],[[75.87328740147404,31.958678740572797],[75.86617279052729,31.968820571899414],[75.57951253666913,32.08136528763112],[75.87328740147404,31.958678740572797]],[[75.6618270874024,32.16466903686535],[75.64559061978215,32.172668191338346],[75.65215486981039,32.155006146815985],[75.6618270874024,32.16466903686535]],[[75.73639678955084,32.27376174926769],[75.82049382708801,32.35112723671313],[75.62254333496105,32.23468017578125],[75.73639678955084,32.27376174926769]],[[76.49041748046886,33.52577209472662],[76.51660980650566,33.53118906054412],[76.4086010488475,33.588588124205636],[76.49041748046886,33.52577209472662]],[[75.90007871820457,32.90928298341703],[75.86711883544916,32.93021011352545],[75.83235247865154,32.916030469945255],[75.90007871820457,32.90928298341703]],[[75.96350636401789,32.90296376078681],[76.09368896484403,33.00482940673828],[76.23728942871105,33.032588958740234],[76.09368896484386,33.00482940673828],[75.96350636401789,32.90296376078681]],[[76.47473263399031,33.195502092610596],[76.39167785644531,33.186691284179744],[76.38841095204668,33.18343043378955],[76.47473263399031,33.195502092610596]],[[75.18018641453718,33.387930552204075],[75.17706164046537,33.4251052135801],[75.17131042480497,33.39643859863281],[75.18018641453718,33.387930552204075]],[[75.4594116210938,33.05724334716808],[75.23269653320618,33.130260467528345],[75.56414407189109,32.99660765179541],[75.4594116210938,33.05724334716808]],[[76.76854705810547,8.85227108001709],[76.77599334716797,8.80070972442627],[76.78462478206079,8.841566159877427],[76.76854705810547,8.85227108001709]],[[77.17940733200743,8.766241739684414],[77.02748870849615,8.836420059204215],[77.17738419801037,8.763832815434624],[77.17940733200743,8.766241739684414]],[[77.2402122681944,8.853032244720167],[77.22659064823351,8.822422415214543],[77.24562072753923,8.845081329345646],[77.2402122681944,8.853032244720167]],[[77.26760864257818,9.262399673461914],[77.25177764892584,9.1430406570434],[77.30086885773454,9.322945338865505],[77.26760864257818,9.262399673461914]],[[77.34451061982008,9.402389188294409],[77.34451061982008,9.402389188294407],[77.4172973632813,9.381710052490291],[77.34451061982008,9.402389188294409]],[[77.69470977783232,9.279390335083008],[77.58695220947294,9.2899427413941],[77.71880075474172,9.258327625410777],[77.69470977783232,9.279390335083008]],[[77.77929687500017,9.262219429016227],[77.76982620334566,9.24609256075818],[77.82423893697505,9.233045280781324],[77.77929687500017,9.262219429016227]],[[77.83757898331639,9.224385587115282],[77.82967031454486,9.229519500979992],[77.82393646240234,9.15647029876709],[77.83757898331639,9.224385587115282]],[[78.02228944797645,9.283921179716607],[77.90026755418674,9.193068357343797],[77.90318298339872,9.190971374511662],[78.02228944797645,9.283921179716607]],[[78.03301462476826,9.292291028465968],[78.04145050048857,9.349810600280762],[78.15148925781256,9.356582641601562],[78.0414505004884,9.349810600280762],[78.03301462476826,9.292291028465968]],[[78.19584655761736,9.29121017456049],[78.20249193638809,9.289608872932043],[78.15148925781256,9.356582641601562],[78.19584655761736,9.29121017456049]],[[77.55687713623064,8.239801406860465],[77.51200866699249,8.309499740600845],[77.51200866699247,8.3094997406007],[77.55687713623064,8.239801406860465]],[[77.247543334961,8.501379966735897],[77.24909189199718,8.528446711617368],[77.18649291992205,8.493371009826717],[77.247543334961,8.501379966735897]],[[77.21805477043924,8.618383152100535],[77.25099897233409,8.561779973319313],[77.26346932800331,8.565682466064061],[77.21805477043924,8.618383152100535]],[[77.4582595825197,8.386921882629508],[77.46693268594485,8.385746079736037],[77.42276000976557,8.49490070343029],[77.4582595825197,8.386921882629508]],[[77.17735358928891,8.688314007934055],[77.1635656297109,8.719129744178492],[77.1617279052735,8.715161323547477],[77.17735358928891,8.688314007934055]],[[77.669662475586,8.997930526733398],[77.69139027002647,8.96923345160989],[77.71301269531278,8.97361946105957],[77.669662475586,8.997930526733398]],[[77.6675067275294,8.955977678868912],[77.6631164550783,8.956170082092399],[77.66867911096115,8.9507948543453],[77.6675067275294,8.955977678868912]],[[77.83393096923857,8.791110992431584],[77.70245969711301,8.9181524713145],[77.8339309692384,8.791110992431584],[77.7632827758789,8.571819305419922],[77.83393096923857,8.791110992431584]],[[77.32550212449182,12.286196637531953],[77.31327819824213,12.298590660095158],[77.15701293945324,12.300910949706974],[77.32550212449182,12.286196637531953]],[[77.47639361376467,12.207416906163326],[77.46295166015636,12.235771179199276],[77.42038726806646,12.277910232543945],[77.47639361376467,12.207416906163326]],[[77.70708494148761,12.66286947534204],[77.73140716552751,12.66397953033453],[77.76035123890593,12.71621767980032],[77.70708494148761,12.66286947534204]],[[77.79312554802415,12.775368623621272],[77.79949188232439,12.786858558654842],[77.79820245949942,12.793550820483032],[77.79312554802415,12.775368623621272]],[[77.75760650634771,12.928798675537166],[77.81248578717165,12.84470441590076],[77.92320060628526,12.873271587880074],[77.92428588867193,12.877840042114485],[77.8588485717774,12.857620239257926],[77.75760650634771,12.928798675537166]],[[77.99280536369342,12.803799215676364],[78.00148010253923,12.795439720153922],[78.00627113587245,12.813430906833089],[77.99280536369342,12.803799215676364]],[[77.27549775576416,10.209201359480346],[77.28103334189265,10.233558758374013],[77.24652862548828,10.220609664917049],[77.27549775576416,10.209201359480346]],[[77.68762207031256,10.20355033874506],[77.53273773193365,10.193129539489746],[77.55348205566412,10.169640541076774],[77.68762207031256,10.20355033874506]],[[77.69269085720263,10.005484793932792],[77.90413665771513,10.063420295715389],[77.69521331787115,10.009981155395565],[77.69269085720263,10.005484793932792]],[[77.44801330566412,9.569339752197266],[77.60240173339872,9.796991348266545],[77.66275192598602,9.952117755056983],[77.44801330566412,9.569339752197266]],[[77.46243552994254,9.543156244061423],[77.49385927217368,9.604428270592283],[77.44801330566412,9.569339752197266],[77.46243552994254,9.543156244061423]],[[77.75918579101591,9.630001068115234],[77.84764191476279,9.625275996638319],[77.7517184865768,9.65455426598196],[77.75918579101591,9.630001068115234]],[[77.95783996582037,9.619389533996639],[77.97697092776991,9.632756424019167],[77.92109622934791,9.621352278618572],[77.95783996582037,9.619389533996639]],[[78.12823750888866,9.789010837275217],[78.12267303466803,9.749370574951172],[78.04595184326172,9.729731559753418],[78.14938732716742,9.738149920738717],[78.12823750888866,9.789010837275217]],[[78.27754211425787,9.698390960693473],[78.28830046640317,9.690054233098321],[78.27760455702257,9.700229851330391],[78.27754211425787,9.698390960693473]],[[76.91471862792974,9.163640022277775],[76.93196928072474,9.110781994778186],[76.93756103515642,9.110951423645133],[76.91471862792974,9.163640022277775]],[[76.64675384438513,9.471416062292288],[76.82100006113438,9.436027511311467],[76.64877319335938,9.473340034484977],[76.64675384438513,9.471416062292288]],[[77.00660705566423,9.398331642150822],[77.05233001709013,9.407999992370662],[76.92535370763136,9.414833798139446],[77.00660705566423,9.398331642150822]],[[77.03989075898305,9.44958896820576],[77.03536224365263,9.447959899902344],[77.05233001709013,9.407999992370662],[77.03989075898305,9.44958896820576]],[[77.05530450462825,9.455133841665463],[77.20852661132841,9.423822402954329],[77.12626647949224,9.480661392212141],[77.05530450462825,9.455133841665463]],[[77.36542657367032,9.440463817020053],[77.37858581542974,9.450750350952148],[77.38077074174232,9.468395773010629],[77.36542657367032,9.440463817020053]],[[77.3851495843837,9.503759220322266],[77.38646081273274,9.514348674758638],[77.37513721571003,9.510279257078588],[77.3851495843837,9.503759220322266]],[[77.43333746101594,9.531194970235465],[77.46064758300787,9.539669990539778],[77.46148981122276,9.541312221091072],[77.43333746101594,9.531194970235465]],[[76.96665115104882,9.472031413629658],[76.97041320800787,9.476619720458984],[76.87538909912126,9.528850555420036],[76.96665115104882,9.472031413629658]],[[77.26142120361345,9.963721275329817],[77.1980515590719,10.098892786325253],[77.18814086914091,10.095651626587028],[77.26142120361345,9.963721275329817]],[[77.15660776093962,9.604135619781445],[77.23398590087908,9.788519859313908],[77.15187072753935,9.606019973754996],[77.15660776093962,9.604135619781445]],[[77.36873103520783,9.514450950481347],[77.3408966064456,9.595050811767521],[77.3505477905274,9.526291847229118],[77.36873103520783,9.514450950481347]],[[78.34825134277361,10.28092002868658],[78.32059128271281,10.30662505832429],[78.3188566901092,10.287562562844801],[78.4069595336914,10.256171226501579],[78.36396026611334,10.297050476074162],[78.42993927001959,10.394830703735408],[78.34825134277361,10.28092002868658]],[[77.1985121410049,11.2923114150406],[77.19281438395845,11.292317059243343],[77.19043731689447,11.288100242614746],[77.1985121410049,11.2923114150406]],[[77.48940277099615,11.00783920288086],[77.48844832440318,11.009782237097864],[77.48562589137765,11.00288321652574],[77.48940277099615,11.00783920288086]],[[77.40923309326172,10.902641296386662],[77.42622900857432,10.92494317859906],[77.27733612060553,10.844610214233342],[77.40923309326172,10.902641296386662]],[[77.2647323608399,10.79242038726801],[77.26522781620623,10.791168396851306],[77.27733612060553,10.844610214233342],[77.2647323608399,10.79242038726801]],[[77.34137532942748,10.658487387105822],[77.27747715138639,10.760214952205178],[77.30896759033209,10.68064022064209],[77.34137532942748,10.658487387105822]],[[77.72259558747021,10.63066506028417],[77.7083667486826,10.623192521324144],[77.70948791503923,10.619771003723145],[77.72259558747021,10.63066506028417]],[[77.79477691650396,10.668572425842399],[77.81643676757807,10.621051788330078],[77.81027221679699,10.739850997924918],[77.79477691650396,10.668572425842399]],[[77.76226043701166,10.778690338134822],[77.76394358782939,10.777328745885454],[77.76573065349797,10.778666618446808],[77.76226043701166,10.778690338134822]],[[77.87625122070318,10.777911186218375],[77.81866425896398,10.778304805686094],[77.85424041748064,10.76025199890148],[77.87625122070318,10.777911186218375]],[[77.76133728027361,10.856060028076172],[77.84681701660173,10.83525180816656],[77.76058702212119,10.859583748860313],[77.76133728027361,10.856060028076172]],[[77.73728179931635,10.969040870666447],[77.75861066958578,10.868866039873383],[77.76266063218343,11.035418159999734],[77.73728179931635,10.969040870666447]],[[77.76896667480486,11.051911354065169],[77.7656054290219,11.043120154524024],[77.83736587396695,11.018438858357952],[77.76896667480486,11.051911354065169]],[[77.95026356764744,11.065682862103108],[77.91847991943354,11.056831359863338],[77.85480638635278,11.012440366405839],[77.95026356764744,11.065682862103108]],[[78.07559967041044,11.065581321716365],[78.04790315615335,11.065603759902228],[78.0829487375934,11.05940566655952],[78.07559967041044,11.065581321716365]],[[78.18435668945307,10.947770118713606],[78.15399932861357,10.999699592590332],[78.10968388010005,11.03693927503259],[78.18435668945307,10.947770118713606]],[[78.37792205810575,10.949350357055721],[78.45384979248075,10.873240470886458],[78.49672378731222,10.867951515181199],[78.37792205810575,10.949350357055721]],[[78.55139923095703,10.724391937255803],[78.53024291992193,10.784998893737907],[78.54800431457986,10.721563630525376],[78.55139923095703,10.724391937255803]],[[78.49813842773438,10.680020332336426],[78.54231984907258,10.716827899135593],[78.40036010742193,10.660539627075252],[78.49813842773438,10.680020332336426]],[[78.24262237548834,10.5626096725465],[78.16162243745134,10.543815332436964],[78.1560668945313,10.49043178558344],[78.24262237548834,10.5626096725465]],[[78.19207000732428,10.460479736328239],[78.29881286621094,10.42647933959961],[78.1560668945313,10.49043178558344],[78.19207000732428,10.460479736328239]],[[78.26187133789068,10.369199752807845],[78.26788406420599,10.363588319184638],[78.29881286621094,10.42647933959961],[78.26187133789068,10.369199752807845]],[[77.9367065429688,10.129321098327637],[78.07813215698395,10.169847489091389],[78.01428222656267,10.168210029602164],[77.9367065429688,10.129321098327637]],[[78.11015739673054,10.170668790420486],[78.13687041069119,10.133695180420297],[78.12509918212908,10.171051979064941],[78.11015739673054,10.170668790420486]],[[78.17650589098712,10.078835523146486],[78.19523620605463,10.052910804748649],[78.24282836914068,10.073810577392578],[78.17650589098712,10.078835523146486]],[[78.18650817871111,9.863120079040527],[78.15561071497622,9.85494770753436],[78.24230957031278,9.822251319885481],[78.18650817871111,9.863120079040527]],[[78.10948944091803,9.84274864196783],[78.11489868164091,9.801469802856502],[78.13340639134177,9.849074669431912],[78.10948944091803,9.84274864196783]],[[78.12908935546892,9.795079231262264],[78.12861507856911,9.791700572295214],[78.15934753417997,9.759221076965389],[78.12908935546892,9.795079231262264]],[[77.33629608154308,10.266490936279297],[77.30715942382841,10.424840927124023],[77.33189010802246,10.264448138127698],[77.33629608154308,10.266490936279297]],[[78.15821827049638,10.819229688608472],[78.15834045410162,10.822699546813908],[78.08318328857428,10.753431320190373],[78.15821827049638,10.819229688608472]],[[78.41387939453125,11.371910095214844],[78.4724731445313,11.388031005859489],[78.5563978031588,11.309978210615546],[78.47229766845709,11.397020339965934],[78.41387939453125,11.371910095214844]],[[76.82890134492006,11.640745473674414],[76.89968872070318,11.783271789550781],[76.82847595214861,11.644109725952262],[76.82890134492006,11.640745473674414]],[[77.64675903320318,11.938711166381836],[77.65886763732975,11.90966236653549],[77.48439788818376,11.932399749755916],[77.64675903320318,11.938711166381836]],[[77.68696756312397,11.44856293484147],[77.72675323486357,11.43110179901123],[77.74289720652716,11.451002915004702],[77.68696756312397,11.44856293484147]],[[77.78091266781135,11.452661373127901],[77.86068725585932,11.398370742797965],[77.81761932373064,11.454262733459416],[77.78091266781135,11.452661373127901]],[[78.1829223632813,11.03224182128929],[78.16642320642801,11.032125282695954],[78.17598964731546,11.023240646439774],[78.1829223632813,11.03224182128929]],[[78.21343231201178,11.040911674499569],[78.1557159423831,11.042069435119743],[78.16441284866882,11.033992361335269],[78.21343231201178,11.040911674499569]],[[77.87815279370928,11.07058005788822],[77.84909057617205,11.234070777893294],[77.875541687012,11.071470260620174],[77.87815279370928,11.07058005788822]],[[78.39863131315357,11.858268483121956],[78.39301300048857,11.861261367797965],[78.3161087036134,11.760792732238826],[78.39863131315357,11.858268483121956]],[[77.71951293945341,12.171520233154297],[77.49064490472409,12.189479279767173],[77.49246215820318,12.1871919631958],[77.71951293945341,12.171520233154297]],[[77.76647126492517,12.108254798203454],[77.76700592041044,12.109140396118164],[77.71951293945341,12.171520233154297],[77.76647126492517,12.108254798203454]],[[76.70239257812517,17.640279769897575],[76.71235509503322,17.64390782219406],[76.69991026723618,17.643893624342233],[76.70239257812517,17.640279769897575]],[[76.93756103515642,17.605670928955192],[76.89936065673857,17.644121170044173],[76.82635429508652,17.644037879739003],[76.93756103515642,17.605670928955192]],[[77.08603668212896,17.657640457153377],[76.99278259277355,17.693321228027457],[76.99166029934447,17.69153987018552],[77.08603668212896,17.657640457153377]],[[77.18788146972662,17.613279342651367],[77.13208770751953,17.67793083190918],[77.12303203799534,17.673940846306206],[77.18788146972662,17.613279342651367]],[[77.50161743164068,17.54088020324707],[77.43992614746088,17.581470489502067],[77.36545208585251,17.59086935683951],[77.50161743164068,17.54088020324707]],[[77.45159912109392,17.37049102783203],[77.52081298828125,17.362051010131836],[77.51919820207334,17.371923383321537],[77.45159912109392,17.37049102783203]],[[77.73705291748075,17.176980972290096],[77.73570804652888,17.202052796446623],[77.72209862758929,17.195627726874417],[77.73705291748075,17.176980972290096]],[[77.7886581420899,17.22705078125],[77.77891653011272,17.222451721218363],[77.73326873779291,16.87677192687994],[77.7886581420899,17.22705078125]],[[77.99031638497617,16.894536002408334],[77.96462249755888,16.884969711303825],[77.97251129150408,16.84551048278803],[77.99031638497617,16.894536002408334]],[[78.00894927978516,16.945840835571516],[77.99777496066872,16.95716188094163],[78.00337223651725,16.930484699161322],[78.00894927978516,16.945840835571516]],[[77.9310184379495,17.07214038122023],[77.91796112060564,17.058378219604492],[77.93130454452249,17.0451721544633],[77.9310184379495,17.07214038122023]],[[78.04026986000665,17.17562880114188],[78.02279663085966,17.16887283325201],[77.98079636867183,17.12460536383928],[78.04026986000665,17.17562880114188]],[[78.09713745117199,17.097249984741325],[78.08036041259777,17.191129684448242],[78.06584510856483,17.1855173887968],[78.09713745117199,17.097249984741325]],[[78.28028638686114,17.216244898317928],[78.276870727539,17.224002838134822],[78.16800689697283,17.16686058044445],[78.28028638686114,17.216244898317928]],[[77.03584289550787,13.925591468811149],[76.93109893798845,14.022731781005973],[77.0279451158538,13.912571097798136],[77.03584289550787,13.925591468811149]],[[76.99815980638678,13.74541580536834],[76.96839141845732,13.814390182495117],[76.99392700195324,13.741510391235408],[76.99815980638678,13.74541580536834]],[[77.4574508666995,13.797050476074219],[77.45593288175323,13.797118957490481],[77.45669642054438,13.79100203660144],[77.4574508666995,13.797050476074219]],[[77.45268591414347,13.691248092866555],[77.44793772559365,13.674580558230877],[77.47365279135873,13.67922471769165],[77.45268591414347,13.691248092866555]],[[77.48734283447271,13.706791877746582],[77.477338002439,13.679890269475951],[77.52152252197294,13.687870025634766],[77.48734283447271,13.706791877746582]],[[77.64908599853521,13.77583980560297],[77.64570397401647,13.769955439772234],[77.65378876929478,13.772442474693321],[77.64908599853521,13.77583980560297]],[[77.96643066406256,13.950551986694336],[77.91160583496088,13.89724063873291],[77.96271503940946,13.928347107591378],[77.96643066406256,13.950551986694336]],[[78.1060409545899,13.853541374206657],[78.04115295410173,13.886729240417594],[78.10743946266926,13.84474993934366],[78.1060409545899,13.853541374206657]],[[77.07141675582577,12.739082143822511],[77.07280731374061,12.738557784196542],[77.07299695084068,12.73989749730945],[77.07141675582577,12.739082143822511]],[[77.13908930434808,12.781705654489015],[77.14383697509771,12.784152030944824],[77.1038894653322,12.883130073547477],[77.13908930434808,12.781705654489015]],[[77.33203125,13.321890830993596],[77.3793563842774,13.492400169372502],[77.37911538246776,13.493430071579564],[77.33203125,13.321890830993596]],[[77.8010864257813,13.231899261474837],[77.84069061279314,13.21147155761713],[77.86670163834415,13.232935489775395],[77.8010864257813,13.231899261474837]],[[77.83300213661992,12.913510777892737],[77.83165740966825,12.910202026367244],[77.83749367194466,12.89891596587082],[77.83300213661992,12.913510777892737]],[[77.573111479073,13.199109929631819],[77.55082702636724,13.223281860351676],[77.47146606445318,13.212921142578352],[77.573111479073,13.199109929631819]],[[77.40399952373872,13.120017369794375],[77.39774322509794,13.116189956665039],[77.39977446846923,13.1114398796011],[77.40399952373872,13.120017369794375]],[[77.33453840026232,12.89351084250285],[77.34034729003935,12.859360694885368],[77.35789451913348,12.861356950145966],[77.33453840026232,12.89351084250285]],[[77.49414603874018,12.736684345565841],[77.49745178222662,12.726890563964844],[77.5360488891601,12.744380950927962],[77.49414603874018,12.736684345565841]],[[77.53285980224626,12.789911270141829],[77.55934906005876,12.750069618225211],[77.54988098144537,12.791039466858138],[77.53285980224626,12.789911270141829]],[[77.55554128863453,12.711345738148],[77.5519104003908,12.703750610351506],[77.608627319336,12.696769714355526],[77.55554128863453,12.711345738148]],[[77.1177215576173,12.472461700439567],[77.11582183837919,12.614811897277832],[77.08736482884765,12.653986892308174],[77.1177215576173,12.472461700439567]],[[77.35681152343767,13.613821029663143],[77.36236610205744,13.595494348970067],[77.37731674752057,13.627493142831204],[77.35681152343767,13.613821029663143]],[[77.18152418763853,15.940826323853013],[77.36089060419987,15.94189018160256],[77.24891662597662,15.957740783691406],[77.18152418763853,15.940826323853013]],[[78.83757115847237,16.14291642446125],[78.84292404117146,16.153130730215697],[78.83783721923828,16.156738281250057],[78.83757115847237,16.14291642446125]],[[77.50044250488298,14.150960922241325],[77.49936676025396,14.260510444641113],[77.4965964045031,14.262078481981783],[77.50044250488298,14.150960922241325]],[[77.12110137939459,14.042180061340389],[77.14733886718744,13.991621971130371],[77.15304992906646,13.992763075542332],[77.12110137939459,14.042180061340389]],[[77.32932912630523,16.390887158647462],[77.24247990568631,16.462092329863655],[77.26390075683611,16.398059844970703],[77.32932912630523,16.390887158647462]],[[77.48755645751964,16.249820709228516],[77.59030151367193,16.286851882934798],[77.5903664761715,16.28937440338527],[77.48755645751964,16.249820709228516]],[[76.83629608154314,16.425079345703352],[76.83860569132085,16.429463471720975],[76.75699615478521,16.42298126220726],[76.83629608154314,16.425079345703352]],[[77.0110702514649,16.497520446777344],[76.97976684570318,16.55735015869135],[76.97763772770732,16.5479697758926],[77.0110702514649,16.497520446777344]],[[77.23886108398466,16.472909927368107],[77.3662872314456,16.484109878540153],[77.40816781355684,16.51291051690758],[77.23886108398466,16.472909927368107]],[[77.39144134521513,16.565200805664062],[77.41144022030272,16.515160901179435],[77.4153213500976,16.517829895019645],[77.39144134521513,16.565200805664062]],[[77.46603832466378,16.697390615612488],[77.46595352171376,16.695763965983076],[77.46750640869146,16.696800231933594],[77.46603832466378,16.697390615612488]],[[76.88327789306646,18.834209442138786],[76.99683259298584,18.809635203343007],[76.99821612771203,18.841181363842672],[76.88327789306646,18.834209442138786]],[[77.25367736816412,18.45228004455572],[77.24192761889213,18.409160200957757],[77.36962890625006,18.447650909423828],[77.26455688476568,18.418380737304688],[77.25367736816412,18.45228004455572]],[[77.43637084960943,18.306491851806584],[77.36376752230045,18.310384121468697],[77.36252593994158,18.308290481567496],[77.43637084960943,18.306491851806584]],[[77.548943401766,18.298389619801586],[77.54402187714439,18.296125936955377],[77.5495123245851,18.294439092503236],[77.548943401766,18.298389619801586]],[[77.5759063231905,18.28632999564035],[77.59219708896156,18.256347161791204],[77.61913015634919,18.27796905792109],[77.5759063231905,18.28632999564035]],[[77.7208099365235,18.258300781250114],[77.63829433294494,18.27426206399555],[77.76856994628906,18.188369750976562],[77.7208099365235,18.258300781250114]],[[78.11050921861143,18.08078106837966],[77.9993972778322,18.111219406127873],[78.0896072387697,18.073881149291992],[78.11050921861143,18.08078106837966]],[[78.19818878173834,18.216640472412053],[78.14403092869635,18.091846866405394],[78.1649169921875,18.09874153137207],[78.19818878173834,18.216640472412053]],[[78.34902191162126,17.51966094970703],[78.3780120668593,17.645281576932117],[78.35495758056646,17.619630813598633],[78.34902191162126,17.51966094970703]],[[78.40041368053282,17.67020594450764],[78.45383096607306,17.695161454482268],[78.42472076416033,17.697250366210938],[78.40041368053282,17.67020594450764]],[[78.47299957275408,17.46898078918457],[78.53431701660139,17.458469390866618],[78.53431701660185,17.458469390869084],[78.47299957275408,17.46898078918457]],[[78.44396209716797,17.397119522094954],[78.44396209716797,17.397119522094783],[78.45231874231585,17.417800352533007],[78.44396209716797,17.397119522094954]],[[78.40582275390625,17.429189682006836],[78.40117965984982,17.418963612218153],[78.41002965656952,17.425652231447735],[78.40582275390625,17.429189682006836]],[[78.38553619384777,17.384510040283203],[78.39149628578512,17.378368970097924],[78.38926663196591,17.392726053156252],[78.38553619384777,17.384510040283203]],[[78.50942230224626,17.325300216675032],[78.51504762443611,17.35539172525381],[78.4703979492191,17.29707145690962],[78.50942230224626,17.325300216675032]],[[77.60056304931658,18.09939956665039],[77.56430816650408,18.20055007934576],[77.59457179930082,18.094411444507816],[77.60056304931658,18.09939956665039]],[[76.9164428710938,17.9150905609132],[76.7992319531225,17.870027069881804],[76.80280303955084,17.868320465088004],[76.9164428710938,17.9150905609132]],[[76.9333572387697,18.15790939331049],[76.92256164550787,18.116109848022518],[76.94542776388263,18.16596323947989],[76.9333572387697,18.15790939331049]],[[76.9805526733399,18.189399719238338],[76.9691159276776,18.18176875129113],[77.10888671875006,18.15269088745123],[76.9805526733399,18.189399719238338]],[[76.67967772488188,19.849068998165706],[76.68358383091567,19.847111736516375],[76.77172851562511,19.933452606201115],[76.67967772488188,19.849068998165706]],[[76.69385144229716,19.80454910749582],[76.68612670898466,19.781730651855412],[76.7584533691408,19.68495941162115],[76.69385144229716,19.80454910749582]],[[77.11823272705084,19.149330139160213],[77.0868510245039,19.079215858838364],[77.08744523266002,19.075274123929773],[77.11823272705084,19.149330139160213]],[[77.08809024083229,19.070995402403035],[77.08850860595709,19.06822013854986],[77.09981078357451,19.070678642316754],[77.08809024083229,19.070995402403035]],[[77.14327713915911,19.080133652010904],[77.19229125976574,19.143310546875114],[77.18548981511452,19.18334171555536],[77.14327713915911,19.080133652010904]],[[77.49048614501953,19.466068267822493],[77.47079828886378,19.591195359452087],[77.45088195800787,19.56727027893072],[77.49048614501953,19.466068267822493]],[[77.45651245117182,19.681989669799805],[77.60410308837919,19.64682006835949],[77.44786449285523,19.68648831892075],[77.46235680979096,19.644845574949265],[77.45651245117182,19.681989669799805]],[[78.05898284912115,19.466161727905387],[78.021728515625,19.496740341186523],[78.01880766452756,19.493153112201142],[78.05898284912115,19.466161727905387]],[[78.07636539206445,19.47448248153242],[78.11007690429693,19.490619659423828],[78.11060981248498,19.496632173973644],[78.07636539206445,19.47448248153242]],[[78.0386155537472,19.697136886647307],[78.03614044189482,19.699899673462028],[77.98439788818365,19.680402755737248],[78.0386155537472,19.697136886647307]],[[77.86881839997355,19.825518008792123],[77.94993591308622,19.911170959472713],[77.87236022949236,19.84947967529297],[77.86881839997355,19.825518008792123]],[[77.53682512598887,18.382537377035757],[77.51950073242205,18.34925270080572],[77.54453790310237,18.328980839118625],[77.53682512598887,18.382537377035757]],[[77.53018477154593,18.42864714907674],[77.5259399414062,18.42735099792486],[77.53058871661449,18.425842206179734],[77.53018477154593,18.42864714907674]],[[77.75762939453136,18.707090377807617],[77.73285675048857,18.676000595092773],[77.73299823419185,18.67130866762705],[77.75762939453136,18.707090377807617]],[[77.23828125000028,19.89270973205572],[77.25788197703777,19.897229911916295],[77.23692087930617,19.896370725518786],[77.23828125000028,19.89270973205572]],[[77.29087463579312,19.904838443547163],[77.28795283441914,19.919462388051738],[77.2684619223444,19.899669783437872],[77.29087463579312,19.904838443547163]],[[77.38034820556646,19.728948593139876],[77.39229583740251,19.81138038635254],[77.38666718751881,19.81538068621451],[77.38034820556646,19.728948593139876]],[[77.41871004714385,19.72935939404241],[77.41034698486357,19.743690490722713],[77.38666147969114,19.729016199349633],[77.41871004714385,19.72935939404241]],[[77.0086991504009,20.004693897696566],[76.99109649658232,20.018510818481445],[76.94778447746097,19.98638091146783],[77.0086991504009,20.004693897696566]],[[77.66788527853812,20.122072815169258],[77.64927925907203,20.0890677999072],[77.66826629638689,20.104681015014705],[77.66788527853812,20.122072815169258]],[[77.64321136474638,20.190591812133846],[77.66701921057286,20.161605033990895],[77.66512298583996,20.24815940856945],[77.64321136474638,20.190591812133846]],[[77.56990412835201,20.329352064833955],[77.60829162597668,20.26457023620617],[77.66512298583996,20.24815940856945],[77.56990412835201,20.329352064833955]],[[77.56450653076189,20.33846092224121],[77.56527300832884,20.337167432916246],[77.59797668457037,20.445730209350813],[77.56450653076189,20.33846092224121]],[[79.01853179931646,30.812131881713867],[79.07579006590385,30.79368045776624],[78.99150597677104,30.86265729338673],[79.01853179931646,30.812131881713867]],[[78.89747619628935,30.644380569458008],[78.8997978033571,30.641022553979187],[78.9118423461914,30.719881057739258],[78.89747619628935,30.644380569458008]],[[79.04468278598904,30.431458230590867],[79.0468215942384,30.433019638061637],[78.95865810772996,30.555885919137854],[79.04468278598904,30.431458230590867]],[[78.99997711181658,30.4174098968507],[78.99406897878428,30.39450831854631],[79.03777435263548,30.426414824080325],[78.99997711181658,30.4174098968507]],[[79.07813262939482,30.30476951599121],[78.91757965087908,30.263088226318303],[78.77919106378805,30.229806140369046],[78.79331970214855,30.227760314941406],[79.07813262939482,30.30476951599121]],[[79.15033721923834,30.388931274414062],[79.09030914306652,30.38743019104004],[79.0194692200472,30.333624320604574],[79.15033721923834,30.388931274414062]],[[79.2108001708985,30.8251895904541],[79.2662658691393,30.732299804687983],[79.34105682373053,30.653810501098746],[79.2108001708985,30.8251895904541]],[[78.46112249116075,30.0720589952148],[78.46956634521501,30.062467575073356],[78.5770874023437,30.059091567993278],[78.46112249116075,30.0720589952148]],[[78.39315795898449,30.143890380859602],[78.38112746698559,30.14060071702579],[78.39519902054715,30.140996370245663],[78.39315795898449,30.143890380859602]],[[78.17154693603544,29.947910308838118],[78.17518615722685,29.987262725830362],[78.16748046875006,29.948089599609318],[78.26183319091814,29.923009872436637],[78.1811065673831,29.9500675201416],[78.3100960595969,30.12117761679242],[78.17154693603544,29.947910308838118]],[[78.33174133300793,29.796180725097884],[78.48757934570324,29.741382598877067],[78.3310645052369,29.797408643427985],[78.33174133300793,29.796180725097884]],[[78.52735900878923,29.62436294555681],[78.56803278822638,29.595845552747647],[78.48757934570324,29.741382598877067],[78.52735900878923,29.62436294555681]],[[78.68540954589872,29.513549804687614],[78.85202606317576,29.47330591089143],[78.6064749823728,29.568892779582963],[78.68540954589872,29.513549804687614]],[[78.8318557739259,29.37658119201666],[78.79158872947816,29.336593768379203],[78.95086669921886,29.376026153564624],[78.8318557739259,29.37658119201666]],[[78.71412658691412,29.319330215454272],[78.71629710127401,29.317953849190022],[78.73086043204209,29.32155928733922],[78.71412658691412,29.319330215454272]],[[78.72319282294126,29.31358113512471],[78.76683044433622,29.28590965271019],[78.71679679151714,29.27157513439012],[78.8526229858399,29.261310577392692],[78.72319282294126,29.31358113512471]],[[78.68473052978521,29.262388229370117],[78.69066619873053,29.213138580322436],[78.69444561126296,29.265171576289188],[78.68473052978521,29.262388229370117]],[[78.66239929199236,29.09897041320812],[78.69960784912115,29.1007595062257],[78.66306698416389,29.106610096140262],[78.66239929199236,29.09897041320812]],[[78.66920749084993,28.918518647766472],[78.67964172363293,28.952842712402344],[78.63062286376964,29.006929397583065],[78.66920749084993,28.918518647766472]],[[78.5985107421875,28.807411193847884],[78.65712738037115,28.878780364990405],[78.65991508760516,28.887950703172024],[78.5985107421875,28.807411193847884]],[[78.41407057314242,28.518998673328234],[78.42623901367205,28.58864974975586],[78.38668823242216,28.775779724121207],[78.41407057314242,28.518998673328234]],[[78.40712317977018,28.479232408656515],[78.36589023187018,28.4563667605526],[78.40625617519702,28.466143717059243],[78.40712317977018,28.479232408656515]],[[78.27088165283209,28.42654037475586],[78.28858337460777,28.413496398761623],[78.29441070556635,28.464700698852766],[78.27088165283209,28.42654037475586]],[[78.30126953125028,28.31415939331049],[78.4446480057402,28.162939565780228],[78.28931687258728,28.35836292384146],[78.30126953125028,28.31415939331049]],[[78.583480834961,28.085969924927042],[78.53896787892322,28.09010162163807],[78.63190599064062,28.04306596966601],[78.583480834961,28.085969924927042]],[[78.46588897705072,27.76432037353527],[78.49952697753912,27.806261062622127],[78.44113922119158,27.83200454711914],[78.46588897705072,27.76432037353527]],[[78.51862335205081,27.729629516601698],[78.51862335205084,27.729629516601847],[78.46588897705072,27.76432037353527],[78.51862335205081,27.729629516601698]],[[78.4922899222741,27.627477298311796],[78.49607849121111,27.628770828247184],[78.51862335205055,27.729629516600564],[78.4922899222741,27.627477298311796]],[[78.18939909490625,27.411870705189745],[78.1893990949064,27.41187070518972],[78.2049789428711,27.529380798339787],[78.18939909490625,27.411870705189745]],[[78.2832322390426,27.34893349106356],[78.28778839111345,27.388191223144645],[78.27344313444819,27.391170264747704],[78.2832322390426,27.34893349106356]],[[78.29132843017607,27.314001083374023],[78.3911972045899,27.376810073852653],[78.28952305946585,27.32179066549236],[78.29132843017607,27.314001083374023]],[[78.51865316211229,27.458963604568574],[78.50434875488287,27.468532562256087],[78.4579467773438,27.431432723999137],[78.51865316211229,27.458963604568574]],[[78.65204620361322,27.496191024780444],[78.5654482647024,27.48018559605358],[78.65040393843498,27.489564182030488],[78.65204620361322,27.496191024780444]],[[78.63613128662115,27.425632476806868],[78.63923814585853,27.423728705575506],[78.63639948511303,27.426454432891024],[78.63613128662115,27.425632476806868]],[[78.7031485871169,27.36236088070928],[78.68587208441137,27.28828053246954],[78.71595831670975,27.35006077407944],[78.7031485871169,27.36236088070928]],[[78.75045013427763,27.23048973083496],[78.68142700195312,27.269220352172965],[78.74936806485522,27.227459936452206],[78.75045013427763,27.23048973083496]],[[78.71747589111328,27.202819824219034],[78.7366845742753,27.1919461628285],[78.74837137564226,27.224669206655957],[78.71747589111328,27.202819824219034]],[[78.8070926250276,27.152089536708417],[78.80961608886736,27.159450531005803],[78.76425445243478,27.176339391809588],[78.8070926250276,27.152089536708417]],[[78.75798034667974,27.113300323486328],[78.79161834716825,27.10695075988764],[78.80378733088712,27.14244792784694],[78.75798034667974,27.113300323486328]],[[78.79879760742193,26.96442985534668],[78.73692595494053,26.92017096245737],[78.83337221236401,26.971619464147384],[78.79879760742193,26.96442985534668]],[[78.84078692718059,26.81383306054338],[78.84275817871122,26.815229415893555],[78.8257360864844,26.829242841399033],[78.84078692718059,26.81383306054338]],[[78.94814300537115,26.696741104125977],[78.71534729003935,26.80021286010765],[78.6437247906058,26.777612467755866],[78.71837615966825,26.781700134277287],[78.94814300537115,26.696741104125977]],[[78.20742797851591,26.53447914123541],[78.20987807733373,26.530964680240714],[78.21555223263051,26.535470347130616],[78.20742797851591,26.53447914123541]],[[78.2785605232844,26.432445479480922],[78.28150939941406,26.44431114196783],[78.23856261805638,26.48981911550373],[78.2785605232844,26.432445479480922]],[[78.4107208251956,26.337120056152344],[78.25994166477918,26.343199680642805],[78.19623687933027,26.321397799901725],[78.22136688232416,26.310462951660213],[78.4107208251956,26.337120056152344]],[[78.78501129150408,26.236169815063533],[78.78618892468322,26.23534081655493],[78.81366729736334,26.290439605713004],[78.78501129150408,26.236169815063533]],[[78.7932205200197,26.09070968627941],[78.81071483531662,26.080628640731174],[78.8367767333985,26.11491012573248],[78.7932205200197,26.09070968627941]],[[78.77536010742193,25.970159530639705],[78.7763402356149,25.9695356166585],[78.7664184570313,26.022361755371207],[78.77536010742193,25.970159530639705]],[[78.93044996788403,25.954820263774685],[78.86558667950843,25.91272457447272],[78.94178771972656,25.952140808105582],[79.07785797119146,25.921751022338924],[78.93044996788403,25.954820263774685]],[[78.48626708984403,25.582229614257812],[78.46349498976026,25.564137145635264],[78.64862060546875,25.565639495849723],[78.48626708984403,25.582229614257812]],[[78.46042633056646,25.589740753173828],[78.43537303981459,25.56390892752849],[78.45259647267947,25.564048700881624],[78.46042633056646,25.589740753173828]],[[78.40997314453153,25.537719726562443],[78.42072296142595,25.477619171142635],[78.428648983261,25.556975919875242],[78.40997314453153,25.537719726562443]],[[78.33129119873047,25.33671951293951],[78.2942276000976,25.367620468139705],[78.32073372424432,25.325041886601465],[78.33129119873047,25.33671951293951]],[[78.4246047048081,25.158186899017824],[78.44394683837885,25.172559738159293],[78.40671668424088,25.186921637377296],[78.4246047048081,25.158186899017824]],[[78.32776641845732,25.08876991271967],[78.32753753662115,24.99955940246582],[78.3325023478436,25.0904150778805],[78.32776641845732,25.08876991271967]],[[78.18543734030196,24.839948990969837],[78.16187286376953,24.84484100341797],[77.96766662597685,24.849830627441463],[78.18543734030196,24.839948990969837]],[[78.21653747558605,24.531642913818473],[78.26100418718441,24.453766426169427],[78.36094665527372,24.38578987121582],[78.21653747558605,24.531642913818473]],[[78.04071940890697,24.285389084135627],[78.06792455518278,24.264845583452516],[78.06985306771367,24.270809906971877],[78.04071940890697,24.285389084135627]],[[78.05748099281399,24.234879383914027],[78.08995056152338,24.23487091064453],[78.077043335482,24.24262692617811],[78.05748099281399,24.234879383914027]],[[78.05333709716797,24.233238220214957],[78.13719940185558,24.206630706787223],[78.05560854500845,24.234137812786432],[78.05333709716797,24.233238220214957]],[[78.35353477637992,23.667902305919014],[78.31823730468778,23.696149826049805],[78.30869964659045,23.69048603778649],[78.35353477637992,23.667902305919014]],[[78.40457916259771,23.642190933227653],[78.4053815175992,23.672098346725935],[78.39646521351271,23.646277979509943],[78.40457916259771,23.642190933227653]],[[78.4070663452149,23.734899520874023],[78.34047698974615,23.68349075317377],[78.40653643312025,23.715147291370453],[78.4070663452149,23.734899520874023]],[[78.36290740966797,23.729660034179915],[78.42891693115251,23.744489669800032],[78.46317291259794,23.647020339965763],[78.4276733398438,23.748451232910156],[78.36290740966797,23.729660034179915]],[[78.72740281416114,23.5789479644533],[78.72715759277372,23.584470748901424],[78.49806213378918,23.53568840026867],[78.72740281416114,23.5789479644533]],[[78.68293727026139,23.497632632014877],[78.72936248779303,23.534812927246037],[78.72770150250516,23.57222101718925],[78.68293727026139,23.497632632014877]],[[78.63601684570307,23.349889755249137],[78.64234497163062,23.35029252843149],[78.59429168701189,23.426639556884766],[78.63601684570307,23.349889755249137]],[[78.71955607328945,23.347406391236067],[78.71862030029297,23.349910736083984],[78.71740817648092,23.34976903002269],[78.71955607328945,23.347406391236067]],[[78.75129699707037,23.251649856567383],[78.75579802588686,23.25041454854872],[78.75303327785767,23.257813653362334],[78.75129699707037,23.251649856567383]],[[78.7683166531254,23.24697880946752],[78.80148061828169,23.23787695436761],[79.10134124755865,23.20862007141136],[78.7683166531254,23.24697880946752]],[[78.79085642165639,23.098562193040948],[78.79450225830107,23.10123062133789],[78.7989864912794,23.189038357631283],[78.79085642165639,23.098562193040948]],[[78.72318761357951,23.049435437202252],[78.72396087646484,23.049600601196403],[78.73089175511156,23.05467338818772],[78.72318761357951,23.049435437202252]],[[78.56619262695341,22.958740234375114],[78.43696594238287,22.988300323486328],[78.7005432566482,23.04459874775721],[78.45822143554716,23.007490158081282],[78.2754516601563,22.871700286865348],[78.44091033935547,22.981029510498047],[78.56619262695341,22.958740234375114]],[[78.62737274169928,22.762870788574332],[78.6305872549844,22.76306300623245],[78.63217163085966,22.80052947998047],[78.62737274169928,22.762870788574332]],[[78.6879301223896,22.766491927099985],[78.6885833740235,22.773019790649528],[78.64245542235862,22.7637726848483],[78.6879301223896,22.766491927099985]],[[78.67454221786836,22.70098329513581],[78.67875083889547,22.674764471670844],[78.6818956447616,22.70619013142986],[78.67454221786836,22.70098329513581]],[[78.60160441402238,22.653801769622756],[78.60578155517584,22.653142929077262],[78.60781762608651,22.654599692842204],[78.60160441402238,22.653801769622756]],[[78.49537658691412,22.64015960693365],[78.50305896805553,22.62321204096438],[78.50924402037064,22.641940513014895],[78.49537658691412,22.64015960693365]],[[78.26745130122863,22.400656063006057],[78.34465990755244,22.417983418430463],[77.98381805419928,22.320150375366325],[78.26745130122863,22.400656063006057]],[[78.46403772746852,21.962422711836815],[78.46244049072294,21.96356964111328],[78.38519287109403,21.92855072021507],[78.46403772746852,21.962422711836815]],[[78.5365060267914,21.875255510977563],[78.5368728637697,21.910121917724666],[78.46704690236302,21.960261910819657],[78.5365060267914,21.875255510977563]],[[78.46469879150419,21.817140579223633],[78.53629302978533,21.855010986328068],[78.5364027779835,21.86544211934742],[78.46469879150419,21.817140579223633]],[[78.44215091965731,21.708626816013858],[78.45358276367193,21.719778060913086],[78.45550800110927,21.72333197327903],[78.44215091965731,21.708626816013858]],[[78.33023528008349,21.58541598689036],[78.34874518751931,21.5887307209377],[78.34322669679388,21.59971857436135],[78.33023528008349,21.58541598689036]],[[78.4225616455081,21.601949691772518],[78.37571716308611,21.61745071411127],[78.36205314148977,21.59111389482872],[78.4225616455081,21.601949691772518]],[[78.09107028508865,21.352091898336546],[78.07081604003918,21.35495185852045],[78.05256136225252,21.25403001688391],[78.09107028508865,21.352091898336546]],[[78.29435157841384,20.711142859772448],[78.30365753173834,20.72397041320812],[78.31327056884794,20.823940277099723],[78.29435157841384,20.711142859772448]],[[77.21112823486334,29.94071006774925],[77.12168434315716,29.76522106121675],[77.21834856719214,29.949235776875874],[77.21112823486334,29.94071006774925]],[[77.22523727049355,30.05783280725613],[77.27040863037126,30.048339843750057],[77.39525368430041,30.099302643681973],[77.22523727049355,30.05783280725613]],[[77.42354583740234,30.16847991943365],[77.4091247258633,30.104964919389083],[77.57106714170148,30.316107917058023],[77.42354583740234,30.16847991943365]],[[77.58432886887742,30.406399588572178],[77.56917254067686,30.395941021306196],[77.58121574366642,30.38520406289105],[77.58432886887742,30.406399588572178]],[[77.6342163085938,30.410879135131893],[77.58890230153138,30.406810251148322],[77.6872550168347,30.360917834750865],[77.6342163085938,30.410879135131893]],[[77.85738560452302,30.281533104516843],[77.93321228027361,30.249572753906307],[77.98643091513594,30.177516492852256],[77.94644165039068,30.24677085876465],[77.85738560452302,30.281533104516843]],[[78.14952474376662,29.960883552991735],[78.13804427999061,29.972237040917612],[78.14785766601568,29.958950042724666],[78.14952474376662,29.960883552991735]],[[77.14279316345325,26.837698363705464],[77.19793701171892,26.78663063049322],[77.20295715332037,26.815170288086165],[77.14279316345325,26.837698363705464]],[[77.28672027587919,26.785070419311637],[77.3439271780472,26.80427803131863],[77.3440780639649,26.809949874877987],[77.28672027587919,26.785070419311637]],[[77.4803619384765,26.753879547119197],[77.44597640786024,26.757615002883732],[77.41256977599849,26.735875690256105],[77.4803619384765,26.753879547119197]],[[77.4433412747232,26.769879614272142],[77.4224700927735,26.867019653320312],[77.42859649658209,26.770111083984546],[77.4433412747232,26.769879614272142]],[[77.75501251220697,27.02276039123541],[77.71032187087745,27.00325257160742],[77.71392059326178,26.997961044311523],[77.75501251220697,27.02276039123541]],[[77.67515393796492,27.04844891887097],[77.67331695556646,27.0515594482423],[77.62740325927763,27.015501022338867],[77.67515393796492,27.04844891887097]],[[77.56131224961669,27.05633148285275],[77.55739593505888,27.036899566650618],[77.62740325927763,27.015501022338867],[77.56131224961669,27.05633148285275]],[[77.53383475236087,27.073306845651413],[77.50592607926399,27.09054858519698],[77.51429748535185,27.070421218872298],[77.53383475236087,27.073306845651413]],[[77.6654129028322,27.186149597168196],[77.50231933593767,27.09922027587902],[77.5029645162757,27.097669069203263],[77.6654129028322,27.186149597168196]],[[77.63890838623064,27.247140884399357],[77.59166717529303,27.30055809021019],[77.64798502817293,27.226595777534605],[77.63890838623064,27.247140884399357]],[[77.83922576904303,27.296039581298828],[77.84749314228571,27.28197592079906],[77.8471221923831,27.291990280151424],[77.83922576904303,27.296039581298828]],[[77.87420654296903,27.301282882690657],[77.86376190185564,27.254301071166992],[77.87420654296903,27.301282882690487],[77.87420654297017,27.301282882689318],[77.87420654296903,27.301282882690657]],[[77.95231074922863,27.298596346706187],[77.92842809966595,27.245500258708113],[77.9309158325197,27.24294090271019],[77.95231074922863,27.298596346706187]],[[77.95430530311789,27.25609781365839],[77.95927515187682,27.27381822356237],[77.95290411789802,27.298137804387828],[77.95430530311789,27.25609781365839]],[[77.97535705566423,27.331159591674748],[78.0653457641601,27.34210968017578],[78.0578468163805,27.35310869258679],[77.97535705566423,27.331159591674748]],[[78.05226425946412,27.381878919796044],[78.05541665659693,27.3842871340191],[78.04783630371094,27.385709762573185],[78.05226425946412,27.381878919796044]],[[76.91287231445324,24.54356956481928],[76.84604644775396,24.55101966857916],[76.8183125956793,24.534718813312672],[76.91287231445324,24.54356956481928]],[[77.060287475586,24.63770294189453],[77.05919216770451,24.63907903443294],[77.05030822753923,24.526531219482365],[77.060287475586,24.63770294189453]],[[76.80325629340436,24.820441965964275],[76.80158233642595,24.819839477539062],[76.84729766845732,24.750400543212947],[76.80325629340436,24.820441965964275]],[[76.87963036309775,25.022943352185102],[76.85434722900419,25.010311126708984],[76.87154776019692,24.985314089817717],[76.87963036309775,25.022943352185102]],[[77.07595997798498,25.072552941785833],[76.99372863769537,25.079950332641715],[76.91507457579415,25.040652362664094],[77.07595997798498,25.072552941785833]],[[77.26226043701178,25.119260787963867],[77.13260571688026,25.083784736907898],[77.27138881039731,25.11130283982595],[77.26226043701178,25.119260787963867]],[[77.3026428222658,25.076480865478516],[77.39852905273432,25.11327171325695],[77.27954030133894,25.10419651984751],[77.35369646786226,24.956141716326098],[77.3026428222658,25.076480865478516]],[[77.36728668212908,24.929008483886776],[77.37372008819015,24.931823987209903],[77.36586963720728,24.931837652616952],[77.36728668212908,24.929008483886776]],[[77.47476196289068,24.87914276123047],[77.45604705810553,24.93168067932129],[77.4309955629191,24.931724286864302],[77.47476196289068,24.87914276123047]],[[77.55726623535173,24.875972747802678],[77.51509857177751,24.836050033569393],[77.58141326904325,24.893529891967887],[77.47476196289068,24.87914276123047],[77.55726623535173,24.875972747802678]],[[77.47677612304705,24.636940002441406],[77.54746246337919,24.726980209350643],[77.54498505658042,24.735329338911043],[77.47677612304705,24.636940002441406]],[[77.47129058837896,24.437400817871094],[77.58612823486334,24.37873077392601],[77.47169103290472,24.451967196349823],[77.47129058837896,24.437400817871094]],[[77.88594055175787,24.319610595703182],[77.63140533508407,24.335404861617988],[77.5485229492188,24.253190994262695],[77.64372253417974,24.31967926025385],[77.88594055175787,24.319610595703182]],[[78.02859849976724,24.2914546759278],[78.02461242675787,24.293449401855526],[78.0021362304688,24.24303054809576],[78.02859849976724,24.2914546759278]],[[77.26220703124996,22.545291900634837],[77.20343780517595,22.56855964660656],[77.2436828613283,22.603239059448242],[77.3207168579101,22.566350936889762],[77.25831604003935,22.611850738525618],[77.16768314595278,22.579567410549995],[77.26220703124996,22.545291900634837]],[[77.73237974673076,22.7604790041758],[77.61503601074219,22.745340347290096],[77.72998046875011,22.75815010070812],[77.73237974673076,22.7604790041758]],[[77.9545288085937,22.817129135132063],[77.91626739501959,22.762870788574332],[77.95865467529903,22.816472931651628],[77.9545288085937,22.817129135132063]],[[78.19341278076178,22.894620895385856],[78.10672804627094,22.795528667511228],[78.11100769042974,22.79482078552269],[78.19341278076178,22.894620895385856]],[[77.08132567592433,21.72100438089649],[77.20742034912104,21.694009780883846],[77.1714477539063,21.727260589599723],[77.08132567592433,21.72100438089649]],[[77.47515106201183,21.765739440917912],[77.6071166992188,21.54277038574213],[77.477767944336,21.77022171020502],[77.27997589111334,21.761262893676758],[77.47515106201183,21.765739440917912]],[[77.43858918482219,21.53910457920501],[77.41990661621094,21.538698196411133],[77.42497652738466,21.526540235897038],[77.43858918482219,21.53910457920501]],[[77.69113159179688,21.397069931030273],[77.70524597167969,21.359069824218864],[77.72591266173725,21.370757551910486],[77.69113159179688,21.397069931030273]],[[77.14656829833979,21.074510574340877],[77.19307708740263,21.123590469360295],[77.18550629101921,21.12852471110799],[77.14656829833979,21.074510574340877]],[[77.47382620259484,20.87862589782327],[77.46367645263678,20.88192939758295],[77.43490600585949,20.84646034240717],[77.47382620259484,20.87862589782327]],[[77.45108795166021,22.088130950927848],[77.49472045898438,22.03615951538086],[77.32974192813727,21.98460549561999],[77.49472045898455,22.03615951538086],[77.45108795166021,22.088130950927848]],[[77.35913085937506,22.221149444580078],[77.35247039794928,22.25204086303711],[77.34243335177841,22.276990936059192],[77.35913085937506,22.221149444580078]],[[77.64640808105474,22.309129714965877],[77.5433120727539,22.359340667724666],[77.54175261680984,22.357270324823162],[77.64640808105474,22.309129714965877]],[[77.17131805419933,23.68379020690918],[77.29413604736334,23.586219787597884],[77.1653671264649,23.693082809448185],[77.17928548619118,23.742918524717442],[77.1358261108399,23.650520324707088],[77.17131805419933,23.68379020690918]],[[77.3151300380247,23.892755231637935],[77.37023162841803,23.888322830200195],[77.31479404139353,23.897975213008316],[77.3151300380247,23.892755231637935]],[[77.44339294227693,23.782947438936723],[77.45287322998075,23.769292831420955],[77.56949615478516,23.772830963134822],[77.44339294227693,23.782947438936723]],[[77.4878768920899,23.4311199188233],[77.51817492854643,23.51542914828792],[77.50456237792997,23.580020904541243],[77.4878768920899,23.4311199188233]],[[77.99574279785156,23.47005081176752],[78.08072662353521,23.454130172729492],[78.14325714111334,23.478580474853572],[77.99574279785156,23.47005081176752]],[[78.12923521969182,23.519045267361637],[78.12734985351562,23.518751144409123],[78.14325714111334,23.478580474853572],[78.12923521969182,23.519045267361637]],[[77.2826232910158,23.10576820373535],[77.28415690978385,23.105567099176824],[77.18567657470697,23.238000869751033],[77.2826232910158,23.10576820373535]],[[77.37406340798678,23.067286192099584],[77.465317910111,23.106285393942667],[77.28898799288211,23.10493359569217],[77.37406340798678,23.067286192099584]],[[77.36120605468767,23.004898071289176],[77.3947278493562,22.98263260797399],[77.3680505025456,23.038109590791475],[77.36120605468767,23.004898071289176]],[[77.62129921865233,23.339304767384593],[77.61925967336093,23.332552089067843],[77.62383270263689,23.33769035339367],[77.62129921865233,23.339304767384593]],[[77.3198374325639,24.29278685917012],[77.31807708740251,24.289550781249943],[77.3397064208985,24.18740081787115],[77.3198374325639,24.29278685917012]],[[77.35072381675639,24.347645326902896],[77.34982299804693,24.347909927368278],[77.34425222863217,24.337669069895032],[77.35072381675639,24.347645326902896]],[[77.18133667567224,23.935000717478587],[77.17814636230474,24.086879730224723],[77.1597290039062,23.95298957824707],[77.18133667567224,23.935000717478587]],[[77.08626044194041,26.211326001439406],[77.12770974236857,26.203337977838192],[77.12403106689482,26.23795127868658],[77.08626044194041,26.211326001439406]],[[77.203109741211,26.237400054931754],[77.23680517927727,26.268091158967202],[77.12403106689482,26.23795127868658],[77.203109741211,26.237400054931754]],[[77.17301177978521,26.178279876709098],[77.14816276842082,26.179081886526607],[77.22717285156256,26.08538055419922],[77.17301177978521,26.178279876709098]],[[77.54206085205084,25.908470153808707],[77.64945983886724,25.916448593139762],[77.85595703125017,25.81443023681652],[77.6700973510745,25.921510696411246],[77.54206085205084,25.908470153808707]],[[77.99320983886747,25.77070999145502],[78.03513336181646,25.71870994567871],[78.04358803711365,25.719106397057374],[77.99320983886747,25.77070999145502]],[[78.18193704800923,25.739638935873856],[78.07135777381082,25.72040855828908],[78.15158843994158,25.724170684814396],[78.18193704800923,25.739638935873856]],[[78.23621319342864,25.767302710173336],[78.27368164062517,25.786399841308707],[78.20915222167963,25.704589843750114],[78.3162054939099,25.830949931093233],[78.23621319342864,25.767302710173336]],[[78.324516296387,25.8375625610351],[78.31864529656043,25.832891201157537],[78.38273620605469,25.840850830078125],[78.324516296387,25.8375625610351]],[[77.5409107656387,24.91406010085029],[77.54387716642164,24.924112757533564],[77.53682708740234,24.91613006591797],[77.5409107656387,24.91406010085029]],[[77.68900500638763,24.867669236598964],[77.70041656494152,24.85696029663086],[77.70735560045134,24.865514033145278],[77.68900500638763,24.867669236598964]],[[77.82013702392584,25.00453948974615],[78.01074981689482,24.958019256591797],[77.87914276123075,25.011131286621094],[77.82013702392584,25.00453948974615]],[[76.68107604980474,25.34547996520996],[76.70256199755464,25.343142604403567],[76.66528117385796,25.360228870534762],[76.68107604980474,25.34547996520996]],[[76.93962598751526,25.277489448878576],[76.94182586669928,25.275360107421932],[76.95538750809031,25.281888152190398],[76.93962598751526,25.277489448878576]],[[77.0754699707033,25.33969116210949],[77.20514678955078,25.311429977417106],[77.05260675390942,25.32868570204178],[77.0754699707033,25.33969116210949]],[[77.28298187255876,25.423589706421012],[77.35403735017766,25.413951108018388],[77.3543472290039,25.424022674560604],[77.28298187255876,25.423589706421012]],[[77.35311985893173,25.384131148238495],[77.33641815185547,25.325580596923828],[77.3512492471557,25.323333218915153],[77.35311985893173,25.384131148238495]],[[77.06949101237126,25.388359214462977],[77.01030731201178,25.387317657470646],[77.00660705566423,25.358070373535156],[77.06949101237126,25.388359214462977]],[[77.14244842529303,25.423500061035156],[77.14802992320789,25.440533683216543],[77.11972176156928,25.4125534804064],[77.14244842529303,25.423500061035156]],[[77.28849792480469,25.53947067260748],[77.28650017510336,25.545504944961944],[77.17230987548857,25.514631271362305],[77.28849792480469,25.53947067260748]],[[77.60179455965338,25.86934319063559],[77.57479095458984,25.8660507202149],[77.55105590820318,25.819200515747298],[77.60179455965338,25.86934319063559]],[[77.37836851977698,26.619620399763782],[77.2200698852539,26.53639030456543],[77.38012695312506,26.618419647216854],[77.37836851977698,26.619620399763782]],[[77.25197601318365,26.435810089111328],[77.31430941328486,26.43689352975112],[77.30921173095714,26.443309783935604],[77.25197601318365,26.435810089111328]],[[77.36624908447277,26.37151908874523],[77.35347263927294,26.359240280387414],[77.4193891310206,26.36628411413422],[77.36624908447277,26.37151908874523]],[[77.43212928231155,26.367645526206122],[77.43676757812506,26.36814117431652],[77.42771911621088,26.40690994262718],[77.43212928231155,26.367645526206122]],[[78.08573913574247,26.68305015563965],[78.10485651007909,26.796792266160928],[78.09983062744169,26.79700851440441],[78.08573913574247,26.68305015563965]],[[78.15077639460937,26.794816475023914],[78.17611694335966,26.791492462158317],[78.1756408596073,26.79374663371068],[78.15077639460937,26.794816475023914]],[[78.1732223315736,26.805197932069763],[78.16800538082727,26.82989926225422],[78.16094970703142,26.827039718627873],[78.1732223315736,26.805197932069763]],[[78.2540946748148,26.821750367413976],[78.19881175222305,26.875126815617143],[78.17182966169348,26.83144917772548],[78.2540946748148,26.821750367413976]],[[78.25633079026404,26.821486735783054],[78.26088714599626,26.82094955444336],[78.28206634521501,26.86408805847168],[78.25633079026404,26.821486735783054]],[[78.35603140742701,26.86834528627638],[78.35135650634771,26.87437057495123],[78.28206634521501,26.86408805847168],[78.35603140742701,26.86834528627638]],[[78.25172229646135,26.925318635274536],[78.13407135009766,26.957008361816406],[78.12758175328773,26.946653179637764],[78.25172229646135,26.925318635274536]],[[78.19113922119146,26.888610839843977],[78.19298295547489,26.885370584751733],[78.21489128768272,26.90027022692019],[78.19113922119146,26.888610839843977]],[[78.01677528387275,27.254466709663667],[77.95451292303217,27.249868559204614],[77.9546508789063,27.24572944641119],[78.01677528387275,27.254466709663667]],[[78.026537720495,27.183962560695104],[78.02160218763335,27.219606893926787],[78.0231475830081,27.183910369873217],[78.026537720495,27.183962560695104]],[[78.51501590377453,26.928905371366863],[78.50980189565477,26.93400820532426],[78.51516723632818,26.926950454711914],[78.51501590377453,26.928905371366863]],[[78.61081695556669,26.95174026489252],[78.59654305963599,26.93153564492877],[78.62763916256303,26.895157699689104],[78.61081695556669,26.95174026489252]],[[78.63987226478845,26.88654279634453],[78.63456322371508,26.88705754906842],[78.63625335693376,26.885080337524528],[78.63987226478845,26.88654279634453]],[[78.6675872802735,26.922599792480582],[78.66571287062155,26.896985400420768],[78.69905352265994,26.910458893694457],[78.6675872802735,26.922599792480582]],[[77.07585144043007,28.884511947631704],[77.07585144042986,28.884511947631836],[77.07585144042979,28.8845119476318],[77.07585144043007,28.884511947631704]],[[77.21732330322277,28.835279464721793],[77.18540583444924,28.876134010714846],[77.15909036554375,28.855544640089402],[77.21732330322277,28.835279464721793]],[[77.19692230224604,28.795280456542912],[77.21732330322293,28.835279464721754],[77.21732330322277,28.835279464721793],[77.19692230224604,28.795280456542912]],[[77.32847975586213,28.680896796077295],[77.33166518188933,28.681366166284523],[77.32796627962945,28.68449329127091],[77.32847975586213,28.680896796077295]],[[77.39560699462896,28.634212493896428],[77.39672851562506,28.684312820434684],[77.37129959900312,28.682892476046955],[77.39560699462896,28.634212493896428]],[[77.68013000488287,28.514059066772575],[77.67826843261724,28.557580947876204],[77.66984681349635,28.562467803942443],[77.68013000488287,28.514059066772575]],[[78.08188629150402,28.63976097106945],[77.95681762695307,28.71947288513195],[77.94221821412881,28.70084044029678],[78.08188629150402,28.63976097106945]],[[78.19081228771013,28.622446062842965],[78.19081228771013,28.622446062842968],[78.08188629150402,28.63976097106945],[78.19081228771013,28.622446062842965]],[[76.886631469478,27.721939103211167],[76.88436862925532,27.729891428108303],[76.88334655761747,27.724422454833984],[76.886631469478,27.721939103211167]],[[76.90540313720709,27.655969619751033],[76.89290654924942,27.69988651964931],[76.88092041015642,27.69936943054222],[76.90540313720709,27.655969619751033]],[[76.99353790283209,27.741701126098746],[76.97049713134794,27.65714263916027],[76.97544860839872,27.619201660156364],[76.99353790283209,27.741701126098746]],[[77.22634136929886,27.788722587333673],[77.15061950683611,27.815559387207088],[77.16870117187494,27.784900665283203],[77.22634136929886,27.788722587333673]],[[77.29233436189512,27.81813856669335],[77.24156684284321,27.789732135802772],[77.30002128956369,27.793608047906716],[77.29233436189512,27.81813856669335]],[[77.32547942197228,27.841256517480765],[77.36781419592248,27.855274793281367],[77.31625407608696,27.858867441407185],[77.32547942197228,27.841256517480765]],[[77.41229248046892,27.896158218383903],[77.41236236711309,27.870025989328788],[77.44270147466544,27.88007215085343],[77.41229248046892,27.896158218383903]],[[77.46872711181635,27.932910919189453],[77.45848846435547,27.885299682617188],[77.48196934446563,27.93770870686094],[77.46872711181635,27.932910919189453]],[[77.52851248250904,27.954571731383417],[77.49158318451433,27.941191893154596],[77.52396777246956,27.928300249569002],[77.52851248250904,27.954571731383417]],[[77.61717922575876,27.95937504353689],[77.52626013001712,27.92738770880996],[77.55069732666044,27.917659759521484],[77.61717922575876,27.95937504353689]],[[77.64655303955078,27.96970939636242],[77.63990130543434,27.96736917020903],[77.79969787597673,27.866479873657227],[77.64655303955078,27.96970939636242]],[[77.84178924560575,27.65911102294922],[77.78394317626959,27.694339752197322],[77.85234311027864,27.620489777217323],[77.84178924560575,27.65911102294922]],[[77.90721837949972,27.589986069224125],[77.88474488927777,27.585506255623926],[77.89549807827227,27.573896262870218],[77.90721837949972,27.589986069224125]],[[77.99674987792974,27.734140396118164],[77.99037170410189,27.606561660767564],[78.03071397404234,27.77578946297738],[77.99674987792974,27.734140396118164]],[[78.16057586669942,27.76906013488744],[78.04746246337908,27.796327590942383],[78.04024371744303,27.78747547748901],[78.16057586669942,27.76906013488744]],[[78.22440431297227,27.68904286008995],[78.20497693978754,27.6996284382702],[78.20983123779303,27.69203758239746],[78.22440431297227,27.68904286008995]],[[78.3320237648243,27.682836568647488],[78.29709668856957,27.67410479958386],[78.32190704345703,27.66900634765625],[78.3320237648243,27.682836568647488]],[[77.30188702355247,27.78765411876419],[77.32249584935622,27.62796690927202],[77.34276580810553,27.65720176696783],[77.30188702355247,27.78765411876419]],[[77.32546108836857,27.604990794675846],[77.33513641357428,27.530021667480526],[77.35011291503923,27.593400955200252],[77.32546108836857,27.604990794675846]],[[77.6083275814786,27.34095369495734],[77.61217178709244,27.33968551734843],[77.61411285400408,27.3433895111084],[77.6083275814786,27.34095369495734]],[[76.96526661578662,27.184256900876385],[76.98503365770641,27.181854660352563],[76.966117858887,27.184970855713004],[76.96526661578662,27.184256900876385]],[[77.0807024360972,27.170228266416263],[77.0897369384765,27.169130325317326],[77.03932952880871,27.22977256774908],[77.0807024360972,27.170228266416263]],[[77.11554718017578,27.25772094726574],[77.16606222967117,27.31740882669298],[77.03932952880871,27.22977256774908],[77.11554718017578,27.25772094726574]],[[77.18985850768674,27.34552617760521],[77.19996643066435,27.357469558715877],[77.11607788945552,27.374104278869943],[77.18985850768674,27.34552617760521]],[[76.95722395835327,27.47779582956283],[76.96575164794916,27.46472930908203],[77.00064790628691,27.457659914377906],[76.95722395835327,27.47779582956283]],[[77.04206780501006,27.44926893991168],[77.05243682861334,27.44716835021984],[77.04381251303039,27.460186870519333],[77.04206780501006,27.44926893991168]],[[77.01580975592633,27.510723523155033],[77.03579725952883,27.525553881621516],[77.0127563476563,27.513639450073356],[77.01580975592633,27.510723523155033]],[[77.05491868943707,27.53974162940486],[77.05757141113287,27.5417098999024],[76.9974365234375,27.57152938842796],[77.05491868943707,27.53974162940486]],[[77.87281456819824,27.53658120776573],[77.86968231201189,27.532699584960994],[77.91769409179479,27.474876403811624],[77.87281456819824,27.53658120776573]],[[78.01463425070885,28.106684665488732],[78.06595447698126,28.121239108446204],[78.0401077270509,28.13544082641596],[78.01463425070885,28.106684665488732]],[[78.13299187087532,28.08440483860276],[78.14160156250028,28.074769973754883],[78.14686405051062,28.076782650771133],[78.13299187087532,28.08440483860276]],[[77.16577148437506,28.40846061706543],[77.07247924804693,28.52028083801281],[77.00609588623053,28.542779922485465],[77.0059903324995,28.537334376180954],[77.16577148437506,28.40846061706543]],[[77.1636466327434,28.399775707618446],[77.24061584472656,28.428859710693416],[77.16577148437506,28.40846061706543],[77.1636466327434,28.399775707618446]],[[77.33773803710938,28.508970260620117],[77.24265289306652,28.48460006713873],[77.3639602661134,28.492900848388672],[77.47455596923834,28.413511276245174],[77.31572705369966,28.54429010002218],[77.33773803710938,28.508970260620117]],[[77.54236602783203,28.181659698486328],[77.46887207031278,28.086011886596737],[77.47005913126678,28.0837884291],[77.54236602783203,28.181659698486328]],[[77.64869689941412,28.117700576782397],[77.70789337158232,28.08530044555664],[77.71121406714201,28.09074523125001],[77.64869689941412,28.117700576782397]],[[77.74401132246385,28.144521322236972],[77.7512910562807,28.156457553615326],[77.75041159950527,28.157938533774978],[77.74401132246385,28.144521322236972]],[[77.7656492782348,28.13521420228297],[77.76719665527372,28.132761001586914],[77.83561706542974,28.17745971679699],[77.7656492782348,28.13521420228297]],[[77.5352172851563,27.99333000183117],[77.47029931320307,28.083338549651923],[77.53109017615826,27.9694725350079],[77.5352172851563,27.99333000183117]],[[77.26491320221307,27.88604530439555],[77.06556701660173,27.991571426391545],[77.24968719482428,27.882759094238395],[77.26491320221307,27.88604530439555]],[[77.585922241211,28.42859649658226],[77.59387516959093,28.421541423012776],[77.58836804678131,28.430815260960888],[77.585922241211,28.42859649658226]],[[77.66532135009777,28.26643943786644],[77.73607083733314,28.182087968794747],[77.66113888274774,28.308271245976673],[77.66532135009777,28.26643943786644]],[[77.336181640625,28.60886955261259],[77.29364776611328,28.579719543457145],[77.30098672933958,28.56794310449911],[77.336181640625,28.60886955261259]],[[78.396069443591,29.037856251873475],[78.39801025390642,29.037639617919922],[78.60486602783209,29.097740173339957],[78.396069443591,29.037856251873475]],[[76.77501678466791,29.278488159179744],[76.7698783352241,29.27691491430925],[76.78001082777311,29.263293438954477],[76.77501678466791,29.278488159179744]],[[76.83158926350886,29.214653715330424],[76.80953485121836,29.22360322889133],[76.816879272461,29.21372985839855],[76.83158926350886,29.214653715330424]],[[76.99839782714844,29.225130081176815],[76.99839782714837,29.2251300811768],[76.99839782714844,29.225130081176804],[76.99839782714844,29.225130081176815]],[[77.13322267877777,29.213719226358357],[77.14231109619146,29.301511764526367],[77.13771605655347,29.44490993202908],[77.13322267877777,29.213719226358357]],[[77.7708282470706,29.185979843139705],[78.12412011774708,29.258885139591253],[78.1241912396067,29.25929356175898],[78.02562713623075,29.26753044128418],[77.7708282470706,29.185979843139705]],[[78.13596239148106,29.066889495667724],[78.1000629201905,29.086295226961376],[78.09782962986463,29.07114588839363],[78.13596239148106,29.066889495667724]],[[78.09999829797322,28.86918335646024],[78.09794616699247,28.878761291503963],[78.0905739598865,28.882447692371326],[78.09999829797322,28.86918335646024]],[[78.05470306423189,28.932934379607754],[78.05765762397608,28.95519386236009],[78.04762268066406,28.942899703979492],[78.05470306423189,28.932934379607754]],[[77.2972564697265,28.7965602874757],[77.39743804931658,28.781969070434684],[77.28743439181571,28.817068867511274],[77.2972564697265,28.7965602874757]],[[77.43741905612842,28.930293353967716],[77.45058543850159,28.92762357448962],[77.44992469853237,28.946285433934342],[77.43741905612842,28.930293353967716]],[[78.18849135202828,28.63702652168798],[78.18225097656278,28.67622947692871],[78.13047027587896,28.726961135864485],[78.18849135202828,28.63702652168798]],[[77.44351411110142,29.127345286775967],[77.43967437744152,29.119020462036133],[77.4446420673838,29.09548742652539],[77.44351411110142,29.127345286775967]],[[77.12204742431646,29.10576820373558],[77.12204742431648,29.10576820373556],[77.12204742431652,29.10576820373591],[77.12204742431646,29.10576820373558]],[[77.09380574430291,29.56936826790239],[77.11420479780267,29.65138882359488],[77.08561706542974,29.600799560546875],[77.09380574430291,29.56936826790239]],[[77.1382820776171,29.693996324816833],[77.14321036970136,29.692870261287453],[77.14048372216145,29.697892386719868],[77.1382820776171,29.693996324816833]],[[77.91046116492404,29.699264501970276],[77.79802709184206,29.68273102875771],[77.73224639892584,29.60923957824707],[77.91046116492404,29.699264501970276]],[[77.94285039054961,29.704027349918206],[77.97683715820307,29.614038467407283],[77.95198059082037,29.70536994934082],[77.94285039054961,29.704027349918206]],[[78.12447436241348,29.26091941393852],[77.98375701904314,29.588050842285213],[77.96490034175716,29.589281654693863],[77.98446655273432,29.487461090088118],[78.12447436241348,29.26091941393852]],[[77.75891113281256,29.713420867919922],[77.78904956035394,29.68977467550139],[77.76194322820838,29.75114129315059],[77.75891113281256,29.713420867919922]],[[77.70301818847662,29.889759063720817],[77.70366710130946,29.88866183117789],[77.78643798828136,30.0999698638916],[77.70301818847662,29.889759063720817]],[[77.01757733043901,31.289218598706373],[76.90645599365234,31.370412826538086],[76.99118460727017,31.29025709973848],[77.01757733043901,31.289218598706373]],[[77.14739990234375,31.2346000671389],[77.29103851318365,31.275230407714844],[77.14236513327626,31.236718278858273],[77.14739990234375,31.2346000671389]],[[77.3719100952149,31.36527824401861],[77.35547208168153,31.360154139934806],[77.51084136962919,31.355350494384822],[77.3719100952149,31.36527824401861]],[[77.6937789916995,31.50654029846214],[77.63327789306652,31.664400100708008],[77.69027604152953,31.504090470326467],[77.6937789916995,31.50654029846214]],[[77.74513804732196,31.70766010628155],[77.73515319824247,31.717830657958984],[77.71560369616303,31.707577527543524],[77.74513804732196,31.70766010628155]],[[77.88749694824224,31.447401046752873],[77.94850921630865,31.40695953369152],[77.82562255859392,31.511230468750057],[77.88749694824224,31.447401046752873]],[[78.29836273193371,31.288209915161246],[78.36926269531256,31.28790092468273],[78.28608239213456,31.311078694526564],[78.29836273193371,31.288209915161246]],[[77.20260620117216,30.4803409576416],[77.31069946289068,30.453620910644588],[77.4006118774416,30.418750762939528],[77.34607696533197,30.461900711059627],[77.20260620117216,30.4803409576416]],[[77.45053863525396,30.46523094177269],[77.42468280752634,30.441160011687867],[77.45053863525374,30.4652309417723],[77.45053863525396,30.46523094177269]],[[77.5098495483399,30.448829650878906],[77.43857283554544,30.417972475596084],[77.43495178222668,30.403671264648494],[77.5098495483399,30.448829650878906]],[[77.13135567365407,30.588853880843924],[77.11707305908203,30.580221176147518],[77.12689337738747,30.568753626678657],[77.13135567365407,30.588853880843924]],[[77.04528808593744,30.127029418945312],[77.04609666394268,30.129142773322304],[77.03505825860184,30.13273428247601],[77.04528808593744,30.127029418945312]],[[77.13272933193252,30.159754969832772],[77.09116931184668,30.188094208013045],[77.08684647100762,30.166472015912213],[77.13272933193252,30.159754969832772]],[[77.07047729975784,30.209695386206523],[77.14222717285153,30.22059822082541],[77.0649719238283,30.215442657470703],[77.07047729975784,30.209695386206523]],[[76.83050347666973,30.24680826214259],[76.85967989451359,30.230537461409277],[76.84189605712896,30.252281188964957],[76.83050347666973,30.24680826214259]],[[76.92372949228772,30.1948189490131],[76.94369299941322,30.183685908345968],[76.94787597656267,30.19614982604992],[76.92372949228772,30.1948189490131]],[[77.16619873046903,30.070240020752067],[77.16980743408214,30.13447189331066],[77.1434478516058,30.152446150411283],[77.16619873046903,30.070240020752067]],[[77.581069946289,30.430299758911246],[77.57384128210455,30.409423965982477],[77.78590850026418,30.506456810141117],[77.581069946289,30.430299758911246]],[[77.80586242675787,30.560739517212028],[77.79934340317337,30.51260404426615],[77.80055999755888,30.513160705566463],[77.80586242675787,30.560739517212028]],[[77.47917175292997,30.798641204834098],[77.67144775390653,30.791370391845817],[77.69264006216062,30.777381437178445],[77.64392852783209,30.810689926147575],[77.47917175292997,30.798641204834098]],[[77.7417831420899,30.87828063964872],[77.73563594169629,30.86341111148787],[77.74284696299671,30.87783951301408],[77.7417831420899,30.87828063964872]],[[77.7998753854382,30.928578956375663],[77.74559783935553,30.922309875488395],[77.79758379231795,30.913306370724104],[77.7998753854382,30.928578956375663]],[[77.97448730468756,30.968679428100586],[77.96748814473813,30.967072037168414],[78.00804901123053,30.91686248779297],[77.97448730468756,30.968679428100586]],[[78.07508850097656,30.7236328125],[77.97490176487842,30.853038467411817],[77.97509002685575,30.85197830200218],[78.07508850097656,30.7236328125]],[[77.99971771240263,30.65160942077648],[77.97444152832037,30.516721725464095],[78.07508850097656,30.7236328125],[77.99971771240263,30.65160942077648]],[[78.14157867431652,30.639801025390852],[78.11916429751994,30.636262525144744],[78.19462585449247,30.58300971984886],[78.14157867431652,30.639801025390852]],[[78.26471458338106,30.61351384312881],[78.26393890380876,30.61728096008318],[78.19462585449247,30.58300971984886],[78.26471458338106,30.61351384312881]],[[78.83235825228162,30.743866771155005],[78.57760620117199,30.69293975830078],[78.83230590820312,30.742731094360295],[78.83235825228162,30.743866771155005]],[[78.85879221445218,30.855964892254924],[78.98967092894758,30.864159069028815],[78.86448669433622,30.88279914855957],[78.85879221445218,30.855964892254924]],[[78.22434234619146,30.185770034790323],[78.22964435914818,30.180703590898187],[78.22665277451479,30.18814283551228],[78.22434234619146,30.185770034790323]],[[78.28550315166484,30.248581939369885],[78.27039178876937,30.23306262962714],[78.28595733642584,30.247081756591797],[78.28550315166484,30.248581939369885]],[[78.26509824799354,30.300923499027196],[78.2838438290473,30.254062720382223],[78.26980590820307,30.300430297851562],[78.26509824799354,30.300923499027196]],[[78.12961578369135,30.34169006347662],[78.14080197670809,30.338645433042327],[78.13395330771466,30.34676161377845],[78.12961578369135,30.34169006347662]],[[78.21252782722271,30.43863306532205],[78.17066958346533,30.389691275577306],[78.22778320312506,30.432830810546932],[78.21252782722271,30.43863306532205]],[[76.9021606445313,30.89722824096691],[76.95375061035156,30.81121063232422],[76.96767678491476,30.813029970790122],[76.9021606445313,30.89722824096691]],[[77.00899450721222,30.75993037235941],[77.00980642428365,30.756425345744628],[77.01100305142293,30.757349085563106],[77.00899450721222,30.75993037235941]],[[77.03734445009725,30.777683405278147],[77.15685870960378,30.869942787301074],[77.10558319091797,30.857641220092887],[77.03734445009725,30.777683405278147]],[[77.22134493341164,30.919723116293365],[77.2300477275516,30.926441263672093],[77.22713768746895,30.930818080224658],[77.22134493341164,30.919723116293365]],[[77.1535263061524,30.688720703125],[77.15176572663647,30.689475105039232],[77.15171561631446,30.68056451541746],[77.1535263061524,30.688720703125]],[[77.01138061181504,30.749629615751687],[77.01309967041016,30.742208480835075],[77.1331450587965,30.697453993431193],[77.01138061181504,30.749629615751687]],[[77.74326672570255,30.96273198635172],[77.73634338378906,30.9635906219483],[77.7380767809873,30.955858570101427],[77.74326672570255,30.96273198635172]],[[77.0594711303711,31.09099960327154],[77.02517700195318,31.07215118408203],[77.05877452659354,31.086579629236525],[77.0594711303711,31.09099960327154]],[[77.17241668701178,31.013120651245117],[77.05371093750017,31.05445098876976],[77.19853899667218,30.973831653820326],[77.17241668701178,31.013120651245117]],[[77.85299682617199,31.88661193847662],[77.83758420775993,31.765712434767064],[77.87519496300183,31.765597194673774],[77.85299682617199,31.88661193847662]],[[77.77081234305803,31.931148744228633],[77.76789093017584,31.919019699096737],[77.85299682617199,31.88661193847662],[77.77081234305803,31.931148744228633]],[[77.92775903913008,31.765436137311386],[78.01738739013678,31.765161514282283],[78.0675659179688,31.79171943664562],[77.92775903913008,31.765436137311386]],[[78.4325790405274,32.059349060058594],[78.58883666992193,32.05685043334984],[78.62000120831199,32.07607455853741],[78.4325790405274,32.059349060058594]],[[77.30695791842841,31.514891480021955],[77.31136322021479,31.474428176879883],[77.34299319756569,31.43188649098619],[77.30695791842841,31.514891480021955]],[[77.30662598634308,32.326152172030135],[77.17962646484392,32.40394973754883],[77.16259283473424,32.4033116717136],[77.30662598634308,32.326152172030135]],[[77.35367584228544,32.225749969482365],[77.38200161143698,32.211880798047034],[77.35213456272295,32.22921851885267],[77.35367584228544,32.225749969482365]],[[77.4121704101563,32.19710922241222],[77.52897644042997,32.22600173950195],[77.40958923873178,32.198373043662734],[77.4121704101563,32.19710922241222]],[[78.29662322998053,32.577510833740234],[78.35825393862906,32.60807372860755],[78.27851867675787,32.50793075561529],[78.29662322998053,32.577510833740234]],[[78.3824310302735,32.5296516418457],[78.31040954589865,32.47592926025398],[78.39060607732085,32.52616229249623],[78.3824310302735,32.5296516418457]],[[79.0591659545899,15.167731285095442],[78.96853016611571,15.164163793107697],[78.97004699707048,15.160611152648983],[79.0591659545899,15.167731285095442]],[[79.06343092344203,14.970809457893521],[79.07169351054284,15.05046373741925],[79.0591659545899,15.167731285095442],[79.06343092344203,14.970809457893521]],[[79.114486694336,15.094341278076172],[79.54248046875006,15.013420104980469],[79.31513977050787,15.107851028442383],[79.114486694336,15.094341278076172]],[[79.78890228271486,15.048560142517198],[79.7889022827149,15.048560142517374],[79.54248046875006,15.013420104980469],[79.78890228271486,15.048560142517198]],[[80.00849074861848,14.986219644550946],[79.93692779541021,15.009381294250716],[79.9898223876956,14.976470947265682],[80.00849074861848,14.986219644550946]],[[79.10807800292997,11.234751701355094],[79.0995025634765,11.276831626892033],[79.08746845071944,11.218571950480094],[79.10807800292997,11.234751701355094]],[[79.25553532332745,11.366321223475145],[79.28318023681635,11.366950988769531],[79.29134869823831,11.380438740626607],[79.25553532332745,11.366321223475145]],[[79.32605564073029,11.394120105678773],[79.36857412098536,11.368332352428595],[79.3543930053711,11.405290603637695],[79.32605564073029,11.394120105678773]],[[79.4886725625978,11.199168201783284],[79.4850692749024,11.296611785888672],[79.48439063182724,11.2968940668327],[79.4886725625978,11.199168201783284]],[[79.40490929840595,11.077120024653139],[79.50712585449219,11.166261672973746],[79.63275909423857,11.234971046447754],[79.45173467512993,11.139197728151892],[79.40490929840595,11.077120024653139]],[[79.63625335693376,11.284911155700684],[79.78047943115251,11.358630180358887],[79.6362533569336,11.284911155700684],[79.63275909423857,11.234971046447754],[79.63625335693376,11.284911155700684]],[[79.68409729003935,10.61613082885765],[79.6840972900394,10.616130828857495],[79.74691772460955,10.633370399475098],[79.68409729003935,10.61613082885765]],[[79.80898284912121,10.867440223693848],[79.70423126220709,10.918870925903434],[79.70365142822271,10.951861381530875],[79.68032130564556,10.9030243938257],[79.80898284912121,10.867440223693848]],[[79.51704805131803,11.003534317398097],[79.50808992149095,10.975395220030265],[79.53202819824224,10.985711097717342],[79.51704805131803,11.003534317398097]],[[79.50184359491206,10.955774384522524],[79.50121216795966,10.953790958870385],[79.5028951920972,10.954194332029623],[79.50184359491206,10.955774384522524]],[[79.62685993099753,10.983905164601245],[79.67064667231779,10.994399604808702],[79.63360595703142,10.998090744018668],[79.62685993099753,10.983905164601245]],[[79.466781616211,10.47167015075712],[79.44370269775396,10.359670639038313],[79.44558366015947,10.358604637660466],[79.466781616211,10.47167015075712]],[[79.30010986328136,10.645730018615666],[79.33927917480469,10.632439613342285],[79.33326721191412,10.568691253662166],[79.33927917480486,10.632439613342285],[79.30010986328136,10.645730018615666]],[[79.28723234716833,10.86690306818447],[79.28564453125028,10.864739418029785],[79.28667602268233,10.849122333088584],[79.28723234716833,10.86690306818447]],[[79.44993591308611,10.847250938415641],[79.31400299072271,10.90338230133068],[79.29975122906724,10.883962023476025],[79.44993591308611,10.847250938415641]],[[79.19294582987948,12.32798022896642],[79.1872100830081,12.327059745788688],[79.27628326416044,12.304810523986816],[79.19294582987948,12.32798022896642]],[[79.27577298404287,12.429762971691316],[79.2344818115235,12.432780265808049],[79.23410443879868,12.42809242598247],[79.27577298404287,12.429762971691316]],[[79.4881210327149,12.332562446594238],[79.38844299316435,12.421529769897518],[79.33526390775604,12.425415756459426],[79.4881210327149,12.332562446594238]],[[79.05564117431635,11.616360664367676],[79.0428470644362,11.579914452820484],[79.06371307373047,11.584271430969238],[79.05564117431635,11.616360664367676]],[[79.65068497393192,11.794691262533293],[79.4408569335938,11.856220245361271],[79.63172149658203,11.783320426940861],[79.65068497393192,11.794691262533293]],[[79.66743885533141,11.861609734042801],[79.68759155273455,11.816821098327694],[79.69230159699522,11.849545311650127],[79.66743885533141,11.861609734042801]],[[79.66036987304693,11.87732028961176],[79.66283456050654,11.87184261153364],[79.66707011046748,11.878793640767205],[79.66036987304693,11.87732028961176]],[[79.72489929199219,11.89151000976579],[79.72489929199205,11.89151000976576],[79.7248992919923,11.891510009765682],[79.72489929199219,11.89151000976579]],[[79.64731597900408,11.997229576110783],[79.64913399143,11.996345067890067],[79.6790390014649,12.019260406494254],[79.64731597900408,11.997229576110783]],[[79.74964904785162,11.986130714416731],[79.7058486938476,11.97737026214611],[79.74964904785114,11.986130714416463],[79.74964904785162,11.986130714416731]],[[79.73690032959009,11.907170295715392],[79.71570587158209,11.967451095580998],[79.73690032958996,11.907170295715275],[79.73690032959009,11.907170295715392]],[[79.70965792663738,11.841123308364214],[79.70232784821675,11.84468016317265],[79.70379638671892,11.838290214538574],[79.70965792663738,11.841123308364214]],[[79.62851301196616,12.613490580750092],[79.62614254556455,12.621093540534282],[79.62013244628912,12.617729187011662],[79.62851301196616,12.613490580750092]],[[79.71201324462908,12.574051856994743],[79.70337309877794,12.575628884424368],[79.71360422229239,12.570454328688829],[79.71201324462908,12.574051856994743]],[[79.72554016113298,12.419419288635254],[79.71021270751982,12.48114109039318],[79.72145023806037,12.415630380481295],[79.72554016113298,12.419419288635254]],[[79.35895615699617,12.63109763782648],[79.38365173339855,12.712789535522518],[79.3425903320313,12.65399265289301],[79.35895615699617,12.63109763782648]],[[79.41582921917416,12.647029387795516],[79.36411064400578,12.623886754293357],[79.37081909179693,12.614501953125],[79.41582921917416,12.647029387795516]],[[79.44786008014059,12.737443669598251],[79.43992108507621,12.664439838284856],[79.44880676269531,12.670861244201717],[79.44786008014059,12.737443669598251]],[[79.46105957031256,12.858820915222225],[79.45947302316847,12.844231660645557],[79.47275334262572,12.855821397416998],[79.46105957031256,12.858820915222225]],[[79.49698391647557,12.849606120109804],[79.60891558513796,12.792579555456046],[79.55335725650278,12.86069015662022],[79.49698391647557,12.849606120109804]],[[79.66526031494158,12.777700424194279],[79.6572933823913,12.767932200370192],[79.73300170898438,12.729360580444563],[79.66526031494158,12.777700424194279]],[[78.45814189476665,12.617318924312482],[78.45961761474626,12.617409706115723],[78.48724419933237,12.663201049604853],[78.45814189476665,12.617318924312482]],[[78.50921680323842,12.699620862907398],[78.510513305664,12.701769828796387],[78.48435211181669,12.734781265258846],[78.50921680323842,12.699620862907398]],[[79.15270233154325,13.007292747497615],[79.2342111636162,13.128700708806921],[79.21832275390653,13.135551452636832],[79.15270233154325,13.007292747497615]],[[79.3079376220706,13.09691143035883],[79.4048881876643,13.181383596246631],[79.34777069091803,13.163019180297908],[79.3079376220706,13.09691143035883]],[[79.42392837570658,13.197973142815988],[79.44550323486322,13.216771125793457],[79.42413845447928,13.213930052064745],[79.42392837570658,13.197973142815988]],[[79.37460327148455,13.303039550781193],[79.50636162946849,13.31450808657711],[79.42887878417997,13.32356166839611],[79.37460327148455,13.303039550781193]],[[79.52571813815908,13.312246350646946],[79.5802612304688,13.245370864868221],[79.53578186035156,13.311070442199934],[79.52571813815908,13.312246350646946]],[[80.0360412597658,13.484479904175032],[80.00014637078633,13.51721324315816],[79.9901733398438,13.510090827941838],[80.0360412597658,13.484479904175032]],[[80.02951049804716,13.523590087890625],[80.00779716302246,13.522677190813962],[80.2328755180609,13.471960398333634],[80.02951049804716,13.523590087890625]],[[80.1109184720121,13.060999842825302],[80.09850311279303,13.118391990661621],[80.08155068072551,13.118326218390171],[80.1109184720121,13.060999842825302]],[[79.78527069091803,13.013401031494084],[79.83453226577883,12.94422825117776],[79.77378082275408,13.039409637451172],[79.73909059162379,13.040089552312642],[79.77249908447271,13.00899982452404],[79.55646675784436,12.872912094623233],[79.78527069091803,13.013401031494084]],[[79.8812103271485,12.932951927185172],[79.8823365995117,12.960515160289518],[79.84729898062679,12.941144112532703],[79.8812103271485,12.932951927185172]],[[79.92988586425787,12.989510536193848],[79.88987731933622,13.037380218505973],[79.92752054357182,12.989095223596674],[79.92988586425787,12.989510536193848]],[[79.71939086914057,13.082269668579102],[79.68881988525402,13.086871147155762],[79.71416456444639,13.063285552302869],[79.71939086914057,13.082269668579102]],[[78.47782282181215,13.93744605094566],[78.47078550785514,13.949640127499716],[78.47611236572271,13.93680191040039],[78.47782282181215,13.93744605094566]],[[79.45069890967252,13.881265164627138],[79.43277993676007,13.884827478427887],[79.42424774169928,13.857569694518986],[79.45069890967252,13.881265164627138]],[[79.85621643066406,13.701060295105037],[79.859887449421,13.700236100186642],[79.87130737304693,13.842850685119629],[79.85621643066406,13.701060295105037]],[[79.9538934725603,13.679130436690942],[79.94653320312528,13.694270133972282],[79.8835594947236,13.694921395812099],[79.9538934725603,13.679130436690942]],[[79.3581843429907,14.35783869470508],[79.40852574827464,14.257719542709479],[79.40735626220697,14.275699615478516],[79.3581843429907,14.35783869470508]],[[79.17890774391513,14.601801340186887],[79.27822672751452,14.491403644315435],[79.22630310058622,14.578139305114746],[79.17890774391513,14.601801340186887]],[[79.16957855224615,14.612171173095703],[79.17134667927016,14.61020581720517],[79.16947492471684,14.616250831964514],[79.16957855224615,14.612171173095703]],[[79.06381988525419,14.952850341796989],[79.06941100955623,14.939417052101904],[79.06371221074394,14.957821881340656],[79.06381988525419,14.952850341796989]],[[79.12848110905179,25.818881823325654],[79.12892150878923,25.817680358886832],[79.28781890869158,25.820827484130973],[79.12848110905179,25.818881823325654]],[[79.31201171875017,25.774740219116325],[79.37227071235071,25.79233215068546],[79.40088653564453,25.815160751342887],[79.31201171875017,25.774740219116325]],[[79.94832611084001,26.020221710205078],[79.90722090322392,26.018063078740145],[79.90495300292997,26.016809463501204],[79.94832611084001,26.020221710205078]],[[79.93464337812229,26.14324566180891],[79.84760818685615,26.104555084457626],[79.93737792968778,26.034732818603516],[79.93464337812229,26.14324566180891]],[[79.93863394728761,26.153271939741607],[79.94854233311479,26.127223918610014],[79.94422912597685,26.16732978820812],[79.93863394728761,26.153271939741607]],[[79.96661425882905,26.079714878176542],[79.9686889648437,26.07426071167015],[80.08654022216825,26.08298110961914],[79.96661425882905,26.079714878176542]],[[78.68123626708984,22.659280776977596],[78.70324293975408,22.64874997656158],[78.68044109496141,22.664234532025965],[78.68123626708984,22.659280776977596]],[[78.75460815429699,22.624170303344727],[78.84295654296903,22.686969757080078],[78.74223406571167,22.630091646348745],[78.75460815429699,22.624170303344727]],[[78.9883880615235,22.620780944824332],[78.98899100904895,22.622465558474392],[78.84295654296903,22.686969757080078],[78.9883880615235,22.620780944824332]],[[79.03482727296262,22.750530427466423],[79.01119995117182,22.74212265014671],[78.99312631404779,22.634019451564686],[79.03482727296262,22.750530427466423]],[[79.08201599121111,22.746051788330078],[79.22339630126959,22.8176326751709],[79.05219217794293,22.75670972512636],[79.08201599121111,22.746051788330078]],[[79.3659232614291,22.598908387523064],[79.31949615478521,22.61791038513178],[79.27301361424807,22.676661758499744],[79.29281616210943,22.62039947509777],[79.3659232614291,22.598908387523064]],[[79.27162170410162,21.835960388183594],[79.27443539193101,21.816773679877933],[79.40270996093756,22.041891098022404],[79.27162170410162,21.835960388183594]],[[79.22371673584001,21.75630950927757],[79.22459780936934,21.72931045158775],[79.24497242828394,21.765067200889316],[79.22371673584001,21.75630950927757]],[[79.22560993464884,21.698295527292547],[79.22799605323954,21.718146190524756],[79.22494531861291,21.718661599020436],[79.22560993464884,21.698295527292547]],[[79.49347120461223,21.650332521694125],[79.488578796387,21.674121856689453],[79.46764501596519,21.67765852886733],[79.49347120461223,21.650332521694125]],[[79.77490234374994,16.729520797729606],[79.88237134560787,16.667415343764123],[79.86183929443388,16.69822120666504],[79.77490234374994,16.729520797729606]],[[79.92992330001603,16.639935459663505],[79.94256591796875,16.632629394531307],[79.94928250772509,16.641385424812288],[79.92992330001603,16.639935459663505]],[[79.74101257324219,15.819471359252987],[79.74813735762434,15.819259418896591],[79.6956405639649,15.890130996704158],[79.74101257324219,15.819471359252987]],[[79.77130889892595,15.818570137023869],[79.7596261913911,15.839196931845873],[79.75220179990693,15.819138514276927],[79.77130889892595,15.818570137023869]],[[79.8717071548214,16.142476931019427],[79.85732269287126,16.131309509277344],[79.86436785279291,16.122383043347586],[79.8717071548214,16.142476931019427]],[[80.04145812988287,16.11672019958496],[79.88960266113287,16.15637016296381],[79.88751941863818,16.154752831178314],[80.04145812988287,16.11672019958496]],[[80.39283312349801,15.984612344737164],[80.41240692138678,15.991311073303223],[80.39224491358758,16.000541361676994],[80.39283312349801,15.984612344737164]],[[80.39656829833984,15.883461952209586],[80.47184753417963,15.887781143188477],[80.39617526569639,15.894105471681822],[80.39656829833984,15.883461952209586]],[[79.53921203719437,16.29778156452583],[79.53878021240234,16.305049896240348],[79.45558166503935,16.30328941345215],[79.53921203719437,16.29778156452583]],[[79.08955902904462,17.674613346713187],[79.06820678710966,17.707590103149414],[79.0182418823245,17.704561233520565],[79.08955902904462,17.674613346713187]],[[79.37664031982416,17.499250411987532],[79.38329465717064,17.49923689568745],[79.26819610595709,17.57357978820812],[79.37664031982416,17.499250411987532]],[[79.2121124434851,20.571523187188088],[79.21969475545355,20.58178753553036],[79.2142250296179,20.58692574853492],[79.2121124434851,20.571523187188088]],[[79.31593322753918,20.582870483398438],[79.36463707774949,20.668296067436714],[79.34696197509771,20.671012878418026],[79.31593322753918,20.582870483398438]],[[79.4996567088165,20.69952500890182],[79.5029907226563,20.70356941223156],[79.55435180664074,20.8025798797608],[79.4996567088165,20.69952500890182]],[[79.0990832993175,19.52855951417852],[79.0966110229495,19.530479431152457],[78.95455169677729,19.551830291748047],[79.0990832993175,19.52855951417852]],[[79.17778778076178,19.460691452026367],[79.18501391745009,19.46182763320051],[79.12209209060842,19.51069137875437],[79.17778778076178,19.460691452026367]],[[79.14385837656275,20.479126102818228],[79.12029162569027,20.454755567394933],[79.12504577636747,20.4536590576173],[79.14385837656275,20.479126102818228]],[[79.6534500122072,20.96927070617687],[79.5935363769533,21.07253265380882],[79.65034558550492,20.96123377489234],[79.6534500122072,20.96927070617687]],[[79.4521945871633,21.444731126524438],[79.44449615478527,21.435659408569393],[79.57063293457031,21.277811050415266],[79.4521945871633,21.444731126524438]],[[79.22075117839181,21.657874428960742],[79.1478271484375,21.660520553589095],[79.21990203857439,21.650810241699276],[79.22075117839181,21.657874428960742]],[[78.50537109374994,24.39394950866705],[78.3801918681922,24.276081266397778],[78.38236999511736,24.273929595947322],[78.50537109374994,24.39394950866705]],[[78.87886047363298,24.22305107116705],[78.98689270019537,24.423240661621207],[78.99928283691412,24.37533950805664],[79.00996293566979,24.52400081800026],[78.97183227539068,24.444732666015682],[78.90983346958897,24.474874107715944],[78.9865112304688,24.434030532836914],[78.87886047363298,24.22305107116705]],[[79.04162597656256,24.37225151062023],[79.15357514882386,24.430315074749156],[78.99928283691412,24.37533950805664],[79.04162597656256,24.37225151062023]],[[79.1673431396485,24.435220718383846],[79.16296512163147,24.43366079606175],[79.2361907958985,24.41728019714367],[79.1673431396485,24.435220718383846]],[[79.21549364985766,24.353950052800027],[79.24620056152344,24.374370574951172],[79.2361907958985,24.41728019714367],[79.21549364985766,24.353950052800027]],[[79.19119262695324,24.33778953552246],[79.20125776749032,24.344482993579366],[79.14414978027344,24.40919113159191],[79.19119262695324,24.33778953552246]],[[79.17817687988287,24.320680618286076],[79.15543553576238,24.347779178755072],[79.16408415468571,24.300717324726378],[79.17817687988287,24.320680618286076]],[[79.13339233398443,24.257240295410213],[79.15001622171673,24.280789151026173],[79.06078338623041,24.266849517822322],[79.13339233398443,24.257240295410213]],[[79.06078338623041,24.266849517822322],[79.06687927246122,24.135639190674055],[79.06908858161658,24.13472123827851],[79.06078338623041,24.266849517822322]],[[79.15754585378873,24.108841802588476],[79.14072326566792,24.104651040079126],[79.18138122558611,24.016370773315373],[79.15754585378873,24.108841802588476]],[[79.31554393204372,24.14820152643982],[79.30714193234749,24.14610846055259],[79.315971374512,24.14733123779297],[79.31554393204372,24.14820152643982]],[[79.37351729187189,24.21416670535987],[79.29654693603516,24.18688011169428],[79.3724594116211,24.202470779418945],[79.37351729187189,24.21416670535987]],[[79.38844299316435,24.389770507812557],[79.38764568309841,24.37037022397741],[79.38945401584238,24.39036315402232],[79.38844299316435,24.389770507812557]],[[79.43325805664091,24.41604042053234],[79.39140659322052,24.391507725363365],[79.55544281005865,24.392150878906364],[79.43325805664091,24.41604042053234]],[[79.74447631835943,24.418790817260856],[79.65312957763678,24.373390197754134],[79.74588616032693,24.417842629987856],[79.74447631835943,24.418790817260856]],[[79.13333993433857,23.18116869467922],[79.14141845703136,23.17423820495617],[79.16146182490594,23.19096886755902],[79.13333993433857,23.18116869467922]],[[79.17518969156619,23.202427835272765],[79.2039634629102,23.22644596751385],[79.17164618797544,23.22357121665826],[79.17518969156619,23.202427835272765]],[[79.25283274320287,23.230793085444343],[79.30071669533574,23.23290735918413],[79.30013275146513,23.235000610351562],[79.25283274320287,23.230793085444343]],[[79.32376098632824,23.15030097961437],[79.35927190714845,23.14874862759117],[79.49822145405457,23.245873412143087],[79.32376098632824,23.15030097961437]],[[79.48651443518814,23.12448078502609],[79.54532426693693,23.131310451753922],[79.51288604736345,23.144239425659407],[79.48651443518814,23.12448078502609]],[[79.60565193141197,23.10726551926279],[79.60660827948794,23.10663576800383],[79.60666656494135,23.106861114502067],[79.60565193141197,23.10726551926279]],[[79.57752990722673,22.94433975219738],[79.74244689941435,22.919729232788143],[79.61336593241151,22.963725535041515],[79.57752990722673,22.94433975219738]],[[79.1658477783206,23.25816917419445],[79.16673797282873,23.252857560558198],[79.20793914794928,23.26303291320812],[79.1658477783206,23.25816917419445]],[[79.05193328857428,23.918991088867188],[79.24343109130865,23.82905006408697],[79.05395081446713,23.923619806575264],[79.05193328857428,23.918991088867188]],[[78.56259155273432,25.22602272033714],[78.57853506510834,25.1929589818909],[78.56616041409106,25.25610914663893],[78.44402937733794,25.12992029858946],[78.56259155273432,25.22602272033714]],[[78.56536110119339,25.26018819025013],[78.56437683105474,25.265211105346907],[78.55014554285991,25.2676478340734],[78.56536110119339,25.26018819025013]],[[78.46956188864486,25.281445636663246],[78.43972074804492,25.286555136487554],[78.44445037841803,25.26995086669922],[78.46956188864486,25.281445636663246]],[[78.43853614456233,25.290713913023012],[78.52507781982422,25.306529998779354],[78.43517303466791,25.30252075195324],[78.43853614456233,25.290713913023012]],[[78.99311622720039,25.265732658163],[78.99970465683543,25.271980140282547],[78.99265289306669,25.27773094177246],[78.99311622720039,25.265732658163]],[[79.05644226074236,25.225709915161246],[79.02176666259771,25.143190383911133],[79.03195043858655,25.151225825506987],[79.05644226074236,25.225709915161246]],[[79.33036041259766,25.126420974731445],[79.27359771728527,25.248119354248047],[79.3145370483399,25.151878356933594],[79.27654266357439,25.12026023864769],[79.33036041259766,25.126420974731445]],[[79.26432913589609,25.28914299122385],[79.26682909279562,25.311765233140164],[79.25601196289068,25.29171943664545],[79.26432913589609,25.28914299122385]],[[79.27096903916647,25.319437187085327],[79.34458923339872,25.334449768066406],[79.28243080861901,25.3406775992773],[79.27096903916647,25.319437187085327]],[[79.40468359884014,25.189829063773814],[79.38387298584013,25.170280456543196],[79.39379324391496,25.133376799193428],[79.40468359884014,25.189829063773814]],[[79.39756538144489,25.119344334530638],[79.39914703369135,25.113460540771484],[79.46837615966825,25.13445091247553],[79.39756538144489,25.119344334530638]],[[79.74563598632818,25.143882751464844],[79.84921264648443,25.096981048584098],[79.84915039079897,25.101277606405848],[79.74563598632818,25.143882751464844]],[[78.91381072998053,24.500841140747298],[78.91073005327777,24.480727789891738],[78.96639251708984,24.4969482421875],[78.91381072998053,24.500841140747298]],[[79.29190230988146,24.68787288363781],[79.21235656738287,24.665800094604606],[79.28988647460955,24.679119110107365],[79.29190230988146,24.68787288363781]],[[79.33422947269634,25.05256624656072],[79.299973901444,24.722923805482992],[79.34194946289062,24.90520286560053],[79.33422947269634,25.05256624656072]],[[79.99931335449224,25.59930992126465],[79.97457122802763,25.540561676025447],[80.01767730712919,25.593151092529297],[79.9468078613283,25.647302627563477],[79.99931335449224,25.59930992126465]],[[80.01927185058611,25.440891265869254],[80.02283734838258,25.439767626416636],[80.02736663818365,25.49635124206543],[80.01927185058611,25.440891265869254]],[[79.80117797851591,25.50197982788086],[79.80204326051519,25.50485351773048],[79.70603179931669,25.571319580078125],[79.80117797851591,25.50197982788086]],[[79.39803314209001,25.657730102539062],[79.35679065222845,25.777935999535917],[79.35546112060575,25.777181625366325],[79.39803314209001,25.657730102539062]],[[78.86262526328288,28.47347122505884],[78.7945632934572,28.455921173095874],[78.77049518162441,28.420726131750225],[78.86262526328288,28.47347122505884]],[[78.94235383823174,28.44650778532374],[78.90943145751959,28.48554039001465],[78.89292334100023,28.481283705944712],[78.94235383823174,28.44650778532374]],[[79.45021057128918,27.902042388916016],[79.47612762451178,27.848619461059798],[79.48819732666044,28.113769531250284],[79.45021057128918,27.902042388916016]],[[79.64539216420924,28.22553538668271],[79.63031005859403,28.212820053100643],[79.62874189988932,28.19312877136591],[79.64539216420924,28.22553538668271]],[[79.72551727294922,28.23526000976574],[79.68702865168082,28.26063803354741],[79.68521844047119,28.25911189124529],[79.72551727294922,28.23526000976574]],[[79.9433085824877,28.335121750741234],[79.94168090820318,28.334220886230582],[79.94460296630871,28.12285041809099],[79.9433085824877,28.335121750741234]],[[80.2350378917962,28.458934471448075],[80.23058319091814,28.45870018005394],[80.24043273925773,28.41407012939623],[80.2350378917962,28.458934471448075]],[[79.17488861084001,27.011869430541935],[79.05536651611334,26.995260238647575],[79.17779918017973,27.005850959186898],[79.17488861084001,27.011869430541935]],[[79.20313408606543,26.977958477503464],[79.19718640049112,26.978514504122657],[79.19773101806635,26.977401733398438],[79.20313408606543,26.977958477503464]],[[79.32044304419416,26.96699170688751],[79.31606755114043,26.967400755176893],[79.31835729719741,26.964874598699268],[79.32044304419416,26.96699170688751]],[[79.3441530145446,26.937964440241736],[79.34082085380209,26.937619676414915],[79.34055841481886,26.92934495381243],[79.3441530145446,26.937964440241736]],[[79.83747100830078,26.78026008605957],[79.74594189341707,26.798738845758482],[79.66748809814482,26.74847984313965],[79.83747100830078,26.78026008605957]],[[79.9351806640625,26.949369430541992],[79.93933942132708,26.860039324498924],[79.95616912841803,26.865289688110295],[79.9351806640625,26.949369430541992]],[[79.33302307128923,26.406940460205192],[79.46613371623394,26.435270983296796],[79.46553039550776,26.4366512298584],[79.33302307128923,26.406940460205192]],[[79.49794819501494,26.369134701330484],[79.55923779630099,26.359529783257642],[79.56167602539062,26.36642074584961],[79.49794819501494,26.369134701330484]],[[79.5564591920352,26.351676846823203],[79.52027130126947,26.319829940796012],[79.53504315266048,26.29115048905519],[79.5564591920352,26.351676846823203]],[[79.53851286377098,26.284414067890765],[79.54045104980497,26.280651092529354],[79.7571792602539,26.188320159912337],[79.53851286377098,26.284414067890765]],[[79.73632049560558,26.13992118835472],[79.7782592773438,26.113660812378043],[79.77908252185262,26.113552717808684],[79.73632049560558,26.13992118835472]],[[78.99256006191803,26.67952345317145],[78.97962188720709,26.57407951354992],[78.9973220825197,26.68099021911638],[78.99256006191803,26.67952345317145]],[[79.04846191406256,26.456050872802734],[79.06776226984339,26.48745741470154],[79.05824693667385,26.493114264258878],[79.04846191406256,26.456050872802734]],[[79.04846191406256,26.456050872802734],[79.11143699733287,26.420662383508112],[79.29178955171142,26.44147497660216],[79.04846191406256,26.456050872802734]],[[79.00437927246111,26.090080261230412],[78.9426727294923,26.13914108276373],[78.99922254213372,26.08551792089028],[79.00437927246111,26.090080261230412]],[[79.07766110541962,26.36744113240028],[79.07675933837902,26.366020202636776],[79.07736222205061,26.36579750133139],[79.07766110541962,26.36744113240028]],[[79.712158203125,26.666660308837947],[79.71101415879563,26.668755785763526],[79.62899780273438,26.605789184570426],[79.712158203125,26.666660308837947]],[[79.30681638863776,26.657468921048324],[79.30346912705984,26.648159122991814],[79.30616760253912,26.650880813598746],[79.30681638863776,26.657468921048324]],[[78.79158829319678,27.35721343418628],[78.81629943847673,27.359550476074276],[78.81912190378407,27.364748827192823],[78.79158829319678,27.35721343418628]],[[78.8801132139371,27.47336805275744],[78.94993591308622,27.425159454345703],[78.88114166259783,27.4754314422608],[78.8801132139371,27.47336805275744]],[[79.23857897977966,27.342524826057144],[79.2765779874302,27.31629165125009],[79.2186813354495,27.419492721557617],[79.23857897977966,27.342524826057144]],[[79.31211511044928,27.66926466442028],[79.19769707167073,27.715539098719926],[79.12561798095732,27.708610534668082],[79.31211511044928,27.66926466442028]],[[79.44214110533672,27.641832682289408],[79.45085400213168,27.639994495783746],[79.44998931884771,27.64093971252447],[79.44214110533672,27.641832682289408]],[[79.66658020019531,27.17411994934082],[79.66816889259819,27.17694561409823],[79.55219268798834,27.164569854736442],[79.66658020019531,27.17411994934082]],[[79.42449951171903,27.072612762451286],[79.42013602994066,27.082262724384513],[79.39655960693602,27.044252754604315],[79.42449951171903,27.072612762451286]],[[79.38576374104433,27.158278002150087],[79.38652038574247,27.103771209716797],[79.41152171218988,27.10131352890213],[79.38576374104433,27.158278002150087]],[[79.35491132307156,27.220544718338424],[79.38514709472662,27.202699661254826],[79.38553458409076,27.174785896189547],[79.3991425465776,27.219055127975864],[79.35491132307156,27.220544718338424]],[[79.31810655204528,27.242266778135857],[79.30819808588024,27.259928668389538],[79.30724334716814,27.24867820739769],[79.31810655204528,27.242266778135857]],[[78.99279785156256,27.846031188964844],[79.11718750000011,27.85135078430187],[78.98857296134867,27.854941111029632],[78.99279785156256,27.846031188964844]],[[79.32129669189482,27.7339706420899],[79.33789345291984,27.673541835197934],[79.34560219280924,27.783848400997748],[79.32129669189482,27.7339706420899]],[[79.36470031738287,27.823040008544922],[79.35661980289171,27.806457838316863],[79.37526860392644,27.8254660833624],[79.36470031738287,27.823040008544922]],[[79.96589660644537,29.122781753540153],[79.95792171139104,29.06910669912646],[79.96087202552243,29.071332832955157],[79.96589660644537,29.122781753540153]],[[79.9950790405274,29.095550537109375],[79.99401737951627,29.094428367807907],[80.05895996092973,29.079248428346812],[79.9950790405274,29.095550537109375]],[[79.76229496519558,28.886939698838187],[79.80863189697294,28.862831115722656],[79.774467468262,28.891830444335938],[79.76229496519558,28.886939698838187]],[[79.85404968261713,28.844289779663086],[79.87563323974615,28.818340301513867],[79.87563323974626,28.8183403015139],[79.85404968261713,28.844289779663086]],[[79.84053039550831,28.80866050720234],[79.84053039550781,28.808660507202205],[79.90129089355474,28.802120208740234],[79.84053039550831,28.80866050720234]],[[79.94723617583722,28.726789103818145],[79.9528884887697,28.71752166748047],[79.96690896982554,28.722103288064194],[79.94723617583722,28.726789103818145]],[[80.0001622827366,28.732969824119813],[80.01362609863287,28.73736953735363],[80.02977014457407,28.77264545994558],[80.0001622827366,28.732969824119813]],[[79.38018035888678,28.76673126220703],[79.3763162217122,28.824266646653083],[79.36089324951178,28.82295036315918],[79.38018035888678,28.76673126220703]],[[79.37313484219447,28.871636055489212],[79.37269017959609,28.87825689537947],[79.37085723876959,28.876871109009016],[79.37313484219447,28.871636055489212]],[[79.37455512951341,28.87966688207387],[79.40795684501396,28.863128517814758],[79.39392983903215,28.894315040920198],[79.37455512951341,28.87966688207387]],[[79.41836740711615,28.8579738823235],[79.53669182447724,28.89177101550331],[79.5364532470706,28.892539978027628],[79.41836740711615,28.8579738823235]],[[79.58827972412115,28.622049331665266],[79.72342064820015,28.522643827384126],[79.59504312756907,28.633911726651604],[79.58827972412115,28.622049331665266]],[[79.74613952636736,28.456390380859375],[79.73723602294928,28.510669708251953],[79.73626373318939,28.51151241528143],[79.74613952636736,28.456390380859375]],[[79.6766860991353,28.350271182413152],[79.6917266845706,28.378578186035327],[79.66071319580078,28.397359848022404],[79.6766860991353,28.350271182413152]],[[79.03823089599621,29.166290283203125],[79.1321249584043,29.12424806288938],[79.02192765779029,29.144756863129505],[79.03823089599621,29.166290283203125]],[[79.16562652587896,29.017299652099837],[79.20403289794916,29.029100418090877],[79.1641686040568,29.02367948567992],[79.16562652587896,29.017299652099837]],[[78.83008444265408,28.683541186140456],[78.82807159423857,28.666240692138786],[78.9265975952149,28.568628311157283],[78.83008444265408,28.683541186140456]],[[78.83663079011225,28.729093863054366],[78.83551788330107,28.73024177551281],[78.8339437954581,28.7167124421187],[78.83663079011225,28.729093863054366]],[[78.96082305908232,28.83135986328125],[78.91874921383497,28.867321129115286],[78.96437072753912,28.769319534301815],[78.96082305908232,28.83135986328125]],[[78.87397621667976,28.968128439490528],[78.8724822998048,28.96670913696306],[78.87415912879909,28.963107066309814],[78.87397621667976,28.968128439490528]],[[78.96232604980497,29.16681098937994],[78.90040588378923,29.15061950683588],[79.00057220459001,29.116550445556754],[78.96232604980497,29.16681098937994]],[[79.21055603027361,29.527259826660213],[79.02759458305414,29.595615953132157],[79.0162946434799,29.58364100213726],[79.21055603027361,29.527259826660213]],[[79.3390766650398,29.605886708666034],[79.32830047607428,29.614830017089957],[79.21055603027361,29.527259826660213],[79.3390766650398,29.605886708666034]],[[79.10078755617246,29.682657974674992],[79.10484313964838,29.687480926513672],[79.1166305541995,29.786359786987305],[79.10078755617246,29.682657974674992]],[[79.06996154785156,29.890621185302734],[79.1668472290039,29.914600372314567],[79.19174123174678,29.950200688717217],[79.06996154785156,29.890621185302734]],[[79.21501922607428,29.983489990234432],[79.27275848388672,29.932701110839844],[79.18339172856588,30.04890497221313],[79.21501922607428,29.983489990234432]],[[79.36157226562494,29.93296051025402],[79.41224670410162,29.940521240234375],[79.41370875744985,29.94209826049614],[79.36157226562494,29.93296051025402]],[[79.46150207519543,30.006870269775504],[79.51362070598638,30.009400410916204],[79.47384643554693,30.029542922973746],[79.42308297776188,29.952209612033446],[79.45675659179682,29.9885311126709],[79.49510955810547,29.87757110595703],[79.46150207519543,30.006870269775504]],[[79.69003908403447,29.818163113468188],[79.69262695312506,29.82585906982422],[79.49510955810547,29.87757110595703],[79.69003908403447,29.818163113468188]],[[79.78631591796903,29.340869903564567],[79.80159759521479,29.286760330200423],[79.80543447026885,29.284644251627707],[79.78631591796903,29.340869903564567]],[[79.88735198974615,29.354152679443416],[79.8851612716689,29.355901476366498],[79.84564971924046,29.319599151613122],[79.88735198974615,29.354152679443416]],[[79.82164764404314,29.406602859497184],[79.82164764404297,29.406602859497184],[79.82164764404435,29.406602859496218],[79.82164764404314,29.406602859497184]],[[79.86242061399409,29.469975721175242],[79.83150526274191,29.439065274008005],[79.84244219264374,29.438923537968947],[79.86242061399409,29.469975721175242]],[[79.99931672454251,29.511891887240356],[79.88468933105474,29.49224090576172],[79.8820453304556,29.489597324578916],[79.99931672454251,29.511891887240356]],[[79.7277548168322,29.44040981743892],[79.7130859185739,29.454433303226597],[79.72151184082031,29.440490722656364],[79.7277548168322,29.44040981743892]],[[79.7957641459102,30.027131211974204],[79.71514845180957,30.01918373854706],[79.79334259033214,30.022979736328182],[79.7957641459102,30.027131211974204]],[[79.78553771972685,30.288461685180664],[79.78553771972686,30.28846168518063],[79.85916900634783,30.27379035949715],[79.78553771972685,30.288461685180664]],[[88.49192810058594,26.85353088378912],[88.47728729248053,26.875551223754996],[88.43439839914299,26.81913999296706],[88.49192810058594,26.85353088378912]],[[88.44577789306646,26.700218200683707],[88.43085735893551,26.814482506591716],[88.42887878417997,26.811880111694563],[88.44577789306646,26.700218200683707]],[[83.16686872708571,27.231475241901855],[83.1596908569336,27.225610733032227],[83.15988518054927,27.22413464107902],[83.16686872708571,27.231475241901855]],[[83.1588620131083,27.161294914748247],[83.11360168457037,27.16247940063505],[83.15918731689459,27.14875030517601],[83.1588620131083,27.161294914748247]],[[83.12877319553856,27.049978269872923],[83.12393467942907,27.047762432055087],[83.13293167640961,27.01914193450547],[83.12877319553856,27.049978269872923]],[[83.20600128173857,27.020790100097884],[83.1361670422305,27.00884985818829],[83.13672637939459,27.00707054138195],[83.20600128173857,27.020790100097884]],[[83.19560983957089,26.98099199027764],[83.32329853683238,26.930920518343566],[83.20680175914057,27.019840111833823],[83.19560983957089,26.98099199027764]],[[83.34928894042983,26.96525955200221],[83.34928894043003,26.96525955200217],[83.34928894042986,26.965259552002237],[83.34928894042983,26.96525955200221]],[[83.52061705904165,26.8610052127741],[83.51867675781267,26.85737037658714],[83.61071777343761,26.75629997253418],[83.52061705904165,26.8610052127741]],[[83.59263610839872,26.51760101318365],[83.62222290039062,26.66020965576172],[83.61071777343761,26.75629997253418],[83.59263610839872,26.51760101318365]],[[83.84498179698774,26.748745886379286],[83.83341217041033,26.760009765625],[83.62222290039062,26.66020965576172],[83.84498179698774,26.748745886379286]],[[83.48444462498357,26.47076687534621],[83.47038269042963,26.464679718017635],[83.47918513976788,26.40511399092927],[83.48444462498357,26.47076687534621]],[[83.4800575628429,26.399210348341203],[83.48073577880876,26.394620895385856],[83.51864624023432,26.401290893554744],[83.4800575628429,26.399210348341203]],[[83.62565612792969,26.225700378417912],[83.65824890136747,26.31669998168951],[83.61979675292969,26.220500946044922],[83.73764801025408,26.264610290527287],[83.62565612792969,26.225700378417912]],[[83.5252304077149,26.279930114746094],[83.4782067173511,26.2569463061268],[83.61979675292969,26.220500946044922],[83.5252304077149,26.279930114746094]],[[83.80219268798834,26.193229675293082],[83.82654184790903,26.185628722189506],[83.73764801025408,26.264610290527287],[83.80219268798834,26.193229675293082]],[[83.67940506575924,26.022644062285046],[83.68049621582037,26.012020111083984],[83.78877258300798,25.98891830444336],[83.67940506575924,26.022644062285046]],[[83.80442047119158,25.77511978149414],[83.7214965820313,25.851100921631087],[83.78977203369146,25.925001144409293],[83.73703002929682,25.86944961547863],[83.63957977294922,25.896650314331055],[83.80442047119158,25.77511978149414]],[[83.84922790527361,25.798532485961914],[83.94018357418675,25.740242225641175],[83.94214630126959,25.758489608764762],[83.84922790527361,25.798532485961914]],[[83.93395418681031,25.682327898643617],[83.91439819335966,25.63520050048828],[83.92599641282317,25.608344841078683],[83.93395418681031,25.682327898643617]],[[83.9209823608399,25.561729431152457],[83.87173658803033,25.505561306131252],[84.07650756835896,25.63753128051735],[83.9209823608399,25.561729431152457]],[[83.82613410914252,25.451105998679118],[83.81150027509959,25.433631292227933],[83.83937072753912,25.438779830932674],[83.82613410914252,25.451105998679118]],[[83.69458007812506,25.396099090576115],[83.9632183573988,25.283542233587212],[83.78202929240162,25.398722034426978],[83.69458007812506,25.396099090576115]],[[83.3358612060548,25.183570861816406],[83.55274273188692,25.312065485669866],[83.54600504456083,25.314374335552774],[83.3358612060548,25.183570861816406]],[[83.39548076127828,24.777268196174056],[83.38680267333996,24.784219741821296],[83.31356048584013,24.787361145019474],[83.39548076127828,24.777268196174056]],[[83.51264953613287,24.683410644531193],[83.48823759217663,24.702965729010128],[83.51688472245853,24.63978680417333],[83.51264953613287,24.683410644531193]],[[83.52629089355469,24.54290008544922],[83.52253300125254,24.581607637199124],[83.49816894531256,24.527059555053768],[83.70112609863293,24.543291091918945],[83.52629089355469,24.54290008544922]],[[83.40618639865647,24.504430967658138],[83.602374999019,24.516515977662475],[83.49816894531256,24.527059555053768],[83.40618639865647,24.504430967658138]],[[83.39556554737136,24.50181813652595],[83.39301300048828,24.501190185546932],[83.40013885498058,24.408679962158203],[83.39556554737136,24.50181813652595]],[[83.45139312744146,24.36474990844738],[83.37593841552763,24.314540863037337],[83.37593841552766,24.314540863037294],[83.45139312744146,24.36474990844738]],[[83.50670623779303,24.02824020385748],[83.32356262207031,24.101329803466854],[83.40188598632633,24.26600074767667],[83.30149029439215,24.07230981715712],[83.50670623779303,24.02824020385748]],[[83.93525695800781,23.563039779663125],[83.93525695800798,23.563039779663086],[83.9378890991211,23.6224308013916],[83.93525695800781,23.563039779663125]],[[83.9378890991211,23.6224308013916],[84.00242752617208,23.62131900373635],[84.06228637695312,23.691619873046875],[83.9378890991211,23.6224308013916]],[[83.98495154136319,23.720904243539252],[83.9865112304687,23.708839416503963],[84.06228637695312,23.691619873046875],[83.98495154136319,23.720904243539252]],[[84.01838923011002,23.582253529085495],[84.00217524622076,23.52023618993864],[84.02511596679693,23.5657901763916],[84.01838923011002,23.582253529085495]],[[83.97241263919643,23.406396327611862],[83.96582794189459,23.381210327148494],[83.97393920145153,23.380457326833046],[83.97241263919643,23.406396327611862]],[[84.03194351611263,23.37507255681914],[84.04005066165858,23.37431993842361],[84.03803253173828,23.376169204711857],[84.03194351611263,23.37507255681914]],[[84.0471934596159,23.367774802090516],[84.0702514648437,23.329990386962947],[84.08655048506405,23.331710909654774],[84.0471934596159,23.367774802090516]],[[83.98863381772895,23.175345773596067],[83.96277618408209,23.179641723632926],[83.92421722412115,23.146379470825195],[83.98863381772895,23.175345773596067]],[[83.8181648066529,23.220561101588032],[83.78388214111334,23.244541168212947],[83.73727843273902,23.218687089996532],[83.8181648066529,23.220561101588032]],[[83.67219128313437,23.217179121881323],[83.65161132812517,23.224100112915153],[83.63576810096838,23.216335253349758],[83.67219128313437,23.217179121881323]],[[83.54789733886724,23.1732692718507],[83.49617767334001,23.070762634277287],[83.4967273900706,23.070286711520616],[83.54789733886724,23.1732692718507]],[[83.54386138916033,23.029479980468807],[83.50451660156278,22.94712066650402],[83.5082534103389,22.9436867492936],[83.54386138916033,23.029479980468807]],[[83.64132690429705,22.821399688720703],[83.62565612792969,22.712659835815543],[83.62736449775176,22.711529279152497],[83.64132690429705,22.821399688720703]],[[83.67946624755876,22.677049636840877],[83.6699559240924,22.636576324923563],[83.67552947998053,22.633609771728572],[83.67946624755876,22.677049636840877]],[[83.5535964965822,22.698509216308594],[83.46983663079793,22.664735698013082],[83.50015258789062,22.65782928466797],[83.5535964965822,22.698509216308594]],[[83.40386424533004,22.641068353970464],[83.39070129394548,22.73558998107933],[83.39380800504064,22.629516703414513],[83.40386424533004,22.641068353970464]],[[83.21499633789057,22.78983116149908],[83.1140897583416,22.722792798346962],[83.21798706054699,22.784570693969727],[83.39070129394548,22.73558998107933],[83.21499633789057,22.78983116149908]],[[83.48804521503111,22.492271862395636],[83.48950195312517,22.491270065307617],[83.58249664306669,22.538940429687614],[83.48804521503111,22.492271862395636]],[[83.79751586914062,22.289489746093864],[83.75279998779303,22.242860794067383],[83.86100769042963,22.343780517578352],[83.79751586914062,22.289489746093864]],[[83.5596813894432,22.10338051358446],[83.55726623535162,22.09997940063488],[83.60031890869158,22.065509796142578],[83.5596813894432,22.10338051358446]],[[83.58194035849648,21.842287269979877],[83.57433553303787,21.838341283646475],[83.581148671227,21.83935972336617],[83.58194035849648,21.842287269979877]],[[83.53332352234804,21.817061001203708],[83.51099474150196,21.80547505954869],[83.53656768798822,21.79393005371105],[83.53332352234804,21.817061001203708]],[[83.48776735291875,21.79342284896099],[83.46717834472673,21.78273963928234],[83.48112715800954,21.74885004949472],[83.48776735291875,21.79342284896099]],[[83.47929563922004,21.73655584415294],[83.41974639892584,21.675020217895508],[83.47801971435541,21.72799110412609],[83.47929563922004,21.73655584415294]],[[83.47911145334248,21.629708318065617],[83.55280303955078,21.7401580810548],[83.48307800292974,21.639600753784293],[83.41974639892584,21.675020217895508],[83.47911145334248,21.629708318065617]],[[83.81642913818375,21.59082031250009],[83.79929115147831,21.57036615624156],[83.7992911514784,21.57036615624146],[83.81642913818375,21.59082031250009]],[[83.8425369262697,21.406499862671012],[83.90575063712407,21.239353598561628],[83.90641784667969,21.241880416870174],[83.8425369262697,21.406499862671012]],[[83.90172567854592,21.224110502984242],[83.83776855468827,21.09309005737439],[83.88849639892578,21.17400932312023],[83.90172567854592,21.224110502984242]],[[83.97905731201183,21.13042068481451],[84.00804566371144,21.062818411853698],[83.88849639892578,21.17400932312023],[83.97905731201183,21.13042068481451]],[[84.14106750488298,21.03094291687023],[84.1410675048825,21.030942916870305],[84.15405273437506,20.970901489257926],[84.14106750488298,21.03094291687023]],[[84.27603149414091,20.922170639038143],[84.32221686401772,20.940347825972356],[84.26069641113287,20.884309768676815],[84.27603149414091,20.922170639038143]],[[84.24502310189875,20.88140448941265],[84.32749584283577,20.844251113980594],[84.26069641113287,20.884309768676815],[84.24502310189875,20.88140448941265]],[[84.4221786257307,21.01387837477044],[84.37603627817398,20.961529545517262],[84.39486694335966,20.968940734863338],[84.4221786257307,21.01387837477044]],[[84.73874664306669,21.165990829467887],[84.7465073036404,21.160731558766166],[84.73309927498971,21.179454459662335],[84.73874664306669,21.165990829467887]],[[84.72091537985644,21.208501523031728],[84.76596069335943,21.250110626220703],[84.7181015014649,21.215209960937557],[84.72091537985644,21.208501523031728]],[[84.72918701171886,21.297990798950195],[84.70153700742725,21.304746292628877],[84.76596069335943,21.250110626220703],[84.72918701171886,21.297990798950195]],[[84.5644073486331,21.24916076660162],[84.6734757831543,21.311602256237155],[84.66603851318365,21.31341934204096],[84.5644073486331,21.24916076660162]],[[84.49649337749621,21.67118621236225],[84.6211776733399,21.693500518798942],[84.49887084960955,21.678289413452262],[84.49649337749621,21.67118621236225]],[[84.6606615678116,21.7303513986528],[84.68776346133605,21.720554142488805],[84.67356762828724,21.742396808315096],[84.6606615678116,21.7303513986528]],[[84.75273132324186,21.620590209961648],[84.75273132324219,21.62059020996088],[84.75273132324229,21.620590209961],[84.75273132324186,21.620590209961648]],[[85.14418792724615,21.589630126953182],[85.04560089111334,21.58455085754406],[85.17793510220822,21.5756878936079],[85.14418792724615,21.589630126953182]],[[85.1948677753145,21.65674418912699],[85.17481179347452,21.6198397524879],[85.24497222900419,21.671640396118164],[85.1948677753145,21.65674418912699]],[[85.31974145156524,21.49566052178264],[85.32296752929716,21.505310058593977],[85.24497222900419,21.671640396118164],[85.31974145156524,21.49566052178264]],[[85.31059917630962,21.468315017752868],[85.26527953950117,21.445873082217876],[85.30259704589844,21.444379806518555],[85.31059917630962,21.468315017752868]],[[85.25721515281681,21.441879659965526],[85.25475311279314,21.44066047668457],[85.33763885498075,21.353889465332088],[85.25721515281681,21.441879659965526]],[[85.36292266845703,21.235557556152344],[85.38886260986328,21.17947959899925],[85.49179077148432,21.10787963867199],[85.36292266845703,21.235557556152344]],[[85.73087631534025,21.134299951890302],[85.68152618408214,21.179840087890625],[85.72268676757818,21.137769699096793],[85.67916870117193,21.112279891967773],[85.73087631534025,21.134299951890302]],[[86.02307891845709,21.06723022460949],[86.08159637451189,21.16232109069847],[85.92929840087919,21.130430221557617],[85.8819427490235,21.080390930175895],[86.08159637451172,21.1623210906983],[86.02307891845709,21.06723022460949]],[[86.3243560791015,20.859212875366268],[86.56489012161309,20.859439636077568],[86.3243560791015,20.85921287536644],[86.27702331542997,20.900249481201286],[86.31886777777382,21.05746059898206],[86.27124267294397,21.021019640266633],[86.2770233154298,20.900249481201286],[86.3243560791015,20.859212875366268]],[[86.26906585693376,21.141040802001953],[86.33503723144526,21.173891067505167],[86.3368267211275,21.18106868828819],[86.26906585693376,21.141040802001953]],[[86.36927032470709,21.225677490234432],[86.35458008315138,21.2963002793127],[86.34905524420537,21.230117141744426],[86.44418334960955,21.195329666137866],[86.36927032470709,21.225677490234432]],[[86.43031311035162,21.154052734374943],[86.55584991895141,21.14862088944114],[86.55342102050776,21.151130676269588],[86.43031311035162,21.154052734374943]],[[86.56959439476736,21.13441868825111],[86.63771057128935,21.05491256713873],[86.63972141777322,21.061956260223837],[86.56959439476736,21.13441868825111]],[[86.66716003417986,21.15806961059593],[86.66716003417966,21.158069610595074],[86.77120208740263,21.16526031494169],[86.66716003417986,21.15806961059593]],[[86.76814634539114,21.215400789256392],[86.77796586665477,21.216509021075368],[86.76796722412138,21.21833992004423],[86.76814634539114,21.215400789256392]],[[80.38218688964872,25.009740829467773],[80.3815145777165,25.011706241126586],[80.37535126067445,25.01095683926263],[80.38218688964872,25.009740829467773]],[[80.41657378587095,25.074240579238115],[80.40991973876953,25.076719284057617],[80.36576080322294,25.057760238647575],[80.41657378587095,25.074240579238115]],[[80.51495618494707,25.046510195012992],[80.47762821283276,25.09752641570415],[80.4900414365218,25.058443092848773],[80.51495618494707,25.046510195012992]],[[80.60678100585943,25.07217979431158],[80.47612762451178,25.102251052856502],[80.4763980518759,25.101399606024824],[80.60678100585943,25.07217979431158]],[[80.59758120273122,25.14752229672491],[80.5945892333985,25.155241012573185],[80.59640100845701,25.142897586376705],[80.59758120273122,25.14752229672491]],[[80.61593143499854,25.100182162896537],[80.6019936253962,25.104795696128313],[80.60208134190849,25.104198093081234],[80.61593143499854,25.100182162896537]],[[80.71441650390653,25.067752838134993],[80.673568725586,25.054170608520735],[80.77593994140625,25.061691284179688],[80.71441650390653,25.067752838134993]],[[80.69417875951561,25.163652380843434],[80.68527221679682,25.15834999084484],[80.68785807059471,25.15031167477515],[80.69417875951561,25.163652380843434]],[[80.80354309082031,25.26679992675787],[80.74311828613298,25.25542068481451],[80.75689899455855,25.245042145371126],[80.80354309082031,25.26679992675787]],[[80.99025726318354,25.47998046875],[80.99434920879007,25.491931431505254],[80.75061798095709,25.328319549560604],[80.99025726318354,25.47998046875]],[[81.00835114694605,25.53282558247741],[81.01391404773223,25.5482342909952],[80.99141693115234,25.5752983093264],[81.00835114694605,25.53282558247741]],[[81.02868652343756,25.63028907775879],[81.0172608441906,25.6276676868552],[80.99141693115234,25.5752983093264],[81.02868652343756,25.63028907775879]],[[81.16017771681688,25.440135201916725],[81.20035819129211,25.464968269947402],[81.1827697753908,25.49151039123541],[81.16017771681688,25.440135201916725]],[[81.14293670654303,25.400928497314453],[81.15309246681413,25.39452375021303],[81.14793164197582,25.41228716800196],[81.14293670654303,25.400928497314453]],[[81.25650024414091,25.329309463500977],[81.25741085242305,25.329377910528333],[81.24739580379278,25.335051193944903],[81.25650024414091,25.329309463500977]],[[81.54161834716808,25.293638229370345],[81.60824101060597,25.344028544832717],[81.45149993896501,25.262239456176815],[81.54161834716808,25.293638229370345]],[[81.78665161132818,25.322219848632812],[81.62771606445312,25.354190826416016],[81.6179502535802,25.349094926771336],[81.78665161132818,25.322219848632812]],[[81.84436443643295,25.426400463008008],[81.81046295166033,25.412460327148438],[81.80726347498873,25.400334915398528],[81.84436443643295,25.426400463008008]],[[81.9046707153322,25.46876907348627],[81.86123657226568,25.516220092773438],[81.88993440352047,25.45841597151358],[81.9046707153322,25.46876907348627]],[[81.6582260131836,25.517200469970817],[81.77332305908209,25.47366905212408],[81.77937792053933,25.476599667073522],[81.6582260131836,25.517200469970817]],[[81.60027313232439,25.67115020751976],[81.58932970715202,25.587495858935615],[81.6582260131836,25.517200469970817],[81.60027313232439,25.67115020751976]],[[81.74893294652483,25.738528392949636],[81.74590301513683,25.737329483032227],[81.74207305908209,25.67228126525879],[81.74893294652483,25.738528392949636]],[[81.88111114501959,25.714559555053768],[81.78439331054693,25.752559661865348],[81.75071315963888,25.7392328033419],[81.88111114501959,25.714559555053768]],[[82.00995057644677,25.74463479073356],[81.92299652099626,25.755090713501033],[81.88111114501959,25.714559555053768],[82.00995057644677,25.74463479073356]],[[82.03112030029297,25.726890563964957],[82.00231170654297,25.701681137085075],[82.00373563435161,25.700580696963204],[82.03112030029297,25.726890563964957]],[[82.05271148681658,25.66273117065441],[82.07653819213317,25.668554761054928],[82.00464069243577,25.69988124982664],[82.05271148681658,25.66273117065441]],[[82.13737595271958,25.68342438712502],[82.1121826171875,25.646869659423942],[82.18044281005854,25.714801788330192],[82.13737595271958,25.68342438712502]],[[82.14559173584001,25.604240417480582],[82.162483883075,25.596148438626386],[82.1121826171875,25.646869659423942],[82.14559173584001,25.604240417480582]],[[82.17442230167912,25.83089199688498],[82.17076873779314,25.829471588134766],[82.18044281005854,25.714801788330192],[82.17442230167912,25.83089199688498]],[[82.31826162505693,25.521524995168516],[82.33140380646046,25.522086039766048],[82.24754851931449,25.55539925333252],[82.31826162505693,25.521524995168516]],[[82.50624084472656,25.444620132446346],[82.43589019775408,25.52001953125],[82.4172928837599,25.50468367010013],[82.50624084472656,25.444620132446346]],[[82.54453972736613,25.461951448499928],[82.54382324218767,25.463500976562614],[82.50624084472656,25.444620132446346],[82.54453972736613,25.461951448499928]],[[82.56195068359375,25.418029785156307],[82.56400810893804,25.419847571842823],[82.55128174780083,25.447370616716167],[82.56195068359375,25.418029785156307]],[[82.59853758453238,25.450355226082603],[82.59790039062506,25.453298568725643],[82.58051357060452,25.43443055953441],[82.59853758453238,25.450355226082603]],[[82.61012268066418,25.396841049194393],[82.70000364113521,25.391029619109773],[82.68738842975101,25.407549715619208],[82.61012268066418,25.396841049194393]],[[82.70139925115043,25.389202015002404],[82.66495836585888,25.255958676407268],[82.70242309570318,25.38786125183111],[82.70139925115043,25.389202015002404]],[[82.74433135986334,25.243200302124023],[82.7692909483941,25.27343793594008],[82.67776383897814,25.253900331236107],[82.74433135986334,25.243200302124023]],[[82.7698639771591,25.27356025608726],[82.77326965332031,25.232191085815487],[82.77634272509282,25.23417223007227],[82.7698639771591,25.27356025608726]],[[82.81142812403468,25.256791043349832],[82.81156158447277,25.25881958007824],[82.79716034211712,25.247592906665886],[82.81142812403468,25.256791043349832]],[[82.79535675048857,25.174762725830305],[82.8153337824475,25.18358080977306],[82.77587127685558,25.20727920532221],[82.79535675048857,25.174762725830305]],[[82.89337921142602,25.218030929565412],[82.8933792114259,25.21803092956543],[82.89337921142574,25.218030929565284],[82.89337921142602,25.218030929565412]],[[82.99378967285173,25.205039978027457],[82.99378967285188,25.205039978027653],[82.99378967285159,25.205039978027475],[82.99378967285173,25.205039978027457]],[[83.05452825359754,25.231674838420385],[83.04908946064428,25.23891094474652],[83.04411338025639,25.2358631093038],[83.05452825359754,25.231674838420385]],[[83.05775451538723,25.31124845761912],[83.0087280273438,25.305570602416992],[83.01301390766614,25.30092458066389],[83.05775451538723,25.31124845761912]],[[83.15345001220703,25.333330154418945],[83.18633270263683,25.4077091217041],[83.14303654839973,25.330927251899283],[83.15345001220703,25.333330154418945]],[[83.12433209398652,25.45041839947618],[83.12220764160162,25.44651031494152],[83.18633270263683,25.4077091217041],[83.12433209398652,25.45041839947618]],[[83.1276794405054,25.456576086631458],[83.20995402604596,25.526278352663198],[83.09377288818365,25.52733039855957],[83.16541290283203,25.525989532470646],[83.1276794405054,25.456576086631458]],[[83.32102966308622,25.46523094177246],[83.23953247070318,25.526010513305664],[83.21752739318822,25.526209774148903],[83.32102966308622,25.46523094177246]],[[83.76296997070307,21.15088272094738],[83.8377685546875,21.09309005737316],[83.83776855468756,21.09309005737325],[83.76296997070307,21.15088272094738]],[[83.60663604736328,21.12500953674322],[83.55125100880896,21.082846903226546],[83.76296997070307,21.15088272094738],[83.60663604736328,21.12500953674322]],[[83.45331912977785,21.04532416134907],[83.44352722167986,21.015140533447266],[83.46162408987522,21.00390791345082],[83.45331912977785,21.04532416134907]],[[83.50222015380888,20.978710174560547],[83.61206265446533,20.978151895995136],[83.48129419209869,20.99169879631616],[83.50222015380888,20.978710174560547]],[[83.56661987304693,20.848329544067496],[83.6345672607423,20.97582054138195],[83.6328800763514,20.975995324493663],[83.56661987304693,20.848329544067496]],[[83.59910583496105,20.524839401245117],[83.56503295898455,20.479339599609602],[83.72431945800781,20.60116004943842],[83.59910583496105,20.524839401245117]],[[83.65795496611216,20.41187828900737],[83.68603975483339,20.41491199720051],[83.65908050537126,20.41755294799803],[83.65795496611216,20.41187828900737]],[[83.64822756405347,20.362835406583017],[83.69848632812528,20.36483955383295],[83.65695035096087,20.4068132960679],[83.64822756405347,20.362835406583017]],[[83.71321105957031,20.233209609985465],[83.72190039964315,20.225993706388284],[83.69848632812528,20.36483955383295],[83.71321105957031,20.233209609985465]],[[83.78354644775419,20.174800872802734],[83.77897644042997,20.206710815429688],[83.74470020055044,20.2070600285712],[83.78354644775419,20.174800872802734]],[[83.44486999511736,19.966520309448242],[83.555160522461,19.92245864868164],[83.48874664306658,19.953510284423828],[83.44486999511736,19.966520309448242]],[[83.40114593505854,19.91731071472168],[83.40143940881302,19.91616675364676],[83.44486999511736,19.966520309448242],[83.40114593505854,19.91731071472168]],[[83.80100157420894,19.709606540108364],[83.76171112060553,19.706119537353516],[83.7331161499024,19.647590637207145],[83.80100157420894,19.709606540108364]],[[83.9253768920899,19.66975975036621],[83.80667114257812,19.710109710693303],[83.8021705001793,19.70971028154439],[83.9253768920899,19.66975975036621]],[[83.92612660845745,19.62322606573669],[83.96088725240449,19.62364928249519],[83.9253768920899,19.66975975036621],[83.92612660845745,19.62322606573669]],[[83.92707824707037,19.56415939331066],[83.96984863281256,19.522880554199332],[83.92633690979663,19.610173001113715],[83.92707824707037,19.56415939331066]],[[84.02142930473381,19.049450664658846],[84.02292633056652,19.04924964904791],[83.97550201416578,19.20085906980627],[84.02142930473381,19.049450664658846]],[[83.9510879516601,18.97755050659184],[83.95108795166016,18.977550506591797],[83.95108795166016,18.977550506591825],[83.9510879516601,18.97755050659184]],[[83.81649956496229,19.001647066193208],[83.85527801513683,18.97091102600109],[83.88079842586731,18.99013506748282],[83.81649956496229,19.001647066193208]],[[83.78890260632025,19.006587995905274],[83.88687896728521,18.805408477783317],[83.80051839130533,19.004508318289123],[83.78890260632025,19.006587995905274]],[[83.77565002441412,19.008960723876896],[83.76215447146741,18.99754728081661],[83.78635436446893,19.007044230378067],[83.77565002441412,19.008960723876896]],[[83.56516682734144,19.059900467104125],[83.62844085693365,19.131500244140568],[83.8160629272461,18.824209213256836],[83.62328338623053,19.15363121032715],[83.56516682734144,19.059900467104125]],[[83.59841561098928,18.551498606405477],[83.59829711914068,18.55306053161644],[83.5115966796875,18.550340652465934],[83.59841561098928,18.551498606405477]],[[83.5829836085797,18.45537432342995],[83.58445739746094,18.45808029174816],[83.55142974853544,18.488639831543196],[83.5829836085797,18.45537432342995]],[[83.49060040058012,18.42825210294747],[83.56488800048834,18.42214965820324],[83.5809741239391,18.451684784281817],[83.49060040058012,18.42825210294747]],[[83.40608978271513,18.406339645385742],[83.42388153076189,18.314420700073242],[83.4261903150298,18.41155144092624],[83.40608978271513,18.406339645385742]],[[80.63268280029314,18.518840789794922],[80.50050498629598,18.61564255473979],[80.7265396118164,18.40899085998541],[80.63268280029314,18.518840789794922]],[[80.78692263154662,18.253272513997757],[80.7881164550783,18.25403976440424],[80.7265396118164,18.40899085998541],[80.78692263154662,18.253272513997757]],[[81.15956878662115,17.852630615234318],[81.03598584799322,17.791480721012967],[81.03765106201178,17.78623962402355],[81.15956878662115,17.852630615234318]],[[81.26336669921903,17.81046295166027],[81.36936305436078,17.80672163655286],[81.15956878662115,17.852630615234318],[81.26336669921903,17.81046295166027]],[[81.3849716186524,17.806592941284293],[81.39382934570003,17.88513946530363],[81.3844529651773,17.806189013414716],[81.48583984375017,17.80261039733881],[81.61115264892595,17.81536293029785],[81.66306304931646,17.876930236816463],[81.61115264892578,17.81536293029785],[81.3849716186524,17.806592941284293]],[[81.39382934570341,17.885139465332088],[81.39382934570341,17.885139465332053],[81.43725585937506,17.875938415527344],[81.39382934570341,17.885139465332088]],[[81.65809631347662,18.339290618896428],[81.74491119384771,18.345350265502987],[81.83279428588817,18.47574824925155],[81.74491119384771,18.345350265503157],[81.65809631347662,18.339290618896428]],[[81.9382948157148,18.571912597071446],[81.89451690484081,18.53200877616142],[81.94690704345709,18.55915069580078],[81.9382948157148,18.571912597071446]],[[81.75610558909551,18.60084788964375],[81.94744110107428,18.628820419311637],[81.89317321777372,18.653881072998047],[81.75610558909551,18.60084788964375]],[[82.08489990234375,18.73269081115734],[82.15528894398673,18.78648271685539],[82.08141326904325,18.755870819091797],[82.08489990234375,18.73269081115734]],[[82.21710205078129,18.66167068481436],[82.25678253173828,18.58054161071783],[82.30680847167974,18.57072830200201],[82.25678253173845,18.58054161071783],[82.21710205078129,18.66167068481436]],[[82.35736846923834,18.615829467773438],[82.44094848632824,18.59150123596197],[82.40071632905064,18.513858034527935],[82.44094848632841,18.59150123596214],[82.35736846923834,18.615829467773438]],[[82.42853540523606,18.485630719627768],[82.41017793112742,18.500522049037833],[82.42420364450274,18.48075301747807],[82.42853540523606,18.485630719627768]],[[82.4767071481509,18.53347494821968],[82.5231323242188,18.50392913818365],[82.48161315917963,18.538459777832145],[82.4767071481509,18.53347494821968]],[[82.59902191162115,18.371618270874023],[82.53230285644543,18.393449783325195],[82.59611656309,18.35548334020095],[82.59902191162115,18.371618270874023]],[[82.88461303710966,18.412759780883846],[82.79917144775419,18.439401626586914],[82.8966085232405,18.375157186844127],[82.88461303710966,18.412759780883846]],[[82.97570682669968,18.366061741376765],[82.92178182755465,18.35855934845391],[82.93268585205107,18.351369857788086],[82.97570682669968,18.366061741376765]],[[83.05941926190145,18.42282650687775],[83.05737814975242,18.39395291726539],[83.09326934814482,18.406209945678768],[83.05941926190145,18.42282650687775]],[[83.39269057142637,18.844316496919895],[83.3508376989222,18.815451856938186],[83.3987121582033,18.833528518676815],[83.39269057142637,18.844316496919895]],[[83.3501663208009,18.915929794311467],[83.35577707060249,18.91044890661796],[83.35241126286712,18.916478921955218],[83.3501663208009,18.915929794311467]],[[83.33768479145708,18.93772774021933],[83.354211292674,18.948805153113096],[83.34575653076178,18.957099914550838],[83.33768479145708,18.93772774021933]],[[83.3249930052489,18.929220666983312],[83.30432891845709,18.986989974975813],[83.31991577148438,18.925817489624137],[83.3249930052489,18.929220666983312]],[[83.36745758145796,18.993589605733288],[83.33976226140344,19.021967250322295],[83.3071768473246,18.989801247745564],[83.36745758145796,18.993589605733288]],[[83.45939636230474,19.06967163085949],[83.45155464475859,18.949842666298743],[83.45548248291044,18.945579528808594],[83.45939636230474,19.06967163085949]],[[81.0229037600839,16.799309207152838],[81.02704620361357,16.807090759277344],[80.92748260498075,16.947790145874023],[81.0229037600839,16.799309207152838]],[[80.20473454446194,17.03525135580165],[80.19426727294933,17.042512893676815],[80.19134325184268,17.04099134729346],[80.20473454446194,17.03525135580165]],[[80.37293243408209,16.81110000610363],[80.28898620605486,16.97680282592779],[80.27592276842839,16.985865421370182],[80.37293243408209,16.81110000610363]],[[80.384225891294,17.056674765378666],[80.37416076660185,17.063110351562557],[80.35824584960943,16.970630645751953],[80.384225891294,17.056674765378666]],[[80.65664672851591,17.08776283264166],[80.56017303466797,17.1380290985108],[80.49611663818376,17.10786056518566],[80.65664672851591,17.08776283264166]],[[80.87030792236328,17.146301269531364],[80.83858079447926,17.04519663579427],[80.95140075683611,17.039569854736442],[80.85646057128912,17.0685195922851],[80.87030792236328,17.146301269531364]],[[82.21931086730419,16.73183696979864],[82.2176818847658,16.7516899108889],[82.17463684082037,16.72510910034174],[82.21931086730419,16.73183696979864]],[[81.01732689833382,17.18773931667695],[80.9053497314456,17.20129013061529],[80.99125671386736,17.179702758789176],[81.01732689833382,17.18773931667695]],[[81.32469940185553,17.390649795532283],[81.2671661376956,17.319999694824276],[81.32759379593514,17.388951213452668],[81.32469940185553,17.390649795532283]],[[81.42083833719983,17.369702303788554],[81.40788553513873,17.364402920024272],[81.41564941406267,17.361629486083984],[81.42083833719983,17.369702303788554]],[[81.49596249216017,17.486578887267495],[81.50602950093352,17.480802650484797],[81.50292968750028,17.58987998962408],[81.49596249216017,17.486578887267495]],[[81.75486956151401,17.8927694712353],[81.75829315185558,17.893360137939396],[81.76217718390646,17.89724174377001],[81.75486956151401,17.8927694712353]],[[82.00320746231779,18.04475252583876],[81.87361470034281,17.96544162019082],[81.97305297851568,18.00567054748535],[82.00320746231779,18.04475252583876]],[[82.01075744628906,17.833440780639705],[82.01108227502846,17.83600611457981],[81.85816955566406,17.743680953979435],[82.01075744628906,17.833440780639705]],[[82.25933074951178,17.613410949707145],[82.25287167473215,17.612555797635622],[82.33553314208984,17.575040817260856],[82.25933074951178,17.613410949707145]],[[82.38079231108962,17.47485302434798],[82.32345581054716,17.50615119934082],[82.36891937255876,17.4752712249757],[82.38079231108962,17.47485302434798]],[[82.4617462158206,17.5284099578858],[82.41243813986854,17.473738363017446],[82.44213104248041,17.472692489624023],[82.4617462158206,17.5284099578858]],[[81.7274375365622,17.0288670242787],[81.739273071289,16.803150177001953],[81.72931671142607,17.02490997314453],[81.7274375365622,17.0288670242787]],[[81.51999798362438,17.464474892542302],[81.64990234375006,17.312629699707145],[81.60408020019548,17.416591644287166],[81.51999798362438,17.464474892542302]],[[83.07367706298828,18.308240890502873],[83.0939559936524,18.350111007690487],[83.07540989249172,18.3169057127978],[83.07367706298828,18.308240890502873]],[[83.2157998411261,18.323774424485123],[83.21341705322277,18.327159881591854],[83.16464233398432,18.300411224365234],[83.2157998411261,18.323774424485123]],[[83.26345825195312,18.207361221313704],[83.26283264160185,18.256950378418082],[83.22355901552832,18.31275021537039],[83.26345825195312,18.207361221313704]],[[83.20590087631392,18.18468974819407],[83.21013641357428,18.180990219116325],[83.26345825195312,18.207361221313704],[83.20590087631392,18.18468974819407]],[[83.39395005244401,18.009537226899056],[83.39997100830107,18.03455924987793],[83.35079193115229,18.046489715576286],[83.39395005244401,18.009537226899056]],[[83.37577819824213,17.90283966064453],[83.37979774589975,17.905386487640925],[83.37730017067373,17.907084461144418],[83.37577819824213,17.90283966064453]],[[82.06347508140995,18.05379464416696],[82.024658203125,18.057880401611385],[82.01105530930444,18.049555416389214],[82.06347508140995,18.05379464416696]],[[82.24170684814395,17.979761123657685],[82.16034698486334,18.043598175048942],[82.13170894714959,18.046612535836115],[82.24170684814395,17.979761123657685]],[[82.2417068481447,17.979761123657227],[82.2669525146485,18.048271179199332],[82.24170684814456,17.979761123657312],[82.2417068481447,17.979761123657227]],[[82.35480230863423,18.257736982747943],[82.3060989379884,18.195659637451115],[82.36515808105474,18.13966941833496],[82.30609893798857,18.195659637451115],[82.35480230863423,18.257736982747943]],[[82.39301300048834,18.306440353393782],[82.33444213867193,18.3171329498291],[82.39301300048822,18.306440353393633],[82.39301300048834,18.306440353393782]],[[82.38442993164068,18.36911010742199],[82.37455871390743,18.386514922665306],[82.33444213867193,18.3171329498291],[82.38442993164068,18.36911010742199]],[[80.39041900634767,22.306480407714766],[80.41145324707037,22.246480941772518],[80.39041900634783,22.306480407714787],[80.39041900634767,22.306480407714766]],[[80.4999618530274,22.275592803955305],[80.69921875,22.204530715942383],[80.69921875,22.204530715942443],[80.4999618530274,22.275592803955305]],[[80.69921874999996,22.204530715949105],[80.69877827720616,22.27065485883113],[80.69712829589861,22.26979064941412],[80.69921874999996,22.204530715949105]],[[80.78952026367193,22.396482467651367],[80.88299333603912,22.35035815937026],[80.89197456695042,22.365927236575615],[80.78952026367193,22.396482467651538],[80.78050231933611,22.31345939636242],[80.78952026367193,22.396482467651367]],[[80.92123533028011,22.32792292802314],[80.90909576416021,22.278760910034293],[80.92479705810558,22.327400207519588],[80.92123533028011,22.32792292802314]],[[81.1138458251956,22.29438018798851],[81.10491943359375,22.432790756225643],[81.11384582519543,22.294380187988388],[81.1138458251956,22.29438018798851]],[[81.17066192626768,22.488000869749385],[81.17066192626973,22.488000869750973],[81.17066192626964,22.488000869751033],[81.17066192626768,22.488000869749385]],[[81.22355651855477,22.45160865783703],[81.34794616699236,22.5140895843507],[81.39655303955065,22.44132041931196],[81.37873840332043,22.505300521850643],[81.32293701171875,22.524330139160156],[81.22355651855477,22.45160865783703]],[[81.51906585693365,22.53998184204113],[81.3965530395509,22.441320419311612],[81.39655303955095,22.441320419311523],[81.47985839843778,22.493310928344727],[81.48345867966228,22.43607836956734],[81.49175262451189,22.517330169677678],[81.61579132080084,22.539020538330135],[81.51906585693365,22.53998184204113]],[[81.48475512589457,22.415469164184813],[81.48504638671875,22.410839080810604],[81.53269816817323,22.36808252084957],[81.48475512589457,22.415469164184813]],[[81.55474582994117,22.34629073136526],[81.51510620117199,22.313791275024414],[81.55661010742205,22.344448089599837],[81.55474582994117,22.34629073136526]],[[81.4999625960074,22.01598552397727],[81.46420288085966,22.01525115966797],[81.50581926789185,22.003849753728794],[81.4999625960074,22.01598552397727]],[[81.8887329101563,21.890092849731502],[81.93362856067874,21.81678982301843],[81.93362856067874,21.816789823018432],[81.8887329101563,21.890092849731502]],[[82.03521769966636,21.88141697957366],[82.04085776374656,21.879842914318584],[82.03668212890642,21.8824081420899],[82.03521769966636,21.88141697957366]],[[82.1776733398438,21.84165954589838],[82.19410705566412,21.761550903320256],[82.19885618841474,21.75970470976815],[82.1776733398438,21.84165954589838]],[[82.20304568615586,21.75807607057815],[82.32511901855474,21.71062088012701],[82.3586210378379,21.719682855425205],[82.20304568615586,21.75807607057815]],[[82.85932922363298,21.686309814453352],[82.37751770019548,21.75726127624523],[82.42964289437866,21.738893587296747],[82.85932922363298,21.686309814453352]],[[82.32949829101568,22.101591110229435],[82.42034912109403,22.136489868164176],[82.44192760858171,22.170643273545732],[82.32949829101568,22.101591110229435]],[[82.48143982572252,22.233181334672842],[82.34884643554716,22.32365036010765],[82.45865506993108,22.197118705097477],[82.48143982572252,22.233181334672842]],[[82.49323493456126,22.242508615327292],[82.53813171386736,22.206680297851676],[82.50238037109403,22.249740600586165],[82.49323493456126,22.242508615327292]],[[82.62925720214844,22.12232971191429],[82.61770629882818,22.25152015686041],[82.6087399449688,22.24646766374248],[82.62925720214844,22.12232971191429]],[[82.72006988525408,22.036949157714957],[82.72112552962682,22.039408767304955],[82.62925720214844,22.12232971191429],[82.72006988525408,22.036949157714957]],[[82.72470357824132,22.0477454789031],[82.74873877796504,22.103746542580126],[82.72341156005871,22.084751129150334],[82.72470357824132,22.0477454789031]],[[82.79303291317463,22.136967143987373],[82.84856433742159,22.164830833328317],[82.81597137451166,22.154170989990178],[82.79303291317463,22.136967143987373]],[[82.85904574723646,22.168258879649176],[82.90135493871992,22.14086458597089],[82.86431121826178,22.169981002807674],[82.85904574723646,22.168258879649176]],[[82.93213300881357,22.120936445974976],[82.97439124779675,22.093575142947355],[82.93693821433597,22.12338206332652],[82.93213300881357,22.120936445974976]],[[83.03202279599189,22.188716028959856],[83.04567718505876,22.197191238403434],[83.04087860383092,22.210288040902032],[83.03202279599189,22.188716028959856]],[[83.1126812940418,22.71332098295718],[83.00669860839872,22.639509201049805],[83.11012268066423,22.67411994934082],[83.10365295410173,22.363201141357536],[83.1126812940418,22.71332098295718]],[[82.05789947509771,20.049869537353516],[82.01510329325495,20.01973386108427],[82.02440643310558,20.010040283203068],[82.05789947509771,20.049869537353516]],[[82.59076690673845,19.866218566894474],[82.43949127197278,19.90291976928719],[82.59095562260507,19.86219748627585],[82.59076690673845,19.866218566894474]],[[82.57126617431635,19.82238006591797],[82.60597246539191,19.778907594416783],[82.5914431915282,19.85180856677379],[82.57126617431635,19.82238006591797]],[[82.64819711845072,19.998221296683518],[82.69820770120184,19.98629502677665],[82.72405464289002,20.01737427505322],[82.64819711845072,19.998221296683518]],[[82.37892913818365,20.144630432128963],[82.39086151123064,20.059589385986328],[82.39403595068197,20.05883236178031],[82.37892913818365,20.144630432128963]],[[82.36823272705084,20.62405967712408],[82.36823272705082,20.62405967712423],[82.32401275634777,20.55388069152832],[82.36823272705084,20.62405967712408]],[[82.37186328494197,20.870374936148547],[82.26364135742205,20.935531616210938],[82.34121704101591,20.86806106567377],[82.36823272705078,20.624059677124766],[82.37186328494197,20.870374936148547]],[[82.48567199707048,20.903511047363338],[82.4590530395509,20.823841094970703],[82.55695369998502,20.972927023646584],[82.48567199707048,20.903511047363338]],[[82.63183593750006,21.086959838867188],[82.63594055175781,21.149450302124023],[82.62761697346976,21.08053507964985],[82.63183593750006,21.086959838867188]],[[82.6820526123048,20.731010437011662],[82.68347409536128,20.728046811300725],[82.68641662597668,21.018430709838867],[82.6820526123048,20.731010437011662]],[[82.695541381836,20.72187995910656],[82.6847236315392,20.72544167469586],[82.7358016967774,20.618949890136776],[82.695541381836,20.72187995910656]],[[83.36808776855474,21.059589385986328],[83.44636795494276,21.046716417226058],[83.35143280029297,21.06573104858404],[83.28974151611357,21.011510848999137],[83.36808776855474,21.059589385986328]],[[80.01200866699236,20.665290832519588],[80.05187988281267,20.70681953430187],[80.00194087551972,20.666492950049882],[80.01200866699236,20.665290832519588]],[[80.54183959960932,20.93391990661621],[80.555892944336,20.819681167602596],[80.5778107149042,20.68208420515843],[80.58011627197271,20.683641433715877],[80.54183959960932,20.93391990661621]],[[80.3938369750976,20.144020080566463],[80.4072803163828,20.143362039001754],[80.39664330342812,20.15045625273528],[80.3938369750976,20.144020080566463]],[[80.54036712646501,20.109832763671875],[80.54365150683442,20.06952270517172],[80.5628433227539,20.183851242065657],[80.54036712646501,20.109832763671875]],[[80.9532633510649,20.46107460502305],[80.80577087402355,20.351020812988395],[80.9496487783071,20.44238559295452],[80.9532633510649,20.46107460502305]],[[81.3197848125806,20.55036030545948],[81.31423187255865,20.55236053466797],[81.24936676025396,20.495290756225643],[81.3197848125806,20.55036030545948]],[[81.40643391233937,20.525782504446422],[81.43934631347662,20.586971282958984],[81.38209332634166,20.533767147334483],[81.40643391233937,20.525782504446422]],[[81.60633087158197,20.960002899169922],[81.60641641251779,20.97878251118828],[81.46887969970703,20.86849975585949],[81.60633087158197,20.960002899169922]],[[81.58389402076632,21.063204713865474],[81.60656341222389,21.011054749285606],[81.62671467393146,21.02135921288229],[81.58389402076632,21.063204713865474]],[[81.83069610595703,20.937240600585938],[81.74452972412115,21.007921218872298],[81.74452972412044,21.00792121887221],[81.74452972412115,21.007921218872127],[81.83069610595703,20.937240600585938]],[[81.91979980468756,20.74571990966797],[81.87066650390653,20.959899902343693],[81.87066650390638,20.959899902343608],[81.91979980468756,20.74571990966797]],[[82.07672882080095,20.3257999420166],[81.98963165283209,20.624301910400334],[82.07672882080078,20.3257999420166],[82.16720581054693,20.255050659179744],[82.07672882080095,20.3257999420166]],[[82.02774810791021,20.093929290771484],[82.10116577148438,20.106510162353516],[82.11407417248996,20.1355443713852],[82.02774810791021,20.093929290771484]],[[82.00995635986328,20.0447998046875],[81.94135284423834,20.102251052856445],[81.93809358081275,20.099975549068382],[82.0148675052489,20.019979544739115],[82.02774810791021,20.093929290771484],[82.00995635986328,20.0447998046875]],[[80.82814431210916,19.347849903735526],[80.82783360117632,19.34760927788245],[80.8283464130161,19.34745359898107],[80.82814431210916,19.347849903735526]],[[80.88494288007824,19.46301431052202],[80.78793334960955,19.426700592041016],[80.88562774658209,19.45650291442871],[80.88494288007824,19.46301431052202]],[[80.84736898583836,19.532935675962474],[80.88327023865821,19.47891701673826],[80.87905120849638,19.519029617309627],[80.84736898583836,19.532935675962474]],[[80.65685272216791,19.612260818481445],[80.68578586761355,19.603858235392654],[80.65731302967117,19.616355621031076],[80.65685272216791,19.612260818481445]],[[80.66584014892578,19.692211151123047],[80.71584320068376,19.702068328857536],[80.60509994227992,19.731874832958795],[80.66584014892578,19.692211151123047]],[[80.8096489512367,19.813944734113853],[80.71119689941435,19.775999069213867],[80.81492614746105,19.81114959716797],[80.8096489512367,19.813944734113853]],[[80.99507141113298,19.945938110351506],[80.846176147461,19.945720672607422],[81.00119713536974,19.939811863709494],[80.99507141113298,19.945938110351506]],[[81.03980255126964,19.901203155517692],[81.03003877892573,19.91096776052169],[81.00252532959001,19.785646438598633],[81.03980255126964,19.901203155517692]],[[81.67887878417969,20.125650405883903],[81.84056854248047,20.159490585327262],[81.80093930735666,20.198513950826456],[81.67887878417969,20.125650405883903]],[[81.87159782858129,20.053550539385327],[81.86405480659977,19.99063122925039],[81.9345660668336,20.097512762121195],[81.87159782858129,20.053550539385327]],[[82.52424621582037,19.57580947875988],[82.635009765625,19.50457191467291],[82.71972656250006,19.339820861816406],[82.63500976562517,19.50457191467291],[82.52424621582037,19.57580947875988]],[[82.8414993286134,19.316749572753906],[82.7977066040039,19.230091094970703],[82.7977066040051,19.230091094969968],[82.84149932861357,19.316749572753906],[82.71972656250006,19.339820861816406],[82.8414993286134,19.316749572753906]],[[82.85115361594278,19.19145786788055],[82.84652010820054,19.194807116984226],[82.82196807861334,19.14102935791027],[82.85115361594278,19.19145786788055]],[[82.9208984375,19.435091018676815],[82.92223176634798,19.42968484474906],[82.98404693603533,19.440780639648494],[82.9208984375,19.435091018676815]],[[83.06282043457048,19.555850982666016],[83.0538304444647,19.542718631501792],[83.07508657032228,19.539461961260418],[83.06282043457048,19.555850982666016]],[[83.18041229248058,19.457130432128906],[83.16518087196665,19.432830745361027],[83.17530822753935,19.417419433593693],[83.18041229248058,19.457130432128906]],[[80.24215698242216,18.759748458862305],[80.24290809550581,18.75001544401768],[80.31757262915224,18.79694899589399],[80.24215698242216,18.759748458862305]],[[80.26772308349638,18.98732948303234],[80.34487292623731,18.814109752774208],[80.34778594970709,18.81594085693382],[80.26772308349638,18.98732948303234]],[[80.38146121664195,19.23503357534604],[80.3791809082033,19.23261070251465],[80.26772308349638,18.98732948303234],[80.38146121664195,19.23503357534604]],[[80.47558593750006,19.33504295349121],[80.39468107605566,19.249079937524627],[80.56781768798845,19.400920867919865],[80.47558593750006,19.33504295349121]],[[80.95289641848377,19.3062537461454],[80.96238708496122,19.220771789550724],[80.95672607421892,19.30541038513178],[80.95289641848377,19.3062537461454]],[[81.54736328125028,18.905281066894645],[81.61178588867193,18.81314849853527],[81.63926232660447,18.799446237001277],[81.54736328125028,18.905281066894645]],[[81.64355966517381,18.79730319149],[81.65405273437517,18.792070388793945],[81.70398712158197,18.829820632934513],[81.64355966517381,18.79730319149]],[[81.76493677630788,18.76521147885681],[81.74845886230486,18.80494117736822],[81.70398712158197,18.829820632934513],[81.76493677630788,18.76521147885681]],[[81.76805259401543,18.757698968589143],[81.76762156322985,18.75464864884493],[81.76851654052751,18.756580352783317],[81.76805259401543,18.757698968589143]],[[81.75500168895631,18.665340290938197],[81.754746029066,18.66353103638531],[81.75768280029303,18.664039611816406],[81.75500168895631,18.665340290938197]],[[81.6436973541831,18.608264353189313],[81.64302062988281,18.605020523071346],[81.67699316496126,18.603766997081014],[81.6436973541831,18.608264353189313]],[[82.3890228271485,19.202819824218864],[82.17047813082921,19.214857642570628],[82.16950909518962,19.206850610156557],[82.28666687011747,19.185211181640852],[82.3890228271485,19.202819824218864]],[[82.42829895019537,19.16437911987316],[82.5657119750978,19.204990386962965],[82.56571197509777,19.204990386963004],[82.42829895019537,19.16437911987316]],[[82.62951660156256,19.141649246215934],[82.67164611816419,19.18921089172359],[82.62302471373117,19.148093976067457],[82.62951660156256,19.141649246215934]],[[82.87516489025008,19.17667424029502],[82.8967971801759,19.151668548583984],[82.97173309326178,19.1665496826173],[82.87516489025008,19.17667424029502]],[[83.27664034933377,19.113727440058764],[83.2955629297632,19.10943967585895],[83.27755737304682,19.116899490356445],[83.27664034933377,19.113727440058764]],[[83.31439828317022,19.10163607141481],[83.33544450084227,19.07005869287673],[83.33331298828125,19.093799591064567],[83.31439828317022,19.10163607141481]],[[82.15940958518021,18.789631745984376],[82.16114807128935,18.790960311889762],[82.17272949218756,18.895288467407227],[82.15940958518021,18.789631745984376]],[[81.84963226318365,19.908050537109375],[81.85617032925518,19.90490300895291],[81.85117259727788,19.916870192003806],[81.84963226318365,19.908050537109375]],[[82.14083099365251,19.3619194030764],[82.18316650390456,19.319700241090842],[82.1425888268772,19.364237615113176],[82.14083099365251,19.3619194030764]],[[81.41328720909407,20.523534361069867],[81.51560211181658,20.489971160888786],[81.55099056563458,20.504147835107826],[81.41328720909407,20.523534361069867]],[[81.72975158691406,20.478981018066463],[81.77258478345374,20.31022577573946],[81.79017639160168,20.32588005065918],[81.72975158691406,20.478981018066463]],[[81.78352177912329,20.267135941133358],[81.78855668148012,20.24729931356505],[81.79592895507807,20.254640579223633],[81.78352177912329,20.267135941133358]],[[80.4708579377022,19.81473378455528],[80.45954895019537,19.811330795288143],[80.47808837890636,19.772409439087028],[80.4708579377022,19.81473378455528]],[[80.52361618174174,19.82065501845985],[80.51780700683588,19.828861236572322],[80.49703469973687,19.82261063826996],[80.52361618174174,19.82065501845985]],[[80.53967285156256,19.77459907531744],[80.57044302668501,19.754505985361345],[80.54099848613004,19.796100243742426],[80.53967285156256,19.77459907531744]],[[83.56991577148466,20.359712600708008],[83.64597207432577,20.362745465383338],[83.48468780517572,20.40089988708519],[83.56991577148466,20.359712600708008]],[[82.81030273437517,20.164369583129996],[82.80779266357422,20.09663963317871],[82.81746673584013,20.160520553588867],[82.90170288085943,20.142740249634016],[82.81030273437517,20.164369583129996]],[[82.78486633300815,20.321411132812845],[82.80989837646482,20.378549575805728],[82.78486633300793,20.321411132812557],[82.78486633300815,20.321411132812845]],[[82.84755706787115,20.332380294799805],[82.84552857075056,20.333547474152972],[82.84327697753923,20.28845024108881],[82.84755706787115,20.332380294799805]],[[82.80692291259771,20.290409088134822],[82.8157730102541,20.31707954406735],[82.81577301025402,20.31707954406744],[82.80692291259771,20.290409088134822]],[[82.8450050513851,20.24297460075244],[82.85494995117188,20.265501022338924],[82.80692291259771,20.290409088134822],[82.8450050513851,20.24297460075244]],[[82.97659301757812,21.633329391479435],[82.97152754147628,21.64671562039179],[82.95726088666136,21.60190147373231],[82.97659301757812,21.633329391479435]],[[83.26767730712908,21.26857757568365],[83.26798765898987,21.28268392703737],[83.21835327148443,21.26012039184593],[83.26767730712908,21.26857757568365]],[[83.19072086473652,21.138259463302266],[83.19274902343756,21.13944053649908],[83.21835327148443,21.26012039184593],[83.19072086473652,21.138259463302266]],[[83.13400268554693,21.1052303314209],[83.16426957972723,21.1228558838241],[83.13086615028301,21.10646883383259],[83.13400268554693,21.1052303314209]],[[79.9363861083985,21.556800842285384],[79.99669647216825,21.535310745239315],[80.04418803326564,21.554918997046155],[79.9363861083985,21.556800842285384]],[[80.36923217773432,21.522911071777457],[80.20040130615263,21.63470077514654],[80.11187285489251,21.582864615073724],[80.21203613281278,21.62421989440918],[80.36923217773432,21.522911071777457]],[[80.370059958317,21.519360209462395],[80.35643768310575,21.4797306060791],[80.27625274658209,21.491819381713867],[80.38168080598528,21.469511214550035],[80.370059958317,21.519360209462395]],[[80.35592651367205,21.405649185180778],[80.27708075524517,21.451781712815215],[80.27716827392578,21.447549819946346],[80.35592651367205,21.405649185180778]],[[80.38176727294933,21.139310836792106],[80.43422851618223,21.088189856421188],[80.43694755664663,21.10860390240831],[80.38176727294933,21.139310836792106]],[[80.66982349082366,21.304475643148187],[80.60344696044916,21.227422714233512],[80.67295074462896,21.298288345337028],[80.66982349082366,21.304475643148187]],[[80.63518979883415,21.328757890970202],[80.66531172840432,21.313402202832684],[80.65653228759783,21.3307723999024],[80.63518979883415,21.328757890970202]],[[80.83368682861328,21.83479118347168],[80.81844329834001,21.956790924072266],[80.83106463616937,21.812128461338887],[80.91911315917963,21.825210571289176],[80.83368682861328,21.83479118347168]],[[81.19393200830137,21.705626689827234],[80.9895324707033,21.72527122497553],[81.16928100585943,21.702592849731502],[81.19393200830137,21.705626689827234]],[[81.21920013427751,21.753200531005973],[81.21337963697363,21.708020142011247],[81.22516632080084,21.709470748901367],[81.21920013427751,21.753200531005973]],[[81.31864166259771,21.825580596923828],[81.33074349890867,21.766382263269787],[81.33547210693388,21.766941070556754],[81.31864166259771,21.825580596923828]],[[82.1588668823245,21.325460433960075],[82.02028656005876,21.23027992248535],[82.0196341821042,21.228023012745528],[82.1588668823245,21.325460433960075]],[[82.00923855739778,21.19205921831126],[81.9911727905274,21.12956047058117],[81.99003207213029,21.108163453018843],[82.00923855739778,21.19205921831126]],[[81.98854260657262,21.080224812968098],[81.98837280273432,21.077039718627987],[82.15264892578142,21.01470184326172],[81.98854260657262,21.080224812968098]],[[81.57618945585783,21.080928735607888],[81.61752319335943,21.16000938415533],[81.57103729248075,21.092781066894645],[81.57618945585783,21.080928735607888]],[[81.84520170933051,21.75866629066419],[81.84748840332031,21.758670806884822],[81.86969763484208,21.773655440355572],[81.84520170933051,21.75866629066419]],[[81.1991001188737,21.10375865489595],[81.153793334961,21.09979057312023],[81.19925689697277,21.101160049438533],[81.1991001188737,21.10375865489595]],[[80.98168182373041,20.608011245727653],[80.9372100830081,20.505950927734318],[80.95696164073624,20.480196472234393],[80.98168182373041,20.608011245727653]],[[80.45735697263243,20.932147556872728],[80.45507580300692,20.937405675025946],[80.45555877685553,20.932109832763786],[80.45735697263243,20.932147556872728]],[[83.38343111252944,21.35228733364466],[83.40265655517607,21.34843063354515],[83.33463287353533,21.495550155639705],[83.38343111252944,21.35228733364466]],[[83.46062257463574,21.61023066918484],[83.46296691894531,21.60551071166998],[83.47022064093713,21.616382670274863],[83.46062257463574,21.61023066918484]],[[83.00068664550787,22.026229858398494],[83.02591705322277,22.052568435669173],[83.00700992716686,22.06761563342253],[83.00068664550787,22.026229858398494]],[[83.14466857910173,21.909271240234432],[83.166813835988,21.911912788123193],[83.13399399981546,21.920484643583002],[83.14466857910173,21.909271240234432]],[[83.20615731437387,21.892898193322058],[83.21058654785185,21.9004802703858],[83.20108049289976,21.902963053316643],[83.20615731437387,21.892898193322058]],[[83.02078247070341,21.73487091064453],[82.96261764139277,21.71737638562042],[83.31240081787121,21.67786026000988],[83.02078247070341,21.73487091064453]],[[81.01579284667997,22.132709503173885],[80.97175598144526,22.12148094177246],[80.97424744614919,22.116027914869317],[81.01579284667997,22.132709503173885]],[[80.49718836045265,21.38972756368864],[80.40440508875697,21.376757182960432],[80.40444183349615,21.375810623168945],[80.49718836045265,21.38972756368864]],[[80.89479064941412,23.68159103393549],[80.89506278303995,23.68425654305918],[80.81416320800793,23.671752929687443],[80.89479064941412,23.68159103393549]],[[80.90576171874994,23.78905105590826],[80.88909921082258,23.824827859476247],[80.89614019453388,23.69480963130139],[80.90576171874994,23.78905105590826]],[[80.96591186523438,24.06915092468273],[80.8630599975586,24.08341026306158],[80.95056915283232,24.069192886352596],[80.82802581787115,23.955961227416992],[80.96591186523438,24.06915092468273]],[[81.35298919677746,24.20070075988781],[81.35961748222118,24.215509989731544],[81.2716369628908,24.189371109009016],[81.35298919677746,24.20070075988781]],[[81.46131896972668,24.271520614624137],[81.41601685122174,24.26587958857892],[81.46279907226568,24.263561248779297],[81.50229644775396,24.0884304046632],[81.46131896972668,24.271520614624137]],[[81.54381424714423,23.93488842830294],[81.47657904527267,24.037139195615524],[81.47550964355469,24.0365505218507],[81.54381424714423,23.93488842830294]],[[81.68728637695318,23.721349716186523],[81.596908569336,23.889022827148438],[81.5659704384614,23.90191195708462],[81.68728637695318,23.721349716186523]],[[81.61324310302751,23.660980224609432],[81.60037640131493,23.623241789540106],[81.68728637695318,23.721349716186523],[81.61324310302751,23.660980224609432]],[[81.67949676513678,23.90764808654791],[81.78266143798834,23.81184005737316],[81.66159820556652,23.925598144531364],[81.596908569336,23.889022827148438],[81.67949676513678,23.90764808654791]],[[82.0780181884765,23.817068099975586],[82.20388793945341,23.85299110412609],[82.05951092863887,23.823473501231405],[82.0780181884765,23.817068099975586]],[[82.49538286004855,23.78779493138526],[82.5044271751282,23.7929955924261],[82.48698444932326,23.793869147926305],[82.49538286004855,23.78779493138526]],[[82.58555671707377,23.83964669251952],[82.52735137939482,23.82407951354992],[82.53308829348214,23.80947630548147],[82.58555671707377,23.83964669251952]],[[82.78698075271991,23.955469518863765],[82.65651702880854,23.907861709594783],[82.65472316434335,23.879418775256593],[82.78698075271991,23.955469518863765]],[[82.77023254731175,23.99635765111598],[82.80121739687323,23.960664644521394],[82.94950103759766,23.872989654541243],[82.77023254731175,23.99635765111598]],[[82.36492156982439,22.99706077575695],[82.56552223052128,22.969363465765095],[82.57105025541323,22.977304090584692],[82.36492156982439,22.99706077575695]],[[82.58922576904314,22.89775085449213],[82.56559706428818,22.940916110845745],[82.5657922461898,22.86671954077627],[82.58922576904314,22.89775085449213]],[[82.59299782565662,22.830340529596782],[82.56585806069933,22.841700771988883],[82.56588745117216,22.83052825927757],[82.59299782565662,22.830340529596782]],[[81.72156950750264,22.67583355398901],[81.72070949256445,22.674721214660146],[81.72187730575698,22.675498750400017],[81.72156950750264,22.67583355398901]],[[82.11588287353521,23.103799819946232],[82.0993933352397,23.10138922805697],[82.12400123401126,23.08962141210502],[82.11588287353521,23.103799819946232]],[[82.20806884765653,22.942800521850643],[82.20647290252896,22.945587779324338],[82.2079731334654,22.94268624572333],[82.20806884765653,22.942800521850643]],[[82.14494323730497,22.744180679321516],[82.1674696044171,22.675281101260758],[82.13214111328136,22.852148056030273],[82.14494323730497,22.744180679321516]],[[82.17074584960955,22.66526031494135],[82.23654174804688,22.655509948730582],[82.17013382201056,22.66713227428225],[82.17074584960955,22.66526031494135]],[[83.0150680541995,22.235370635986385],[82.99917602539068,22.254730224609432],[82.99967193603516,22.23194122314453],[83.0150680541995,22.235370635986385]],[[80.56816922139859,22.869677166123413],[80.56826782226568,22.86866760253912],[80.58316115979373,22.863899784985765],[80.56816922139859,22.869677166123413]],[[80.72648620605469,22.85938072204584],[80.65510678625557,22.84086776680409],[80.66443634033232,22.837881088256836],[80.72648620605469,22.85938072204584]],[[80.86473846435558,22.8499698638916],[80.7246704101563,22.814140319824276],[80.86473846435558,22.84996986389156],[80.86473846435558,22.8499698638916]],[[80.93389129638678,22.745519638061523],[80.93389129638673,22.74551963806153],[80.91750335693365,22.68221092224121],[80.93389129638678,22.745519638061523]],[[80.9287872314455,22.5854892730714],[80.96935165127574,22.615389941131713],[80.92878723144543,22.585489273071516],[80.9287872314455,22.5854892730714]],[[80.96848297119152,22.521202087402457],[80.9684829711915,22.52120208740248],[80.94787597656278,22.50463629603316],[80.96848297119152,22.521202087402457]],[[80.90666961669933,22.39140129089361],[80.86340332031294,22.436729431152113],[80.89409236789247,22.369598471253553],[80.90666961669933,22.39140129089361]],[[80.5790786743164,22.96211242675787],[80.55446099431539,23.01003421648037],[80.56743703201603,22.87717397380065],[80.5790786743164,22.96211242675787]],[[81.3989715576173,22.851390838623104],[81.46881866455072,22.759679794311523],[81.39897155761747,22.851390838623104],[81.19174194335938,22.914381027221737],[81.3989715576173,22.851390838623104]],[[81.68489837646513,22.779100418090877],[81.68699645996105,22.713439941406307],[81.68699645996139,22.713439941406122],[81.68699645996122,22.713439941406307],[81.68489837646513,22.779100418090877]],[[80.74788097851678,23.34623564405748],[80.74940275042785,23.345471920461307],[80.74980926513672,23.34612083435053],[80.74788097851678,23.34623564405748]],[[81.15098690657153,23.182435833625096],[81.25627899169933,23.070970535278434],[81.18506622314453,23.167360305786133],[81.15098690657153,23.182435833625096]],[[81.58365631103516,23.22767066955572],[81.642822265625,23.194969177246094],[81.64282226562513,23.194969177246115],[81.58365631103516,23.22767066955572]],[[81.87567901611328,23.239700317382926],[81.78148651123064,23.26032066345215],[81.78148651123061,23.260320663452116],[81.87567901611328,23.239700317382926]],[[81.81281280517584,23.308320999145508],[81.86882781982422,23.29833984375],[81.86882781982425,23.298339843750025],[81.81281280517584,23.308320999145508]],[[81.86882781982467,23.298339843750387],[81.95765527157202,23.373899826133794],[81.93253326416033,23.385049819946516],[81.86882781982467,23.298339843750387]],[[82.01597595214855,23.42350959777832],[81.97262479221351,23.41987258660694],[81.9643548516401,23.379598741750108],[82.01597595214855,23.42350959777832]],[[82.02039337158214,23.384300231933707],[82.03941632176722,23.387564893584905],[82.01597595214855,23.42350959777832],[82.02039337158214,23.384300231933707]],[[82.18381780028581,23.325357392231762],[82.18428802490251,23.326890945434627],[82.09848022460943,23.397701263427745],[82.18381780028581,23.325357392231762]],[[82.58115732268465,22.991822192582692],[82.60233306884794,23.02223968505865],[82.57360839843767,23.126319885253906],[82.58115732268465,22.991822192582692]],[[82.68354914943981,23.21163543883924],[82.73689270019537,23.253030776977596],[82.7448234600023,23.29782492377498],[82.68354914943981,23.21163543883924]],[[82.74872954124986,23.319887069277467],[82.75073242187528,23.33119964599615],[82.74454913892211,23.33433743637867],[82.74872954124986,23.319887069277467]],[[82.64502502205403,23.38775613676045],[82.6395416259765,23.48895072937023],[82.64318084716797,23.388341903686523],[82.64502502205403,23.38775613676045]],[[82.58993431303466,23.684020625022406],[82.59026336669928,23.68696022033697],[82.58273667064914,23.694504986986363],[82.58993431303466,23.684020625022406]],[[81.6222319856021,23.497931365124767],[81.628227233887,23.49036979675293],[81.73603057861322,23.567430496215934],[81.6222319856021,23.497931365124767]],[[81.58099740942863,23.5664026054705],[81.57707214355474,23.554889678955192],[81.60406630954988,23.520843010308102],[81.58099740942863,23.5664026054705]],[[81.09825897216797,23.25508117675787],[81.09825897216787,23.25508117675681],[81.03557586669928,23.27316856384283],[81.09825897216797,23.25508117675787]],[[80.99832916259783,23.37486076354986],[81.00879669189467,23.444360733032305],[81.03557586669928,23.27316856384283],[80.99832916259783,23.37486076354986]],[[81.1399646016673,23.4638118225607],[81.00879669190785,23.44436073303426],[81.13878631591808,23.462200164795036],[81.1399646016673,23.4638118225607]],[[81.18428827140558,23.549840639228695],[81.14658023400894,23.472860676156007],[81.1691131591798,23.503681182861328],[81.18428827140558,23.549840639228695]],[[81.23960799157554,23.72221185213745],[81.23922474082235,23.716945667863307],[81.24054718017595,23.72096824645996],[81.23960799157554,23.72221185213745]],[[81.17472839355486,23.808120727539176],[81.26161956787121,23.841030120849553],[81.25316117307574,23.844677269203476],[81.17472839355486,23.808120727539176]],[[81.11994934082043,23.971630096435593],[81.16275024414062,23.883661270141715],[81.1199493408206,23.971630096435604],[81.11994934082043,23.971630096435593]],[[80.8780364990235,25.195600509643782],[80.83628082275402,25.192680358886662],[80.90003002459984,25.166732447057445],[80.8780364990235,25.195600509643782]],[[80.90492248535162,25.1603107452392],[80.82668304443365,25.039190292358626],[80.83860414056817,25.020955530547354],[80.90492248535162,25.1603107452392]],[[80.80708858468925,24.95473166639668],[80.82215244199459,24.986385458054585],[80.78994750976591,24.967180252075252],[80.80708858468925,24.95473166639668]],[[80.86973962247171,24.946381314622887],[80.82051484603691,24.944980938074412],[80.83490753173834,24.93452835083002],[80.86973962247171,24.946381314622887]],[[81.07641601562511,24.95226097106945],[80.95523071289062,24.925710678100813],[81.07876656843496,24.949735903156167],[81.07641601562511,24.95226097106945]],[[81.12005699974293,24.90537989346159],[81.08562021963287,24.94237340755252],[81.11216049212716,24.89523923822053],[81.12005699974293,24.90537989346159]],[[81.2642669677735,24.32486152648937],[81.310730392054,24.306719609733705],[81.68942260742193,24.50341033935547],[81.2642669677735,24.32486152648937]],[[82.29822518018635,24.613147906372138],[82.29835701290322,24.609001491818116],[82.40917205810564,24.597829818725813],[82.29822518018635,24.613147906372138]],[[82.42015075683605,24.7052516937257],[82.41928126283605,24.696744066540123],[82.4279770348602,24.70310876256899],[82.42015075683605,24.7052516937257]],[[82.51843261718744,24.678340911865348],[82.44753158141657,24.6977544872747],[82.52926635742216,24.651960372924805],[82.51843261718744,24.678340911865348]],[[83.08180999755871,24.78129959106451],[83.12101745605486,24.8272705078125],[83.0430382340003,24.815372076460406],[83.09961700439453,24.81837081909174],[83.08180999755871,24.78129959106451]],[[80.79049374368695,24.067722241242365],[80.71146445702779,24.08533758322507],[80.70688629150408,24.07268905639671],[80.79049374368695,24.067722241242365]],[[80.75078582763678,24.032150268554744],[80.78008270263672,23.972919464111385],[80.78406615659121,23.978223746571146],[80.75078582763678,24.032150268554744]],[[80.03708793767404,23.982657441004747],[80.0672947285743,23.984898476915593],[80.04635620117205,23.99627113342285],[80.03708793767404,23.982657441004747]],[[80.32240295410162,23.91494941711437],[80.3502883911134,23.970119476318473],[80.3802108764649,24.04463005065918],[80.32240295410162,23.91494941711437]],[[80.49363079663321,24.014450669977435],[80.51223754882841,24.019960403442383],[80.52780151367193,24.07167053222662],[80.49363079663321,24.014450669977435]],[[80.64382934570324,24.052021026611328],[80.63855107282606,24.090137357516866],[80.63407897949224,24.09133911132824],[80.64382934570324,24.052021026611328]],[[82.7662582397461,24.077867507934684],[82.74199676513689,24.021400451660156],[82.74707775362822,24.016894035632166],[82.7662582397461,24.077867507934684]],[[80.54251861572271,25.008840560913143],[80.53042537234327,25.025368422947228],[80.46553802490263,24.976398468017805],[80.54251861572271,25.008840560913143]],[[80.6264266967774,24.869121551513672],[80.62045215444257,24.871878439492765],[80.46784973144531,24.760280609130916],[80.6264266967774,24.869121551513672]],[[81.61009426398122,25.129886461357135],[81.6012268066408,25.100210189819393],[81.60768085172359,25.100852869749414],[81.61009426398122,25.129886461357135]],[[81.78922271728544,25.010139465331974],[81.89669427860034,25.009629089874984],[81.8914260864259,25.013469696045036],[81.78922271728544,25.010139465331974]],[[81.89644622802729,24.89250946044922],[81.9120407104495,24.930919647216797],[81.89844611499765,25.008351969858534],[81.89644622802729,24.89250946044922]],[[81.93919047457015,24.850315183984648],[81.95915222167997,24.830610275268498],[81.9804473914224,24.839959547455738],[81.93919047457015,24.850315183984648]],[[82.06234916317858,24.819401904178175],[82.1121902465822,24.792261123657283],[82.09664337526965,24.810793931926344],[82.06234916317858,24.819401904178175]],[[82.0760116577149,24.835388183593864],[82.1811309491969,24.92476356554644],[82.10362243652361,24.878200531005973],[82.0760116577149,24.835388183593864]],[[82.28048041231408,25.009233276935248],[82.29837799072283,25.024450302124023],[82.31027769750463,25.06286610900081],[82.28048041231408,25.009233276935248]],[[82.31747470565267,25.086100200409533],[82.3181533813476,25.08829116821289],[82.31560109616568,25.091777846105405],[82.31747470565267,25.086100200409533]],[[82.2662091367831,25.17447354676609],[82.2757604769991,25.194304962113648],[82.23165658280271,25.193791196325968],[82.2662091367831,25.17447354676609]],[[82.27537330724734,25.274278659413106],[82.23236083984375,25.22389984130865],[82.27687251708078,25.19661388716963],[82.23236083984392,25.22389984130865],[82.27537330724734,25.274278659413106]],[[82.3097977948837,25.239724786810264],[82.33251190185564,25.21256065368658],[82.33464866109152,25.21478051823941],[82.3097977948837,25.239724786810264]],[[82.44241333007818,25.22336959838873],[82.57791900634781,25.253890991211023],[82.57791900634777,25.25389099121105],[82.44241333007818,25.22336959838873]],[[82.57791900635809,25.2538909912044],[82.62802886962896,25.221019744873047],[82.62812804588768,25.221499459141253],[82.57791900635809,25.2538909912044]],[[81.51883265851934,25.1579016499432],[81.510696836842,25.185721491682607],[81.5077896118164,25.18497085571289],[81.51883265851934,25.1579016499432]],[[81.61269922719451,25.161224430180432],[81.53384364967555,25.191697922864982],[81.51271611979254,25.186242863919833],[81.61269922719451,25.161224430180432]],[[83.17536926269548,25.177440643310604],[83.16479104461094,25.180972252231502],[83.15747094578303,25.160577250219625],[83.17536926269548,25.177440643310604]],[[81.51274108886736,25.23030281066889],[81.52574131614487,25.21102201520736],[81.55594635009794,25.24228096008312],[81.51274108886736,25.23030281066889]],[[82.27788836357668,25.49181581561289],[82.30636395128656,25.506292713894286],[82.27530670166016,25.494520187378043],[82.27788836357668,25.49181581561289]],[[82.29363250732428,25.311210632324276],[82.30338908443322,25.332351583664412],[82.27258170306402,25.302596559436672],[82.29363250732428,25.311210632324276]],[[82.20009715922733,25.211435445873697],[82.20551786330114,25.237823570358657],[82.18622589111345,25.21919059753418],[82.20009715922733,25.211435445873697]],[[80.21105194091808,26.970689773559627],[80.27721840990498,27.03418934427387],[80.27593994140653,27.03559112548828],[80.21105194091808,26.970689773559627]],[[80.40619659423857,26.892770767211914],[80.44757264241775,26.97819578319906],[80.4364089965822,26.971960067749137],[80.40619659423857,26.892770767211914]],[[80.45674466636157,26.983319031666095],[80.5903396606447,26.989259719848576],[80.5506668090822,27.016180038452205],[80.6369018554688,27.08395004272461],[80.45674466636157,26.983319031666095]],[[80.7275614796383,27.105374028900876],[80.7331665947681,27.106199086300066],[80.72828674316412,27.106170654296875],[80.7275614796383,27.105374028900876]],[[80.81060670219544,27.11759805530385],[80.81252714109745,27.11788073858316],[80.74019622802763,27.231849670410156],[80.81060670219544,27.11759805530385]],[[80.9816296642679,27.142772160923837],[80.92204284667969,27.166852951050032],[80.8514866339042,27.12361546785538],[80.9816296642679,27.142772160923837]],[[81.06432456435869,27.234516482185384],[81.07612609863298,27.23329162597662],[81.10743713378906,27.279830932617244],[81.06432456435869,27.234516482185384]],[[81.29205322265642,27.338420867919922],[81.33344268798845,27.2596817016601],[81.28349304199224,27.36209106445324],[81.21634674072266,27.326240539550724],[81.29205322265642,27.338420867919922]],[[81.39450986665001,27.341629225244088],[81.42871976982923,27.322068430934394],[81.4063040342697,27.358499472622896],[81.39450986665001,27.341629225244088]],[[81.43042628989367,27.319294919289195],[81.4341401264687,27.29674153588979],[81.43370819091825,27.313961029052734],[81.43042628989367,27.319294919289195]],[[81.46594781514551,27.103579832814287],[81.47065734863287,27.074979782104776],[81.4955225980907,27.066204615137835],[81.46594781514551,27.103579832814287]],[[81.49889163029468,27.065015653806196],[81.50310169818479,27.063529883525046],[81.63461303710955,27.15884971618658],[81.49889163029468,27.065015653806196]],[[81.69740295410162,27.285020828247127],[81.67639760500471,27.32103768095606],[81.6702270507812,27.31919097900385],[81.69740295410162,27.285020828247127]],[[81.71213621573682,27.333623868337877],[81.71242856586066,27.33369346037823],[81.71156631138956,27.334265438441953],[81.71213621573682,27.333623868337877]],[[81.8107746813505,27.280078473445016],[81.81633758544916,27.276290893554688],[81.84426116943365,27.333909988403434],[81.8107746813505,27.280078473445016]],[[81.9089813232423,27.32228279113764],[81.90803352677332,27.32771942416684],[81.84426116943365,27.333909988403434],[81.9089813232423,27.32228279113764]],[[81.92731532969086,27.406547378931243],[81.95469671507759,27.43801502970429],[81.93385314941423,27.442951202392805],[81.92731532969086,27.406547378931243]],[[82.0626439117493,27.42185187687105],[82.06266289081572,27.4218470751752],[82.06240146061747,27.422736533764443],[82.0626439117493,27.42185187687105]],[[82.2887797240444,27.242880326273482],[82.2901742044325,27.23688010151209],[82.2970581054688,27.237930297851506],[82.2887797240444,27.242880326273482]],[[82.23510616626866,27.21701342741605],[82.22844696044928,27.216350555419922],[82.229057312012,27.1538982391358],[82.23510616626866,27.21701342741605]],[[82.45657379467119,27.158426327223275],[82.44277112809671,27.166004846205098],[82.44394683837896,27.15732002258318],[82.45657379467119,27.158426327223275]],[[82.44084799370748,27.180210797470366],[82.45222489513782,27.19003958276111],[82.43952941894531,27.189950942993164],[82.44084799370748,27.180210797470366]],[[82.51692962646501,27.25929069519043],[82.48140716552773,27.285858154296974],[82.48140716552763,27.285858154296875],[82.51692962646501,27.25929069519043]],[[82.49384307861351,27.29847908020028],[82.50627899169939,27.311100006103516],[82.50627899169919,27.31110000610348],[82.49384307861351,27.29847908020028]],[[82.47611236572308,27.305759429931857],[82.50144195556669,27.327280044555664],[82.47611236572283,27.30575942993181],[82.47611236572308,27.305759429931857]],[[82.75019836425798,27.41368293762207],[82.56807708740251,27.430540084839038],[82.48307037353521,27.363889694213924],[82.56807708740251,27.430540084838867],[82.75019836425798,27.41368293762207]],[[80.67054374611051,26.117217326436243],[80.67400082079985,26.126406962749982],[80.60546875000006,26.15649032592779],[80.67054374611051,26.117217326436243]],[[80.87091064453142,26.283121109008903],[80.87017742895482,26.285122210754295],[80.81337738037115,26.206611633300895],[80.87091064453142,26.283121109008903]],[[80.8368682861331,26.37602996826172],[80.82289886474615,26.346059799194336],[80.85985316720593,26.313299323823074],[80.8368682861331,26.37602996826172]],[[80.96010589599638,26.31150054931652],[80.97532493214618,26.323932299638876],[80.94554858457842,26.33513637205471],[80.96010589599638,26.31150054931652]],[[80.83329772949219,26.668090820312557],[80.99025163180026,26.538496683054817],[81.041763305664,26.50672149658203],[80.83329772949219,26.668090820312557]],[[81.17489916900445,26.590789521254777],[81.16006514691486,26.61097699448164],[81.041763305664,26.50672149658203],[81.17489916900445,26.590789521254777]],[[81.53346533551893,26.529826142333775],[81.51955033723247,26.53096819139605],[81.5628662109375,26.462919235229435],[81.53346533551893,26.529826142333775]],[[81.65631866455078,26.625320434570312],[81.55960544253251,26.663198240390713],[81.65328631278327,26.61736534345964],[81.65631866455078,26.625320434570312]],[[81.66725158691412,26.53341102600092],[81.74340820312506,26.62425041198742],[81.75108337402372,26.71083068847662],[81.71032714843767,26.593679428100813],[81.66725158691412,26.53341102600092]],[[81.7011032104495,26.512039184570312],[81.7277223665717,26.532400530485734],[81.67225567251474,26.53025175289103],[81.7011032104495,26.512039184570312]],[[81.91093182603016,26.523195313735943],[81.87123107910185,26.53796005249029],[81.82574920419837,26.53619808640561],[81.91093182603016,26.523195313735943]],[[82.21156311035173,26.411390304565543],[82.16172165663292,26.429926380086336],[82.372856140137,26.38220024108898],[82.21156311035173,26.411390304565543]],[[82.4391174316408,26.290040969848633],[82.46170036794608,26.287526640279516],[82.372856140137,26.38220024108898],[82.4391174316408,26.290040969848633]],[[82.68345100902872,26.270769951192076],[82.5563099408707,26.27699303900154],[82.6580886840822,26.265661239624137],[82.6739767505105,26.20242326563903],[82.68345100902872,26.270769951192076]],[[82.74454176512047,26.266662232705553],[82.74410247802751,26.267801284790096],[82.72218741834237,26.2688739463836],[82.74454176512047,26.266662232705553]],[[82.87432861328153,26.172069549560547],[82.87388103882667,26.18034793253149],[82.8670884875299,26.173869812957136],[82.87432861328153,26.172069549560547]],[[82.87047204906033,26.243400956498682],[82.85037994384771,26.209289550781193],[82.87316077341755,26.19367003532913],[82.87047204906033,26.243400956498682]],[[82.86520639954371,26.340794949420495],[82.85517883300787,26.328271865844954],[82.86820776934793,26.285281306033202],[82.86520639954371,26.340794949420495]],[[82.94991661947127,26.433364171291462],[82.95770263671875,26.44586181640625],[82.90065765380854,26.44551086425787],[82.94991661947127,26.433364171291462]],[[82.92598724365263,26.3867702484132],[82.93216302550525,26.382072654464444],[82.92658269174221,26.387902938704773],[82.92598724365263,26.3867702484132]],[[83.06051635742188,26.28444099426281],[83.10188293457026,26.287570953369254],[82.99919887104849,26.331081996133438],[83.06051635742188,26.28444099426281]],[[83.06315372131155,26.411018784759797],[83.12095860373378,26.36826287107358],[83.17522173854351,26.40063165495263],[83.06315372131155,26.411018784759797]],[[83.25268120960509,26.37667196538835],[83.22183990478544,26.396310806274414],[83.17652357421065,26.400510993086773],[83.25268120960509,26.37667196538835]],[[82.36826111786587,25.931660253222834],[82.38525840736492,25.913388928662766],[82.38709259033209,25.91409111022972],[82.36826111786587,25.931660253222834]],[[82.33879852294939,25.963331222534237],[82.34043950956458,25.9615672354558],[82.34296371336859,25.96433588933527],[82.33879852294939,25.963331222534237]],[[82.42113277829276,25.992585900969917],[82.47255704716218,25.9990537286957],[82.38854425766178,26.031211870774992],[82.42113277829276,25.992585900969917]],[[82.49957224141279,26.01591650582024],[82.49371029359342,26.00171425371173],[82.51474761962902,26.004360198974553],[82.49957224141279,26.01591650582024]],[[82.66560612565127,26.12219368019894],[82.5916290283206,26.19962120056175],[82.58441408072281,26.184462248700854],[82.66560612565127,26.12219368019894]],[[82.75277174795423,25.836725878979426],[82.76467895507812,25.897529602050838],[82.74916076660168,25.840030670166072],[82.75277174795423,25.836725878979426]],[[83.34460517840596,25.820420986948317],[83.33676179362499,25.810138803495683],[83.36412606461131,25.802722064800623],[83.34460517840596,25.820420986948317]],[[83.39924621582026,25.84260177612299],[83.36781490389455,25.801722251684257],[83.37040710449247,25.8010196685791],[83.39924621582026,25.84260177612299]],[[82.69567162789522,25.43790695036472],[82.727767944336,25.464879989624023],[82.71485317843154,25.5082057434487],[82.69567162789522,25.43790695036472]],[[82.72383978442505,25.541140909668428],[82.73554191245142,25.54476997790244],[82.72580718994158,25.548351287841797],[82.72383978442505,25.541140909668428]],[[82.85811614990259,25.58278274536142],[82.85811614990268,25.582782745361406],[82.85811614990263,25.582782745361442],[82.85811614990259,25.58278274536142]],[[82.94427963939255,25.53015990178221],[82.9457626342774,25.52741813659668],[82.9471092535174,25.528431764466006],[82.94427963939255,25.53015990178221]],[[83.08052825927729,25.494220733642635],[83.055717468262,25.531061172485465],[83.08210754394548,25.576129913330192],[83.03951829514828,25.545201425026384],[83.08052825927729,25.494220733642635]],[[80.54770660400402,25.87142181396507],[80.4413248383419,25.89004992503432],[80.51890139430535,25.857542582135192],[80.54770660400402,25.87142181396507]],[[80.57151031494146,25.784711837768555],[80.46221319258295,25.824661026298998],[80.45665740966803,25.822950363159237],[80.57151031494146,25.784711837768555]],[[81.5545402799894,25.575784168691648],[81.36451721191423,25.701290130615234],[81.54947662353544,25.57407951354992],[81.5545402799894,25.575784168691648]],[[81.25944670342123,25.50718384736713],[81.25165401725724,25.496671049780606],[81.26197814941412,25.5030517578125],[81.25944670342123,25.50718384736713]],[[81.32691364647404,25.8504229707581],[81.3279113769533,25.81431961059576],[81.19245147705078,25.723520278930778],[81.33091735839838,25.807399749755916],[81.3954162597658,25.76647186279297],[81.32691364647404,25.8504229707581]],[[80.75620837650835,26.06551840692578],[80.80253601074247,26.0375595092774],[80.81019423430475,26.03868013575614],[80.75620837650835,26.06551840692578]],[[81.77568934894327,26.03317814618849],[81.7778396606447,26.030311584472713],[81.87587738037126,26.084331512451172],[81.77568934894327,26.03317814618849]],[[82.24140534217929,26.05927362506276],[82.338119506836,26.009210586547965],[82.24286651611345,26.060529708862305],[82.24140534217929,26.05927362506276]],[[82.38139356992642,26.0332587622842],[82.3729324340822,26.035680770873967],[82.338119506836,26.009210586547965],[82.38139356992642,26.0332587622842]],[[81.32651661467726,25.8647897584359],[81.47872924804682,25.935091018676758],[81.3262557983399,25.87422752380394],[81.32651661467726,25.8647897584359]],[[81.51185430052759,26.04029236416056],[81.55998229980463,26.077278137207145],[81.50958251953136,26.040649414062614],[81.51185430052759,26.04029236416056]],[[81.61022186279303,26.18255805969261],[81.67910766601568,26.080270767211914],[81.60601300436895,26.204942109702284],[81.61022186279303,26.18255805969261]],[[83.33732764706946,25.82701927655449],[83.2991104125976,25.86166954040533],[83.2366699577363,25.869764486825524],[83.33732764706946,25.82701927655449]],[[83.18483012855337,25.891778745383604],[83.17828399718232,25.909826715066853],[83.17034912109403,25.89792823791504],[83.18483012855337,25.891778745383604]],[[83.19758605957043,26.057249069213867],[83.25284576416021,26.098230361938533],[83.2399889825443,26.1098661427756],[83.19758605957043,26.057249069213867]],[[83.24830162888624,26.120181165736067],[83.26416849466489,26.12420124347818],[83.25511932373053,26.128641128540153],[83.24830162888624,26.120181165736067]],[[83.36507184601547,26.083653817104278],[83.36956024169928,26.08108139038086],[83.372547700596,26.08689504699098],[83.36507184601547,26.083653817104278]],[[83.3994067558393,26.139163322289406],[83.43529846155106,26.209009321639666],[83.40085601806646,26.17053031921381],[83.3994067558393,26.139163322289406]],[[81.55395806908979,26.293727781847053],[81.54991420417328,26.300625058017893],[81.54982757568371,26.299539566040153],[81.55395806908979,26.293727781847053]],[[82.6729440501314,26.590513277883726],[82.70403289794922,26.558822631836165],[82.76447683078078,26.570291105279573],[82.6729440501314,26.590513277883726]],[[82.87141311795527,26.546665863682534],[82.91889339686183,26.52435417211416],[82.89653641054774,26.542108174680482],[82.87141311795527,26.546665863682534]],[[83.08735656738293,26.487140655517578],[83.06191186612116,26.412652620545753],[83.0873565673831,26.487140655517578],[83.1806182861331,26.492240905761776],[83.1959533691408,26.527400970458984],[83.13172912597662,26.565628051757812],[83.18061828613293,26.492240905761776],[83.08735656738293,26.487140655517578]],[[83.09977722167997,26.61913108825678],[83.12297821044928,26.658330917358455],[83.13172912597662,26.565628051757812],[83.09977722167997,26.61913108825678]],[[83.07599639892598,26.704000473022724],[83.07599639892578,26.704000473022575],[83.12297821044928,26.658330917358455],[83.07599639892598,26.704000473022724]],[[83.09055328369146,26.811340332031307],[83.13581085205088,26.74957275390633],[83.13581085205107,26.749572753906477],[83.09055328369146,26.811340332031307]],[[83.20751190185565,26.887701034546225],[83.20751190185558,26.88770103454585],[83.20751190185575,26.88770103454584],[83.20751190185565,26.887701034546225]],[[83.18615722656261,26.948181152343864],[83.19267836965967,26.94657060846562],[83.18941939789765,26.959504431408863],[83.18615722656261,26.948181152343864]],[[81.79679870605474,26.788619995117188],[81.83167266845709,26.697059631347827],[81.80266129876834,26.794463066327054],[81.79679870605474,26.788619995117188]],[[81.84777832031278,26.839429855346793],[81.85091167824744,26.83975146815634],[81.7762819722189,26.87518701521743],[81.84777832031278,26.839429855346793]],[[82.1318969726563,26.836030960083065],[81.97119140625028,26.782640457153434],[82.17533822210727,26.828125051062994],[82.1318969726563,26.836030960083065]],[[82.2276367162265,26.818607204739074],[82.19943195174926,26.823740213220823],[82.22652020679506,26.763047568741175],[82.2276367162265,26.818607204739074]],[[82.23066334055703,26.753764662034104],[82.38363647460955,26.656339645385685],[82.38756238946998,26.656334724812005],[82.23066334055703,26.753764662034104]],[[82.38707733154297,26.54689979553234],[82.45021057128906,26.573799133300724],[82.45223644900074,26.582755394432137],[82.38707733154297,26.54689979553234]],[[80.70134416345284,26.688753764656248],[80.6830062866211,26.76518058776861],[80.6878280639649,26.69087028503418],[80.70134416345284,26.688753764656248]],[[80.27856943732557,26.62355541821945],[80.30056762695307,26.53084945678711],[80.29467010498047,26.611009597778434],[80.27856943732557,26.62355541821945]],[[82.71930694580095,27.02317047119135],[82.60269679517472,27.00799454057616],[82.72297344084923,27.01277538640563],[82.71930694580095,27.02317047119135]],[[82.91901211790525,26.93698167656078],[82.92158623345314,26.931250817841885],[82.99539184570318,26.9157009124757],[82.91901211790525,26.93698167656078]],[[82.86309051513666,26.882650375366268],[82.86309051513665,26.882650375366435],[82.81852722167974,26.86078071594244],[82.86309051513666,26.882650375366268]],[[82.86007690432308,26.94421005248477],[82.86007690429705,26.94421005249046],[82.86007690429706,26.944210052490252],[82.86007690432308,26.94421005248477]],[[81.74154663085966,26.892559051513786],[81.72175598144548,26.958049774169922],[81.71987566121012,26.958277021740848],[81.74154663085966,26.892559051513786]],[[82.53930664062506,27.11300086975109],[82.5111891172417,27.128439131882025],[82.54910517446261,27.078533111763736],[82.53930664062506,27.11300086975109]],[[80.50910949707037,27.813962936401367],[80.28119263269929,27.70825691997793],[80.3173904418947,27.52878952026373],[80.30020904541033,27.67891120910656],[80.50910949707037,27.813962936401367]],[[80.99893951416021,27.88586044311546],[80.96752166748075,27.911289215088004],[80.81796264648443,27.796449661254826],[80.9739074707033,27.890970230102766],[80.97725677490263,27.833959579467773],[80.99893951416021,27.88586044311546]],[[81.28277808000065,27.68570899534962],[81.24191284179693,27.682619094848633],[81.28312465467536,27.680880423088862],[81.28277808000065,27.68570899534962]],[[81.29077371528712,27.917605154954],[81.29084958213866,27.908581053574693],[81.29574584960943,27.912719726562614],[81.29077371528712,27.917605154954]],[[81.02848052978521,28.38485908508312],[81.02464294433611,28.29496002197277],[81.04230765618044,28.386986977916095],[81.02848052978521,28.38485908508312]],[[80.2229995727539,27.77589035034191],[80.1375648435256,27.776010740158977],[80.24644275742239,27.748644094529382],[80.2229995727539,27.77589035034191]],[[81.69058990478527,27.35787963867199],[81.69629098439795,27.351461645445557],[81.76454925537115,27.369359970092773],[81.69058990478527,27.35787963867199]],[[81.54747772216803,27.582349777221623],[81.68340301513672,27.498189926147578],[81.68340301513672,27.498189926147745],[81.54747772216803,27.582349777221623]],[[81.43672943115263,27.674020767211914],[81.54646632161415,27.631945588200438],[81.44224579517544,27.677827525120623],[81.43672943115263,27.674020767211914]],[[84.12039184570341,19.625591278076286],[84.12039184570325,19.62559127807627],[84.15055847167969,19.573970794677734],[84.12039184570341,19.625591278076286]],[[84.23171329688216,19.56788232484753],[84.24427892154473,19.51595599305697],[84.23368835449247,19.65309143066412],[84.23171329688216,19.56788232484753]],[[84.3239059448245,19.999481201171932],[84.33618686472865,19.99455520010934],[84.40854644775396,20.04705047607422],[84.3239059448245,19.999481201171932]],[[84.47668505885234,20.139504999776513],[84.4306259155274,20.199441909790153],[84.47196960449236,20.139820098876896],[84.47668505885234,20.139504999776513]],[[84.55757141113276,20.134099960327262],[84.62181114931826,20.212160432136123],[84.58328247070324,20.176689147949332],[84.53720855713031,20.32048034667537],[84.55757141113276,20.134099960327262]],[[84.8214967982558,20.212534805382724],[84.69000244140625,20.27494049072277],[84.67733467852226,20.26327796209679],[84.8214967982558,20.212534805382724]],[[84.79255676269528,20.087530136108594],[84.79255676269545,20.087530136109294],[84.79255676269526,20.087530136108626],[84.79255676269528,20.087530136108594]],[[85.04801520649733,19.90728993369014],[84.9200207274743,19.898853612811866],[84.92958831787115,19.864971160888615],[85.04801520649733,19.90728993369014]],[[85.40048980712908,19.877880096435604],[85.3871070980231,19.863459051349075],[85.41015833107802,19.87806275574825],[85.40048980712908,19.877880096435604]],[[85.52224731445318,19.88018035888672],[85.44650197464549,19.878749365719763],[85.55864715576178,19.846668243408146],[85.52224731445318,19.88018035888672]],[[85.49629211425787,19.93781280517578],[85.5284931826343,19.923408267605833],[85.51486807329194,19.958083340645437],[85.49629211425787,19.93781280517578]],[[85.52545928955084,19.96964073181158],[85.51666653341859,19.960045863803533],[85.55916595459001,19.941719055175895],[85.52545928955084,19.96964073181158]],[[85.68821716308622,20.144390106201286],[85.68778265131454,20.14189663071453],[85.82129669189459,20.151002883911246],[85.68821716308622,20.144390106201286]],[[86.14727387142595,20.038839858215884],[86.10354717434306,20.052491069355273],[86.11659240722685,20.034370422363338],[86.14727387142595,20.038839858215884]],[[86.16434734892597,20.04132698894638],[86.20049137570213,20.04303864494465],[86.14592742919938,20.2145996093743],[86.16434734892597,20.04132698894638]],[[84.36241149902372,18.851060867309627],[84.36531829833979,18.896259307861328],[84.36241149902355,18.851060867309723],[84.36241149902372,18.851060867309627]],[[84.42938995361357,18.913682937622184],[84.42938995361345,18.913682937622937],[84.36531829833979,18.896259307861328],[84.42938995361357,18.913682937622184]],[[84.47165679931646,18.981220245361555],[84.41513061523455,19.013860702514876],[84.41513061523457,19.013860702514684],[84.47165679931646,18.981220245361555]],[[84.56613922119169,19.065038681030387],[84.56613922119234,19.065038681028977],[84.47165679931646,18.981220245361555],[84.56613922119169,19.065038681030387]],[[84.59011840820318,19.013380050659293],[84.59861038937997,19.019413655049853],[84.58973989209976,19.014195492128046],[84.59011840820318,19.013380050659293]],[[84.66458892822266,19.06629180908203],[84.59184265136724,19.123840332031364],[84.65084104884046,19.05652385697823],[84.66458892822266,19.06629180908203]],[[84.6709532889729,19.150038399946617],[84.66501617431658,19.15673065185547],[84.66117095947283,19.121860504150504],[84.6709532889729,19.150038399946617]],[[84.75041961669922,19.135971069336165],[84.72201498415015,19.104563587852535],[84.72706748289598,19.099132846664283],[84.75041961669922,19.135971069336165]],[[84.24965667724615,19.48920822143566],[84.29776000976574,19.4877014160157],[84.24898270101119,19.492560430686495],[84.24965667724615,19.48920822143566]],[[84.36505889892584,19.538291931152457],[84.31761169433622,19.548250198364315],[84.31761169433621,19.548250198364283],[84.36505889892584,19.538291931152457]],[[84.40365600585932,19.216791152954215],[84.43363952636736,19.354391098022575],[84.3754272460937,19.372859954834098],[84.43363952636719,19.354391098022575],[84.40365600585932,19.216791152954215]],[[84.34359741210938,19.013450622558537],[84.34359741210955,19.013450622558537],[84.38355255126959,19.13210105895996],[84.34359741210938,19.013450622558537]],[[85.15141296386724,19.557260513305778],[85.12039664477392,19.588181403328534],[85.14964480798074,19.556084010411947],[85.15141296386724,19.557260513305778]],[[85.09851395978353,19.498733105467583],[85.09234192341908,19.509683451407305],[85.08664703369169,19.505340576171818],[85.09851395978353,19.498733105467583]],[[85.145842692326,19.91373789978575],[85.23898315429693,19.89776992797863],[85.29714943499917,19.92371076925622],[85.145842692326,19.91373789978575]],[[85.39502975573775,19.93016221778527],[85.41529846191435,19.919200897216797],[85.42530319165735,19.932157588378242],[85.39502975573775,19.93016221778527]],[[85.43013268894406,19.938412060654482],[85.45102691650408,19.965471267700195],[85.42930641035996,19.993550452018045],[85.43013268894406,19.938412060654482]],[[85.37473297119188,20.06410026550266],[85.40828704834001,20.120178222656307],[85.34999084472662,20.137910842895508],[85.40828704833984,20.120178222656307],[85.37473297119188,20.06410026550266]],[[85.34713068715108,20.165554558711584],[85.34552001953125,20.181121826171818],[85.23468780517572,20.107299804687443],[85.34713068715108,20.165554558711584]],[[85.2133161706493,20.19261901805326],[85.19944763183594,20.147460937500057],[85.23468780517572,20.107299804687443],[85.2133161706493,20.19261901805326]],[[85.31784057617182,20.22381019592308],[85.2205276489259,20.21610069274908],[85.21798019678586,20.20780579950232],[85.31784057617182,20.22381019592308]],[[85.70987701416021,20.39240074157709],[85.80132926184413,20.419443428312064],[85.80165863037115,20.426750183105582],[85.70987701416021,20.39240074157709]],[[85.9283065795899,20.265359878540096],[86.06058032140213,20.11712691898183],[86.04918670654297,20.15759086608898],[85.9283065795899,20.265359878540096]],[[83.79822514376177,20.42703022023294],[83.80573272705095,20.427841186523665],[83.80480642494592,20.4321185164486],[83.79822514376177,20.42703022023294]],[[83.90773773193354,20.57496070861822],[83.78914642333984,20.504430770874023],[83.78914642334011,20.50443077087354],[83.78914642334001,20.504430770874023],[83.90773773193354,20.57496070861822]],[[83.91007232666031,20.611089706420874],[83.91007232666016,20.611089706420955],[83.90773773193354,20.57496070861822],[83.91007232666031,20.611089706420874]],[[83.9998931884767,20.564250946044933],[83.99989318847673,20.564250946044922],[84.21457672119152,20.581611633300895],[83.9998931884767,20.564250946044933]],[[84.30232858940388,20.678162353146824],[84.37350285039989,20.581947364422486],[84.35385131835949,20.66827011108404],[84.30232858940388,20.678162353146824]],[[84.42062675963837,20.472808276981056],[84.45606231689482,20.390739440917912],[84.47358665718951,20.3913182387324],[84.42062675963837,20.472808276981056]],[[84.50352944406455,20.38674869816836],[84.49109358889557,20.35916155192608],[84.51845891860194,20.390789042756246],[84.50352944406455,20.38674869816836]],[[84.4836479347095,20.342644444890855],[84.48069763183622,20.33609962463379],[84.53720855712857,20.320480346679886],[84.4836479347095,20.342644444890855]],[[84.73014035941509,20.524982817678268],[84.7097625732423,20.51496124267578],[84.70654389633533,20.50441824122082],[84.73014035941509,20.524982817678268]],[[84.83458243232631,20.532630313022494],[84.7717666625976,20.596010208129826],[84.75038109166859,20.599505514146323],[84.77849863797799,20.56712758799813],[84.83458243232631,20.532630313022494]],[[85.12320709228521,20.60911178588873],[85.1198484809803,20.62454029620622],[85.1170248067193,20.605321716908207],[85.12320709228521,20.60911178588873]],[[85.24617767334001,20.51173019409191],[85.26552043804988,20.50861420219642],[85.24411698998863,20.513362069156873],[85.24617767334001,20.51173019409191]],[[85.45208740234403,20.47855949401861],[85.50575256347673,20.528900146484375],[85.40979291797765,20.485372856662806],[85.45208740234403,20.47855949401861]],[[85.72386932373058,20.6387882232666],[85.58362579345709,20.50551986694336],[85.75982111832916,20.64172806563521],[85.72386932373058,20.6387882232666]],[[85.87858581542997,20.651439666748047],[86.02040100097662,20.719690322876033],[85.90293121337896,20.705921173095646],[85.87858581542997,20.651439666748047]],[[86.17610931396503,20.652330398559517],[86.17610931396496,20.65233039855957],[86.04309844970709,20.583089828491325],[86.17610931396503,20.652330398559517]],[[86.27678570084787,20.56432972428191],[86.31016799578333,20.57690021308743],[86.27844603057576,20.576816195301788],[86.27678570084787,20.56432972428191]],[[86.27565002441412,20.390159606933537],[86.26494167048415,20.47525696999051],[86.25041283070068,20.365993169035175],[86.27565002441412,20.390159606933537]],[[84.8783416748048,20.492900848388672],[85.15409088134771,20.371570587158146],[84.84755033753468,20.520856619005638],[84.8783416748048,20.492900848388672]],[[85.36511993408214,20.359491348266715],[85.36511993408175,20.359491348265166],[85.15409088134771,20.371570587158146],[85.36511993408214,20.359491348266715]],[[86.31778566861612,20.600434243970028],[86.31482718622547,20.57865468507352],[86.31768035888666,20.579729080200252],[86.31778566861612,20.600434243970028]],[[86.32106018066418,20.624540328979435],[86.32063008698384,20.621374093928832],[86.3700332641578,20.58777046203806],[86.32106018066418,20.624540328979435]],[[86.53919868846303,20.688492217766022],[86.46553802490234,20.681129455566463],[86.41832818109422,20.63498030584454],[86.46553802490251,20.681129455566463],[86.53919868846303,20.688492217766022]],[[86.53942871093756,20.747398376464957],[86.62992832768022,20.784808438212277],[86.61674560033748,20.789374582564896],[86.53942871093756,20.747398376464957]],[[84.12922036714488,20.85993874283746],[83.77408599853516,20.794109344482422],[84.0479965209961,20.82336044311529],[84.12922036714488,20.85993874283746]],[[84.3504714965822,20.830472946167106],[84.34613395785914,20.833074105510963],[84.35444971278467,20.810900081522952],[84.3504714965822,20.830472946167106]],[[84.56501770019526,20.68162918090826],[84.37599925359568,20.75343806644993],[84.37686157226568,20.75113868713379],[84.56501770019526,20.68162918090826]],[[84.63098144531261,20.61902046203619],[84.63098144531321,20.61902046203612],[84.56501770019526,20.68162918090826],[84.63098144531261,20.61902046203619]],[[86.56511688232422,20.85943984985363],[86.56511688232652,20.85943984985051],[86.56511688232439,20.85943984985363],[86.56511688232422,20.85943984985363]],[[85.13170857382482,20.705262827824892],[85.1381961923977,20.71357684650429],[85.13436889648438,20.72336959838873],[85.13170857382482,20.705262827824892]],[[85.16885418322535,21.04720374499038],[85.170238859473,21.053687546467454],[85.16285705566412,21.05211067199707],[85.16885418322535,21.04720374499038]],[[85.22718048095709,21.06585121154785],[85.28222005606187,21.16996417904077],[85.26772308349626,21.168670654296932],[85.22718048095709,21.06585121154785]],[[85.82213592529325,20.920141220092887],[85.91440582275402,20.9213104248048],[85.82213592529325,20.92014122009289],[85.82213592529325,20.920141220092887]],[[84.79746595234168,21.13449601925853],[84.77717512973146,21.139948482671773],[84.79397583007818,21.128562927246094],[84.79746595234168,21.13449601925853]],[[84.8169631958009,21.167640686035156],[84.81696319580072,21.167640686034566],[84.81696319580104,21.16764068603511],[84.8169631958009,21.167640686035156]],[[84.92397308349604,21.176031112670955],[84.91623687744146,21.137039184570426],[84.92708238634712,21.172945035237987],[84.92397308349604,21.176031112670955]],[[85.00083160400402,21.43838119506836],[85.00140339883949,21.435565073039918],[85.15114593505854,21.455749511718864],[85.00083160400402,21.43838119506836]],[[85.19615693205427,21.560553449435396],[85.19867274277968,21.532181412424173],[85.20944976806652,21.549512863159407],[85.19615693205427,21.560553449435396]],[[87.09465324445127,26.051085722320767],[87.08743492630775,26.058643136292073],[86.7310939542156,26.118613790038673],[87.09465324445127,26.051085722320767]],[[87.1065979003908,26.0385799407959],[87.05455780029303,25.991001129150334],[87.05580221915135,25.989133328210347],[87.1065979003908,26.0385799407959]],[[87.0230590775298,25.865919977474984],[87.02678680419933,25.889471054077205],[86.98385620117199,25.941762924194393],[87.0230590775298,25.865919977474984]],[[87.06697082519537,25.46925926208496],[87.09434257735576,25.51173329042413],[87.0954971313476,25.51956939697277],[87.06697082519537,25.46925926208496]],[[86.81162302272836,25.456275178484475],[86.8388330621422,25.398548590172428],[86.82029039471792,25.455754443858954],[86.81162302272836,25.456275178484475]],[[86.77880859375006,25.324501037597656],[86.85047912597662,25.362619400024528],[86.84963873340709,25.365212089267768],[86.77880859375006,25.324501037597656]],[[86.76299400105262,25.27582998121799],[86.64550018310558,25.272331237793026],[86.71217390532118,25.256714417912594],[86.76299400105262,25.27582998121799]],[[87.0563430786134,25.10450172424322],[86.67475128173828,25.121730804443587],[86.72904205322277,25.183969497680664],[86.6734619140625,25.129850387573356],[86.6659124630832,25.056666791720374],[86.68749237060558,25.11802864074707],[87.0563430786134,25.10450172424322]],[[87.0563430786134,25.10450172424322],[87.17302418389575,25.0508523766245],[87.19017567797393,25.068189242980985],[87.0563430786134,25.10450172424322]],[[87.15369023517191,24.882102872385026],[87.15811920166016,24.885631561279354],[87.15644195810661,24.90612030864027],[87.15369023517191,24.882102872385026]],[[86.97379302978527,24.218601226806697],[86.9711148008666,24.21511041665581],[87.0409927368164,24.193920135498047],[86.97379302978527,24.218601226806697]],[[86.93589782714844,24.169208526611385],[86.93977609072601,24.1629606237562],[86.96143748528777,24.202496979760888],[86.93589782714844,24.169208526611385]],[[87.01795196533209,24.147140502929688],[86.97392272949224,24.107950210571346],[86.95815539888946,24.06128124655772],[87.01795196533209,24.147140502929688]],[[87.13099670410156,24.043750762939567],[87.1347786604868,24.04256073355689],[87.01795196533209,24.147140502929688],[87.13099670410156,24.043750762939567]],[[86.94956649537734,24.048948818251695],[86.80209552822845,24.065538567931313],[86.8275985717774,24.054990768432674],[86.94956649537734,24.048948818251695]],[[86.69470468975655,24.112138163602484],[86.69493865966808,24.10985755920416],[86.70510745596127,24.105651848452922],[86.69470468975655,24.112138163602484]],[[86.66835021972662,24.13315963745123],[86.48324584960938,24.15080070495617],[86.56907590904727,24.137957470460982],[86.66835021972662,24.13315963745123]],[[86.81977081298834,23.761070251464844],[86.79448075254363,23.827094861817322],[86.78278906903897,23.836134296251178],[86.81977081298834,23.761070251464844]],[[86.79458668910677,23.694143528852837],[86.75937482640569,23.681577202539756],[86.89064587158053,23.63909766472783],[86.79458668910677,23.694143528852837]],[[86.89176177978544,23.490690231323356],[86.85138702392595,23.567129135131893],[86.89368389115124,23.637356754507778],[86.85138702392578,23.567129135131893],[86.89176177978527,23.490690231323356],[86.81491851806635,23.464290618896598],[86.89176177978544,23.490690231323356]],[[86.84162902832021,23.39357757568378],[86.84162902832026,23.39357757568382],[86.81491851806635,23.464290618896598],[86.84162902832021,23.39357757568378]],[[86.77517700195318,23.336051940918082],[86.77923583984386,23.20556068420416],[86.70609283447271,23.11697959899908],[86.77923583984403,23.20556068420433],[86.77517700195318,23.336051940918082]],[[86.73973846435558,23.091650009155387],[86.69927978515636,22.869100570678654],[86.70609283447271,23.11697959899908],[86.73973846435558,23.091650009155387]],[[86.61274719238276,22.820499420166072],[86.59942190500763,22.7944639604352],[86.69927978515636,22.869100570678654],[86.61274719238276,22.820499420166072]],[[86.5551071166995,22.7078800201416],[86.50659179687506,22.70152091979986],[86.63668823242193,22.65512084960949],[86.5551071166995,22.7078800201416]],[[86.65170288085938,22.57579040527338],[86.78407287597656,22.5442409515382],[86.79801177978516,22.483989715576172],[86.78407287597673,22.5442409515382],[86.65170288085955,22.57579040527338],[86.63668823242193,22.65512084960949],[86.65170288085938,22.57579040527338]],[[86.75148010253912,22.45067977905279],[86.84393310546875,22.396060943603516],[86.75148010253925,22.450679779052884],[86.75148010253912,22.45067977905279]],[[86.82919311523449,22.3245906829834],[86.82919311523705,22.324590682982123],[86.84393310546875,22.396060943603516],[86.82919311523449,22.3245906829834]],[[86.8856811523437,22.25212097167963],[86.88623046875028,22.29412078857422],[86.88514198722267,22.294702265714527],[86.8856811523437,22.25212097167963]],[[86.71544647216803,22.14349174499523],[86.73472249101228,22.214998448601143],[86.49994659423834,22.34095191955572],[86.72097015380865,22.216840744018555],[86.71544647216803,22.14349174499523]],[[87.01390617252383,22.016065371920487],[87.01761627197277,22.041280746460075],[86.98829736123459,22.0497836885315],[87.01390617252383,22.016065371920487]],[[87.00483703613293,21.89553070068365],[87.0082063431712,21.894085703049647],[87.00549612158296,21.8976246700822],[87.00483703613293,21.89553070068365]],[[87.09398738092301,21.888510573831578],[87.08518987425106,21.8610697092551],[87.14399811433172,21.828273222294982],[87.09398738092301,21.888510573831578]],[[87.16744232177751,21.973409652709904],[87.0937852725466,21.897199491704264],[87.234848022461,21.954380035400447],[87.16744232177751,21.973409652709904]],[[87.27156066894548,21.80340003967285],[87.29491336338523,21.797631999714593],[87.26992906154183,21.810109991213302],[87.27156066894548,21.80340003967285]],[[87.43254550746903,21.763637305497852],[87.43245027765961,21.76393544896901],[87.43156143578553,21.763880368019265],[87.43254550746903,21.763637305497852]],[[84.06964874267607,25.695610046386832],[84.0765075683596,25.637531280518203],[84.09165788061037,25.707719432527448],[84.06964874267607,25.695610046386832]],[[84.13511657714844,25.73163032531744],[84.12593722553292,25.72657986338819],[84.13803913552671,25.72895797358853],[84.13511657714844,25.73163032531744]],[[84.28557586669935,25.66152954101564],[84.20291137695318,25.6696395874024],[84.28557586669933,25.661529541015625],[84.28557586669935,25.66152954101564]],[[84.37477550612181,25.726103367631925],[84.3744670087449,25.726234390247892],[84.32065582275402,25.65716934204113],[84.37477550612181,25.726103367631925]],[[84.4883880615235,25.677850723266708],[84.48838806152273,25.677850723267035],[84.48838806152344,25.67785072326666],[84.4883880615235,25.677850723266708]],[[84.53586578369158,25.726490020751953],[84.53586578369145,25.72649002075183],[84.5523300170899,25.684030532837028],[84.53586578369158,25.726490020751953]],[[84.6021115351602,25.731405837920477],[84.63059997558605,25.728340148925838],[84.63059997558605,25.728340148925856],[84.6021115351602,25.731405837920477]],[[85.02272033691418,25.732799530029297],[84.94363875580822,25.716181900081953],[85.08001708984375,25.71239280700678],[85.02272033691418,25.732799530029297]],[[85.18704986572266,25.625020980834904],[85.12564849853516,25.631500244140682],[85.20157044391048,25.61149251395844],[85.18704986572266,25.625020980834904]],[[85.2620468139649,26.014530181884766],[85.28526306152344,25.94293022155773],[85.50309753417977,25.90220069885261],[85.28526306152361,25.94293022155773],[85.2620468139649,26.014530181884766]],[[85.59422302246088,25.843208312988338],[85.6304473876956,25.91550064086914],[85.61692047119135,26.002790451050032],[85.6255722045899,25.923610687255916],[85.59422302246088,25.843208312988338]],[[85.62185668945324,25.77012062072754],[85.53228759765625,25.618471145629883],[85.53222440226892,25.61196577710399],[85.62185668945341,25.77012062072754],[85.59422302246088,25.843208312988338],[85.62185668945324,25.77012062072754]],[[85.71045687876843,26.081496946593372],[85.71001256360282,26.08070682350898],[85.72178649902372,26.037719726562557],[85.71045687876843,26.081496946593372]],[[86.12257396012683,25.89820619391993],[86.03189849853527,25.94791984558117],[86.08531188964855,25.897279739379996],[86.12257396012683,25.89820619391993]],[[86.25992584228533,25.90809059143089],[86.23325449678757,25.90095806691988],[86.26669881811911,25.901789599975743],[86.25992584228533,25.90809059143089]],[[86.59012603759771,25.595960617065487],[86.49986954829672,25.61782756195312],[86.50518035888672,25.611288070678654],[86.59012603759771,25.595960617065487]],[[86.80424005383112,25.642829948432652],[86.79171830673651,25.634941816933345],[86.81559334132743,25.625790432678432],[86.80424005383112,25.642829948432652]],[[86.8047485351563,25.470859527587834],[86.84748840332043,25.577920913696516],[86.83119467881026,25.60237525571651],[86.8047485351563,25.470859527587834]],[[87.1798171997072,21.78512954711931],[87.17981719970689,21.78512954711969],[87.17981719970699,21.785129547119293],[87.1798171997072,21.78512954711931]],[[86.90775299072277,21.574171066284293],[86.93766946383765,21.58015292123103],[86.87380218505871,21.629989624023438],[86.90775299072277,21.574171066284293]],[[86.66941483549033,21.57504055989729],[86.86277770996122,21.58704948425293],[86.68308258056669,21.588819503784237],[86.66941483549033,21.57504055989729]],[[86.48449707031256,21.374900817871207],[86.5495179392912,21.454168199773722],[86.44854844610023,21.352377233290273],[86.48449707031256,21.374900817871207]],[[83.86804199218761,24.532880783080998],[83.94790824515503,24.573462254291897],[83.795970303409,24.528441243381394],[83.86804199218761,24.532880783080998]],[[83.9957925807805,24.636341684249146],[84.04673767089855,24.612289428710938],[83.9957925807805,24.63634168424915],[83.9957925807805,24.636341684249146]],[[84.16242618300753,24.52556934895312],[84.1792602539063,24.510419845581055],[84.18635249039818,24.54564312390478],[84.16242618300753,24.52556934895312]],[[84.19502635199395,24.552920349880033],[84.25714111328136,24.530750274658203],[84.19991302490246,24.557020187377987],[84.19502635199395,24.552920349880033]],[[84.29483621893958,24.561055897617646],[84.29297637939464,24.56599044799816],[84.25714111328136,24.530750274658203],[84.29483621893958,24.561055897617646]],[[84.39702606201172,24.57261276245123],[84.32035851086194,24.493339821969975],[84.29321289062494,24.450822830200195],[84.39702606201172,24.57261276245123]],[[84.480959539343,24.297324553752432],[84.43740844726557,24.243730545044002],[84.49313206107051,24.28737251935953],[84.480959539343,24.297324553752432]],[[84.49380803170381,24.287901930339938],[84.5022964477539,24.294549942016545],[84.5215225219726,24.37626075744629],[84.49380803170381,24.287901930339938]],[[84.89749687130488,24.37485191367084],[84.89803314208979,24.372129440307617],[84.90412689345787,24.374446929423872],[84.89749687130488,24.37485191367084]],[[85.07615661621105,24.439870834350586],[85.0866385803202,24.384023027921938],[85.08817764911265,24.384868383894876],[85.07615661621105,24.439870834350586]],[[85.28206725504664,24.502573351799708],[85.15289306640625,24.464149475097713],[85.28196716308605,24.497200012207088],[85.28206725504664,24.502573351799708]],[[85.37845934595663,24.534320566644553],[85.43823883285428,24.539075266047],[85.31133270263683,24.562099456787166],[85.37845934595663,24.534320566644553]],[[85.61879669272845,24.32638072518272],[85.65216064453136,24.30665588378912],[85.67758897340299,24.31859184636575],[85.61879669272845,24.32638072518272]],[[85.78215603499387,24.304738664253513],[85.84261852885554,24.287952497666566],[85.84162750043602,24.29685980614354],[85.78215603499387,24.304738664253513]],[[85.92321014404308,23.95413017272955],[85.9693984985351,23.886499404907283],[85.86942822638869,24.03902230835175],[85.92321014404308,23.95413017272955]],[[86.11599387633461,23.903148945156946],[86.1285290740503,23.929798987961373],[85.9693984985351,23.886499404907283],[86.11599387633461,23.903148945156946]],[[86.14216859562892,23.93351031493609],[86.2866821289063,23.91275978088379],[86.1917114257813,23.946990966796818],[86.14216859562892,23.93351031493609]],[[86.32665036266758,24.0387038483889],[86.35609878532108,24.046094808889713],[86.33055877685553,24.0510196685791],[86.32665036266758,24.0387038483889]],[[84.3735829359472,22.966889566383202],[84.3733901977539,22.972141265869197],[84.37160922627753,22.972190611755476],[84.3735829359472,22.966889566383202]],[[84.35045639118648,22.8635154572524],[84.37692260742199,22.87589073181158],[84.37593963557902,22.902674591482324],[84.35045639118648,22.8635154572524]],[[84.40933227539074,22.760900497436637],[84.29005951123632,22.770705864697945],[84.28361835783237,22.76258554625773],[84.40933227539074,22.760900497436637]],[[84.54905700683594,22.785310745239258],[84.45065307617193,22.83340072631836],[84.44883762032534,22.830215382329012],[84.54905700683594,22.785310745239258]],[[84.58658599853516,22.71009063720703],[84.68962097167969,22.739610671997127],[84.5832100433525,22.711981539684103],[84.58658599853516,22.71009063720703]],[[85.0524291992188,22.732330322265682],[84.97344016802703,22.787541493287808],[84.87705230712885,22.739421844482422],[84.97238922119152,22.782791137695312],[85.0524291992188,22.732330322265682]],[[85.068512317567,22.560684280058506],[85.09557305937804,22.646769646142683],[85.070541381836,22.570592880248967],[85.0524291992188,22.732330322265682],[85.068512317567,22.560684280058506]],[[85.18958282470709,22.809940338134766],[85.1557693481447,22.82995986938471],[85.15438820496576,22.82575675433452],[85.18958282470709,22.809940338134766]],[[85.45787811279314,22.79762077331543],[85.48507015088624,22.80484527179676],[85.33616638183594,22.882570266723633],[85.45787811279314,22.79762077331543]],[[85.51562324965187,22.81296275143828],[85.60089874267572,22.93320083618164],[85.5084018608763,22.81104414158405],[85.51562324965187,22.81296275143828]],[[85.70625403042648,22.938536899591238],[85.69838714599626,22.941350936889762],[85.60089874267572,22.93320083618164],[85.70625403042648,22.938536899591238]],[[86.22187389771825,22.981499570681393],[86.24143841664339,22.991441782498473],[86.23256823532361,22.991566785868326],[86.22187389771825,22.981499570681393]],[[86.39303588867188,22.97423934936529],[86.540283203125,22.987230300903434],[86.34393790342844,22.989997304556667],[86.39303588867188,22.97423934936529]],[[83.97609710693365,22.502210617065487],[84.13492584228516,22.470949172973576],[84.00250244140636,22.520860671997184],[84.00505065917967,22.569562911987106],[83.97609710693365,22.502210617065487]],[[84.80779266357433,22.446861267089787],[84.74385070800787,22.414751052856502],[84.80779266357445,22.44686126708976],[84.80779266357433,22.446861267089787]],[[84.9023924043494,22.421087605278185],[84.80779266357524,22.446861267089538],[84.89379882812528,22.418010711669922],[84.9023924043494,22.421087605278185]],[[84.92889955285595,22.430578377651187],[85.06537124189848,22.467999591984796],[85.06305582955322,22.49982544877225],[84.92889955285595,22.430578377651187]],[[84.99066166498238,22.089082824282965],[85.02374267578125,22.11199188232422],[84.97982025146513,22.08468055725109],[84.99066166498238,22.089082824282965]],[[85.09543609619169,22.099451065063477],[85.08332582787807,22.09764813412823],[85.10993508014946,22.088838871678796],[85.09543609619169,22.099451065063477]],[[85.36319732666044,22.154569625854606],[85.33386106540493,22.120343846697057],[85.39365895865022,22.143858848975423],[85.36319732666044,22.154569625854606]],[[85.55498986663686,22.087132428022645],[85.50920270127074,22.103231897425047],[85.53954315185547,22.08658981323248],[85.55498986663686,22.087132428022645]],[[85.64460754394548,22.090280532836914],[85.66040429459085,22.029941311307386],[85.80204772949224,22.110830307006893],[85.6815032958985,22.04878044128418],[85.64460754394548,22.090280532836914]],[[86.00534123714607,22.405840091211147],[85.99288177490251,22.33815956115734],[86.02149963378923,22.381761550903377],[86.00534123714607,22.405840091211147]],[[85.9638880061907,22.467611894100287],[85.96056329301612,22.478819803942855],[85.8692169189473,22.55898284911956],[85.9638880061907,22.467611894100287]],[[86.04993127695403,22.551022440809074],[86.09705638649304,22.499260710102952],[86.09622437835822,22.58862447002014],[86.04993127695403,22.551022440809074]],[[86.27982330322271,22.44552040100109],[86.110868178634,22.48408998111446],[86.11192321777361,22.48293113708496],[86.27982330322271,22.44552040100109]],[[84.55239105224638,21.76336097717285],[84.67291944180354,21.7433941517403],[84.66507720947271,21.755460739135742],[84.55239105224638,21.76336097717285]],[[83.95738355958198,21.575044422324023],[83.96672058105486,21.573999404907283],[83.95858594468754,21.6154175437554],[83.95738355958198,21.575044422324023]],[[83.96245249883458,21.745246879946183],[83.98336724390676,21.762528073891033],[83.96296691894537,21.76251983642578],[83.96245249883458,21.745246879946183]],[[84.23374667107026,21.76262917482131],[84.27973937988281,21.75850105285656],[84.28165912119883,21.76264852143191],[84.23374667107026,21.76262917482131]],[[84.26277160644537,22.01099967956543],[84.26142016237635,22.086153928390384],[84.22634124755865,21.971870422363338],[84.35082244873041,22.033428192138786],[84.26277160644537,22.01099967956543]],[[84.26678456797364,22.10363061153737],[84.47138214111328,22.185670852661133],[84.27126312255888,22.11822128295904],[84.26678456797364,22.10363061153737]],[[85.66127299111443,22.02662313067933],[85.66586303710943,22.009090423583984],[85.7888793945313,21.949871063232536],[85.66127299111443,22.02662313067933]],[[86.088623046875,21.306011199951172],[86.11205291748075,21.270481109619254],[86.11244338337264,21.27050993429487],[86.088623046875,21.306011199951172]],[[85.22466278076178,21.818080902099723],[85.33754730224626,21.82319831848139],[85.3469036339942,21.846219790955345],[85.22466278076178,21.818080902099723]],[[85.35748720608686,21.872260916919178],[85.37107849121094,21.90570259094261],[85.3628851504566,21.910902236121213],[85.35748720608686,21.872260916919178]],[[85.30544808899135,21.947352854821904],[85.24263805744023,21.987213259449913],[85.26864624023438,21.955829620361328],[85.30544808899135,21.947352854821904]],[[85.64272308349504,22.846731185912876],[85.64272308349614,22.846731185913164],[85.6427230834961,22.8467311859132],[85.64272308349504,22.846731185912876]],[[85.69721233538327,22.74110741836163],[85.67733764648466,22.726129531860465],[85.69803454506014,22.702817896765627],[85.69721233538327,22.74110741836163]],[[85.70571214410131,22.69417035053547],[85.84950606547801,22.706616992775263],[85.84760284423834,22.720361709594783],[85.70571214410131,22.69417035053547]],[[84.00505065917986,22.569562911987532],[84.08039093017578,22.63655090332037],[84.22061157226562,22.668910980224666],[84.08039093017595,22.63655090332054],[84.00505065917986,22.569562911987532]],[[84.24811365147761,22.745872796194526],[84.22535705566423,22.735160827636946],[84.22061157226562,22.668910980224666],[84.24811365147761,22.745872796194526]],[[86.16372680664074,22.667350769042912],[86.15867071664435,22.69643393609597],[86.15402931236645,22.656040837631053],[86.16372680664074,22.667350769042912]],[[86.19479639558756,22.9560099096352],[86.18296051025402,22.944868087768555],[86.21424102783214,22.887500762939567],[86.19479639558756,22.9560099096352]],[[85.08616901020163,23.68057154081865],[85.10072326660162,23.66284942626953],[85.1289912783135,23.671558225797433],[85.08616901020163,23.68057154081865]],[[85.18205261230469,23.708660125732365],[85.21852111816405,23.69914054870611],[85.21852111816406,23.69914054870617],[85.18205261230469,23.708660125732365]],[[85.50435638427747,23.53969764709475],[85.5160064697267,23.575439453124496],[85.51600646972668,23.575439453124943],[85.50435638427747,23.53969764709475]],[[85.87023239066286,23.45610676516029],[85.86089324951189,23.428180694580135],[85.8956909179688,23.37059020996088],[85.87023239066286,23.45610676516029]],[[85.9439086914063,23.454620361328352],[85.87608615526784,23.468214102407646],[86.04722595214844,23.493642807006893],[85.9439086914063,23.454620361328352]],[[86.04686737060564,23.58386993408203],[86.04513786354366,23.582326044693005],[86.14476776123053,23.567771911621207],[86.04686737060564,23.58386993408203]],[[86.14553070068365,23.473070144653263],[86.2387466430664,23.469690322875977],[86.24317932128912,23.419580459594783],[86.23874664306658,23.469690322875977],[86.14553070068365,23.473070144653263]],[[86.37194824218756,23.4826602935791],[86.38092803955084,23.58436012268072],[86.38092803955166,23.584360122681325],[86.38092803955084,23.58436012268089],[86.37194824218756,23.4826602935791]],[[83.97074878713539,23.830768300791537],[83.9835063847819,23.732083115104405],[83.9920022508141,23.74408039009753],[83.97074878713539,23.830768300791537]],[[84.46148681640625,23.954309463500977],[84.44893636331086,23.953979501600962],[84.47003600071793,23.921803638069512],[84.46148681640625,23.954309463500977]],[[84.56442260742199,23.932840347290096],[84.48578202781282,23.897791755344073],[84.48883819580084,23.893131256103516],[84.56442260742199,23.932840347290096]],[[84.57836914062494,23.98588943481451],[84.73581695556646,24.04771041870123],[84.5665767143167,23.985684611448505],[84.56442260742199,23.932840347290096],[84.57836914062494,23.98588943481451]],[[84.91604614257818,23.949970245361328],[84.89412683919622,23.95218451735196],[84.91709278340183,23.942912867263317],[84.91604614257818,23.949970245361328]],[[84.89601135253912,23.77421951293951],[84.95870208740234,23.70569038391119],[84.9302506624486,23.672395040539833],[84.9876465761177,23.689025767662272],[84.89601135253912,23.77421951293951]],[[85.04943598404563,23.72528053726569],[85.02276317938575,23.69920096323081],[85.05091253253855,23.70735736637923],[85.04943598404563,23.72528053726569]],[[85.82636260986328,23.26312065124523],[85.83155822753906,23.195119857788086],[85.83224419730178,23.194603495184918],[85.82636260986328,23.26312065124523]],[[84.31204223632824,23.57792282104498],[84.4639129638673,23.575180053710994],[84.40276912305691,23.625464981771582],[84.31204223632824,23.57792282104498]],[[84.47485072025708,23.360313000220668],[84.47952270507824,23.355060577392578],[84.49490135171723,23.371065761487298],[84.47485072025708,23.360313000220668]],[[84.51124579692782,23.379830967597357],[84.62896728515625,23.30602073669445],[84.5128860473634,23.380710601806697],[84.51124579692782,23.379830967597357]],[[84.78227233886719,23.27853965759283],[84.91359710693365,23.318660736083984],[84.89274597167969,23.259469985961914],[84.94518280029314,23.223358154296875],[84.89274597167986,23.259469985961914],[84.91964721679705,23.30941963195795],[84.88536842924526,23.362213254298677],[84.89122772216797,23.318599700927848],[84.78227233886719,23.27853965759283]],[[84.88242078199328,23.38415401958188],[84.93849182128906,23.49930191040039],[84.87975311279297,23.404010772705192],[84.88242078199328,23.38415401958188]],[[84.87946319580084,23.556400299072322],[84.89904022216797,23.58033180236822],[84.84689331054699,23.53199958801264],[84.87946319580084,23.556400299072322]],[[84.92782592773455,23.54890251159668],[84.91724184579553,23.657171443900186],[84.91242218017584,23.65153121948248],[84.92782592773455,23.54890251159668]],[[84.93694305419916,23.022790908813477],[84.94024658203125,22.962911605835075],[85.00830841064453,22.94514846801752],[84.98740647342437,22.850670202295653],[85.0083084106447,22.94514846801752],[84.94024658203142,22.962911605835075],[84.93694305419916,23.022790908813477]],[[84.86260223388689,23.092161178588924],[84.86260223389178,23.09216117859669],[84.93694305419916,23.022790908813477],[84.86260223388689,23.092161178588924]],[[84.49813842773443,23.67543983459467],[84.41679819168844,23.632816410435932],[84.45614624023438,23.62696075439453],[84.49813842773443,23.67543983459467]],[[84.59458923339844,23.667087554931584],[84.59310371992343,23.664879431543085],[84.62025318193842,23.665990795157757],[84.59458923339844,23.667087554931584]],[[84.63712310791016,23.665269851684684],[84.63493312406162,23.665363441577394],[84.67375946044922,23.603139877319393],[84.63712310791016,23.665269851684684]],[[85.04539601299129,23.774319963962768],[85.03228963337195,23.933412525261556],[85.01113891601557,23.902040481567383],[85.04539601299129,23.774319963962768]],[[85.19134511279238,23.961486434341364],[85.19639587402344,23.960792541503906],[85.20238028926562,23.975088410697424],[85.19134511279238,23.961486434341364]],[[85.23757501530987,24.0591633251994],[85.23977661132824,24.064422607421932],[85.23604870602134,24.066698334864395],[85.23757501530987,24.0591633251994]],[[85.14144911724564,24.222364586893054],[85.14325556662534,24.225110855071563],[85.14082336425793,24.22536087036127],[85.14144911724564,24.222364586893054]],[[85.88668456579055,23.952119428338577],[85.88378143310547,23.951959609985465],[85.83216094970709,23.828197479248104],[85.88668456579055,23.952119428338577]],[[86.16535186767584,23.726264953613395],[86.18022155761719,23.766460418701115],[86.13772253622079,23.838061637607407],[86.16535186767584,23.726264953613395]],[[86.29555511474604,23.7371883392334],[86.21180725097685,23.738658905029297],[86.19036288865213,23.7283632501845],[86.29555511474604,23.7371883392334]],[[85.76741534694253,23.65638233800489],[85.83318328857433,23.501729965210075],[85.87038339080547,23.487651410716193],[85.76741534694253,23.65638233800489]],[[85.75795745849615,23.671880722046012],[85.6489486694365,23.589260101320292],[85.76010049495584,23.668368986603728],[85.75795745849615,23.671880722046012]],[[85.60967254638666,23.614219665527344],[85.64894866943371,23.589260101318303],[85.64894866943379,23.58926010131836],[85.60967254638666,23.614219665527344]],[[85.64853668212919,23.795120239257926],[85.64853668212895,23.79512023925783],[85.6101684570313,23.747961044311637],[85.64853668212919,23.795120239257926]],[[85.57675933837896,23.833929061889705],[85.60629272460938,23.779001235961857],[85.60629272460952,23.77900123596191],[85.57675933837896,23.833929061889705]],[[85.6748308895965,23.9642462019389],[85.67273712158209,23.9674911499024],[85.57675933837896,23.833929061889705],[85.6748308895965,23.9642462019389]],[[83.96325016733086,23.861353418293884],[83.96214294433594,23.865869522094783],[83.818862915039,24.000761032104492],[83.96325016733086,23.861353418293884]],[[84.0276489257813,25.26869964599615],[84.02880098116009,25.280675723164478],[84.01734107311363,25.2710742208282],[84.0276489257813,25.26869964599615]],[[84.26734924316412,25.360998153686637],[84.3537368774414,25.465810775756836],[84.26629978277475,25.361064997019216],[84.26734924316412,25.360998153686637]],[[84.44274670665033,25.13147197645807],[84.53830610712416,25.200961340396624],[84.45775604248053,25.162410736084098],[84.44274670665033,25.13147197645807]],[[84.66325992765795,25.099242461623525],[84.64937591552734,25.106689453125],[84.58524322509766,25.07431983947754],[84.66325992765795,25.099242461623525]],[[84.69738769531244,25.04694938659668],[84.87983703613287,25.067790985107536],[84.71741075733745,25.070197487834424],[84.69738769531244,25.04694938659668]],[[85.09990692138678,25.000530242919922],[85.15744018554682,25.069900512695312],[85.09954029417693,25.00076272367109],[85.09990692138678,25.000530242919922]],[[85.1957400787909,25.04284748082007],[85.19783612526003,25.062542440330517],[85.15744018554682,25.069900512695312],[85.1957400787909,25.04284748082007]],[[85.24356079101568,25.00906944274908],[85.22812652587896,25.055419921875],[85.20175679264646,25.03859759033914],[85.24356079101568,25.00906944274908]],[[85.36892535470193,24.996048944583663],[85.35250854492199,25.020120620727482],[85.3125834408066,25.016070794865403],[85.36892535470193,24.996048944583663]],[[85.40119584232303,24.970318819695116],[85.38176285533851,24.9772255457649],[85.37590026855474,24.898479461669865],[85.40119584232303,24.970318819695116]],[[85.53011401119004,25.013295633386765],[85.5297927856447,25.013589859008903],[85.51915579377892,25.010010662790737],[85.53011401119004,25.013295633386765]],[[85.55895233154297,24.986881256103572],[85.55895233154294,24.986881256103768],[85.55895233154088,24.986881256105654],[85.55895233154297,24.986881256103572]],[[85.63369750976557,25.099300384521598],[85.7516708374024,25.10764122009283],[85.61763308807397,25.10830793464454],[85.65408325195281,25.06648826599195],[85.63369750976557,25.099300384521598]],[[85.68041229248053,25.135810852050877],[85.59932708740263,25.12931060791027],[85.61299606527048,25.11362804123777],[85.68041229248053,25.135810852050877]],[[85.88964329981007,25.293702475627576],[85.94546321106161,25.195678660631195],[85.92514801025385,25.323511123657283],[85.88964329981007,25.293702475627576]],[[85.94608306884777,25.071899414062614],[85.95852661132807,25.166440963745174],[85.9569645669723,25.169937035094495],[85.94608306884777,25.071899414062614]],[[85.8821603138448,25.00193729316143],[85.83417644413457,24.985255391812597],[85.98233795166027,24.97551155090332],[85.8821603138448,25.00193729316143]],[[86.40375335193437,25.13864790139837],[86.40431386995907,25.140382999049766],[86.3645477294923,25.144229888916072],[86.40375335193437,25.13864790139837]],[[86.57969665527355,24.94532012939453],[86.37792968750011,25.0587100982666],[86.49562701307961,24.968837028731354],[86.57969665527355,24.94532012939453]],[[86.63700866699219,24.974479675292912],[86.6449631557311,24.99709803621852],[86.57969665527355,24.94532012939453],[86.63700866699219,24.974479675292912]],[[86.58894833181648,24.589784482507948],[86.63579422498299,24.586441652840822],[86.60684096376278,24.642280532058862],[86.58894833181648,24.589784482507948]],[[86.77712249755871,24.619760513305607],[86.65527178123705,24.571026949868127],[86.66839599609386,24.56064033508295],[86.77712249755871,24.619760513305607]],[[85.87777709960943,24.80029106140131],[85.90457153320312,24.761280059814567],[85.9340434457007,24.7474015247405],[85.87777709960943,24.80029106140131]],[[85.95838282032005,24.73593993858237],[85.9661331176759,24.732290267944393],[86.03252829534705,24.771003065210394],[85.95838282032005,24.73593993858237]],[[86.00519090949349,24.827943505444107],[86.02725112393522,24.804420200376427],[86.0246200561524,24.821081161498967],[86.00519090949349,24.827943505444107]],[[85.82121276855469,24.917762756347713],[85.87008311407803,24.927521227827445],[85.86775207519531,24.934080123901424],[85.82121276855469,24.917762756347713]],[[86.52960968017578,24.85803031921398],[86.52806885691506,24.859608587949605],[86.4893569946289,24.758110046386776],[86.52960968017578,24.85803031921398]],[[86.59527271275603,24.664590908973462],[86.53983306884777,24.77151107788086],[86.55795288085949,24.69141960144043],[86.59527271275603,24.664590908973462]],[[86.03907012939453,24.74131965637207],[86.12444305419933,24.70516014099121],[86.03947340621163,24.74265850066261],[86.03907012939453,24.74131965637207]],[[86.45220947265625,24.368629455566463],[86.45904851985236,24.353287815158748],[86.27913665771496,24.462001800537166],[86.45220947265625,24.368629455566463]],[[84.74603271484375,25.01498985290533],[84.72196912970207,24.95315310545537],[84.72994995117199,24.959859848022518],[84.74603271484375,25.01498985290533]],[[84.3725791578475,25.055430207503235],[84.08174896240234,24.77133941650385],[84.00767398330885,24.655001874069477],[84.3725791578475,25.055430207503235]],[[83.82610915909338,25.22921038736283],[83.80058288574219,25.21541023254406],[83.81307983398449,24.990600585937557],[83.82610915909338,25.22921038736283]],[[85.17163419717139,25.309917493545093],[85.12462615966791,25.316669464111555],[85.11421203613287,25.27324104309082],[85.12462615966791,25.316669464111385],[85.17163419717139,25.309917493545093]],[[85.18090057373041,25.402990341186637],[85.18012397956203,25.392911705363083],[85.35624694824219,25.40094184875494],[85.18090057373041,25.402990341186637]],[[85.42192840576183,25.455770492553768],[85.571098327637,25.425149917602766],[85.39859008789062,25.46174049377447],[85.35624694824219,25.40094184875494],[85.42192840576183,25.455770492553768]],[[85.63633728027372,25.316379547119084],[85.64180636183468,25.319787928125287],[85.571098327637,25.425149917602766],[85.63633728027372,25.316379547119084]],[[85.70902252197294,25.365190505981445],[85.69245109314083,25.351350181919447],[85.7121068094283,25.363599801770746],[85.70902252197294,25.365190505981445]],[[85.84917655836736,25.292906836230983],[85.72163929771125,25.358683473617305],[85.80362701416044,25.292011260986328],[85.84917655836736,25.292906836230983]],[[84.75581349912734,25.422130311330186],[84.75157928466814,25.511569976806697],[84.81486967324392,25.636236636932875],[84.75157928466797,25.511569976806697],[84.75581349912734,25.422130311330186]],[[84.66954650702161,25.296397392388325],[84.69715118408232,25.316471099853743],[84.74231468408652,25.397817016636925],[84.66954650702161,25.296397392388325]],[[84.71550750732416,25.285629272460938],[84.71446837336468,25.287375198907856],[84.70912970456064,25.282273435752973],[84.71550750732416,25.285629272460938]],[[84.7803726196289,25.253940582275447],[84.69114934879272,25.265090965752435],[84.68241119384771,25.25674057006836],[84.7803726196289,25.253940582275447]],[[84.98965509875168,25.315107178329075],[84.92961883544928,25.268890380859602],[84.89866638183607,25.290420532226534],[84.92961883544928,25.268890380859432],[84.98965509875168,25.315107178329075]],[[85.21202087402361,25.262912750244254],[85.15806579589844,25.236640930175838],[85.16111755371094,25.1025905609132],[85.20182037353527,25.099979400634822],[85.16111755371111,25.1025905609132],[85.15806579589861,25.236640930175838],[85.21202087402361,25.262912750244254]],[[86.38253784179688,25.38075065612793],[86.20509468777104,25.254677958393703],[86.42293721885943,25.39157902175241],[86.38253784179688,25.38075065612793]],[[86.02202606201188,25.29331016540543],[86.02202606201067,25.293310165405806],[86.02202606201183,25.293310165405387],[86.02202606201188,25.29331016540543]],[[86.06024169921892,25.336620330810547],[86.0654478862318,25.329259693029492],[86.04473114013666,25.391130447387695],[86.06024169921892,25.336620330810547]],[[86.01191711425798,25.35837936401373],[86.0119171142581,25.358379364013672],[86.04473114013666,25.391130447387695],[86.01191711425798,25.35837936401373]],[[86.19646335725396,25.251333073658245],[86.17198277389022,25.26287266951541],[86.19278717041016,25.249908447265568],[86.19646335725396,25.251333073658245]],[[85.30965733215697,25.516064929093115],[85.31149291992199,25.513902664184684],[85.53119659423834,25.50616264343273],[85.30965733215697,25.516064929093115]],[[85.53149562421821,25.506037420377854],[85.53124515536001,25.511161552464767],[85.53119659423834,25.50616264343273],[85.53149562421821,25.506037420377854]],[[85.57852438065757,25.48634346009027],[85.63182830810564,25.464021682739258],[85.63295988193072,25.482598965358786],[85.57852438065757,25.48634346009027]],[[85.76515960693376,25.587379455566406],[85.67510223388672,25.479700088501204],[85.7974700927735,25.547491073608455],[85.72836303710938,25.527240753173885],[85.76515960693376,25.587379455566406]],[[86.2887573242188,25.52688026428234],[86.2856375123834,25.624549175854934],[86.27371978759771,25.59728240966797],[86.2887573242188,25.52688026428234]],[[86.1866760253908,25.66302108764654],[86.1442260742188,25.765760421753043],[86.1866760253911,25.663021087646428],[86.1866760253908,25.66302108764654]],[[86.0123519897461,25.59173965454113],[85.864067077637,25.666162490844727],[85.86406707763695,25.666162490844666],[86.0123519897461,25.59173965454113]],[[84.08177947998053,26.642860412597656],[84.04878234863287,26.5503311157226],[83.90220642089838,26.51807975769043],[84.04776000976562,26.54348945617687],[84.08177947998053,26.642860412597656]],[[84.27221679687511,26.59936141967779],[84.40462372005605,26.625258781504048],[84.08177947998053,26.642860412597656],[84.27221679687511,26.59936141967779]],[[84.40670013427729,26.585271835327205],[84.42743160184591,26.60817287508315],[84.40670013427754,26.585271835327656],[84.40670013427729,26.585271835327205]],[[84.49412421144199,26.568493982286665],[84.496742237826,26.612849984872444],[84.45033264160175,26.63347053527827],[84.49412421144199,26.568493982286665]],[[84.58006286621105,26.44098091125494],[84.64711761474615,26.4668807983399],[84.58006286620949,26.440980911257267],[84.58006286621105,26.44098091125494]],[[84.81443578988649,26.309489465484155],[84.70358276367193,26.42946052551264],[84.65732781804299,26.460114348587126],[84.81443578988649,26.309489465484155]],[[84.86844749196327,26.257706566016708],[84.89650726318354,26.323190689087028],[84.86516137879836,26.260857077130304],[84.86844749196327,26.257706566016708]],[[85.18878703715635,26.30310567299025],[85.17579650878923,26.34171104431158],[85.17270943511615,26.33990590929176],[85.18878703715635,26.30310567299025]],[[85.19603729248053,26.286510467529297],[85.25414276123041,26.29938125610363],[85.1957650169034,26.287133682704813],[85.19603729248053,26.286510467529297]],[[85.26709747314482,26.336450576782283],[85.26709747314476,26.3364505767823],[85.25414276123041,26.29938125610363],[85.26709747314482,26.336450576782283]],[[85.22469084595235,26.363549127975137],[85.21386718750028,26.366310119628906],[85.2221117896397,26.361685307872726],[85.22469084595235,26.363549127975137]],[[85.39301960093745,26.319437508058687],[85.38736543011115,26.34403305747884],[85.37620203249969,26.333332267589416],[85.39301960093745,26.319437508058687]],[[85.38757324218756,26.280870437622013],[85.39611083349877,26.305990697630257],[85.39325714111334,26.305910110473633],[85.38757324218756,26.280870437622013]],[[85.43197631835943,26.271900177002067],[85.4985961914063,26.38240051269554],[85.40786909881714,26.27677029098425],[85.43197631835943,26.271900177002067]],[[85.70241313340411,26.294094866131495],[85.62397003173822,26.31891059875511],[85.57205200195341,26.39496994018549],[85.62397003173822,26.31891059875494],[85.70241313340411,26.294094866131495]],[[85.70796416583043,26.362236585623794],[85.66483306884841,26.35508155822761],[85.70918273925793,26.360380172729492],[85.70796416583043,26.362236585623794]],[[85.70643615722656,26.44929122924816],[85.74835245052404,26.42915013823033],[85.68413180212006,26.410780805180416],[85.70643615722656,26.44929122924816]],[[85.80622863769537,26.47184181213379],[85.746322631836,26.474508285522745],[85.74718758749867,26.472220327065394],[85.80622863769537,26.47184181213379]],[[86.399642944336,25.93131256103539],[86.37503051757824,25.92428970336914],[86.39964294433605,25.931312561035213],[86.399642944336,25.93131256103539]],[[86.3996429443356,25.931312561036652],[86.38689950860946,26.05176746747512],[86.3327507839255,26.115610774506482],[86.3996429443356,25.931312561036652]],[[86.49814605712908,26.06488990783697],[86.42872617058457,26.076288685539726],[86.42744235444317,26.075197061316832],[86.4981460571289,26.06488990783697],[86.50927734375006,25.998857498169002],[86.49814605712908,26.06488990783697]],[[86.54493713378912,26.035390853881893],[86.62240359524687,26.00188792945634],[86.66622926302844,26.026768104631913],[86.54493713378912,26.035390853881893]],[[86.69780970020875,26.066301026821463],[86.67629108168258,26.032480277962563],[86.68199920654297,26.035720825195256],[86.69780970020875,26.066301026821463]],[[86.83436584472668,25.872230529785263],[86.85711669921875,25.676139831543082],[86.85711669921845,25.676139831542898],[86.85711669921892,25.676139831543082],[86.86374664306635,25.818489074706974],[86.83436584472668,25.872230529785263]],[[86.68521118164091,25.93530082702648],[86.68390188742626,25.935134454587583],[86.70600891113276,25.867031097412053],[86.68521118164091,25.93530082702648]],[[86.61444565693678,25.960938395070546],[86.61116027832043,25.944032669067326],[86.62244292256304,25.942943437912927],[86.61444565693678,25.960938395070546]],[[84.04402478537767,26.103598014106932],[84.07780353725937,26.098527575986573],[84.02757942118491,26.159316711132117],[84.04402478537767,26.103598014106932]],[[84.00551605224615,26.234069824218864],[84.0084435477845,26.2241511483518],[84.0103492414323,26.234390194575194],[84.00551605224615,26.234069824218864]],[[84.15748731632756,26.245835439486537],[84.15934753417969,26.245901107788086],[84.17116737980504,26.372234918507022],[84.15748731632756,26.245835439486537]],[[84.18041229248053,26.370729446411133],[84.23597717285168,26.31793022155773],[84.2522655930298,26.32086717698294],[84.18041229248053,26.370729446411133]],[[84.34909864772396,26.30734794330074],[84.31389617919928,26.331979751586857],[84.34826660156256,26.300390243530387],[84.34909864772396,26.30734794330074]],[[84.42732238769531,26.376361846923885],[84.35658264160156,26.36993026733404],[84.4355336280497,26.371118449570833],[84.42732238769531,26.376361846923885]],[[84.75470733642584,26.21270942687994],[84.88837174575393,26.216481119259747],[84.67807006835949,26.24080085754406],[84.77231597900402,26.17801094055187],[84.75470733642584,26.21270942687994]],[[84.94342041015653,26.106159210205192],[84.94342041015636,26.106159210205192],[84.93181610107422,26.01828956604004],[84.94342041015653,26.106159210205192]],[[83.9232327451178,26.12172978427164],[83.89703745529417,26.127785571955677],[83.89910888671886,26.12535095214855],[83.9232327451178,26.12172978427164]],[[84.41029645785166,25.914888813976162],[84.35138702392572,25.95934104919445],[84.16622924804726,25.99150085449212],[84.41029645785166,25.914888813976162]],[[84.4501971096687,25.902364106720036],[84.44667053222662,25.99473953247076],[84.44412822264809,25.904269114027986],[84.4501971096687,25.902364106720036]],[[85.82593942096003,26.384302535354745],[85.82615491262031,26.371271479561205],[85.82964324951189,26.383279800415153],[85.82593942096003,26.384302535354745]],[[85.82747777569755,26.2912762605139],[85.82760620117193,26.283510208129996],[85.84066234244844,26.287436880264757],[85.82747777569755,26.2912762605139]],[[85.97505974423804,26.32374545672292],[85.9832272848201,26.318853562820042],[85.98023223876982,26.3260498046875],[85.97505974423804,26.32374545672292]],[[86.01468123534612,26.2432786862166],[86.01793670654303,26.20010757446289],[86.03177851778352,26.202198790405347],[86.01468123534612,26.2432786862166]],[[85.69201660156261,26.22723960876465],[85.74633026123053,26.145290374755973],[85.6959954471054,26.243051017370576],[85.69201660156261,26.22723960876465]],[[86.51770019531261,26.307310104370117],[86.6865615844726,26.373331069946573],[86.51770019531261,26.307310104370288],[86.50081634521501,26.226020812988338],[86.51770019531261,26.307310104370117]],[[84.1403463736058,26.37725391289117],[84.0675892564355,26.38910192200949],[84.07200622558611,26.384469985961914],[84.1403463736058,26.37725391289117]],[[83.6131973266602,26.958179473876854],[83.57705016320747,26.926922755368707],[83.59748077392578,26.914670944213924],[83.6131973266602,26.958179473876854]],[[83.61319732666044,26.958179473877067],[83.71428680419933,26.954240798950252],[83.71629111014228,26.956424012739102],[83.61319732666044,26.958179473877067]],[[83.75975799560557,27.003770828247163],[83.75975799560315,27.00377082824436],[83.75975799560564,27.00377082824707],[83.75975799560557,27.003770828247163]],[[83.91929322220278,27.306859085071657],[83.87315099782388,27.28656985128875],[83.90023233019461,27.264488156950545],[83.91929322220278,27.306859085071657]],[[83.92074897704278,27.310095118498673],[83.92359924316423,27.316431045532227],[83.83058929443365,27.321359634399414],[83.92074897704278,27.310095118498673]],[[85.21627807617193,26.505329132080135],[85.21627807617215,26.505329132080806],[85.17278289794928,26.49014091491705],[85.21627807617193,26.505329132080135]],[[85.2604370117187,26.643629074096737],[85.3144115515986,26.646180921501717],[85.23069763183611,26.669069290161303],[85.2604370117187,26.643629074096737]],[[85.35560473150156,26.610757371374266],[85.35102844238276,26.636169433593693],[85.33420483594189,26.640769205142973],[85.35560473150156,26.610757371374266]],[[85.36866760253912,26.53821945190424],[85.44345092773443,26.539590835571346],[85.46572875976562,26.499910354614485],[85.44345092773443,26.539590835571516],[85.36866760253912,26.53821945190424]],[[85.44772338867199,26.40188980102539],[85.44772338867216,26.40188980102539],[85.422836303711,26.449939727783203],[85.44772338867199,26.40188980102539]],[[84.65682506021389,26.709571958720392],[84.59572601318354,26.695430755615234],[84.5568069404458,26.649141052891594],[84.65682506021389,26.709571958720392]],[[84.71524810791021,26.744871139526367],[84.73131442567804,26.80146063468283],[84.70310432784716,26.737533872728136],[84.71524810791021,26.744871139526367]],[[83.93942260742205,27.092992782592777],[83.97518472973813,27.19061769228651],[83.93942260742188,27.092992782592773],[83.93942260742205,27.092992782592777]],[[83.99076080322295,27.068590164184794],[84.02072143554688,27.095481872558594],[83.99076080322283,27.068590164184855],[83.99076080322295,27.068590164184794]],[[84.052001953125,26.89170074462919],[84.04640960693365,26.96819019317644],[84.052001953125,26.89170074462902],[84.14083862304688,26.88758087158203],[84.1689224243164,26.8345184326173],[84.14083862304705,26.88758087158203],[84.052001953125,26.89170074462919]],[[84.24218456765591,26.741289653045374],[84.24109649658214,26.862430572509812],[84.23398590087896,26.739530563354492],[84.24218456765591,26.741289653045374]],[[84.32566070556658,26.68425750732422],[84.29802703857439,26.753271102905273],[84.3256607055664,26.68425750732422],[84.40223693847662,26.671222686767578],[84.32566070556658,26.68425750732422]],[[87.47566986084001,22.07484054565424],[87.47491527708077,22.0714955548135],[87.51245308643645,22.080332799543577],[87.47566986084001,22.07484054565424]],[[87.70265236049522,22.153805297895815],[87.67909915994139,22.119565033926662],[87.6995925903322,22.1243896484375],[87.70265236049522,22.153805297895815]],[[87.69712829589861,22.224710464477482],[87.70852292055915,22.21024298038958],[87.71972656250028,22.317951202392635],[87.69712829589861,22.224710464477482]],[[87.64359283447273,22.329370498657507],[87.64359283447271,22.32937049865734],[87.71972656250028,22.317951202392635],[87.64359283447273,22.329370498657507]],[[87.65413665771513,22.457519531250114],[87.65390055294128,22.4546499271546],[87.69268035888666,22.506299972534293],[87.65413665771513,22.457519531250114]],[[87.75647735595992,22.472721099854425],[87.88224029541044,22.505569458007926],[87.87691856858591,22.44207223128086],[87.88857269287101,22.5151805877686],[87.75647735595992,22.472721099854425]],[[87.1390561855304,24.041214768672976],[87.25067334572132,24.00609334295884],[87.23990234650213,24.035890775103006],[87.1390561855304,24.041214768672976]],[[87.26184157551322,24.034732532557534],[87.32877829998299,24.016537628919846],[87.33235931396496,24.03100967407221],[87.26184157551322,24.034732532557534]],[[87.43841995671893,23.986734566478564],[87.4579696655274,23.981420516967887],[87.43698729625412,24.004803523939536],[87.43841995671893,23.986734566478564]],[[87.43661757493932,24.009466512046927],[87.4547650178223,24.01691966828266],[87.43650054931652,24.01094245910639],[87.43661757493932,24.009466512046927]],[[87.51055145263672,24.039831161498967],[87.49359893798828,24.115209579467773],[87.50822866437936,24.038877192176884],[87.51055145263672,24.039831161498967]],[[87.75627899169928,24.303592681884766],[87.81002044677751,24.406620025634766],[87.79399037647676,24.411645152594367],[87.75627899169928,24.303592681884766]],[[87.82287597656256,24.49440956115734],[87.8018958501609,24.523684189794643],[87.79515075683594,24.4910507202149],[87.82287597656256,24.49440956115734]],[[87.78541993375464,24.56591171128879],[87.89965815320424,24.529686170647462],[87.89087936979409,24.580630573432565],[87.78541993375464,24.56591171128879]],[[87.94690792029124,24.488581858216882],[87.95217132568365,24.353540420532227],[87.96969604492188,24.46875762939476],[87.94690792029124,24.488581858216882]],[[88.01878540703298,24.264382327230027],[88.01049041748064,24.312631607055778],[87.95217132568365,24.353540420532227],[88.01878540703298,24.264382327230027]],[[88.02014584057603,24.256469123929516],[87.89383697509771,24.15027809143089],[88.02213287353533,24.2449111938476],[88.02014584057603,24.256469123929516]],[[87.843246459961,23.91032981872553],[87.85318592304219,23.901179583079436],[87.89383697509771,24.15027809143089],[87.843246459961,23.91032981872553]],[[87.98744063397952,23.827613699272057],[88.02061701680537,23.80265137174256],[88.00276947021496,23.843259811401424],[87.98744063397952,23.827613699272057]],[[88.23747469468422,23.75964998497572],[88.23899841308611,23.76004028320324],[88.23886577877163,23.76186915032396],[88.23747469468422,23.75964998497572]],[[88.26502542859454,23.803601054912033],[88.27920487757135,23.80703745845711],[88.26766967773443,23.807819366455192],[88.26502542859454,23.803601054912033]],[[88.51825714111334,23.9458904266358],[88.54873113508543,24.0348780630546],[88.54685974121094,24.03633117675787],[88.51825714111334,23.9458904266358]],[[88.2706527709961,22.551759719848746],[88.24359130859375,22.557098388671818],[88.33542614424023,22.510076517806354],[88.2706527709961,22.551759719848746]],[[88.36444091796903,22.495220184326115],[88.37500522234868,22.51536944329281],[88.36068121236994,22.49714525328201],[88.36444091796903,22.495220184326115]],[[88.33130041396453,22.651995690616943],[88.40297672322636,22.568719384246606],[88.35778662937628,22.696440146495064],[88.33130041396453,22.651995690616943]],[[88.52218627929442,22.544450759888594],[88.41903686523455,22.58045959472662],[88.41589373893214,22.574029682640564],[88.52218627929442,22.544450759888594]],[[88.70365905761724,22.42871284484869],[88.59049987792986,22.61181068420433],[88.55650329589872,22.622230529785213],[88.52218627929697,22.544450759888104],[88.57948303222662,22.61127281188965],[88.70365905761724,22.42871284484869]],[[87.31369658541165,22.936095583981245],[87.16848754882824,22.889419555664062],[87.12423706054699,22.84023284912115],[87.31369658541165,22.936095583981245]],[[87.41441003571013,22.937114324839385],[87.35521697998058,22.949441909790153],[87.33902096119701,22.94423585754193],[87.41441003571013,22.937114324839385]],[[87.8511505126956,22.593971252441406],[87.73931121826178,22.772739410400334],[87.84992631923683,22.581867015182453],[87.8511505126956,22.593971252441406]],[[87.88857269287101,22.515180587768647],[87.88857269287104,22.515180587768782],[87.88857269287082,22.51518058776897],[87.88857269287101,22.515180587768647]],[[88.11083221435564,22.70362091064453],[88.06360626220714,22.681472778320256],[88.1375615445512,22.683090727811866],[88.11083221435564,22.70362091064453]],[[88.23932647705072,22.674608230590934],[88.1796264648437,22.65078163146984],[88.2896014671377,22.66224771563223],[88.23932647705072,22.674608230590934]],[[87.94782257080084,22.764078140258903],[87.93680256956708,22.628158514650796],[87.93824768066412,22.628589630126953],[87.94782257080084,22.764078140258903]],[[87.98679077280059,22.769144761450445],[87.98486328125028,22.776311874389876],[87.94782257080084,22.764078140258903],[87.98679077280059,22.769144761450445]],[[88.32431521283594,22.552111235909535],[88.32888793945318,22.55214118957531],[88.33517872427547,22.56799440375461],[88.32431521283594,22.552111235909535]],[[88.41110396465685,22.942199728052376],[88.41028365339326,22.928837807646456],[88.41697194476842,22.94206277685143],[88.41110396465685,22.942199728052376]],[[88.50704956054693,22.939960479736442],[88.45610094837141,22.941149555617987],[88.65612792968767,22.87095069885254],[88.50704956054693,22.939960479736442]],[[88.70668090531547,23.217386085890766],[88.7043762207033,23.216430664062614],[88.65612792968767,22.87095069885254],[88.70668090531547,23.217386085890766]],[[88.44941711425787,23.137420654297102],[88.50031451402177,23.094566204315125],[88.50447845459001,23.098579406738395],[88.44941711425787,23.137420654297102]],[[86.87121582031243,23.844181060791033],[86.87121582031251,23.844181060791048],[86.8712158203125,23.844181060791072],[86.87121582031243,23.844181060791033]],[[86.88226318359375,23.814479827880973],[86.89501190185571,23.879951477050792],[86.89501190185558,23.879951477050838],[86.88226318359375,23.814479827880973]],[[87.10621755417137,23.780632146995732],[87.10091794372909,23.80365106854262],[87.05511517174845,23.820623713838174],[87.10621755417137,23.780632146995732]],[[87.12999914136903,23.762021215588184],[87.15080261230463,23.74574089050293],[87.35000610351568,23.718309402465934],[87.12999914136903,23.762021215588184]],[[88.22602171368477,23.708471033785642],[88.16387176513678,23.70837020874029],[88.2296981811524,23.704269409179744],[88.22602171368477,23.708471033785642]],[[88.13699561219536,23.6554297722801],[88.13413238525396,23.64978981018089],[88.31259155273438,23.586231231689453],[88.13699561219536,23.6554297722801]],[[88.33849334716825,23.45201110839855],[88.33607445989874,23.425508137774617],[88.38483923483868,23.500768896790778],[88.33849334716825,23.45201110839855]],[[88.32581329345709,23.313079833984432],[88.3340587277665,23.29035661555636],[88.3346327344719,23.409711615498782],[88.32581329345709,23.313079833984432]],[[88.34298552675477,23.265755655114262],[88.35415649414057,23.23497009277338],[88.37818564782846,23.223197470906918],[88.34298552675477,23.265755655114262]],[[88.46900939941423,23.219209671020508],[88.39060268566078,23.21711398195012],[88.4015032304976,23.186062231471084],[88.46900939941423,23.219209671020508]],[[87.69441986083984,22.992950439453125],[87.68710752070325,23.018046592986767],[87.64125061035156,22.984500885009766],[87.69441986083984,22.992950439453125]],[[87.68848341653202,23.019053102132816],[87.77636718750011,22.932451248169002],[87.70973968505865,23.00757026672369],[87.76008220737856,23.071429769265947],[87.68848341653202,23.019053102132816]],[[87.94033050537115,22.940540313720817],[87.97849689337826,22.95614967110935],[87.77636718750011,22.932451248169002],[87.94033050537115,22.940540313720817]],[[88.04837799072294,22.98472976684576],[88.04963684082037,23.04337120056158],[88.01426561335967,22.97077842595553],[88.04837799072294,22.98472976684576]],[[87.44230651855486,23.40294075012207],[87.20923614501953,23.553379058838004],[87.65175628662115,23.235649108886946],[87.44230651855486,23.40294075012207]],[[87.74463653564459,23.10491943359375],[87.7398734326437,23.10614501576443],[87.75367036770062,23.08533206903227],[87.74463653564459,23.10491943359375]],[[87.29258728027344,23.890140533447322],[87.29092924404316,23.894727407985066],[87.28818631338456,23.891814073951714],[87.29258728027344,23.890140533447322]],[[87.25521850585943,23.839300155639705],[87.24822235107433,23.90701103210455],[87.24589850772277,23.83348128838201],[87.25521850585943,23.839300155639705]],[[87.22912597656256,23.823009490966854],[87.24022139654048,23.829936828834647],[87.23146619721098,23.832902698428732],[87.22912597656256,23.823009490966854]],[[87.13092803955121,23.866960525512287],[87.1309280395511,23.86696052551263],[87.1309280395509,23.866960525512695],[87.13092803955121,23.866960525512287]],[[87.15364837646513,23.798450469970817],[87.14983584577668,23.80994663264697],[87.13346542489164,23.80044103639862],[87.15364837646513,23.798450469970817]],[[87.22230626406441,25.450822688155434],[87.10360887883154,25.442532675112446],[87.10459899902355,25.433170318603516],[87.22230626406441,25.450822688155434]],[[87.2023086547851,25.50435066223156],[87.22422189780966,25.45375128950277],[87.2287216186524,25.460630416870117],[87.2023086547851,25.50435066223156]],[[87.67891693115246,25.69824028015148],[87.70612335205084,25.762229919433594],[87.66588646104256,25.696840942053544],[87.67891693115246,25.69824028015148]],[[87.78531646728521,25.747381210327205],[87.82234191894543,25.78637123107916],[87.7796886664861,25.748436422977033],[87.78531646728521,25.747381210327205]],[[87.8070350685612,25.911887033482195],[87.7889862060548,25.842399597168026],[87.81901463145374,25.881246358702768],[87.8070350685612,25.911887033482195]],[[87.91091156005876,25.85174942016613],[87.89846801757824,25.769760131835994],[88.04238873438207,25.66713593256555],[87.89846801757841,25.769760131836165],[87.91091156005876,25.85174942016613]],[[88.1116561889649,25.43306159973139],[88.02102661132818,25.586921691894474],[88.07041168212896,25.48050117492687],[88.00178153913586,25.50698645458393],[88.1116561889649,25.43306159973139]],[[88.21603331100586,25.32758578895764],[88.12528228759766,25.24254035949707],[88.19570499457195,25.2904916608722],[88.21603331100586,25.32758578895764]],[[87.96196348414466,24.72300947731482],[87.96032714843767,24.67976188659668],[87.99036524328754,24.66557037120472],[87.96196348414466,24.72300947731482]],[[87.25055694580072,25.105850219726676],[87.22441596238707,25.089545577510894],[87.29110717773443,25.089269638061523],[87.25055694580072,25.105850219726676]],[[87.32345581054705,25.223091125488338],[87.32345581054703,25.223091125488306],[87.323455810549,25.22309112548793],[87.32345581054705,25.223091125488338]],[[87.46795311382968,25.1954738365317],[87.47054290771484,25.105449676513672],[87.48150634765624,25.295171737668774],[87.46795311382968,25.1954738365317]],[[87.54839324951178,24.826982498169002],[87.50045121051721,24.80714191032739],[87.50392782727903,24.80130594554377],[87.54839324951178,24.826982498169002]],[[87.74775695800793,24.765222549438533],[87.74466431275823,24.762475543670455],[87.79396820068354,24.71352767944336],[87.74775695800793,24.765222549438533]],[[87.8953501813054,24.72118543167429],[87.83864236254952,24.743585706380706],[87.79396820068354,24.71352767944336],[87.8953501813054,24.72118543167429]],[[87.8300170898437,24.782970428466854],[87.83465137298114,24.76180936380702],[87.84974906409263,24.767955034559176],[87.8300170898437,24.782970428466854]],[[87.85711988912098,24.770955404845033],[87.88897705078142,24.85293960571289],[87.96673354595303,24.884065817787846],[87.88897705078125,24.85293960571289],[87.85711988912098,24.770955404845033]],[[87.89260465692819,24.601729453769575],[87.89553226294333,24.637531731411958],[87.8727416992187,24.61071968078619],[87.89260465692819,24.601729453769575]],[[87.90194908907505,24.71600437751307],[87.90215301513689,24.718498229980582],[87.90139171272078,24.718798953648495],[87.90194908907505,24.71600437751307]],[[87.38651275634777,24.54432106018072],[87.38271331787121,24.501199722290096],[87.55944824218756,24.519611358642635],[87.38513183593756,24.517482757568416],[87.45361361479402,24.566327849592966],[87.38651275634777,24.54432106018072]],[[87.43181610107422,24.755460739135685],[87.46028507271912,24.571086312088106],[87.46351623535162,24.573390960693416],[87.43181610107422,24.755460739135685]],[[87.19877624511834,25.414850234987085],[87.19877624511724,25.41485023498558],[87.19877624511732,25.41485023498551],[87.19877624511834,25.414850234987085]],[[87.52718293652428,25.34314563441558],[87.53974914550794,25.281618118286286],[87.57130002770039,25.333866617992655],[87.52718293652428,25.34314563441558]],[[87.62038449657175,25.323542827810073],[87.699779978212,25.274606995496885],[87.68415069580078,25.310131072998047],[87.62038449657175,25.323542827810073]],[[87.78451213007736,25.222381877775366],[87.787582397461,25.22048950195324],[87.83664703369152,25.199260711669865],[87.78451213007736,25.222381877775366]],[[87.85652160644526,25.277772903442496],[87.8531378811005,25.280322441554603],[87.83664703369152,25.199260711669865],[87.85652160644526,25.277772903442496]],[[87.8102966135396,25.3126020840458],[87.78922152916267,25.328481543919214],[87.79144287109386,25.322330474853516],[87.8102966135396,25.3126020840458]],[[87.759750366211,25.41008949279791],[87.94286634919942,25.52972260539848],[87.92604827880865,25.536212921142635],[87.759750366211,25.41008949279791]],[[88.2010595529571,25.290909190675368],[88.28949559477569,25.297805125032134],[88.21454620361328,25.306659698486328],[88.2010595529571,25.290909190675368]],[[88.41852978985112,25.307866761902357],[88.43496255799703,25.309148131897032],[88.43126678466797,25.314880371093807],[88.41852978985112,25.307866761902357]],[[88.44389043687895,25.295300762831207],[88.44634031533825,25.231172116198017],[88.46102142333984,25.268730163574332],[88.44389043687895,25.295300762831207]],[[87.77652740478521,25.091270446777344],[87.7934190699967,25.080637460421848],[87.77687669969914,25.095353268003922],[87.77652740478521,25.091270446777344]],[[87.96710652596947,24.88861859753676],[87.96997070312511,24.92358016967779],[87.9100405037901,24.976893042374147],[87.96710652596947,24.88861859753676]],[[87.53974914550783,25.28161811828611],[87.48150634765653,25.295171737670955],[87.48150634765653,25.295171737670916],[87.53974914550783,25.28161811828611]],[[88.23760314588664,26.45168019529842],[88.23263287398018,26.449071730581135],[88.25756399516509,26.42976284691105],[88.23760314588664,26.45168019529842]],[[87.85941314697266,26.113540649414002],[87.85941314697232,26.11354064941268],[87.85941314697283,26.113540649414006],[87.85941314697266,26.113540649414002]],[[87.96800569295378,26.083551422845407],[87.97219085693365,26.08485031127924],[87.96405792236357,26.151979446411133],[87.96800569295378,26.083551422845407]],[[88.01306915283214,26.140871047973576],[88.05675762376107,26.172784056978006],[87.96405792236357,26.151979446411133],[88.01306915283214,26.140871047973576]],[[88.16185428039476,26.249553751091188],[88.27955627441435,26.33553123474121],[88.27506005965809,26.340385939777725],[88.16185428039476,26.249553751091188]],[[88.24556456552048,26.37223315609343],[88.2396954942021,26.378570177706862],[88.2376098632812,26.375377655029297],[88.24556456552048,26.37223315609343]],[[88.26280107688336,26.413938418534567],[88.26834869384783,26.417921066284123],[88.26663334108069,26.41980455248654],[88.26280107688336,26.413938418534567]],[[87.13215532996149,25.96196510830036],[87.22352600097656,25.943889617919865],[87.24277665450671,25.964557659507182],[87.13215532996149,25.96196510830036]],[[87.85941314697263,26.113540649414002],[87.67096710205095,26.110942840576286],[87.68942260742216,26.19758987426775],[87.66618728977296,26.08970340012974],[87.85941314697263,26.113540649414002]],[[88.2781372070313,27.130830764770508],[88.3234051377285,27.186983898963398],[88.24817299200514,27.12685040833144],[88.2781372070313,27.130830764770508]],[[88.32952880859386,27.194580078125114],[88.2752714305011,27.284500573180757],[88.32544085037156,27.18950912252595],[88.32952880859386,27.194580078125114]],[[88.29469445356122,27.313400960034166],[88.35323333740234,27.390041351318303],[88.3470350731602,27.391280914656818],[88.29469445356122,27.313400960034166]],[[88.27614993454421,27.505793193452863],[88.3504486083985,27.521392822265625],[88.27630615234403,27.51300811767578],[88.27614993454421,27.505793193452863]],[[88.48100280761719,27.37840080261242],[88.44023380689691,27.269226843883963],[88.50867001436222,27.381451735819574],[88.3504486083985,27.521392822265625],[88.48100280761719,27.37840080261242]],[[88.11220727043721,27.13588945375604],[88.12690734863287,27.12308120727539],[88.1992178017512,27.125328774093802],[88.11220727043721,27.13588945375604]],[[88.43194580078153,27.081609725952205],[88.47227551457674,27.10982058527706],[88.43194580078142,27.081609725952248],[88.43194580078153,27.081609725952205]],[[88.50367447391196,27.185006036920548],[88.52075195312506,27.178180694580078],[88.6844100952149,27.180229187011776],[88.50367447391196,27.185006036920548]],[[92.75966555107563,24.521160925228624],[92.69066619873058,24.354801177978572],[92.76260682125464,24.515076916925338],[92.75966555107563,24.521160925228624]],[[92.60795593261719,24.250080108642635],[92.60852842097387,24.252975388251123],[92.54885858959635,24.24323434868174],[92.60795593261719,24.250080108642635]],[[92.53991699218756,24.035301208496037],[92.54882619509644,24.24318578793053],[92.49859249696449,24.16788330994281],[92.53653717041044,24.178140640258846],[92.53991699218756,24.035301208496037]],[[92.62832641601557,23.956060409546012],[92.84192657470714,24.016679763793945],[92.62756016651079,23.96135378772086],[92.62383270263678,23.937490463257063],[92.65523227906004,23.921829178511164],[92.62832641601557,23.956060409546012]],[[92.66142468925223,23.913950827848307],[92.6651538594958,23.843749032417634],[92.66388702392584,23.910818099975643],[92.66142468925223,23.913950827848307]],[[92.66530609130871,23.835689544677678],[92.66526587915592,23.83781846468567],[92.62612152099621,23.798770904541126],[92.66530609130871,23.835689544677678]],[[92.62612152099852,23.79877090453611],[92.66797577907698,23.708214427536994],[92.66871643066418,23.709672927856502],[92.62612152099852,23.79877090453611]],[[92.67300375341348,23.384988120162873],[92.46787261962919,23.3904705047608],[92.67747215131979,23.36665155407935],[92.67300375341348,23.384988120162873]],[[92.45618974632089,23.298051124017334],[92.44126524458646,23.28074417986433],[92.45493316650419,23.288110733032227],[92.45618974632089,23.298051124017334]],[[91.8035597144829,23.579118773738784],[91.80652618408209,23.55364418029791],[91.83285316788061,23.52119172686086],[91.8035597144829,23.579118773738784]],[[91.77296149554722,23.8379693751438],[91.77874755859386,23.691480636596737],[91.74738311767595,23.67045974731451],[91.78387777413894,23.68652337362049],[91.77296149554722,23.8379693751438]],[[91.38095557066703,23.431485490033708],[91.38346099853533,23.401460647583065],[91.42064666748064,23.371561050415153],[91.38095557066703,23.431485490033708]],[[91.38987882728968,23.533190324446245],[91.3743286132813,23.510902404785213],[91.3788135974406,23.45715472181267],[91.38987882728968,23.533190324446245]],[[91.57009124755888,23.756799697876033],[91.50607299804705,23.69972991943365],[91.48675793229023,23.672045886686323],[91.57009124755888,23.756799697876033]],[[91.70918501081509,23.76245871912532],[91.70860290527338,23.76386070251465],[91.57009124755888,23.756799697876033],[91.70918501081509,23.76245871912532]],[[92.27474975585955,23.84905815124523],[92.2692602203443,23.828296637053914],[92.28942475813238,23.8555055759233],[92.27474975585955,23.84905815124523]],[[92.29710866248213,24.250423899682275],[92.3368377685548,24.146789550781477],[92.32369626012823,23.901749690842593],[92.33683776855497,24.146789550781307],[92.29710866248213,24.250423899682275]],[[92.21285247802746,24.24930953979515],[92.2722396850586,24.377569198608512],[92.27098379387755,24.383593247561713],[92.21285247802746,24.24930953979515]],[[92.4808994146134,24.382477413479673],[92.50676727294928,24.43966102600109],[92.50447757745525,24.49744669233441],[92.4808994146134,24.382477413479673]],[[92.32238006591808,26.615531921386832],[92.37994713258489,26.53471446662919],[92.38331604003912,26.536190032958984],[92.32238006591808,26.615531921386832]],[[92.35068873754513,26.511073633165598],[92.29119097688461,26.46888589762899],[92.39953629547732,26.51141041528575],[92.35068873754513,26.511073633165598]],[[92.56319674186189,26.381298976572246],[92.56407688372592,26.37074641514275],[92.56741333007818,26.381174087524528],[92.56319674186189,26.381298976572246]],[[92.41180288755103,26.14317023906648],[92.39781113518148,26.133736180471516],[92.40679097794879,26.12772406622856],[92.41180288755103,26.14317023906648]],[[92.52110290527355,26.152120590210018],[92.41459888648794,26.122496576243226],[92.42999267578142,26.112190246582145],[92.52110290527355,26.152120590210018]],[[92.57244116728629,26.005500996534387],[92.5587997436524,25.96613121032715],[92.57193195992679,25.97276851095495],[92.57244116728629,26.005500996534387]],[[92.79457504857216,25.94655313517485],[92.80400085449213,25.92113113403326],[92.85810089111334,25.924400329589844],[92.79457504857216,25.94655313517485]],[[92.98625946044928,25.877929687500057],[93.06160774826898,25.796832627720715],[93.0683486945553,25.79400642717078],[92.98625946044928,25.877929687500057]],[[92.99185180664149,25.826078414916676],[92.99185180664091,25.826078414916992],[92.9918518066409,25.826078414916925],[92.99185180664149,25.826078414916676]],[[92.97282031966608,25.791584263454926],[92.9685945488116,25.793456358340382],[92.97017669677734,25.786792755126953],[92.97282031966608,25.791584263454926]],[[92.93859703129846,25.80674581511563],[92.93057250976568,25.810300827026367],[92.92825087103833,25.801076373564566],[92.93859703129846,25.80674581511563]],[[92.82141113280665,25.742530822742545],[92.74760777833636,25.602119583907612],[92.74997711181652,25.60267257690424],[92.82141113280665,25.742530822742545]],[[92.65297323324558,25.57234401358136],[92.6363901448435,25.56744312652025],[92.56741333007818,25.46747016906744],[92.65297323324558,25.57234401358136]],[[92.76464843750011,25.24934959411621],[92.80195197900731,25.218571064353835],[92.8044204711914,25.21932983398449],[92.76464843750011,25.24934959411621]],[[89.7994342783045,26.460118235340843],[89.84039232674179,26.46717285091669],[89.82575988769537,26.469432830810547],[89.7994342783045,26.460118235340843]],[[89.84607883982487,26.46629456909415],[89.84198737325839,26.45109977004529],[89.8609924316408,26.463991165161133],[89.84607883982487,26.46629456909415]],[[89.83589098869165,26.428459150377282],[89.82727813720709,26.396472930908317],[89.84537934685393,26.41874373162799],[89.83589098869165,26.428459150377282]],[[89.85729217529284,26.38446044921858],[89.78201293945312,26.353279113769645],[89.77116474860175,26.323573287008276],[89.85729217529284,26.38446044921858]],[[89.76847231689553,26.316200545237077],[89.76424858294396,26.304634606660755],[89.87419128417974,26.30211067199707],[89.76847231689553,26.316200545237077]],[[90.05059814453135,26.296930313110405],[90.05059814453142,26.29693031311035],[90.10925145990007,26.32687715643323],[90.05059814453135,26.296930313110405]],[[90.2241287231445,26.38553047180186],[90.21688079833984,26.329498291015625],[90.22412872314453,26.38553047180187],[90.2241287231445,26.38553047180186]],[[90.27807617187524,26.319999694824453],[90.27807617187528,26.319999694824446],[90.27807617187544,26.319999694824713],[90.27807617187524,26.319999694824453]],[[90.34031312733251,26.40451445612117],[90.38972533777797,26.384024180621722],[90.34716033935547,26.413812637329045],[90.34031312733251,26.40451445612117]],[[90.44873826134743,26.394454514043023],[90.46883105334328,26.28511320143786],[90.47984313964855,26.292478561401367],[90.44873826134743,26.394454514043023]],[[90.36483821939846,26.179158582874827],[90.247299194336,26.177551269531307],[90.35949063995288,26.160340340662398],[90.36483821939846,26.179158582874827]],[[90.71840667724615,26.132160186767578],[90.6562075353164,26.23484991174997],[90.62302291743624,26.213875697825884],[90.6580810546875,26.22798728942871],[90.71840667724615,26.132160186767578]],[[91.0280414215047,26.046067215230877],[90.9356307983399,26.094270706176815],[91.227003781223,26.192811280137047],[90.91323852539057,26.08951950073248],[90.71840667724615,26.132160186767578],[91.0280414215047,26.046067215230877]],[[91.00078582763666,25.82225036621105],[91.09749603271479,26.00983810424816],[91.08348041315713,26.017148971411608],[91.02922058105469,25.888048171997127],[90.96745300292969,25.887180328369197],[91.02910614013678,25.879850387573185],[90.94380950927734,25.77037048339855],[91.00078582763666,25.82225036621105]],[[91.07034192043795,25.83531620029054],[91.06326293945318,25.82036972045904],[91.19647979736322,25.859010696411133],[91.07034192043795,25.83531620029054]],[[91.3335571289063,25.83884048461914],[91.22387695312506,25.723419189453182],[91.34439849853521,25.839439392089957],[91.52540588378912,25.872890472412223],[91.3335571289063,25.83884048461914]],[[92.1783065795899,26.079509735107365],[92.17904026422177,26.079491765328118],[92.16813659667969,26.16493988037115],[92.1783065795899,26.079509735107365]],[[91.98004515682524,26.225260473409858],[91.9974365234375,26.205829620361328],[92.16813659667969,26.16493988037115],[91.98004515682524,26.225260473409858]],[[92.3003437775059,26.0753675678982],[92.28199027783121,26.058728925152177],[92.30313738931588,26.075527565518506],[92.3003437775059,26.0753675678982]],[[90.76641082763672,25.554172515869254],[90.79073465539479,25.494802657965078],[90.77887725830084,25.585479736328182],[90.64052065115925,25.416334296426264],[90.76641082763672,25.554172515869254]],[[90.87975311279303,25.61091041564947],[90.90008279497981,25.637364688452674],[90.77887725830084,25.585479736328182],[90.87975311279303,25.61091041564947]],[[90.74936676025402,25.380439758300838],[90.79187774658214,25.486061096191406],[90.79158942737118,25.488265959828794],[90.74936676025402,25.380439758300838]],[[92.57785863776449,25.562522373154998],[92.56950604722815,25.570800572546275],[92.57250213623047,25.56042098999029],[92.57785863776449,25.562522373154998]],[[92.16050720214844,25.673290252685547],[92.14026607433809,25.665008867733892],[92.09777832031256,25.493909835815487],[92.16050720214844,25.673290252685547]],[[92.38510131835966,25.75356292724615],[92.501708984375,25.62293052673334],[92.52064765523642,25.619223814303954],[92.38510131835966,25.75356292724615]],[[91.9497909545899,25.686378479003963],[92.05040740966791,25.641187667846793],[92.08930634416166,25.65149963161091],[91.9497909545899,25.686378479003963]],[[91.78865814208996,25.791500091552678],[91.75035095214855,25.827899932861442],[91.77941424852087,25.76896357320896],[91.78865814208996,25.791500091552678]],[[91.82905578613287,25.68947982788086],[91.81008621270277,25.706765056938952],[91.82362983179073,25.67930046395752],[91.82905578613287,25.68947982788086]],[[89.93350982666021,25.74455070495611],[89.94458007812506,25.82447814941412],[90.01152038574224,25.849670410156307],[89.94458007812506,25.82447814941429],[89.93350982666021,25.74455070495611]],[[90.02106874259619,25.89232210521042],[90.01525115966825,25.88862037658697],[90.01152038574224,25.849670410156307],[90.02106874259619,25.89232210521042]],[[90.12291763128142,25.957128563697218],[90.11422589551265,25.951598011321543],[90.18087768554688,25.900989532470703],[90.12291763128142,25.957128563697218]],[[90.18251037597668,25.944450378418026],[90.47728729248047,26.01526069641119],[90.12750852623589,25.95892861323771],[90.18251037597668,25.944450378418026]],[[90.1715112211255,26.009964515727244],[90.18965911865234,26.028371810913143],[90.1532592773438,26.0822811126709],[90.1715112211255,26.009964515727244]],[[89.7320327758789,26.21228981018089],[89.71383546418048,26.214872615819754],[89.71320548148,26.200536750964446],[89.7320327758789,26.21228981018089]],[[89.72876739501982,26.238201141357365],[89.71562485725107,26.25559198353208],[89.7144420487488,26.228676033577525],[89.72876739501982,26.238201141357365]],[[89.73745727539068,26.271100997924805],[89.71726135223558,26.292832007610095],[89.71627218104848,26.2703224617983],[89.73745727539068,26.271100997924805]],[[92.21416056177033,25.908454778240177],[92.22252447973156,25.903199355380004],[92.22547912597685,25.907049179077205],[92.21416056177033,25.908454778240177]],[[92.15631866455078,25.94479942321783],[92.16349755179344,25.94028860803522],[92.16529698385784,25.95293885439214],[92.15631866455078,25.94479942321783]],[[92.15381622314453,26.412082672119197],[92.04303741455084,26.276861190795955],[92.15750759632843,26.412434140234915],[92.15381622314453,26.412082672119197]],[[91.75586230692758,26.213439765808733],[91.82115173339844,26.364919662475586],[91.74736785888672,26.211650848388786],[91.75586230692758,26.213439765808733]],[[91.97209797713124,26.259514849242514],[91.95346429018718,26.254958479613872],[91.96316898315008,26.244115716819685],[91.97209797713124,26.259514849242514]],[[90.72970581054699,26.25790023803711],[90.73009600208336,26.281550841502725],[90.67446873680144,26.24639183601866],[90.72970581054699,26.25790023803711]],[[90.82483673095709,26.450109481811637],[90.78579711914074,26.441030502319336],[90.79133620068585,26.440708689483085],[90.82483673095709,26.450109481811637]],[[90.85101318359386,26.502241134643555],[90.8160171508789,26.568571090698356],[90.84849534874164,26.50212544006876],[90.85101318359386,26.502241134643555]],[[89.8692886110794,26.456966594595244],[89.86015819306154,26.436926866632636],[89.86949920654308,26.44841957092291],[89.8692886110794,26.456966594595244]],[[89.86200714111334,26.577882766723633],[89.86850116968533,26.48892492892016],[89.86626634041957,26.579625546606668],[89.86200714111334,26.577882766723633]],[[92.71697235107433,27.647769927978516],[92.6529769897461,27.586181640625114],[92.65547306300405,27.550065575120538],[92.71697235107433,27.647769927978516]],[[92.65635997635506,27.537232690276326],[92.65711975097668,27.5262393951416],[92.75577654385384,27.550463001769334],[92.65635997635506,27.537232690276326]],[[92.7861369002173,27.554503344157254],[92.7909756610861,27.549332770265142],[92.78987121582043,27.55500030517578],[92.7861369002173,27.554503344157254]],[[92.80841379303466,27.459847827310725],[92.79979705810541,27.35148048400879],[92.82356262207037,27.38211059570324],[92.80841379303466,27.459847827310725]],[[92.90174346807619,27.220936178138082],[92.71970632458688,27.17168052174355],[92.90294647216808,27.215190887451172],[92.90174346807619,27.220936178138082]],[[92.59981105469515,27.06406592880911],[92.61632604607888,27.143707859799093],[92.59017944335932,27.080230712890625],[92.59981105469515,27.06406592880911]],[[92.97867239407206,27.827239637938163],[92.98188018798834,27.82116127014166],[93.04189209563701,27.828473578081002],[92.97867239407206,27.827239637938163]],[[93.20346790535213,27.831627260758776],[93.21629492436475,27.804530946780886],[93.22103881835943,27.831970214843807],[93.20346790535213,27.831627260758776]],[[93.20816919956981,27.757530752193183],[93.18895305444163,27.740871912013173],[93.20544352433795,27.741765110418022],[93.20816919956981,27.757530752193183]],[[92.85468531320387,27.64693647312932],[92.85312652587896,27.647941589355526],[92.84910119674494,27.646970268851007],[92.85468531320387,27.64693647312932]],[[93.24401102239662,24.97510038804638],[93.24416900244434,24.976529947029682],[93.06349945068365,25.005180358886662],[93.24401102239662,24.97510038804638]],[[93.21320531286194,24.85726587945629],[93.23108480309057,24.85813123151807],[93.2379119268498,24.91990976774157],[93.21320531286194,24.85726587945629]],[[93.1097869873049,24.809740066528253],[93.17875671386747,24.796140670776367],[93.18198254460545,24.806698026008227],[93.1097869873049,24.809740066528253]],[[93.10978698730486,24.809740066528256],[93.0758666992188,24.710390090942383],[93.09086057120854,24.69216837151041],[93.10978698730486,24.809740066528256]],[[93.06111907958984,24.574832916259766],[93.10702833103655,24.578160163440305],[93.0999277288183,24.582218891092072],[93.06111907958984,24.574832916259766]],[[93.0433731079101,24.343389511108626],[93.0004959106447,24.40327072143566],[93.03916931152338,24.411130905151424],[92.99404714031988,24.40396883124202],[93.0433731079101,24.343389511108626]],[[92.97486877441418,24.11701965332037],[92.97694235701961,24.11674119475055],[93.04337310790851,24.343389511103204],[92.97486877441418,24.11701965332037]],[[93.15413502468466,24.08090575063823],[93.14219665527361,24.08678817749029],[93.10092163085949,24.045089721679688],[93.15413502468466,24.08090575063823]],[[93.16161035884822,24.077222407888666],[93.21107482910156,23.973573684692383],[93.19323656220901,24.061639138392415],[93.16161035884822,24.077222407888666]],[[93.14267329560379,23.84028273374196],[93.14764404296886,23.84269523620611],[93.21107482910156,23.973573684692383],[93.14267329560379,23.84028273374196]],[[93.04271147440967,23.522254342383608],[93.04561614990246,23.525171279907227],[93.02534484863287,23.78333854675293],[93.04271147440967,23.522254342383608]],[[93.03863329293054,23.518158944941046],[93.00376105628222,23.501086399128233],[93.01461082055394,23.494035062166695],[93.03863329293054,23.518158944941046]],[[93.15271736469367,23.22630796473661],[93.14910125732422,23.244180679321232],[93.14311332756593,23.243915366137458],[93.15271736469367,23.22630796473661]],[[92.92652893066412,22.79119110107422],[92.91557515830578,22.54741129505627],[92.96920013427727,22.395410537720366],[92.92652893066412,22.79119110107422]],[[92.82816314697277,22.3323593139649],[92.8286144671213,22.328182930150096],[92.9692001342749,22.395410537718497],[92.82816314697277,22.3323593139649]],[[92.69429356669659,23.316849881885144],[92.7005480225589,23.26040809000853],[92.71014567915478,23.340486513854056],[92.69429356669659,23.316849881885144]],[[92.71383906104629,23.345993610067293],[92.79021453857433,23.320537567138672],[92.71777343750011,23.351860046386832],[92.71383906104629,23.345993610067293]],[[92.78433990478527,23.6161727905274],[92.87733459472662,23.4673748016358],[92.8826481710333,23.47100358237574],[92.78433990478527,23.6161727905274]],[[92.70755767822271,23.197151184082088],[92.71178926039055,23.207369300332118],[92.70569042332946,23.214001764593966],[92.70755767822271,23.197151184082088]],[[92.86989593505865,23.175451278686523],[92.8404006958009,23.24708938598627],[92.8376131181909,23.246990737127156],[92.86989593505865,23.175451278686523]],[[92.90349578857428,24.224451065063533],[92.8919160138365,24.230241515103703],[92.89969399834767,24.211621554129064],[92.90349578857428,24.224451065063533]],[[92.86363695816632,24.32240868739063],[92.85830688476574,24.31069946289074],[92.86382970630423,24.297478207259715],[92.86363695816632,24.32240868739063]],[[92.89805486108796,24.388732334853355],[92.89349846567926,24.38800911520751],[92.87508058557758,24.34754830412399],[92.89805486108796,24.388732334853355]],[[93.18753814697277,26.57015037536621],[93.04522705078136,26.537910461425895],[93.18753814697283,26.570150375366186],[93.18753814697277,26.57015037536621]],[[93.01071166992199,26.484590530395508],[93.01071166992219,26.484590530395554],[93.04522705078136,26.537910461425895],[93.01071166992199,26.484590530395508]],[[93.0662384033206,26.480070114135856],[93.09147644042986,26.502620697021484],[93.10427093505864,26.462520599365295],[93.0662384033206,26.480070114135856]],[[93.12686920166044,26.499790191650618],[93.11733245849621,26.4432315826416],[93.08249224200564,26.436449637267163],[93.11733245849638,26.4432315826416],[93.12686920166044,26.499790191650618]],[[92.88358306884766,26.381729125976506],[92.88358306884783,26.38172912597651],[92.89353512289736,26.391657366726893],[92.88358306884766,26.381729125976506]],[[92.92723083496094,26.382801055908203],[92.94249725341797,26.329151153564567],[92.88276672363276,26.28795051574707],[92.94249725341814,26.329151153564567],[92.92723083496094,26.382801055908203]],[[92.79576110839855,26.208599090576286],[92.80093584802502,26.208413435255796],[92.7995476076047,26.215629304556703],[92.79576110839855,26.208599090576286]],[[93.10723876953153,26.07786941528326],[92.93650020361879,26.1422587449277],[93.10723876953136,26.07786941528326],[93.095458984375,26.034860610961914],[93.10723876953153,26.07786941528326]],[[93.17398289225197,25.964179298894468],[93.15930938720732,25.993450164795036],[93.15614697474392,25.995501160642576],[93.17398289225197,25.964179298894468]],[[93.22254943847662,25.72847175598156],[93.25083160400402,25.8108806610108],[93.24230971294288,25.82788022108254],[93.22254943847662,25.72847175598156]],[[93.14462280273449,25.716028213501033],[93.1464520190967,25.693163705988013],[93.22254943847662,25.72847175598156],[93.14462280273449,25.716028213501033]],[[93.29723453222935,26.690296654951954],[93.29966580136616,26.643260718152337],[93.3198013305664,26.65191078186035],[93.29723453222935,26.690296654951954]],[[93.28713404341582,26.574607817842786],[93.3003494542901,26.576022842799556],[93.29953253563815,26.579712886062588],[93.28713404341582,26.574607817842786]],[[93.23810577392572,26.554420471191463],[93.2671499666028,26.547336384737676],[93.25762906047586,26.562459167181746],[93.23810577392572,26.554420471191463]],[[93.2708358764649,26.530090332031364],[93.28067146084554,26.52585916260932],[93.27385005483411,26.53669412282195],[93.2708358764649,26.530090332031364]],[[93.77701239487442,26.84535169728574],[93.78500104021778,26.84258131142581],[93.7811121021264,26.85069595852492],[93.77701239487442,26.84535169728574]],[[93.80037436056436,26.83724999084795],[93.82518005371105,26.828647613525447],[93.86752207359105,26.85974734850704],[93.80037436056436,26.83724999084795]],[[94.02558135986334,26.933570861816406],[93.92275238037115,26.93003082275402],[93.90032134011626,26.883838039017693],[93.96253204345703,26.929531097412166],[94.02558135986334,26.933570861816406]],[[94.09527443485551,26.64688611298258],[94.0730209350586,26.600770950317383],[94.09800720214844,26.64495086669922],[94.09527443485551,26.64688611298258]],[[94.11683654785156,26.56013107299816],[94.11815643310541,26.40410804748535],[94.13799285888666,26.354391098022404],[94.11683654785156,26.56013107299816]],[[94.16782774489407,26.35419870229974],[94.1764486868914,26.354143108577507],[94.18654632568365,26.46051025390625],[94.16782774489407,26.35419870229974]],[[94.39945220947277,26.532320022583008],[94.31651306152355,26.462930679321346],[94.2822875976563,26.563539505004826],[94.2990108033111,26.42975817877616],[94.39945220947277,26.532320022583008]],[[94.30100096217652,26.41383742184017],[94.30444335937506,26.386299133300724],[94.31736249682426,26.396070132905958],[94.30100096217652,26.41383742184017]],[[94.36360440838666,26.34585519761485],[94.36631651574365,26.34094858806485],[94.3667602539063,26.34242820739746],[94.36360440838666,26.34585519761485]],[[94.33809661865234,26.246850967407283],[94.38562742036697,26.227008614279942],[94.38790130615234,26.231420516967773],[94.33809661865234,26.246850967407283]],[[94.33779907226568,26.184040069580078],[94.44359588623047,26.209520339965934],[94.4450773634724,26.21235174905309],[94.38177634351904,26.219536569551178],[94.33779907226568,26.184040069580078]],[[94.50168609619152,26.219938278198185],[94.70504760742182,26.177938461303825],[94.57846227004435,26.254331997556726],[94.50168609619152,26.219938278198185]],[[94.56841612678726,26.287369174421112],[94.70626068115234,26.418020248413143],[94.56791687011713,26.28901100158697],[94.56841612678726,26.287369174421112]],[[94.64345326635666,26.726249913676234],[94.65338897705078,26.72363090515148],[94.78064429716294,26.79522007885651],[94.64345326635666,26.726249913676234]],[[94.92674397542847,26.39470954576725],[94.93727111816412,26.324314117431697],[94.95494020227771,26.316804837838482],[94.92674397542847,26.39470954576725]],[[93.33577728271484,25.095840454101562],[93.38871765136724,25.245920181274528],[93.29553429763655,25.060178883011158],[93.33577728271484,25.095840454101562]],[[93.47147541610536,25.30738897178574],[93.47147541610532,25.30738897178583],[93.38871765136724,25.245920181274528],[93.47147541610536,25.30738897178574]],[[93.6080169677735,25.20205116271984],[93.61058936050513,25.20689286428699],[93.505142211914,25.24413108825678],[93.6080169677735,25.20205116271984]],[[93.69277954100995,25.361589431751483],[93.8165139928827,25.461413808941906],[93.78024720891665,25.52375950092711],[93.80899810791016,25.46558952331543],[93.69277954100995,25.361589431751483]],[[93.8181650150285,25.019061100860252],[93.82083892822283,25.02155113220209],[93.82016945073865,25.02365185441047],[93.8181650150285,25.019061100860252]],[[93.77590667010008,24.74178712839482],[93.72603607177751,24.59620094299322],[93.66631317138666,24.797258377075252],[93.70175170898466,24.61626052856451],[93.61473854523722,24.590635086021532],[93.72319793701189,24.603740692138786],[93.71748255022266,24.476078682301683],[93.79093170166021,24.734380722045955],[93.8941268920899,24.71492958068842],[93.77590667010008,24.74178712839482]],[[93.87249466649735,24.97844817202513],[93.84918975830107,24.955720901489315],[93.82645325466079,24.88934670615791],[93.87249466649735,24.97844817202513]],[[93.97140999905693,25.071783573714015],[93.97669982910156,25.080070495605526],[93.9645612660334,25.068232800110543],[93.97140999905693,25.071783573714015]],[[93.98877716064459,24.92720985412609],[93.98525408612284,24.93155155320257],[93.98474885189187,24.92915680758335],[93.98877716064459,24.92720985412609]],[[94.0666732788086,24.743680953979492],[94.07447330665319,24.724649028115934],[94.14662170410173,24.923761367797965],[94.0666732788086,24.743680953979492]],[[94.08330182230216,24.703107610743565],[94.13124847412115,24.728719711303825],[94.08227037845006,24.70562431495498],[94.08330182230216,24.703107610743565]],[[94.10327911376947,24.674449920654354],[94.12234677931924,24.64956809455194],[94.13124847412115,24.728719711303825],[94.10327911376947,24.674449920654354]],[[94.2054977416995,24.63196945190441],[94.1324569562434,24.63637509704342],[94.14964228485815,24.613949574790116],[94.2054977416995,24.63196945190441]],[[93.1523794489246,24.58656962669867],[93.1466225699687,24.58102973364024],[93.15438842773438,24.58159255981451],[93.1523794489246,24.58656962669867]],[[93.14901977293945,24.71406412110499],[93.12061309814447,24.66526794433605],[93.16473941667348,24.711143739857462],[93.14901977293945,24.71406412110499]],[[93.17717454256285,24.528682574783616],[93.17994645977828,24.54014785081409],[93.17331695556658,24.531280517578125],[93.17717454256285,24.528682574783616]],[[93.72202494702574,24.424703845321794],[93.71572102855954,24.43673236958875],[93.7152862548831,24.427021026611328],[93.72202494702574,24.424703845321794]],[[93.87254888388445,24.30496373781162],[93.81093597412126,24.394130706787223],[93.87254888388445,24.30496373781161],[93.87254888388445,24.30496373781162]],[[94.08524533267527,24.525708853445863],[94.0428009033206,24.543279647827376],[94.08627319335966,24.520891189575252],[94.08524533267527,24.525708853445863]],[[93.25528717041016,24.023790359497127],[93.24801635742216,24.08533859252941],[93.24361175937405,24.080371065364904],[93.25528717041016,24.023790359497127]],[[93.78291320800781,24.14311027526861],[93.77936455099267,24.130039845444447],[93.88166046142578,24.224649429321346],[93.78291320800781,24.14311027526861]],[[94.02510833740251,24.67202186584467],[94.03022551190402,24.67475535364715],[94.02472397794058,24.673046543855488],[94.02510833740251,24.67202186584467]],[[93.85492706298857,24.627939224243278],[93.8897547212512,24.588255511533863],[93.89064025878923,24.59053993225109],[93.85492706298857,24.627939224243278]],[[93.84255981445312,24.432929992675895],[93.91353607177751,24.57447242736839],[93.9032466798169,24.597498582923524],[93.88822663904494,24.57377650122381],[93.84255981445312,24.432929992675895]],[[94.00797606177213,24.7136914116995],[94.00171661376959,24.73273086547846],[93.90841674804688,24.704919815063533],[94.00797606177213,24.7136914116995]],[[93.23066220735006,24.85430716926526],[93.15525040853848,24.724766929450794],[93.22442626953142,24.797878265380916],[93.23066220735006,24.85430716926526]],[[93.21420689330601,25.547193732347594],[93.20692453378956,25.559702349641398],[93.21253967285168,25.54730987548828],[93.21420689330601,25.547193732347594]],[[93.33858140602291,25.544394218806904],[93.33091161727819,25.539063761809025],[93.34573267177079,25.538031286582022],[93.33858140602291,25.544394218806904]],[[93.57324981689453,25.760799407958984],[93.53431457020437,25.69651250625609],[93.70548248291021,25.848630905151367],[93.57324981689453,25.760799407958984]],[[94.00631713867193,25.800424575805664],[93.97250774138854,25.91573031964013],[93.79576110839855,25.814350128173942],[93.96075439453136,25.90585517883312],[94.00631713867193,25.800424575805664]],[[93.9789461638614,25.921277879172223],[94.1072463989259,25.990100860595703],[93.98268127441418,25.92626953125],[93.95488739013666,26.0073299407959],[93.9789461638614,25.921277879172223]],[[94.03890006813789,26.223839582516028],[94.0048065185548,26.17327117919922],[93.95488739013666,26.0073299407959],[94.03890006813789,26.223839582516028]],[[94.2194595336914,26.029380798339957],[94.34010314941412,26.001779556274528],[94.34897764513657,26.01594203461359],[94.2194595336914,26.029380798339957]],[[94.75595092773449,25.78625106811529],[94.7515983970426,25.77765183995798],[94.77254721545721,25.780550896377175],[94.75595092773449,25.78625106811529]],[[94.83505249023443,25.759082794189453],[94.80722863999976,25.768639191825056],[94.84088382364173,25.74113481954656],[94.83505249023443,25.759082794189453]],[[94.19649754306315,25.548178247816256],[94.28179931640636,25.80536270141613],[94.19017415143513,25.55152900852995],[94.19649754306315,25.548178247816256]],[[93.77182006835938,25.540809631347656],[93.9652175903322,25.556577682495117],[94.01473236083996,25.59613037109375],[93.96521759033203,25.556577682495117],[93.77182006835938,25.540809631347656]],[[94.09210968017584,25.532730102539176],[94.09906394002053,25.534063230382287],[94.01473236083996,25.59613037109375],[94.09210968017584,25.532730102539176]],[[94.20474527339961,25.526636209112045],[94.30898284912115,25.49380111694336],[94.31102512111818,25.495213436840466],[94.20474527339961,25.526636209112045]],[[94.42659907945581,25.5751378549325],[94.47121204937642,25.605989663692448],[94.43002319335938,25.592721939086914],[94.42659907945581,25.5751378549325]],[[94.486920149123,25.61104954545822],[94.48085909958212,25.59860225727742],[94.49480220793546,25.613588508560404],[94.486920149123,25.61104954545822]],[[94.57301330566418,25.69765090942377],[94.55741882324213,25.512769699096737],[94.59519958496094,25.643850326538143],[94.57301330566418,25.69765090942377]],[[94.32772064208996,25.284109115600643],[94.12642669677734,25.096258163452262],[94.13085681593702,25.083346018935153],[94.32772064208996,25.284109115600643]],[[93.45854211278316,25.404531136626506],[93.46186828613281,25.4346981048584],[93.36727183640433,25.518866533155798],[93.45854211278316,25.404531136626506]],[[93.48308652644134,26.595589205138292],[93.53440371935328,26.601083934690987],[93.49754333496094,26.61493110656744],[93.48308652644134,26.595589205138292]],[[93.6222305297854,26.568090438842823],[93.62223052978544,26.568090438842773],[93.72268676757818,26.607040405273438],[93.6222305297854,26.568090438842823]],[[93.89710235595696,26.320880889892756],[93.86379524549272,26.239907299673636],[93.89710235595697,26.320880889892635],[93.89710235595696,26.320880889892756]],[[93.80306938231142,25.984516134721773],[93.78645202842753,25.97370418887321],[93.80438232421886,25.980720520019588],[93.80306938231142,25.984516134721773]],[[94.57663726806652,25.898019790649528],[94.61363983154308,25.823600769043082],[94.67079051063574,25.790544267852987],[94.57663726806652,25.898019790649528]],[[94.36944510405748,26.048605292638477],[94.3885116577149,26.079032897949162],[94.38208816821573,26.092333589647946],[94.36944510405748,26.048605292638477]],[[94.17631188894224,26.3527020976997],[94.1080474853515,26.32640075683588],[94.17550659179693,26.344219207763786],[94.17631188894224,26.3527020976997]],[[93.28158680913451,27.599441716627336],[93.39173126220709,27.641866683959904],[93.2750441007267,27.605288765827044],[93.28158680913451,27.599441716627336]],[[93.5643997192384,27.41522026062023],[93.58597103819486,27.395551768823672],[93.57069519603702,27.421974078760968],[93.5643997192384,27.41522026062023]],[[93.65668487548834,27.331075668335018],[93.73067173958414,27.335039051395057],[93.64328228539853,27.343296002834084],[93.65668487548834,27.331075668335018]],[[93.80868530273443,27.33921813964838],[93.89554595947277,27.484436035156307],[93.79305001668084,27.33838057708047],[93.80868530273443,27.33921813964838]],[[94.20522259689506,27.49933040131545],[94.25513623705726,27.52145573578121],[94.19160340895334,27.502906731455653],[94.20522259689506,27.49933040131545]],[[94.25887554722011,27.52311326842671],[94.21111297607422,27.610841751098746],[94.25879638400188,27.523078177564265],[94.25887554722011,27.52311326842671]],[[94.2751320744011,27.391491397025582],[94.29802703857416,27.39002990722662],[94.30753326416027,27.433740615844727],[94.2751320744011,27.391491397025582]],[[94.26174163818371,27.374031066894588],[94.27329214012194,27.372166401308757],[94.26525278735919,27.378609395990647],[94.26174163818371,27.374031066894588]],[[94.53528249488437,27.329871754638244],[94.50900268554688,27.348171234130916],[94.41643494264487,27.34905801527056],[94.53528249488437,27.329871754638244]],[[94.59813690185553,27.286104202270508],[94.57939147949219,27.19656944274908],[94.4177932739259,27.09489059448248],[94.5620727539063,27.18564987182623],[94.58807130455408,27.156750215004397],[94.59813690185553,27.286104202270508]],[[94.83941780011298,27.540284978125364],[94.69167327880871,27.42298126220703],[94.6623897536016,27.380129026900413],[94.83941780011298,27.540284978125364]],[[95.03311802947388,27.667713505950456],[94.9837417602539,27.654872894287166],[94.90339300265568,27.591078935956336],[95.03311802947388,27.667713505950456]],[[95.2131729125976,27.660711288452262],[95.22398988734298,27.66527184891247],[95.21219153922326,27.66766081098694],[95.2131729125976,27.660711288452262]],[[95.22065734863298,27.462930679321346],[95.27764129638666,27.578041076660156],[95.22065734863281,27.462930679321346],[95.266098022461,27.411760330200195],[95.22065734863298,27.462930679321346]],[[95.4457626342774,27.262319564819336],[95.46007052374433,27.25801139148983],[95.47354125976562,27.3702011108399],[95.4457626342774,27.262319564819336]],[[95.50562949510275,27.258316253140467],[95.48622648706203,27.25013570697094],[95.48906657956195,27.24212646191288],[95.50562949510275,27.258316253140467]],[[95.55317654419005,27.258918030482235],[95.5348129272461,27.270620346069393],[95.52475546925257,27.266379998423737],[95.55317654419005,27.258918030482235]],[[95.63700103759766,27.236909866333065],[95.80628967285162,27.29174041748047],[95.62980201938764,27.23879997229181],[95.63700103759766,27.236909866333065]],[[95.89810943603516,27.26431083679205],[96.02091217041027,27.371259689331055],[95.89810943603516,27.26431083679222],[95.80628967285162,27.29174041748047],[95.89810943603516,27.26431083679205]],[[95.9168472290039,27.443159103393555],[95.89305877685553,27.406040191650504],[95.91684722900406,27.443159103393533],[95.9168472290039,27.443159103393555]],[[94.40574011851314,26.960642650264333],[94.46342644552942,27.022687577166874],[94.40078735351574,26.962100982666016],[94.40574011851314,26.960642650264333]],[[94.59835190538979,26.73478756384067],[94.51548767089844,26.779500961303825],[94.59318917107498,26.725237519494645],[94.59835190538979,26.73478756384067]],[[94.40786743164074,26.61433029174799],[94.48494869393996,26.674753707027048],[94.4645233154298,26.667510986328125],[94.40786743164074,26.61433029174799]],[[94.5492523899401,26.69755542449857],[94.574691772461,26.691020965576172],[94.58509507562057,26.710265032859265],[94.5492523899401,26.69755542449857]],[[94.89447021484375,26.93733024597168],[94.89087680214202,26.932217589013693],[95.02134704589844,26.925399780273494],[94.89447021484375,26.93733024597168]],[[95.45778656005865,27.135641098022575],[95.37085017556099,27.111177858319998],[95.22784401116553,27.035163058693335],[95.45778656005865,27.135641098022575]],[[95.6554744321173,26.958326799602006],[95.7366561889649,26.97960090637207],[95.65068817138683,26.96075248718256],[95.6554744321173,26.958326799602006]],[[93.39073181152344,26.960029602050724],[93.3760762821855,26.958324758270685],[93.43405906336803,26.948192786526445],[93.39073181152344,26.960029602050724]],[[93.52130854910777,26.94713421711563],[93.47827709743378,26.94046608107005],[93.4893569946289,26.93852996826172],[93.52130854910777,26.94713421711563]],[[93.71221339309925,26.994459807730532],[93.7026538639757,26.988322818688875],[93.74557957592891,26.924838026065515],[93.71221339309925,26.994459807730532]],[[94.59774254944494,27.16715218915229],[94.68646572655607,27.26257901424494],[94.64530181884777,27.250890731811523],[94.59774254944494,27.16715218915229]],[[94.7119268353189,27.269808566706203],[94.77832794189453,27.243209838867244],[94.74447631835949,27.27905082702648],[94.7119268353189,27.269808566706203]],[[94.75697326660156,27.15559005737316],[94.7665793631202,27.146738483880743],[94.77832794189453,27.243209838867244],[94.75697326660156,27.15559005737316]],[[94.80039353835096,27.11558028590097],[94.81328582763678,27.103700637817326],[94.81776505899082,27.107435358058538],[94.80039353835096,27.11558028590097]],[[93.82770713633403,27.071224525208258],[93.8350219726563,27.074991226196346],[93.80858612060558,27.15175056457531],[93.82770713633403,27.071224525208258]],[[93.22568770607425,27.12552643359947],[93.21350860595697,27.118490219116154],[93.31328582763672,27.08133125305187],[93.22568770607425,27.12552643359947]],[[95.54569061817658,27.90667533801905],[95.33138867966069,27.71223069338837],[95.44264221191406,27.762510299682845],[95.54569061817658,27.90667533801905]],[[95.97746276855469,27.968500137329045],[95.75821685791021,27.731109619140682],[95.99336242675787,27.979990005493164],[95.9818267822265,28.077182769775447],[95.98516082763678,27.972061157226676],[95.58978171270083,27.943574767461598],[95.97746276855469,27.968500137329045]],[[96.05341339111328,28.202169418335018],[96.05131225184934,28.198500933979613],[96.14382934570312,28.175117492675838],[96.05341339111328,28.202169418335018]],[[94.86218981200365,27.742792220834396],[94.86086273193371,27.739479064941463],[95.31655883789062,27.871129989623967],[94.86218981200365,27.742792220834396]],[[95.78737950719295,27.62522366660128],[95.7871170043947,27.62340927124046],[95.79819388004408,27.615158348845014],[95.78737950719295,27.62522366660128]],[[93.25800323486328,28.367630004882926],[93.24946182544838,28.360432380055688],[93.26971671338664,28.365566408110954],[93.25800323486328,28.367630004882926]],[[93.33525085449219,28.354021072387695],[93.28323717993817,28.363184469127102],[93.4065910047496,28.29696839511954],[93.33525085449219,28.354021072387695]],[[93.57034301757824,28.256950378418026],[93.43586652036304,28.281253359842502],[93.45165252685553,28.272779464721793],[93.57034301757824,28.256950378418026]],[[93.68214565166944,28.321311696440233],[93.83970514599072,28.238262170332405],[93.83863067626959,28.240480422973576],[93.68214565166944,28.321311696440233]],[[93.85468361824464,28.08352605087958],[93.8920288085938,28.130239486694393],[93.85330963134771,28.084869384765682],[93.85468361824464,28.08352605087958]],[[93.92797413260915,28.00052595936746],[93.90456958909856,28.0266099404028],[93.88429452860956,28.019014208198463],[93.92797413260915,28.00052595936746]],[[94.1493530273438,27.868249893188533],[94.19384765625011,27.813808441162223],[94.29301502578282,27.784057619778668],[94.1493530273438,27.868249893188533]],[[93.8619994263777,28.01066169915843],[93.8427963256836,28.003467559814453],[93.811279296875,27.91133117675787],[93.8619994263777,28.01066169915843]],[[95.11186981201183,28.226581573486442],[95.19570922851568,28.14972305297863],[95.21614784248258,28.156351804870088],[95.11186981201183,28.226581573486442]],[[95.2818832397461,28.177671432495117],[95.39875274571207,28.307701272363957],[95.24231922115823,28.164839835231593],[95.2818832397461,28.177671432495117]],[[95.4305481001346,28.298318819692355],[95.46640777587902,28.262889862060547],[95.51700667909788,28.272805862220736],[95.4305481001346,28.298318819692355]],[[95.55109795675496,28.26274590833938],[95.56887054443371,28.08271980285656],[95.56463623046886,28.258750915527287],[95.55109795675496,28.26274590833938]],[[94.74694061279303,28.456159591674805],[94.75853729248053,28.537389755249023],[94.73069000244146,28.686893463134766],[94.74694061279303,28.456159591674805]],[[94.5955810546875,27.873649597167912],[94.5133514404298,28.017980575561637],[94.58685392634524,27.870601825010603],[94.5955810546875,27.873649597167912]],[[95.40970611572271,28.55243110656744],[95.40851759004927,28.55553227932038],[95.32036590576166,28.42889976501465],[95.40970611572271,28.55243110656744]],[[95.35050964355469,28.706890106201172],[95.36518096923822,28.628730773925895],[95.40600590543335,28.562085918058713],[95.35050964355469,28.706890106201172]],[[95.25893258713252,28.977285493281304],[95.26589670947907,29.019412500739413],[95.24388885498047,28.989229202270565],[95.25893258713252,28.977285493281304]],[[95.32319641113293,28.931720733642692],[95.31189261222903,28.935238804240097],[95.32321141131641,28.926252440946666],[95.32319641113293,28.931720733642692]]],[[[69.73486328125017,21.60958290100092],[69.74014282226557,21.592639923095817],[69.72458648681646,21.609029769897518],[69.73486328125017,21.60958290100092]]],[[[69.31180572509783,22.303194046020735],[69.30928802490234,22.304580688476506],[69.3120803833009,22.304029464721907],[69.31180572509783,22.303194046020735]]],[[[69.4373626708985,22.354305267333984],[69.4395828247072,22.356809616089038],[69.45819091796903,22.352079391479492],[69.4373626708985,22.354305267333984]]],[[[69.1856918334961,22.367082595825252],[69.18541717529303,22.36404037475586],[69.1826400756836,22.366809844970817],[69.1856918334961,22.367082595825252]]],[[[69.19458007812506,22.367639541626204],[69.18985748291044,22.369304656982536],[69.19264221191412,22.370969772338867],[69.19458007812506,22.367639541626204]]],[[[69.34041595459001,22.38097190856945],[69.33207702636724,22.37264060974138],[69.32290649414068,22.382360458374194],[69.34041595459001,22.38097190856945]]],[[[69.21430206298828,22.382360458374194],[69.21236419677763,22.3840274810791],[69.21514129638678,22.3840274810791],[69.21430206298828,22.382360458374194]]],[[[69.19958496093778,22.38708305358898],[69.20236206054693,22.38764190673851],[69.19957733154325,22.3840274810791],[69.19958496093778,22.38708305358898]]],[[[69.48902893066412,22.3929195404055],[69.48458099365251,22.38764190673851],[69.48014068603544,22.390138626098633],[69.48902893066412,22.3929195404055]]],[[[69.28069305419939,22.415695190429744],[69.27764129638689,22.415973663330305],[69.2781982421875,22.417921066284407],[69.28069305419939,22.415695190429744]]],[[[69.2779159545899,22.418193817138672],[69.27513885498041,22.41903114318859],[69.27569580078153,22.419860839843977],[69.2779159545899,22.418193817138672]]],[[[69.58819580078125,22.437080383301065],[69.62763977050798,22.459583282470703],[69.65708160400396,22.42819404602062],[69.636528015137,22.406530380249137],[69.58819580078125,22.437080383301065]]],[[[69.08486175537115,22.42095947265625],[69.09348297119146,22.461530685424805],[69.14680480957048,22.46319389343273],[69.08486175537115,22.42095947265625]]],[[[69.14180755615229,22.45430564880371],[69.14263916015625,22.452917098998967],[69.14069366455095,22.4545841217041],[69.14180755615229,22.45430564880371]]],[[[69.32680511474638,22.4570827484132],[69.30124664306669,22.452917098998967],[69.32458496093767,22.469583511352653],[69.32680511474638,22.4570827484132]]],[[[69.08403015136719,22.485137939453182],[69.0851364135745,22.488189697265682],[69.08680725097662,22.48680305480957],[69.08403015136719,22.485137939453182]]],[[[69.35124969482422,22.52654075622553],[69.36374664306646,22.512361526489258],[69.33513641357428,22.507358551025447],[69.35124969482422,22.52654075622553]]],[[[69.40319824218756,22.52430534362793],[69.40180206298845,22.528194427490348],[69.40651702880888,22.527080535888842],[69.40319824218756,22.52430534362793]]],[[[69.66652679443354,22.750690460205135],[69.63097381591803,22.76125144958519],[69.66652679443354,22.75319480895996],[69.66652679443354,22.750690460205135]]],[[[69.6373519897461,22.778749465942496],[69.63764190673834,22.775690078735465],[69.63513946533209,22.7779159545899],[69.6373519897461,22.778749465942496]]],[[[68.61180877685564,23.227638244629134],[68.6129226684572,23.221250534057617],[68.60346984863287,23.22569465637224],[68.61180877685564,23.227638244629134]]],[[[68.59541320800798,23.260681152344034],[68.59764099121088,23.260139465332145],[68.59458160400419,23.259580612182617],[68.59541320800798,23.260681152344034]]],[[[68.660140991211,23.267915725708235],[68.65708160400396,23.268749237060774],[68.66042327880876,23.268749237060774],[68.660140991211,23.267915725708235]]],[[[68.62902832031256,23.285417556762695],[68.62791442871105,23.28652763366722],[68.62930297851557,23.2890300750733],[68.62902832031256,23.285417556762695]]],[[[68.61486053466814,23.271530151367244],[68.5409698486331,23.265693664550724],[68.55819702148455,23.313751220703068],[68.61486053466814,23.271530151367244]]],[[[68.7084732055664,23.306528091430778],[68.69985961914091,23.309312820434627],[68.70874786376959,23.309583663940657],[68.7084732055664,23.306528091430778]]],[[[68.61875152587896,23.299310684204045],[68.59847259521484,23.302080154419173],[68.60930633544939,23.316806793213118],[68.61875152587896,23.299310684204045]]],[[[68.64624786376982,23.30735969543457],[68.63318634033203,23.307918548584098],[68.6343078613283,23.313751220703068],[68.64624786376982,23.30735969543457]]],[[[68.63124847412126,23.31208038330078],[68.63041687011747,23.31319236755371],[68.63402557373075,23.314027786254883],[68.63124847412126,23.31208038330078]]],[[[68.62790679931646,23.31153106689453],[68.62568664550776,23.31208038330078],[68.62985992431669,23.315696716308594],[68.62790679931646,23.31153106689453]]],[[[68.64347076416033,23.318210601806754],[68.64319610595732,23.31542015075678],[68.6395797729495,23.316249847412166],[68.64347076416033,23.318210601806754]]],[[[68.63180541992205,23.320138931274414],[68.6323623657226,23.31875038146967],[68.63124847412126,23.31957817077648],[68.63180541992205,23.320138931274414]]],[[[68.62902832031256,23.323749542236442],[68.62902832031256,23.321529388427734],[68.62513732910173,23.324306488037223],[68.62902832031256,23.323749542236442]]],[[[68.53763580322271,23.318470001220703],[68.50235748291021,23.323749542236442],[68.52764129638666,23.33708381652849],[68.53763580322271,23.318470001220703]]],[[[68.54152679443388,23.337081909179688],[68.54041290283232,23.339309692382756],[68.54458618164091,23.338470458984432],[68.54152679443388,23.337081909179688]]],[[[68.55069732666044,23.339305877685604],[68.54513549804699,23.338752746582202],[68.5454177856447,23.34041976928711],[68.55069732666044,23.339305877685604]]],[[[68.55319213867216,23.339862823486555],[68.55374908447294,23.34181022644043],[68.55541992187506,23.339021682739258],[68.55319213867216,23.339862823486555]]],[[[68.53208160400408,23.339305877685604],[68.52124786376959,23.34263801574707],[68.53180694580107,23.342361450195256],[68.53208160400408,23.339305877685604]]],[[[68.56513977050787,23.342639923095646],[68.56124877929705,23.34181022644043],[68.56096649169933,23.342920303344783],[68.56513977050787,23.342639923095646]]],[[[68.6343078613283,23.34235954284668],[68.62847137451178,23.3487491607666],[68.63569641113287,23.345420837402287],[68.6343078613283,23.34235954284668]]],[[[68.61736297607428,23.327640533447266],[68.56791687011736,23.372070312500284],[68.59513854980497,23.35874938964855],[68.61791992187517,23.354030609130916],[68.61736297607428,23.327640533447266]]],[[[68.4765167236331,23.355421066284464],[68.47624969482428,23.353469848632812],[68.47097015380888,23.355970382690487],[68.4765167236331,23.355421066284464]]],[[[68.57457733154297,23.359029769897518],[68.57569122314482,23.35235977172863],[68.56958007812528,23.35874938964855],[68.57457733154297,23.359029769897518]]],[[[68.59958648681658,23.35958290100092],[68.59597015380876,23.359580993652344],[68.59625244140636,23.360694885254077],[68.59958648681658,23.35958290100092]]],[[[68.5379180908206,23.375129699707145],[68.5390243530274,23.377082824706974],[68.53930664062517,23.37486076354986],[68.5379180908206,23.375129699707145]]],[[[68.5368041992187,23.377361297607365],[68.53041839599615,23.38319587707531],[68.53208160400408,23.38458251953125],[68.5368041992187,23.377361297607365]]],[[[68.50291442871094,23.380973815918196],[68.505142211914,23.377361297607365],[68.5026397705081,23.378469467163313],[68.50291442871094,23.380973815918196]]],[[[68.58708953857428,23.375970840454045],[68.57791900634771,23.384029388427678],[68.58625030517595,23.38014030456543],[68.58708953857428,23.375970840454045]]],[[[68.54291534423828,23.380138397217024],[68.53542327880888,23.38070106506376],[68.53652954101568,23.382360458373967],[68.54291534423828,23.380138397217024]]],[[[68.55625152587885,23.3790283203125],[68.55569458007812,23.360416412353516],[68.55069732666044,23.402360916137695],[68.55625152587885,23.3790283203125]]],[[[68.50430297851568,23.380970001220817],[68.50375366210966,23.38430786132824],[68.505142211914,23.381259918213118],[68.50430297851568,23.380970001220817]]],[[[68.52735900878912,23.386249542236385],[68.5204162597658,23.394029617309627],[68.52735900878912,23.399030685424805],[68.52735900878912,23.386249542236385]]],[[[68.55652618408209,23.40374946594244],[68.55680847167997,23.402639389038086],[68.5529174804688,23.40208053588873],[68.55652618408209,23.40374946594244]]],[[[68.42236328124994,23.405141830444563],[68.42346954345732,23.400688171386832],[68.41319274902372,23.40374946594244],[68.42236328124994,23.405141830444563]]],[[[68.46290588378912,23.40374946594244],[68.46901702880865,23.403469085693473],[68.46208190917986,23.402360916137695],[68.46290588378912,23.40374946594244]]],[[[68.47597503662126,23.4029159545899],[68.46985626220697,23.404581069946232],[68.47125244140625,23.40430641174339],[68.47597503662126,23.4029159545899]]],[[[68.432357788086,23.404859542846793],[68.42958068847685,23.405969619750977],[68.432357788086,23.40570068359392],[68.432357788086,23.404859542846793]]],[[[68.46319580078142,23.406810760498274],[68.4645767211914,23.405141830444563],[68.4615325927735,23.40625],[68.46319580078142,23.406810760498274]]],[[[68.55124664306669,23.40430641174339],[68.55735778808622,23.409309387206974],[68.55541992187506,23.405141830444563],[68.55124664306669,23.40430641174339]]],[[[68.40985870361334,23.40570068359392],[68.40902709960955,23.40625],[68.40985870361334,23.407920837402628],[68.40985870361334,23.40570068359392]]],[[[68.54792022705095,23.410417556762923],[68.54152679443388,23.40542984008789],[68.54985809326178,23.41486167907715],[68.54792022705095,23.410417556762923]]],[[[68.45791625976568,23.411249160766715],[68.45791625976568,23.412082672119084],[68.46291351318365,23.410972595215128],[68.45791625976568,23.411249160766715]]],[[[68.40180206298845,23.415971755981502],[68.39848327636747,23.41903114318876],[68.40264129638678,23.41847038269043],[68.40180206298845,23.415971755981502]]],[[[68.40264129638678,23.420690536499137],[68.40180206298845,23.420415878295955],[68.40125274658203,23.42292022705078],[68.40264129638678,23.420690536499137]]],[[[68.40125274658203,23.423179626465128],[68.39819335937517,23.421806335449446],[68.39847564697294,23.42708396911644],[68.40125274658203,23.423179626465128]]],[[[68.50125122070318,23.43013954162592],[68.50041961669939,23.43013954162592],[68.50041961669939,23.431249618530273],[68.50125122070318,23.43013954162592]]],[[[68.51374816894548,23.430416107177734],[68.51403045654303,23.432640075683594],[68.51625061035173,23.429859161376953],[68.51374816894548,23.430416107177734]]],[[[68.49680328369158,23.434579849243164],[68.49874877929693,23.43625068664545],[68.50096893310564,23.435417175293082],[68.49680328369158,23.434579849243164]]],[[[68.50208282470697,23.443195343017578],[68.50068664550787,23.439029693603516],[68.49930572509771,23.442361831664982],[68.50208282470697,23.443195343017578]]],[[[68.42124938964861,23.420141220092717],[68.47286224365263,23.480419158935547],[68.48458099365251,23.403190612793082],[68.47458648681669,23.45986366271984],[68.42124938964861,23.420141220092717]]],[[[68.50681304931669,23.45654106140148],[68.51346588134771,23.44791984558111],[68.50290679931658,23.429311752319506],[68.50681304931669,23.45654106140148]]],[[[68.50235748291021,23.44958114624029],[68.49680328369158,23.44402694702171],[68.49597167968778,23.448474884033317],[68.50235748291021,23.44958114624029]]],[[[68.40125274658203,23.453750610351506],[68.40125274658203,23.45513916015625],[68.40625,23.452360153198185],[68.40125274658203,23.453750610351506]]],[[[68.50013732910185,23.45513916015625],[68.49514007568365,23.474029541015625],[68.50235748291021,23.45819473266613],[68.50013732910185,23.45513916015625]]],[[[68.49597167968778,23.477359771728516],[68.4820861816408,23.477920532226847],[68.4870834350586,23.485694885253963],[68.49597167968778,23.477359771728516]]],[[[68.47125244140625,23.48041725158714],[68.45958709716814,23.479583740234602],[68.45874786376982,23.487363815307674],[68.47125244140625,23.48041725158714]]],[[[68.48680877685575,23.485969543457145],[68.47957611083979,23.477920532226847],[68.47292327880876,23.494028091430778],[68.48680877685575,23.485969543457145]]],[[[68.48764038085955,23.486522674560547],[68.48596954345709,23.48903083801298],[68.4895858764649,23.493749618530217],[68.48764038085955,23.486522674560547]]],[[[68.50902557373053,23.49041748046875],[68.50680541992216,23.49041748046875],[68.50736236572271,23.492361068725643],[68.50902557373053,23.49041748046875]]],[[[68.51152801513678,23.492361068725643],[68.5112533569336,23.490690231323356],[68.50930786132841,23.492080688476506],[68.51152801513678,23.492361068725643]]],[[[68.43959045410156,23.498750686645565],[68.4373626708985,23.49903106689476],[68.43930816650419,23.499582290649357],[68.43959045410156,23.498750686645565]]],[[[68.46430206298857,23.51541709899925],[68.46319580078142,23.518751144409123],[68.4704132080081,23.518751144409123],[68.46430206298857,23.51541709899925]]],[[[68.47458648681669,23.52207756042486],[68.47152709960966,23.520690917968693],[68.46875000000017,23.52458381652849],[68.47458648681669,23.52207756042486]]],[[[68.4748611450197,23.53042030334501],[68.47207641601568,23.530969619751033],[68.4765167236331,23.532920837402514],[68.4748611450197,23.53042030334501]]],[[[68.45319366455084,23.528749465942326],[68.4573593139649,23.5426406860351],[68.47624969482428,23.53930473327648],[68.45319366455084,23.528749465942326]]],[[[68.48319244384794,23.54931259155296],[68.48263549804682,23.547082901001147],[68.48152923584001,23.54818916320812],[68.48319244384794,23.54931259155296]]],[[[68.43041992187517,23.507650375366325],[68.4531860351563,23.561250686645508],[68.4820861816408,23.596809387206974],[68.43041992187517,23.507650375366325]]],[[[68.4676361083985,23.59180641174339],[68.45124816894537,23.573194503784237],[68.44430541992188,23.57819366455101],[68.4676361083985,23.59180641174339]]],[[[68.22819519042963,23.584306716918945],[68.2240295410158,23.584028244018555],[68.2273559570313,23.58542060852068],[68.22819519042963,23.584306716918945]]],[[[68.244857788086,23.58707809448265],[68.24597167968767,23.589029312133732],[68.25347137451178,23.582080841064453],[68.244857788086,23.58707809448265]]],[[[68.2176361083985,23.587083816528434],[68.21710205078153,23.586250305175838],[68.21514129638678,23.58707809448265],[68.2176361083985,23.587083816528434]]],[[[68.48014068603544,23.598190307617188],[68.47902679443376,23.604040145874023],[68.48652648925787,23.603195190429915],[68.48014068603544,23.598190307617188]]],[[[68.44040679931646,23.586530685425032],[68.43459320068376,23.6162490844726],[68.46652984619146,23.600980758666992],[68.44040679931646,23.586530685425032]]],[[[68.48458099365251,23.62791824340826],[68.49097442626982,23.604305267334098],[68.47875976562511,23.60653114318876],[68.46819305419939,23.59263992309576],[68.48458099365251,23.62791824340826]]],[[[68.19708251953153,23.59708595275879],[68.21013641357422,23.640417098999137],[68.26013946533209,23.639860153198185],[68.31181335449224,23.65014076232933],[68.23124694824213,23.642915725708235],[68.33403015136747,23.71097183227556],[68.35846710205072,23.80513954162592],[68.39791870117216,23.7848606109622],[68.42624664306646,23.794860839843977],[68.31485748291021,23.583196640014762],[68.27430725097685,23.5918102264406],[68.30680847167986,23.630701065063533],[68.19708251953153,23.59708595275879]]],[[[68.472640991211,23.714580535888615],[68.47347259521479,23.72097206115751],[68.4820861816408,23.719860076904354],[68.472640991211,23.714580535888615]]],[[[68.4851379394533,23.732360839844034],[68.48764038085955,23.729030609131144],[68.45929718017584,23.72486114501976],[68.4851379394533,23.732360839844034]]],[[[68.45014190673834,23.73041534423851],[68.44735717773438,23.731809616089038],[68.44763946533209,23.732641220093],[68.45014190673834,23.73041534423851]]],[[[68.48486328125011,23.7376384735108],[68.4817962646485,23.736240386963118],[68.48346710205084,23.74237060546875],[68.48486328125011,23.7376384735108]]],[[[68.2176361083985,23.75569343566906],[68.21485900878923,23.75819587707531],[68.2240295410158,23.764030456543253],[68.2176361083985,23.75569343566906]]],[[[68.26763916015653,23.77236175537132],[68.29819488525385,23.8037490844726],[68.29013824462919,23.816804885864258],[68.30790710449247,23.823749542236328],[68.32430267334013,23.73430824279791],[68.28569793701178,23.754583358764705],[68.27403259277344,23.701250076293945],[68.26763916015653,23.77236175537132]]],[[[68.34680175781278,23.780138015747013],[68.3404159545899,23.777082443237532],[68.34180450439459,23.789304733276595],[68.34680175781278,23.780138015747013]]],[[[68.51680755615251,23.754579544067326],[68.4373626708985,23.73931121826172],[68.49652862548857,23.830972671508846],[68.51680755615251,23.754579544067326]]],[[[68.59513854980497,23.7968044281007],[68.59347534179705,23.803472518921012],[68.60180664062528,23.796249389648494],[68.59513854980497,23.7968044281007]]],[[[68.59541320800798,23.81013870239252],[68.59430694580084,23.81013870239252],[68.59347534179705,23.812084197998047],[68.59541320800798,23.81013870239252]]],[[[68.40541839599626,23.793191909790266],[68.37958526611357,23.838195800781307],[68.40152740478544,23.790416717529354],[68.35514068603521,23.810972213745288],[68.3301391601563,23.787361145019702],[68.39569091796892,23.878196716308594],[68.40541839599626,23.793191909790266]]],[[[68.19264221191412,23.730970382690487],[68.21180725097673,23.763481140136832],[68.2137527465822,23.755416870117244],[68.21958160400419,23.754859924316463],[68.23430633544922,23.77486038208002],[68.21291351318388,23.834583282470703],[68.26040649414091,23.824859619140682],[68.317642211914,23.879301071166992],[68.259017944336,23.875141143798942],[68.27708435058594,23.914861679077262],[68.43013763427763,23.995420455932617],[68.34485626220709,23.901250839233626],[68.33763885498075,23.819305419922102],[68.30374908447283,23.824583053588924],[68.28874969482428,23.81736183166521],[68.29569244384794,23.804311752319336],[68.2656860351563,23.792921066284237],[68.2668075561524,23.691806793212947],[68.19264221191412,23.730970382690487]]],[[[68.71069335937511,23.849861145019815],[68.71041870117205,23.84875106811546],[68.70263671875006,23.850414276123047],[68.71069335937511,23.849861145019815]]],[[[68.70041656494169,23.851526260375977],[68.69486236572277,23.84930992126482],[68.69513702392595,23.851530075073526],[68.70041656494169,23.851526260375977]]],[[[68.23402404785162,23.842916488647518],[68.21597290039091,23.866809844970874],[68.24819183349638,23.88042068481451],[68.23402404785162,23.842916488647518]]],[[[68.52402496337885,23.85847282409668],[68.53041839599615,23.870971679687727],[68.53485870361357,23.864860534668196],[68.52402496337885,23.85847282409668]]],[[[68.44930267334001,23.938472747802848],[68.39347076416021,23.88042068481451],[68.37735748291016,23.876529693603686],[68.34986114501982,23.846250534057788],[68.35291290283232,23.900693893432845],[68.44930267334001,23.938472747802848]]],[[[68.58875274658209,23.91681098938011],[68.54680633544928,23.872917175293026],[68.53263854980486,23.876251220703296],[68.51708221435553,23.856527328491154],[68.48596954345709,23.889869689941634],[68.52569580078153,23.892641067504996],[68.53541564941435,23.945972442626953],[68.58875274658209,23.91681098938011]]],[[[68.51847076416044,23.92430496215843],[68.4434661865235,23.848470687866495],[68.42819213867193,23.8618106842041],[68.4820861816408,23.992639541626147],[68.51847076416044,23.92430496215843]]],[[[68.51457977294928,23.949306488037166],[68.51457977294928,23.94958305358898],[68.52291870117205,23.945415496826172],[68.51457977294928,23.949306488037166]]],[[[73.01291656494169,8.278750419616813],[73.01235961914091,8.276805877685604],[73.01040649414068,8.277361869812069],[73.01291656494169,8.278750419616813]]],[[[72.28180694580084,10.037916183471737],[72.28375244140653,10.043473243713606],[72.2867965698245,10.040690422058333],[72.28180694580084,10.037916183471737]]],[[[72.33180236816435,10.124860763549862],[72.32597351074236,10.12680530548107],[72.33069610595732,10.130695343017578],[72.33180236816435,10.124860763549862]]],[[[72.64901733398466,10.561809539794979],[72.61541748046886,10.540694236755598],[72.62319183349615,10.54708003997797],[72.64901733398466,10.561809539794979]]],[[[72.16930389404325,10.812359809875659],[72.16513824462919,10.812080383300781],[72.16596984863298,10.81375026702898],[72.16930389404325,10.812359809875659]]],[[[72.17236328125028,10.817920684814453],[72.17097473144537,10.81735992431652],[72.17097473144537,10.818194389343375],[72.17236328125028,10.817920684814453]]],[[[72.20375061035162,10.86874961853033],[72.1726379394533,10.81986141204834],[72.20652770996122,10.877361297607365],[72.20375061035162,10.86874961853033]]],[[[72.28430175781261,10.935417175293082],[72.28569793701166,10.944862365722884],[72.29096984863287,10.936250686645451],[72.28430175781261,10.935417175293082]]],[[[72.31764221191412,10.943750381469727],[72.31346893310553,10.943194389343262],[72.31485748291044,10.948472023010254],[72.31764221191412,10.943750381469727]]],[[[72.33180236816435,10.95513916015625],[72.33208465576189,10.95847320556669],[72.3343048095706,10.955972671509016],[72.33180236816435,10.95513916015625]]],[[[72.7201385498048,11.110693931579533],[72.71597290039091,11.125139236450195],[72.73291778564464,11.127915382385197],[72.7201385498048,11.110693931579533]]],[[[72.10597229003935,11.209861755371378],[72.10375213623064,11.20819568634056],[72.10402679443365,11.211250305175724],[72.10597229003935,11.209861755371378]]],[[[72.76125335693376,11.180138587951774],[72.7779159545899,11.240971565246582],[72.77819824218767,11.217362403869572],[72.76125335693376,11.180138587951774]]],[[[72.10013580322283,11.214310646057072],[72.10041809082037,11.21514034271263],[72.1043090820312,11.212639808654785],[72.10013580322283,11.214310646057072]]],[[[73.00903320312506,11.487360000610579],[73.00180816650396,11.49153137207054],[72.99680328369158,11.495421409606877],[73.00903320312506,11.487360000610579]]],[[[73.00235748291021,11.485693931579533],[73.00180816650396,11.484581947326603],[73.0006942749024,11.485416412353459],[73.00235748291021,11.485693931579533]]],[[[72.18902587890642,11.598751068115234],[72.18902587890642,11.595970153808764],[72.18486022949219,11.597359657287598],[72.18902587890642,11.598751068115234]]],[[[72.71652984619169,11.692083358764648],[72.70486450195318,11.680694580078125],[72.7168045043947,11.702083587646598],[72.71652984619169,11.692083358764648]]],[[[73.03652954101568,18.050689697265682],[73.0367965698245,18.05181121826172],[73.03874969482439,18.050140380859602],[73.03652954101568,18.050689697265682]]],[[[72.96708679199224,18.299304962158203],[72.96347045898443,18.298469543457088],[72.96290588378912,18.30068016052246],[72.96708679199224,18.299304962158203]]],[[[72.86347198486345,18.63264083862299],[72.86430358886724,18.635694503784464],[72.8654174804688,18.63402748107933],[72.86347198486345,18.63264083862299]]],[[[72.8151397705081,18.702920913696573],[72.81263732910168,18.702360153198242],[72.81485748291016,18.70458412170433],[72.8151397705081,18.702920913696573]]],[[[72.84263610839838,18.706251144409237],[72.84124755859386,18.705141067504883],[72.84180450439459,18.708194732666186],[72.84263610839838,18.706251144409237]]],[[[72.9087524414063,18.95319175720215],[72.89875030517595,18.940969467163086],[72.90847015380876,18.959583282470874],[72.9087524414063,18.95319175720215]]],[[[72.93402862548845,18.95207977294922],[72.92430877685564,18.963472366333292],[72.94209289550787,18.965690612793026],[72.93402862548845,18.95207977294922]]],[[[73.02819824218778,18.99875068664562],[73.0284729003908,18.992916107177848],[73.02569580078136,18.997360229492244],[73.02819824218778,18.99875068664562]]],[[[72.78347015380888,19.13486099243164],[72.78347015380888,19.132360458374137],[72.78041839599638,19.13291740417486],[72.78347015380888,19.13486099243164]]],[[[72.73291778564482,19.457361221313477],[72.7262496948245,19.46708106994646],[72.73652648925787,19.465696334838867],[72.73291778564482,19.457361221313477]]],[[[72.85541534423822,20.75958061218256],[72.85764312744146,20.75263977050804],[72.8470764160158,20.7537593841555],[72.85541534423822,20.75958061218256]]],[[[71.25096893310547,20.813920974731673],[71.25096893310547,20.813749313354435],[71.25077819824219,20.813749313354435],[71.25096893310547,20.813920974731673]]],[[[71.38764190673834,20.86346817016596],[71.38680267334001,20.86346817016596],[71.38597106933622,20.86541938781761],[71.38764190673834,20.86346817016596]]],[[[71.52014160156267,20.90625190734886],[71.53041839599626,20.903472900390625],[71.50708007812528,20.902915954589844],[71.52014160156267,20.90625190734886]]],[[[71.64847564697283,20.974584579467773],[71.64430236816423,20.97458076477062],[71.64514160156256,20.97708320617687],[71.64847564697283,20.974584579467773]]],[[[71.67375183105474,20.985141754150504],[71.67402648925798,20.992919921875],[71.68736267089838,20.991527557373047],[71.67375183105474,20.985141754150504]]],[[[71.69541931152361,20.996810913086165],[71.6981964111331,20.999309539794922],[71.70375061035185,20.995138168334904],[71.69541931152361,20.996810913086165]]],[[[71.71402740478544,20.997650146484318],[71.70597076416021,20.997360229492415],[71.706527709961,20.99875259399414],[71.71402740478544,20.997650146484318]]],[[[72.65735626220709,21.065141677856673],[72.64791870117188,21.067920684814567],[72.65458679199219,21.073749542236385],[72.65735626220709,21.065141677856673]]],[[[72.68068695068388,21.09542083740257],[72.67874908447277,21.096805572509766],[72.68068695068388,21.096530914306754],[72.68068695068388,21.09542083740257]]],[[[72.67292022705095,21.10430526733404],[72.67624664306646,21.097080230713004],[72.66929626464861,21.104860305786246],[72.67292022705095,21.10430526733404]]],[[[72.69957733154325,21.11236000061035],[72.69763946533232,21.11681175231928],[72.70318603515653,21.11458015441906],[72.69957733154325,21.11236000061035]]],[[[72.69680786132818,21.118749618530273],[72.67652893066406,21.155700683593807],[72.71041870117216,21.140693664550895],[72.69680786132818,21.118749618530273]]],[[[72.10320281982439,21.270420074463118],[72.09902954101562,21.265409469604435],[72.10208129882812,21.270690917968807],[72.10320281982439,21.270420074463118]]],[[[72.58735656738287,21.33625030517578],[72.58598327636724,21.33625030517578],[72.58708190917986,21.33986091613781],[72.58735656738287,21.33625030517578]]],[[[72.57875061035162,21.360139846801758],[72.57958221435575,21.36431121826172],[72.5829162597658,21.362360000610465],[72.57875061035162,21.360139846801758]]],[[[72.58763885498047,21.367361068725813],[72.59375000000017,21.38070106506342],[72.5998611450197,21.377914428710994],[72.58763885498047,21.367361068725813]]],[[[72.62180328369158,21.403192520141715],[72.61264038085955,21.395694732666016],[72.61708831787115,21.405139923095817],[72.62180328369158,21.403192520141715]]],[[[72.63153076171892,21.411806106567553],[72.6351318359375,21.41764068603527],[72.63569641113276,21.413192749023494],[72.63153076171892,21.411806106567553]]],[[[72.67263793945324,21.440139770507926],[72.66374969482439,21.439582824706974],[72.66541290283232,21.443201065063533],[72.67263793945324,21.440139770507926]]],[[[72.35874938964838,21.579860687255973],[72.34541320800798,21.602350234985522],[72.36514282226568,21.59763908386242],[72.35874938964838,21.579860687255973]]],[[[72.60514831542997,21.619581222534293],[72.60624694824224,21.62847137451172],[72.6073608398438,21.619029998779297],[72.60514831542997,21.619581222534293]]],[[[72.59902191162138,21.617361068725586],[72.59596252441418,21.63014030456543],[72.61152648925798,21.635694503784407],[72.6015167236331,21.62681007385254],[72.59902191162138,21.617361068725586]]],[[[72.58402252197283,21.625970840454215],[72.58125305175787,21.626249313354606],[72.58347320556658,21.629030227661076],[72.58402252197283,21.625970840454215]]],[[[72.61068725585966,21.629859924316634],[72.60986328125006,21.629590988159407],[72.61013793945307,21.631250381469783],[72.61068725585966,21.629859924316634]]],[[[72.61458587646484,21.635417938232422],[72.61429595947294,21.63652992248535],[72.61597442626959,21.636249542236555],[72.61458587646484,21.635417938232422]]],[[[72.59958648681652,21.637083053588924],[72.59569549560564,21.64069366455078],[72.60263824462902,21.639860153198242],[72.59958648681652,21.637083053588924]]],[[[72.61846923828136,21.638458251953182],[72.61708068847662,21.63902854919445],[72.61708068847662,21.639583587646428],[72.61846923828136,21.638458251953182]]],[[[72.74597167968767,21.658750534057617],[72.75096893310553,21.65291595459007],[72.71679687500017,21.64459037780756],[72.74597167968767,21.658750534057617]]],[[[72.28763580322283,21.707361221313533],[72.26763916015625,21.736530303955078],[72.28263854980463,21.734582901000977],[72.28763580322283,21.707361221313533]]],[[[72.35736083984403,21.929309844970646],[72.36042022705107,21.924583435058878],[72.34764099121122,21.92902946472168],[72.35736083984403,21.929309844970646]]],[[[72.21597290039068,22.002082824707202],[72.21041870117188,22.003192901611555],[72.21235656738287,22.005420684814624],[72.21597290039068,22.002082824707202]]],[[[72.46791839599615,22.202360153198242],[72.46791839599615,22.2054195404055],[72.47235870361334,22.20318984985346],[72.46791839599615,22.202360153198242]]],[[[72.39208221435575,22.210411071777344],[72.38764190673834,22.210136413574332],[72.39013671875006,22.213481903076286],[72.39208221435575,22.210411071777344]]],[[[72.36818695068365,22.22402954101574],[72.37652587890642,22.20375061035162],[72.36347198486357,22.214027404785156],[72.36818695068365,22.22402954101574]]],[[[72.41652679443388,22.227361679077376],[72.37680816650402,22.228630065918082],[72.41097259521513,22.2993106842041],[72.41652679443388,22.227361679077376]]],[[[69.94763946533232,22.53041648864746],[69.94347381591791,22.53041648864746],[69.94708251953153,22.531530380249023],[69.94763946533232,22.53041648864746]]],[[[69.94152832031278,22.517915725708008],[69.862358093262,22.527080535888842],[69.91874694824224,22.553195953369084],[69.94152832031278,22.517915725708008]]],[[[69.95680236816435,22.534030914306868],[69.95236968994146,22.532640457153377],[69.95513916015642,22.535972595214844],[69.95680236816435,22.534030914306868]]],[[[69.96347045898466,22.54181098938011],[69.95403289794928,22.535972595214844],[69.95819091796892,22.542640686035156],[69.96347045898466,22.54181098938011]]],[[[69.9387512207033,22.53848075866705],[69.9418029785158,22.5504207611084],[69.95319366455072,22.536806106567383],[69.9387512207033,22.53848075866705]]],[[[70.011528015137,22.54958343505882],[70.01597595214861,22.551530838012923],[70.0198593139649,22.547916412353516],[70.011528015137,22.54958343505882]]],[[[70.00485992431669,22.549030303955078],[69.99597167968767,22.548751831054688],[70.00068664550776,22.55236053466814],[70.00485992431669,22.549030303955078]]],[[[70.01264190673834,22.554027557373047],[70.01682281494146,22.557920455932845],[70.02458190917986,22.555139541626204],[70.01264190673834,22.554027557373047]]],[[[69.95791625976591,22.54957962036127],[69.96514129638678,22.577920913696403],[70.027084350586,22.567916870117244],[69.95791625976591,22.54957962036127]]],[[[70.04096984863298,22.565139770507983],[70.03874969482428,22.564306259155217],[70.03847503662126,22.566804885864315],[70.04096984863298,22.565139770507983]]],[[[70.04207611083979,22.56735992431669],[70.04207611083979,22.57014083862316],[70.04596710205084,22.569860458374194],[70.04207611083979,22.56735992431669]]],[[[70.18319702148466,22.580970764160156],[70.18013763427763,22.581529617309684],[70.18319702148466,22.582639694213867],[70.18319702148466,22.580970764160156]]],[[[70.19180297851557,22.598194122314567],[70.18930816650419,22.59763908386242],[70.18875122070307,22.59958267211914],[70.19180297851557,22.598194122314567]]],[[[69.95819091796892,22.60375022888195],[69.96375274658203,22.599027633666935],[69.95319366455072,22.595415115356502],[69.95819091796892,22.60375022888195]]],[[[70.22097015380888,22.643472671509016],[70.22041320800776,22.64014053344738],[70.21680450439453,22.6420841217041],[70.22097015380888,22.643472671509016]]],[[[70.23847198486334,22.682361602783203],[70.2351379394533,22.682361602783203],[70.23847198486334,22.683202743530273],[70.23847198486334,22.682361602783203]]],[[[70.24346923828153,22.682361602783203],[70.23902893066412,22.68207931518566],[70.2437515258789,22.68431091308605],[70.24346923828153,22.682361602783203]]],[[[70.24736022949236,22.688190460205192],[70.2426376342774,22.68680953979515],[70.24180603027361,22.68958282470726],[70.24736022949236,22.688190460205192]]],[[[70.24541473388672,22.71180534362793],[70.24346923828153,22.712360382080135],[70.24652862548857,22.71458244323742],[70.24541473388672,22.71180534362793]]],[[[70.43264007568365,22.97875022888195],[70.43569183349615,22.98374938964855],[70.45096588134794,22.985969543457088],[70.43264007568365,22.97875022888195]]],[[[70.41458129882807,23.019309997558594],[70.448471069336,23.05208396911621],[70.41374969482428,22.989849090576172],[70.41458129882807,23.019309997558594]]],[[[70.42986297607439,23.03486061096214],[70.41458129882807,23.02263832092291],[70.4290161132813,23.04652976989746],[70.42986297607439,23.03486061096214]]],[[[70.45180511474626,23.026527404785327],[70.4581909179688,23.049861907958928],[70.48236083984375,23.06541824340843],[70.45180511474626,23.026527404785327]]],[[[70.45903015136713,23.057640075683594],[70.45735931396501,23.055141448974666],[70.44959259033209,23.052640914916992],[70.45903015136713,23.057640075683594]]],[[[70.45153045654308,23.052360534668196],[70.45347595214872,23.053194046020565],[70.45014190673834,23.050138473510742],[70.45153045654308,23.052360534668196]]],[[[70.46041870117205,23.055709838867358],[70.46125030517584,23.05792045593256],[70.46819305419922,23.058750152588118],[70.46041870117205,23.055709838867358]]],[[[70.44902801513678,23.05792045593256],[70.44596862792974,23.05819511413597],[70.44709014892584,23.059320449829215],[70.44902801513678,23.05792045593256]]],[[[73.04930877685553,8.266804695129338],[73.05568695068354,8.282640457153548],[73.08097076416021,8.327642440796012],[73.04930877685553,8.266804695129338]]],[[[73.63014221191435,10.06763935089117],[73.62985992431658,10.0687513351441],[73.63375091552746,10.0687513351441],[73.63014221191435,10.06763935089117]]],[[[73.62541961669916,10.072916984558333],[73.62819671630865,10.075141906738509],[73.62791442871111,10.071805000305403],[73.62541961669916,10.072916984558333]]],[[[73.65207672119169,10.095971107482967],[73.64791870117182,10.061249732971248],[73.64180755615263,10.057084083557413],[73.65207672119169,10.095971107482967]]],[[[73.66208648681658,10.129860877990723],[73.65847778320312,10.152921676635799],[73.66513824462908,10.141811370849666],[73.66208648681658,10.129860877990723]]],[[[73.70263671875028,10.814862251281738],[73.66208648681658,10.8084716796875],[73.67708587646513,10.817641258239973],[73.70263671875028,10.814862251281738]]],[[[75.16485595703142,12.101530075073356],[75.18180847167963,12.049860000610579],[75.16430664062517,12.089311599731445],[75.16485595703142,12.101530075073356]]],[[[75.17069244384777,12.110140800476302],[75.16874694824224,12.095969200134334],[75.16043090820341,12.111810684204102],[75.17069244384777,12.110140800476302]]],[[[75.19458007812528,12.114030838012638],[75.19180297851568,12.113751411438159],[75.1920928955081,12.115419387817383],[75.19458007812528,12.114030838012638]]],[[[75.15847015380865,12.120970726013468],[75.14958190917963,12.139582633972282],[75.16208648681646,12.13404178619379],[75.15847015380865,12.120970726013468]]],[[[75.15737152099638,12.110160827636832],[75.12346649169939,12.1918106079101],[75.12735748291021,12.19486141204851],[75.15737152099638,12.110160827636832]]],[[[75.15180206298834,12.159582138061523],[75.15013885498075,12.146804809570256],[75.13430786132841,12.18235969543457],[75.15180206298834,12.159582138061523]]],[[[75.13402557373053,12.187359809875431],[75.13208007812517,12.18875026702898],[75.13430786132841,12.189311027527083],[75.13402557373053,12.187359809875431]]],[[[75.12930297851574,12.194580078125227],[75.12930297851574,12.19653129577631],[75.1315307617188,12.19569015502941],[75.12930297851574,12.194580078125227]]],[[[74.78069305419916,13.099310874938908],[74.78125000000028,13.09930610656744],[74.78069305419916,13.099089622497672],[74.78069305419916,13.099310874938908]]],[[[74.78272247314459,13.099583625793741],[74.78125000000028,13.09930610656744],[74.78125000000028,13.099583625793741],[74.78272247314459,13.099583625793741]]],[[[74.67624664306646,13.194861412048283],[74.67597198486357,13.191527366638411],[74.67014312744146,13.198471069336051],[74.67624664306646,13.194861412048283]]],[[[74.72819519042997,13.279026985168684],[74.72735595703125,13.278470993042049],[74.72513580322277,13.280141830444336],[74.72819519042997,13.279026985168684]]],[[[74.70124816894537,13.279305458068904],[74.69930267334001,13.27874946594261],[74.69875335693365,13.28153038024925],[74.70124816894537,13.279305458068904]]],[[[74.7282028198245,13.285969734192008],[74.72458648681669,13.285140037536621],[74.72846984863298,13.287083625793741],[74.7282028198245,13.285969734192008]]],[[[74.69235992431669,13.330691337585506],[74.68985748291044,13.33069324493431],[74.69208526611334,13.332082748413313],[74.69235992431669,13.330691337585506]]],[[[74.68985748291044,13.335417747497672],[74.68763732910173,13.335140228271598],[74.68569183349638,13.33708381652832],[74.68985748291044,13.335417747497672]]],[[[74.68708038330095,13.341250419616642],[74.68152618408203,13.342915534973201],[74.6873626708985,13.342082023620605],[74.68708038330095,13.341250419616642]]],[[[74.67514038085943,13.375690460205305],[74.67014312744146,13.379850387573185],[74.67485809326189,13.380695343017635],[74.67514038085943,13.375690460205305]]],[[[74.48042297363293,14.00486087799078],[74.47846984863287,14.009309768676815],[74.48291778564482,14.00652980804449],[74.48042297363293,14.00486087799078]]],[[[74.32763671875006,14.011249542236385],[74.32345581054716,14.015420913696573],[74.33041381835955,14.018194198608683],[74.32763671875006,14.011249542236385]]],[[[74.40458679199236,14.31263828277605],[74.39901733398466,14.312640190124625],[74.40180969238287,14.315421104431096],[74.40458679199236,14.31263828277605]]],[[[74.37291717529297,14.552362442016715],[74.37819671630888,14.545417785644588],[74.36680603027338,14.54124927520752],[74.37291717529297,14.552362442016715]]],[[[74.2515258789063,14.704320907592717],[74.25263977050787,14.705973625183276],[74.25514221191412,14.703751564025936],[74.2515258789063,14.704320907592717]]],[[[74.2379226684572,14.709030151367244],[74.23819732666044,14.710694313049487],[74.24014282226591,14.709030151367244],[74.2379226684572,14.709030151367244]]],[[[74.15735626220732,14.737640380859432],[74.15319824218767,14.740139961242619],[74.15821075439459,14.739311218261719],[74.15735626220732,14.737640380859432]]],[[[74.12014007568388,14.753471374511776],[74.10984802246122,14.754029273986816],[74.11291503906278,14.757918357849235],[74.12014007568388,14.753471374511776]]],[[[74.08902740478521,14.795420646667424],[74.08902740478521,14.793751716613713],[74.08625030517595,14.79485988616949],[74.08902740478521,14.795420646667424]]],[[[74.0543060302735,14.81624984741228],[74.05486297607428,14.817084312439135],[74.05625152587919,14.815969467163313],[74.0543060302735,14.81624984741228]]],[[[74.057357788086,14.819027900696028],[74.05708312988298,14.82014179229759],[74.06208038330084,14.820416450500602],[74.057357788086,14.819027900696028]]],[[[74.0656967163086,14.819860458374137],[74.0629196166995,14.819306373596419],[74.06263732910173,14.820689201355208],[74.0656967163086,14.819860458374137]]],[[[74.09486389160173,14.836805343627987],[74.0929183959961,14.835970878601131],[74.09319305419928,14.838195800781307],[74.09486389160173,14.836805343627987]]],[[[74.1020812988283,14.84458446502697],[74.10097503662126,14.842083930969466],[74.09708404541044,14.842915534973258],[74.1020812988283,14.84458446502697]]],[[[74.09430694580078,14.875971794128418],[74.09458160400419,14.877921104431323],[74.09735870361328,14.877079963684196],[74.09430694580078,14.875971794128418]]],[[[73.78208160400396,15.348470687866211],[73.76069641113298,15.352081298828239],[73.76207733154303,15.35513973236101],[73.78208160400396,15.348470687866211]]],[[[73.7962493896485,15.372369766235295],[73.79264068603544,15.376810073852539],[73.79930877685558,15.377639770507926],[73.7962493896485,15.372369766235295]]],[[[73.86541748046892,15.40374946594261],[73.86264038085966,15.403196334838867],[73.8615264892581,15.40708446502697],[73.86541748046892,15.40374946594261]]],[[[73.88957977294916,15.42607975006132],[73.89012908935575,15.425700187683333],[73.88957977294916,15.425695419311694],[73.88957977294916,15.42607975006132]]],[[[73.456802368164,15.888751983642749],[73.456802368164,15.887081146240234],[73.45458221435547,15.888474464416447],[73.456802368164,15.888751983642749]]],[[[73.46430206298845,15.889583587646541],[73.46430206298845,15.886804580688477],[73.46152496337919,15.88902664184593],[73.46430206298845,15.889583587646541]]],[[[73.46763610839872,15.894583702087402],[73.46736145019531,15.893471717834473],[73.46514129638683,15.894862174987793],[73.46763610839872,15.894583702087402]]],[[[73.46125030517595,16.038751602172965],[73.45707702636724,16.04071044921875],[73.46235656738298,16.044309616089095],[73.46125030517595,16.038751602172965]]],[[[73.44374847412115,16.099580764770792],[73.44235992431658,16.100971221924112],[73.44431304931646,16.10153007507347],[73.44374847412115,16.099580764770792]]],[[[73.08597564697294,17.816528320312784],[73.0834579467774,17.814029693603686],[73.08235931396513,17.818201065063477],[73.08597564697294,17.816528320312784]]],[[[73.07930755615263,18.3062496185305],[73.0762481689456,18.304861068725586],[73.07569122314482,18.307920455932617],[73.07930755615263,18.3062496185305]]],[[[73.08208465576178,18.31902694702177],[73.08041381835943,18.31902694702177],[73.08125305175776,18.321527481079272],[73.08208465576178,18.31902694702177]]],[[[76.40486145019548,9.527638435363997],[76.38291931152361,9.527638435363997],[76.38236236572266,9.534030914306811],[76.40486145019548,9.527638435363997]]],[[[76.4793090820313,9.5301389694215],[76.46597290039074,9.529861450195597],[76.47902679443376,9.537082672119311],[76.4793090820313,9.5301389694215]]],[[[76.40625,9.527638435363997],[76.40569305419928,9.54236221313505],[76.43402862548845,9.528472900390852],[76.40625,9.527638435363997]]],[[[76.4520797729495,9.54597187042259],[76.46041870117193,9.529582977295206],[76.43541717529303,9.528472900390852],[76.4520797729495,9.54597187042259]]],[[[76.42569732666021,9.549860000610352],[76.38291931152361,9.534860610961971],[76.38208007812528,9.543195724487418],[76.42569732666021,9.549860000610352]]],[[[76.3845825195312,9.61347293853754],[76.38181304931646,9.61793136596674],[76.38791656494146,9.619031906127987],[76.3845825195312,9.61347293853754]]],[[[76.38181304931646,9.717091560364054],[76.3815307617187,9.714859962463606],[76.38096618652338,9.71681118011469],[76.38181304931646,9.717091560364054]]],[[[76.37319183349626,9.752361297607706],[76.37291717529325,9.751251220703352],[76.37013244628923,9.756529808044434],[76.37319183349626,9.752361297607706]]],[[[76.3290328979495,9.817640304565714],[76.32541656494169,9.807350158691634],[76.32291412353521,9.809026718139705],[76.3290328979495,9.817640304565714]]],[[[76.39125061035185,9.822085380554427],[76.39153289794928,9.821182250976733],[76.38416290283232,9.821518898010538],[76.39125061035185,9.822085380554427]]],[[[76.37319183349626,9.821528434753645],[76.37180328369135,9.823189735412654],[76.37347412109403,9.824860572814941],[76.37319183349626,9.821528434753645]]],[[[76.37013244628923,9.824030876159725],[76.36680603027372,9.825690269470329],[76.36985778808622,9.826251029968262],[76.37013244628923,9.824030876159725]]],[[[76.3793029785158,9.837080955505598],[76.3762512207033,9.836806297302417],[76.37708282470709,9.839030265808105],[76.3793029785158,9.837080955505598]]],[[[76.3726425170899,9.840417861938533],[76.37346649169933,9.841250419616813],[76.37513732910162,9.837639808654785],[76.3726425170899,9.840417861938533]]],[[[76.2573623657226,9.915699958801213],[76.27086639404325,9.823472976684684],[76.2490310668947,9.970140457153434],[76.2668075561524,9.932916641235408],[76.29596710205084,9.915419578552246],[76.2573623657226,9.915699958801213]]],[[[76.36624908447294,9.855421066284293],[76.34902954101568,9.838472366333065],[76.34958648681646,9.874582290649528],[76.36624908447294,9.855421066284293]]],[[[76.30430603027361,9.902920722961369],[76.31709289550798,9.902920722961369],[76.31735992431646,9.886531829833984],[76.30430603027361,9.902920722961369]]],[[[76.27486419677763,9.966251373291016],[76.29402923584001,9.925689697265568],[76.26735687255865,9.939311981201286],[76.27486419677763,9.966251373291016]]],[[[76.2709732055664,9.970969200134505],[76.26875305175793,9.972081184387264],[76.26875305175793,9.972641944885197],[76.2709732055664,9.970969200134505]]],[[[76.24430847167974,9.978471755981502],[76.24319458007824,9.978194236755598],[76.24318695068365,9.98042106628418],[76.24430847167974,9.978471755981502]]],[[[76.24652862548845,9.976528167724553],[76.2418060302735,10.014310836792106],[76.25875091552751,9.990140914916992],[76.24652862548845,9.976528167724553]]],[[[76.26902770996111,9.996805191040096],[76.2668075561524,10.001529693603686],[76.2698593139649,10.000419616699332],[76.26902770996111,9.996805191040096]]],[[[76.25374603271479,10.012359619140852],[76.25180816650419,10.012359619140852],[76.25041961669928,10.014310836792106],[76.25374603271479,10.012359619140852]]],[[[76.26264190673834,10.018472671508789],[76.25791931152372,10.023749351501465],[76.26708221435575,10.022919654846248],[76.26264190673834,10.018472671508789]]],[[[76.25819396972656,10.025139808654785],[76.2595825195313,10.029310226440657],[76.2593078613283,10.025139808654785],[76.25819396972656,10.025139808654785]]],[[[76.24819183349638,10.090689659118652],[76.24041748046892,10.091811180114917],[76.24652862548845,10.096809387207031],[76.24819183349638,10.090689659118652]]],[[[76.05152893066435,10.533752441406193],[76.04930877685564,10.533752441406193],[76.05014038085943,10.535141944885254],[76.05152893066435,10.533752441406193]]],[[[76.0512466430664,10.536527633667106],[76.04930877685564,10.535973548889388],[76.04957580566412,10.539030075073356],[76.0512466430664,10.536527633667106]]],[[[75.831527709961,11.12652683258085],[75.83013916015642,11.12986183166521],[75.83625030517595,11.128190994262695],[75.831527709961,11.12652683258085]]],[[[75.81124877929688,11.159584045410156],[75.81014251709001,11.159310340881404],[75.8104095458985,11.161529541015625],[75.81124877929688,11.159584045410156]]],[[[75.36430358886747,11.93597221374523],[75.3648529052735,11.938750267028809],[75.36791992187528,11.939581871032999],[75.36430358886747,11.93597221374523]]],[[[75.36374664306669,11.937919616699332],[75.36680603027372,11.943471908569336],[75.36596679687506,11.940691947936955],[75.36374664306669,11.937919616699332]]],[[[75.30236053466791,11.961249351501465],[75.30236053466791,11.95958137512207],[75.30042266845732,11.961529731750431],[75.30236053466791,11.961249351501465]]],[[[75.29818725585955,11.966810226440487],[75.29846954345709,11.965138435363713],[75.29514312744158,11.967639923095703],[75.29818725585955,11.966810226440487]]],[[[75.28791809082048,12.014311790466536],[75.29235839843756,12.013751983642521],[75.29513549804705,12.012916564941577],[75.28791809082048,12.014311790466536]]],[[[75.299858093262,12.022359848022575],[75.29596710205084,12.021530151367188],[75.29541778564459,12.023471832275504],[75.299858093262,12.022359848022575]]],[[[77.55319213867216,8.077361106872786],[77.55346679687517,8.078750610351847],[77.5559692382813,8.076805114746321],[77.55319213867216,8.077361106872786]]],[[[77.96347045898466,8.328910827636719],[77.96347045898466,8.328748703002987],[77.96318054199224,8.328792572021484],[77.96347045898466,8.328910827636719]]],[[[78.12069702148455,8.614311218261776],[78.1173629760745,8.610140800476074],[78.10986328125006,8.614583015442122],[78.12069702148455,8.614311218261776]]],[[[78.11902618408209,8.615416526794661],[78.1204071044923,8.617920875549544],[78.11985778808622,8.615140914916992],[78.11902618408209,8.615416526794661]]],[[[78.11791992187506,8.6173610687257],[78.1112518310548,8.632362365722656],[78.1226425170899,8.63403034210205],[78.11791992187506,8.6173610687257]]],[[[78.12458038330084,8.649582862854231],[78.12403106689464,8.638194084167708],[78.11708068847673,8.64236068725586],[78.12458038330084,8.649582862854231]]],[[[78.12819671630865,8.642916679382324],[78.12596893310575,8.643195152282715],[78.12763977050787,8.645140647888184],[78.12819671630865,8.642916679382324]]],[[[78.21152496337896,8.835416793823413],[78.21013641357439,8.835416793823413],[78.2120666503908,8.839030265808333],[78.21152496337896,8.835416793823413]]],[[[78.2273559570313,8.867361068725813],[78.22291564941423,8.87236213684082],[78.22708129882807,8.87125015258789],[78.2273559570313,8.867361068725813]]],[[[78.25541687011724,8.955419540405273],[78.25458526611345,8.952918052673283],[78.25180816650396,8.953193664550781],[78.25541687011724,8.955419540405273]]],[[[78.36319732666021,9.085419654846419],[78.36319732666021,9.085281372070426],[78.36290740966814,9.085358619690112],[78.36319732666021,9.085419654846419]]],[[[78.4931945800783,9.08569431304943],[78.48792266845709,9.09014034271263],[78.49514007568365,9.090694427490519],[78.4931945800783,9.08569431304943]]],[[[78.53485870361334,9.102360725403116],[78.53819274902361,9.105973243713379],[78.53819274902361,9.10291671752941],[78.53485870361334,9.102360725403116]]],[[[78.48680877685558,9.130970954895304],[78.48458099365229,9.1312513351441],[78.48486328125006,9.133473396301383],[78.48680877685558,9.130970954895304]]],[[[78.58625030517578,9.108749389648551],[78.57180786132812,9.102081298828239],[78.57653045654314,9.110420227050838],[78.58625030517578,9.108749389648551]]],[[[78.6931915283206,9.151239395141829],[78.69430541992193,9.15486145019537],[78.69652557373064,9.151250839233342],[78.6931915283206,9.151239395141829]]],[[[78.73180389404314,9.151250839233342],[78.72875213623064,9.152360916137695],[78.73208618164068,9.155421257019043],[78.73180389404314,9.151250839233342]]],[[[78.82847595214838,9.165417671203613],[78.82013702392595,9.157638549804688],[78.81485748291021,9.157921791076888],[78.82847595214838,9.165417671203613]]],[[[78.90486145019537,9.183472633362044],[78.902641296387,9.17791652679449],[78.8984756469726,9.17930698394781],[78.90486145019537,9.183472633362044]]],[[[78.9684829711914,9.184030532836914],[78.96541595458979,9.188470840454158],[78.97097015380876,9.185973167419547],[78.9684829711914,9.184030532836914]]],[[[79.08513641357428,9.191805839538517],[79.08930206298834,9.199861526489258],[79.09152984619158,9.195969581603947],[79.08513641357428,9.191805839538517]]],[[[79.14125061035185,9.212917327881087],[79.13846588134783,9.212361335754451],[79.1387481689456,9.214029312133846],[79.14125061035185,9.212917327881087]]],[[[79.13485717773438,9.21652984619135],[79.13597106933611,9.214860916137638],[79.1209564208985,9.215970993041992],[79.13485717773438,9.21652984619135]]],[[[79.20153045654325,9.234030723571891],[79.18096923828142,9.240140914916935],[79.18319702148466,9.241519927978572],[79.20153045654325,9.234030723571891]]],[[[79.23930358886747,9.240973472595215],[79.23458099365251,9.239581108093489],[79.23819732666033,9.24431037902832],[79.23930358886747,9.240973472595215]]],[[[79.21458435058594,9.254028320312727],[79.31236267089838,9.328472137451172],[79.43985748291021,9.158194541931152],[79.29875946044928,9.246809959411735],[79.21458435058594,9.254028320312727]]],[[[79.20096588134794,9.241250991821289],[79.20764160156278,9.249309539794922],[79.22207641601568,9.24707889556879],[79.20096588134794,9.241250991821289]]],[[[79.52930450439459,9.38419723510765],[79.52930450439459,9.384028434753702],[79.5291366577149,9.384028434753702],[79.52930450439459,9.38419723510765]]],[[[79.53013610839872,9.385693550109863],[79.5299835205081,9.385693550109863],[79.5300903320313,9.385957717895451],[79.53013610839872,9.385693550109863]]],[[[79.53041839599626,9.387084007263184],[79.53041839599626,9.385972023010254],[79.53013610839872,9.387084007263184],[79.53041839599626,9.387084007263184]]],[[[79.53013610839872,9.388317108154467],[79.52993011474615,9.38863563537592],[79.53013610839872,9.388750076294002],[79.53013610839872,9.388317108154467]]],[[[79.52970886230474,9.388955116272086],[79.52967834472656,9.389115333557186],[79.52986145019548,9.389020919800032],[79.52970886230474,9.388955116272086]]],[[[79.52958679199247,9.389310836792163],[79.52958679199247,9.389160156249943],[79.52930450439459,9.389304161071891],[79.52958679199247,9.389310836792163]]],[[[79.52930450439459,9.389860153198185],[79.52930450439459,9.389304161071891],[79.52894592285162,9.389602661132812],[79.52930450439459,9.389860153198185]]],[[[79.5287475585938,9.390140533447322],[79.52864837646513,9.389852523803825],[79.52835845947271,9.39013767242426],[79.5287475585938,9.390140533447322]]],[[[79.70236206054699,10.28708267211914],[79.70291900634771,10.28819465637207],[79.706802368164,10.285140991211165],[79.70236206054699,10.28708267211914]]],[[[79.70069122314482,10.288190841674918],[79.6970825195312,10.288750648498535],[79.70096588134771,10.28931045532238],[79.70069122314482,10.288190841674918]]],[[[79.6962509155274,10.289583206176815],[79.69346618652344,10.289581298828239],[79.69346618652344,10.291249275207463],[79.6962509155274,10.289583206176815]]],[[[79.69041442871094,10.293471336364746],[79.68875122070312,10.295694351196346],[79.69291687011736,10.295417785644759],[79.69041442871094,10.293471336364746]]],[[[79.68486022949247,10.295417785644759],[79.68347167968756,10.298195838928336],[79.68680572509783,10.297083854675407],[79.68486022949247,10.295417785644759]]],[[[79.62930297851568,10.299030303955192],[79.62930297851568,10.298191070556697],[79.62014007568365,10.299030303955192],[79.62930297851568,10.299030303955192]]],[[[79.60902404785156,10.300971984863509],[79.60569763183622,10.301527976989803],[79.60597229003906,10.302639961242733],[79.60902404785156,10.300971984863509]]],[[[79.66958618164091,10.306530952453784],[79.66986083984392,10.307359695434684],[79.68264007568376,10.305416107177734],[79.66958618164091,10.306530952453784]]],[[[79.62347412109392,10.30652904510498],[79.62124633789068,10.305416107177734],[79.62209320068388,10.307921409607104],[79.62347412109392,10.30652904510498]]],[[[79.61624908447283,10.306530952453784],[79.61597442626982,10.308195114135799],[79.62069702148443,10.306530952453784],[79.61624908447283,10.306530952453784]]],[[[79.627914428711,10.306806564331282],[79.627914428711,10.308195114135799],[79.63153076171875,10.306806564331282],[79.627914428711,10.306806564331282]]],[[[79.60986328125028,10.309305191039982],[79.6051406860351,10.30624961853033],[79.60542297363287,10.310150146484432],[79.60986328125028,10.309305191039982]]],[[[79.51486206054693,10.321140289306754],[79.51509857177763,10.32097053527832],[79.51486206054693,10.32097053527832],[79.51486206054693,10.321140289306754]]],[[[79.6329193115235,10.3298597335816],[79.6276397705081,10.325969696045092],[79.6279067993164,10.33042144775385],[79.6329193115235,10.3298597335816]]],[[[79.62819671630888,10.336811065673771],[79.6248626708985,10.338750839233512],[79.62875366210966,10.342082977294979],[79.62819671630888,10.336811065673771]]],[[[79.84014129638672,10.823751449585018],[79.84124755859403,10.825140953064079],[79.84541320800793,10.825691223144588],[79.84014129638672,10.823751449585018]]],[[[79.8415298461914,11.235139846801701],[79.84208679199236,11.234021186828727],[79.83734893798834,11.233190536499023],[79.8415298461914,11.235139846801701]]],[[[79.8279190063476,11.235695838928393],[79.82375335693376,11.234582901001147],[79.82457733154303,11.236809730529899],[79.8279190063476,11.235695838928393]]],[[[79.94581604003923,12.219029426574878],[79.9462509155274,12.219149589538517],[79.9462509155274,12.219025611877669],[79.94581604003923,12.219029426574878]]],[[[79.96208190917974,12.222640991210994],[79.96288299560553,12.222639083862418],[79.96208190917974,12.22216033935564],[79.96208190917974,12.222640991210994]]],[[[79.96389770507841,12.223260879516658],[79.96347045898443,12.222916603088322],[79.96347045898443,12.223472595214787],[79.96389770507841,12.223260879516658]]],[[[79.96434020996111,12.223714828491438],[79.9640655517581,12.223431587219238],[79.96402740478521,12.223751068115178],[79.96434020996111,12.223714828491438]]],[[[79.96457672119146,12.224321365356445],[79.96457672119146,12.224031448364315],[79.96430206298822,12.224321365356445],[79.96457672119146,12.224321365356445]]],[[[79.9656982421875,12.22511196136503],[79.9656982421875,12.225421905517862],[79.96597290039091,12.225417137145996],[79.9656982421875,12.22511196136503]]],[[[79.96597290039091,12.225694656372298],[79.96626281738298,12.225694656372298],[79.96597290039091,12.225417137145996],[79.96597290039091,12.225694656372298]]],[[[79.9915313720706,12.249581336975382],[79.9851379394533,12.245141029357967],[79.987358093262,12.250141143798828],[79.9915313720706,12.249581336975382]]],[[[80.32514190673857,13.435973167419604],[80.3248519897461,13.434311866760254],[80.3212509155274,13.434861183166447],[80.32514190673857,13.435973167419604]]],[[[80.28624725341825,13.44847202301031],[80.2756958007813,13.455131530761776],[80.28485870361334,13.45264053344738],[80.28624725341825,13.44847202301031]]],[[[80.22402954101574,13.490140914916992],[80.22402954101574,13.491811752319279],[80.22708129882824,13.490693092346305],[80.22402954101574,13.490140914916992]]],[[[80.23486328125006,13.492080688476562],[80.23041534423845,13.490693092346305],[80.22958374023466,13.493471145629883],[80.23486328125006,13.492080688476562]]],[[[80.26790618896513,13.510418891906795],[80.2659759521485,13.499579429626522],[80.26430511474638,13.51624870300293],[80.26790618896513,13.510418891906795]]],[[[80.19541931152372,13.51819324493431],[80.1970825195313,13.512921333313102],[80.18846893310564,13.515140533447493],[80.19541931152372,13.51819324493431]]],[[[80.17986297607439,13.533481597900675],[80.17986297607439,13.534030914306697],[80.18374633789068,13.532641410827864],[80.17986297607439,13.533481597900675]]],[[[80.12041473388678,13.605693817138672],[80.16764068603516,13.589859962463436],[80.1418075561524,13.544860839843864],[80.15819549560553,13.590972900390682],[80.12041473388678,13.605693817138672]]],[[[80.0559692382813,13.588752746581974],[80.05680847167963,13.58680629730236],[80.05236053466808,13.588191986084212],[80.0559692382813,13.588752746581974]]],[[[80.09626007080107,13.637359619140739],[80.0915298461914,13.636249542236555],[80.0931930541995,13.639860153198242],[80.09626007080107,13.637359619140739]]],[[[80.10819244384771,13.646804809570312],[80.10124969482416,13.63680553436302],[80.10013580322283,13.639310836791992],[80.10819244384771,13.646804809570312]]],[[[80.10430908203125,13.668193817138615],[80.10208129882818,13.676810264587516],[80.10624694824236,13.676810264587516],[80.10430908203125,13.668193817138615]]],[[[80.06236267089861,15.197079658508358],[80.05930328369158,15.199028015136776],[80.06236267089861,15.197640419006518],[80.06236267089861,15.197079658508358]]],[[[80.21180725097662,15.499311447143725],[80.20958709716791,15.499031066894531],[80.20903015136736,15.500420570373763],[80.21180725097662,15.499311447143725]]],[[[81.02375030517584,15.757916450500431],[81.02014160156256,15.757916450500431],[81.02902984619158,15.763190269470442],[81.02375030517584,15.757916450500431]]],[[[80.791519165039,15.824030876159782],[80.78930664062506,15.824304580688533],[80.79096984863298,15.831249237060604],[80.791519165039,15.824030876159782]]],[[[80.7904129028322,15.841811180114803],[80.78874969482428,15.837639808655013],[80.78624725341803,15.84152984619135],[80.7904129028322,15.841811180114803]]],[[[80.78763580322271,15.84486007690424],[80.78375244140642,15.852083206176928],[80.78791809082048,15.854582786560115],[80.78763580322271,15.84486007690424]]],[[[80.78041839599638,15.843471527099894],[80.77179718017584,15.85597133636486],[80.78013610839844,15.84791564941429],[80.78041839599638,15.843471527099894]]],[[[81.5468063354495,16.34902954101574],[81.53347015380854,16.351804733276424],[81.53652954101557,16.354860305786303],[81.5468063354495,16.34902954101574]]],[[[81.53347015380854,16.3523597717288],[81.53151702880888,16.352640151977596],[81.5323562622072,16.355421066284407],[81.53347015380854,16.3523597717288]]],[[[82.31485748291027,16.573749542236385],[82.315414428711,16.575973510742244],[82.31708526611334,16.57402992248535],[82.31485748291027,16.573749542236385]]],[[[82.33625030517607,16.691249847412337],[82.36818695068376,16.722919464111555],[82.31069183349638,16.602359771728572],[82.2587509155274,16.690111160278434],[82.33625030517607,16.691249847412337]]],[[[82.26347351074236,16.67486190795904],[82.26264190673857,16.669580459594727],[82.2606964111331,16.67597007751465],[82.26347351074236,16.67486190795904]]],[[[82.28539276123064,16.697639465332088],[82.2587509155274,16.690111160278434],[82.27014160156267,16.702362060546875],[82.28539276123064,16.697639465332088]]],[[[82.30014038085943,16.711250305175895],[82.30152893066435,16.714031219482365],[82.3070831298831,16.71291732788103],[82.30014038085943,16.711250305175895]]],[[[82.29957580566412,16.714031219482365],[82.29938507080084,16.71402931213379],[82.29943847656278,16.71412849426298],[82.29957580566412,16.714031219482365]]],[[[82.30986022949224,16.718748092651595],[82.30986022949224,16.72125244140625],[82.31402587890625,16.719579696655387],[82.30986022949224,16.718748092651595]]],[[[82.33125305175787,16.726249694824446],[82.33235168457037,16.72820091247553],[82.33374786376982,16.725139617919922],[82.33125305175787,16.726249694824446]]],[[[83.17069244384794,17.565969467163086],[83.1712493896485,17.568750381469954],[83.17236328125006,17.56680107116705],[83.17069244384794,17.565969467163086]]],[[[83.29792022705107,17.679307937622013],[83.31124877929693,17.684860229492415],[83.3040313720706,17.680694580078352],[83.29792022705107,17.679307937622013]]],[[[83.30541992187517,17.683195114135856],[83.3029174804687,17.682640075683878],[83.30374908447266,17.684030532837028],[83.30541992187517,17.683195114135856]]],[[[83.26847076416021,17.70986175537115],[83.27014160156267,17.71014022827171],[83.2687530517581,17.708194732666016],[83.26847076416021,17.70986175537115]]],[[[84.76736450195341,19.101804733276595],[84.76486206054716,19.10152816772461],[84.76652526855474,19.104585647583065],[84.76736450195341,19.101804733276595]]],[[[84.75846862792986,19.104860305786076],[84.76541900634777,19.104030609131087],[84.75680541992193,19.10152816772461],[84.75846862792986,19.104860305786076]]],[[[86.23722076416033,19.90777778625494],[86.23665618896501,19.90833091735834],[86.23833465576166,19.91111183166521],[86.23722076416033,19.90777778625494]]],[[[86.36782073974638,19.952159881591967],[86.35513305664068,19.94992065429699],[86.37209320068376,19.957639694214095],[86.36782073974638,19.952159881591967]]],[[[86.37889099121122,19.95944213867216],[86.38610839843778,19.963333129882812],[86.3833312988283,19.95944213867216],[86.37889099121122,19.95944213867216]]],[[[86.39047241210943,19.96550941467285],[86.39935302734392,19.972320556640625],[86.39649963378923,19.96900367736822],[86.39047241210943,19.96550941467285]]],[[[86.3649978637697,19.968610763549975],[86.3649978637697,19.971944808960018],[86.37222290039057,19.969165802001953],[86.3649978637697,19.968610763549975]]],[[[86.31861114501982,19.995000839233626],[86.32073211669916,19.991409301757812],[86.31999969482439,19.988611221313704],[86.31861114501982,19.995000839233626]]],[[[86.32083129882818,19.993328094482536],[86.31561279296892,19.999164581299055],[86.3190078735351,20.002332687378043],[86.32083129882818,19.993328094482536]]],[[[86.32721710205072,19.99860954284668],[86.32943725585943,20.010562896728516],[86.33583068847673,20.00305557250988],[86.32721710205072,19.99860954284668]]],[[[86.31472015380865,20.01527786254877],[86.31527709960943,20.00805473327648],[86.30999755859403,20.011667251586914],[86.31472015380865,20.01527786254877]]],[[[86.31999969482439,20.012491226196346],[86.32213592529303,20.011024475097656],[86.3202743530274,20.01111030578636],[86.31999969482439,20.012491226196346]]],[[[86.32213592529303,20.011024475097656],[86.30110931396501,20.026390075683878],[86.32527923584013,20.016399383545036],[86.32213592529303,20.011024475097656]]],[[[86.40888977050798,20.018890380859602],[86.41249847412126,20.025833129882926],[86.4122161865235,20.020559310913313],[86.40888977050798,20.018890380859602]]],[[[86.25833129882841,20.021938323974723],[86.25415802001947,20.022209167480582],[86.25527954101591,20.024721145630167],[86.25833129882841,20.021938323974723]]],[[[86.32583618164091,20.023056030273438],[86.3209533691408,20.024499893188533],[86.3266677856447,20.024442672729606],[86.32583618164091,20.023056030273438]]],[[[86.26777648925787,20.02082824707037],[86.26471710205078,20.022209167480582],[86.2708358764649,20.02722167968767],[86.26777648925787,20.02082824707037]]],[[[86.2624969482423,20.032220840454272],[86.2633361816408,20.033611297607592],[86.26777648925787,20.030834197998274],[86.2624969482423,20.032220840454272]]],[[[86.4208297729495,20.031944274902457],[86.42583465576172,20.04361152648937],[86.42472076416033,20.03750038147001],[86.4208297729495,20.031944274902457]]],[[[86.26693725585932,20.035280227661303],[86.24459075927763,20.030136108398665],[86.26750183105497,20.05305480957037],[86.30805206298834,20.03444480895996],[86.26693725585932,20.035280227661303]]],[[[86.31333160400408,20.040000915527514],[86.31360626220709,20.038610458374194],[86.3091659545899,20.03889083862316],[86.31333160400408,20.040000915527514]]],[[[86.30388641357433,20.039720535278548],[86.30304718017595,20.038610458374194],[86.29917144775385,20.040279388427905],[86.30388641357433,20.039720535278548]]],[[[86.29833221435553,20.04833412170416],[86.29972076416044,20.04388809204096],[86.29110717773449,20.04777908325218],[86.29833221435553,20.04833412170416]]],[[[86.43222045898443,20.051111221313647],[86.43250274658197,20.056943893432617],[86.43472290039068,20.051666259765625],[86.43222045898443,20.051111221313647]]],[[[86.25055694580095,20.051666259765625],[86.25692749023443,20.05750083923357],[86.25527954101591,20.05249977111839],[86.25055694580095,20.051666259765625]]],[[[86.49222564697283,20.14555549621582],[86.4891662597658,20.14666748046875],[86.49472045898455,20.148900985717773],[86.49222564697283,20.14555549621582]]],[[[86.49395751953142,20.162450790405273],[86.48963928222662,20.17038726806669],[86.50805664062517,20.172500610351676],[86.49395751953142,20.162450790405273]]],[[[86.5533294677735,20.206417083740405],[86.55532836914057,20.20708847045904],[86.55511474609403,20.206281661987305],[86.5533294677735,20.206417083740405]]],[[[86.79222106933588,20.365276336669865],[86.7903823852539,20.368579864501953],[86.7958297729495,20.37222290039074],[86.79222106933588,20.365276336669865]]],[[[86.79711914062506,20.376071929931697],[86.79638671875028,20.374443054199276],[86.79110717773455,20.376390457153377],[86.79711914062506,20.376071929931697]]],[[[86.79389190673857,20.38750076293951],[86.79389190673857,20.38417053222662],[86.79110717773455,20.385562896728516],[86.79389190673857,20.38750076293951]]],[[[86.80388641357439,20.3713893890382],[86.80694580078142,20.41333389282221],[86.8148651123048,20.406690597534293],[86.80388641357439,20.3713893890382]]],[[[86.7877960205081,20.405080795288313],[86.79138946533209,20.429170608520508],[86.79534149169922,20.393352508544922],[86.7877960205081,20.405080795288313]]],[[[86.8024520874024,20.46264266967779],[86.80359649658209,20.461971282958928],[86.80123901367205,20.460479736328182],[86.8024520874024,20.46264266967779]]],[[[86.80361175537121,20.46361160278326],[86.80082702636736,20.47390174865751],[86.80944824218767,20.47666740417509],[86.80361175537121,20.46361160278326]]],[[[86.87206268310553,20.672670364379996],[86.87832641601568,20.67945289611839],[86.87833404541021,20.677778244018555],[86.87206268310553,20.672670364379996]]],[[[86.7892456054688,20.675138473510742],[86.79860687255865,20.700559616088924],[86.79305267333984,20.67917060852045],[86.7892456054688,20.675138473510742]]],[[[86.8716659545899,20.77610969543457],[86.86554718017584,20.77777099609375],[86.8686141967774,20.779443740844783],[86.8716659545899,20.77610969543457]]],[[[86.80347442626947,20.676567077636776],[86.79666900634783,20.672508239746094],[86.79541015625011,20.665622711181697],[86.81912231445307,20.63924217224138],[86.77379608154303,20.646387100219897],[86.87065124511736,20.771778106689453],[86.99194335937517,20.771112442016545],[87.00138854980474,20.715829849243164],[86.92871093750006,20.714651107788143],[86.89289093017607,20.695121765136832],[86.85917663574213,20.66472053527832],[86.87832641601568,20.733060836791935],[86.85352325439459,20.65672492980957],[86.84200286865229,20.65223884582548],[86.83022308349626,20.672508239746094],[86.80347442626947,20.676567077636776]]],[[[87.01583099365234,20.722221374511832],[87.01721954345709,20.714330673217887],[87.00243377685564,20.7090034484865],[87.01583099365234,20.722221374511832]]],[[[87.00330352783209,20.713432312011832],[87.009017944336,20.72024917602556],[87.00601959228544,20.71336555480957],[87.00330352783209,20.713432312011832]]],[[[87.07179260253935,20.74881172180193],[87.07193756103521,20.744550704956055],[87.06804656982439,20.73777961730957],[87.07179260253935,20.74881172180193]]],[[[87.04902648925787,20.743841171264705],[87.05430603027344,20.746080398559855],[87.05013275146501,20.742589950561467],[87.04902648925787,20.743841171264705]]],[[[87.092056274414,20.7522296905517],[87.07247924804688,20.754100799560604],[87.08452606201178,20.764390945434855],[87.092056274414,20.7522296905517]]],[[[86.87777709960943,20.77416610717802],[86.87750244140642,20.77277946472168],[86.87444305419922,20.77416610717802],[86.87777709960943,20.77416610717802]]],[[[86.94194793701166,20.779722213745174],[86.95153045654314,20.774709701538086],[86.86528015136713,20.782499313354492],[86.94194793701166,20.779722213745174]]],[[[86.98139190673857,20.778329849243278],[86.9805526733399,20.780559539794922],[86.9875030517581,20.77943992614746],[86.98139190673857,20.778329849243278]]],[[[86.94361114501964,20.785280227661133],[86.94610595703153,20.786670684814453],[86.94371032714861,20.78430938720726],[86.94361114501964,20.785280227661133]]],[[[87.00572204589844,20.809570312500114],[87.0025024414063,20.832221984863338],[87.01857757568388,20.82287406921398],[87.00572204589844,20.809570312500114]]],[[[87.11916351318376,21.516666412353572],[87.12166595459001,21.52055549621582],[87.12361145019537,21.51444435119629],[87.11916351318376,21.516666412353572]]],[[[88.53388977050781,21.57806015014654],[88.48170471191435,21.554725646972713],[88.49771118164068,21.599754333496378],[88.53388977050781,21.57806015014654]]],[[[88.01667022705084,21.57220840454113],[88.01583099365251,21.5816707611084],[88.02054595947294,21.566669464111612],[88.01667022705084,21.57220840454113]]],[[[88.18666839599638,21.559999465942326],[88.167778015137,21.591665267944563],[88.18888854980474,21.581939697265625],[88.18666839599638,21.559999465942326]]],[[[88.5500030517581,21.56361007690458],[88.51000213623064,21.602220535278548],[88.53721618652372,21.638620376586914],[88.58750152587896,21.601942062378157],[88.5500030517581,21.56361007690458]]],[[[88.75718688964844,21.598979949951172],[88.70720672607416,21.594221115112248],[88.72885131835943,21.637081146240348],[88.75718688964844,21.598979949951172]]],[[[88.60221862792974,21.620557785034123],[88.56752777099621,21.69046974182146],[88.60571289062528,21.624401092529524],[88.60221862792974,21.620557785034123]]],[[[88.31579589843778,21.677591323852766],[88.35807037353521,21.647500991821403],[88.31527709960955,21.608055114746094],[88.31579589843778,21.677591323852766]]],[[[88.18138885498064,21.686109542846964],[88.20450592041021,21.721181869506893],[88.19555664062506,21.68194389343273],[88.23166656494169,21.64361000061058],[88.21166992187494,21.620830535888956],[88.21194458007818,21.601667404174748],[88.18138885498064,21.686109542846964]]],[[[88.44223022460966,21.61499977111839],[88.41855621337896,21.68256950378418],[88.45403289794928,21.709341049194563],[88.47068786621088,21.672990798950423],[88.44223022460966,21.61499977111839]]],[[[88.2209091186524,21.762149810791072],[88.26206970214861,21.730173110961914],[88.31027984619135,21.67638969421415],[88.29166412353521,21.56305313110363],[88.19777679443376,21.689168930053995],[88.2209091186524,21.762149810791072]]],[[[88.64039611816435,21.67857360839838],[88.63944244384794,21.66805648803711],[88.63027954101574,21.649166107177734],[88.64039611816435,21.67857360839838]]],[[[88.431938171387,21.62735939025879],[88.39861297607439,21.595556259155217],[88.40354156494169,21.71667289733881],[88.36863708496122,21.727340698242244],[88.38674163818388,21.733850479126204],[88.39499664306658,21.755001068115234],[88.431938171387,21.62735939025879]]],[[[88.7074279785158,21.681190490722713],[88.75137329101568,21.648719787597884],[88.72289276123064,21.638620376586914],[88.6870422363283,21.6833305358889],[88.69712066650408,21.712879180908203],[88.7074279785158,21.681190490722713]]],[[[88.58039093017595,21.682994842529354],[88.60633850097673,21.679977416992188],[88.58854675292997,21.65733146667492],[88.58039093017595,21.682994842529354]]],[[[88.55278015136724,21.70277976989763],[88.55091857910162,21.636489868164062],[88.51724243164062,21.71084022521984],[88.54566955566423,21.73612976074247],[88.59069824218767,21.690628051757812],[88.55278015136724,21.70277976989763]]],[[[88.34278869628912,21.754390716552678],[88.36023712158232,21.747350692749137],[88.359672546387,21.73488044738781],[88.36528015136719,21.72221946716303],[88.39805603027361,21.713333129882812],[88.3605575561524,21.68638992309593],[88.34278869628912,21.754390716552678]]],[[[88.19586944580095,21.730068206787337],[88.20137786865229,21.736669540405387],[88.19999694824247,21.728889465332315],[88.19586944580095,21.730068206787337]]],[[[88.71111297607428,21.69017982482933],[88.69499969482416,21.7438907623291],[88.71620178222673,21.80738067626953],[88.72805786132812,21.777778625488452],[88.75926208496122,21.75921821594261],[88.75276947021513,21.731578826904297],[88.77665710449236,21.721109390259073],[88.73586273193376,21.719291687011946],[88.76275634765642,21.692930221557674],[88.72929382324247,21.686756134033203],[88.7307739257813,21.68203163146984],[88.75499725341803,21.665639877319563],[88.74804687500017,21.65833091735857],[88.71111297607428,21.69017982482933]]],[[[88.61637115478544,21.727626800537166],[88.57971954345709,21.72583961486839],[88.58560943603521,21.75389099121105],[88.61637115478544,21.727626800537166]]],[[[88.38669586181646,21.740678787231445],[88.36239624023455,21.73232650756836],[88.36151885986334,21.747659683227653],[88.38669586181646,21.740678787231445]]],[[[88.42336273193388,21.767724990844897],[88.45861053466803,21.788650512695483],[88.4331359863283,21.704481124877873],[88.42336273193388,21.767724990844897]]],[[[88.62305450439482,21.736665725708008],[88.60972595214872,21.790279388427905],[88.63083648681646,21.742500305175952],[88.60888671875006,21.70805549621582],[88.62305450439482,21.736665725708008]]],[[[88.13694763183611,21.875000000000114],[88.17066192626947,21.742401123046932],[88.10916900634771,21.62583351135254],[88.03666687011724,21.675001144409237],[88.13694763183611,21.875000000000114]]],[[[88.28890991210966,21.778484344482422],[88.3028869628908,21.755559921264762],[88.2780303955081,21.72817039489746],[88.28890991210966,21.778484344482422]]],[[[88.38265991210943,21.779100418091105],[88.44268798828142,21.799650192260685],[88.42086029052763,21.767230987548828],[88.42276000976574,21.71982002258295],[88.38265991210943,21.779100418091105]]],[[[88.20221710205084,21.761390686035156],[88.19638824462919,21.757499694824503],[88.19388580322294,21.763330459594897],[88.20221710205084,21.761390686035156]]],[[[88.53528594970709,21.792020797729435],[88.50417327880865,21.77082824707037],[88.54457092285156,21.810319900512923],[88.57250213623075,21.735555648803654],[88.54171752929693,21.737678527832145],[88.51944732666021,21.719165802001953],[88.53528594970709,21.792020797729435]]],[[[88.28056335449236,21.767219543457315],[88.27916717529325,21.769721984863395],[88.2819442749024,21.76861190795921],[88.28056335449236,21.767219543457315]]],[[[88.28333282470714,21.769443511963004],[88.26362609863287,21.792360305786133],[88.2873916625976,21.7844295501709],[88.28333282470714,21.769443511963004]]],[[[88.2597732543947,21.804206848144588],[88.3527221679688,21.854242324829386],[88.37996673583984,21.78726959228527],[88.34293365478533,21.75958824157709],[88.34027862548845,21.74047660827665],[88.34500122070307,21.721666336059627],[88.31710052490263,21.708909988403605],[88.31085968017572,21.795635223388672],[88.2597732543947,21.804206848144588]]],[[[88.5010147094726,21.78183174133318],[88.50638580322283,21.78833389282238],[88.50693511962885,21.78750038146984],[88.5010147094726,21.78183174133318]]],[[[88.18083190917986,21.795833587646484],[88.18527984619146,21.790554046631087],[88.17916870117193,21.790000915527344],[88.18083190917986,21.795833587646484]]],[[[88.72833251953153,21.779722213745345],[88.75063323974621,21.8142147064209],[88.746109008789,21.7722225189209],[88.72833251953153,21.779722213745345]]],[[[88.17414855957048,21.799720764160327],[88.16916656494158,21.79055976867687],[88.16526794433605,21.800279617309684],[88.17414855957048,21.799720764160327]]],[[[88.453140258789,21.80566024780302],[88.45033264160173,21.81513023376465],[88.49608612060564,21.807781219482536],[88.453140258789,21.80566024780302]]],[[[88.18555450439453,21.819164276123274],[88.17778015136736,21.824718475341854],[88.18547821044928,21.820650100708065],[88.18555450439453,21.819164276123274]]],[[[88.61804962158209,21.82924461364746],[88.57604217529297,21.817033767700252],[88.59221649169939,21.850000381469783],[88.61804962158209,21.82924461364746]]],[[[88.56027984619152,21.82749938964872],[88.55664062500006,21.824024200439396],[88.55577850341814,21.825769424438704],[88.56027984619152,21.82749938964872]]],[[[88.52749633789091,21.843330383301065],[88.52416992187506,21.835000991821403],[88.5158309936524,21.8394451141358],[88.52749633789091,21.843330383301065]]],[[[88.62110900878912,21.831390380859375],[88.6216659545899,21.897779464721737],[88.63333129882824,21.86972236633312],[88.65351867675787,21.867708206176758],[88.63889312744169,21.784717559814396],[88.62110900878912,21.831390380859375]]],[[[88.768608093262,21.852500915527457],[88.75166320800798,21.815282821655217],[88.70749664306646,21.811389923095817],[88.72805786132812,21.8374996185305],[88.69666290283232,21.83805465698248],[88.71805572509794,21.907222747802734],[88.78056335449224,21.8594398498538],[88.768608093262,21.852500915527457]]],[[[88.39251708984392,21.832601547241495],[88.44647979736328,21.904920578003043],[88.4901504516601,21.85638046264654],[88.44806671142584,21.815282821655217],[88.46145629882818,21.789810180664062],[88.39251708984392,21.832601547241495]]],[[[88.54161834716825,21.857379913330192],[88.54079437255865,21.85506248474144],[88.53649139404291,21.853717803955362],[88.54161834716825,21.857379913330192]]],[[[88.5510330200197,21.817291259765625],[88.54116058349615,21.902561187744254],[88.57273864746088,21.85836029052757],[88.5510330200197,21.817291259765625]]],[[[88.58113861083984,21.87252807617199],[88.58468627929693,21.876590728759822],[88.5858001708985,21.873992919922102],[88.58113861083984,21.87252807617199]]],[[[88.63445281982428,21.87055969238304],[88.62338256835943,21.901409149170206],[88.66750335693388,21.91167068481468],[88.63445281982428,21.87055969238304]]],[[[88.13859558105497,21.898099899291992],[88.13780975341825,21.896150588989485],[88.13601684570312,21.894470214843864],[88.13859558105497,21.898099899291992]]],[[[88.10929870605486,21.883880615234375],[88.1044464111331,21.897779464721737],[88.112777709961,21.9105548858642],[88.10929870605486,21.883880615234375]]],[[[88.4902801513673,21.88944435119629],[88.47693634033232,21.898330688476733],[88.48860931396513,21.91028022766136],[88.4902801513673,21.88944435119629]]],[[[88.42512512207048,21.90360260009794],[88.42070007324247,21.90387725830078],[88.42277526855497,21.906110763549805],[88.42512512207048,21.90360260009794]]],[[[88.129447937012,21.89888954162609],[88.11611175537104,21.91831970214855],[88.14462280273443,21.91526031494152],[88.129447937012,21.89888954162609]]],[[[88.44226074218778,21.908769607544002],[88.45647430419928,21.913814544677848],[88.44567871093778,21.906129837036417],[88.44226074218778,21.908769607544002]]],[[[88.17140197753935,21.932218551635685],[88.16526794433605,21.916110992431754],[88.15972137451178,21.92860984802263],[88.17140197753935,21.932218551635685]]],[[[88.0733261108399,21.995281219482536],[88.14138793945318,22.02639007568382],[88.04722595214872,21.91167068481468],[88.0733261108399,21.995281219482536]]],[[[88.62864685058611,21.958030700683764],[88.6599731445313,22.019212722778377],[88.71578216552729,22.000640869140852],[88.67815399169933,21.942867279052905],[88.62864685058611,21.958030700683764]]],[[[88.73339080810564,22.043600082397404],[88.73398590087896,22.042261123657283],[88.73093414306646,22.043598175048828],[88.73339080810564,22.043600082397404]]],[[[88.62860870361357,22.061950683593693],[88.63222503662138,22.06166839599615],[88.62944793701172,22.05250167846691],[88.62860870361357,22.061950683593693]]],[[[88.02916717529314,22.058889389038086],[88.02749633789068,22.06194686889671],[88.02944183349615,22.062498092651538],[88.02916717529314,22.058889389038086]]],[[[88.68896484375006,22.081111907959098],[88.68899536132818,22.0819034576416],[88.69036102294933,22.08107185363764],[88.68896484375006,22.081111907959098]]],[[[88.7039871215822,22.088302612304858],[88.69288635253935,22.078077316284464],[88.69203186035162,22.085519790649414],[88.7039871215822,22.088302612304858]]],[[[88.72104644775396,22.005300521850586],[88.6341857910158,22.10621070861845],[88.69519042968744,22.20861244201666],[88.78864288330072,22.16813468933117],[88.73805236816435,22.13454055786127],[88.68305206298834,22.08083152770996],[88.72104644775396,22.005300521850586]]],[[[88.73627471923834,22.12877655029297],[88.73551940917974,22.123619079589844],[88.72985076904325,22.12344932556158],[88.73627471923834,22.12877655029297]]],[[[88.74611663818354,22.204711914062727],[88.74639129638678,22.20444488525385],[88.74623870849615,22.202907562255916],[88.74611663818354,22.204711914062727]]],[[[87.99666595459013,22.21277809143072],[87.99194335937494,22.21277809143072],[87.99388885498064,22.21556282043474],[87.99666595459013,22.21277809143072]]],[[[87.93333435058605,22.40972137451172],[87.93723297119158,22.403610229492188],[87.93277740478544,22.408889770507926],[87.93333435058605,22.40972137451172]]],[[[87.91921234130865,22.429109573364315],[87.91935729980474,22.429519653320483],[87.92337799072271,22.42791175842308],[87.91921234130865,22.429109573364315]]],[[[87.91278076171903,22.431110382080192],[87.91831970214838,22.430000305175838],[87.90805816650408,22.43083190917963],[87.91278076171903,22.431110382080192]]],[[[88.67481994628923,24.314569473266715],[88.67510223388683,24.315378189086914],[88.67597198486345,24.315500259399528],[88.67481994628923,24.314569473266715]]],[[[88.45571899414068,25.59560394287115],[88.45847320556669,25.596281051635742],[88.4597930908206,25.595287322998047],[88.45571899414068,25.59560394287115]]],[[[87.30617523193365,27.843217849731445],[87.30621337890653,27.84321594238304],[87.30680084228544,27.836589813232422],[87.30617523193365,27.843217849731445]]],[[[87.25248718261736,27.842866897583008],[87.25118255615251,27.84306144714367],[87.25131988525385,27.843114852905273],[87.25248718261736,27.842866897583008]]],[[[87.26721191406267,27.8501167297365],[87.26628112792974,27.849452972412166],[87.26291656494169,27.850715637207315],[87.26721191406267,27.8501167297365]]],[[[92.39749908447294,10.760555267334041],[92.51583099365251,10.8976411819458],[92.5877075195312,10.786945343017521],[92.59677886962896,10.678325653076229],[92.51305389404303,10.511667251586857],[92.38527679443371,10.532221794128475],[92.39749908447294,10.760555267334041]]],[[[92.62000274658203,10.928611755371094],[92.60909271240251,10.930417060851994],[92.61833190917974,10.933890342712346],[92.62000274658203,10.928611755371094]]],[[[92.21472167968756,10.977499008178995],[92.22138977050787,10.982918739318961],[92.222221374512,10.972777366638297],[92.21472167968756,10.977499008178995]]],[[[92.65844726562528,10.986550331115836],[92.66194152832048,10.992778778076342],[92.66979217529303,10.98845291137718],[92.65844726562528,10.986550331115836]]],[[[92.55640411376982,11.395195960998535],[92.56274414062517,11.39721775054943],[92.5626754760745,11.39366340637207],[92.55640411376982,11.395195960998535]]],[[[92.54588317871122,11.395920753479174],[92.55036926269548,11.397174835205078],[92.55073547363298,11.394562721252385],[92.54588317871122,11.395920753479174]]],[[[92.60029602050776,11.34652137756342],[92.58710479736357,11.400479316711483],[92.64145660400419,11.51014041900629],[92.6908721923831,11.370340347290153],[92.60029602050776,11.34652137756342]]],[[[92.6162567138673,11.511298179626465],[92.61533355712919,11.509515762329158],[92.61032104492193,11.507740020751896],[92.6162567138673,11.511298179626465]]],[[[92.64389038085943,11.514189720154036],[92.64567565917997,11.51539611816412],[92.646049499512,11.514051437378043],[92.64389038085943,11.514189720154036]]],[[[92.27046966552763,11.517090797424544],[92.2727813720706,11.518195152282942],[92.27334594726591,11.5165309906007],[92.27046966552763,11.517090797424544]]],[[[92.56906127929705,11.527381896972713],[92.56643676757818,11.516988754272461],[92.55272674560553,11.530989646911678],[92.56906127929705,11.527381896972713]]],[[[92.60646057128906,11.521900177001953],[92.60076141357428,11.530137062072868],[92.60639190673822,11.534461021423624],[92.60646057128906,11.521900177001953]]],[[[92.61048126220709,11.531805992126579],[92.60159301757841,11.55347061157255],[92.62027740478544,11.556090354919604],[92.61048126220709,11.531805992126579]]],[[[92.62664794921892,11.544026374817065],[92.62827301025402,11.549241065978947],[92.62972259521501,11.546668052673624],[92.62664794921892,11.544026374817065]]],[[[92.59243774414091,11.577392578125057],[92.59716796875006,11.562605857849121],[92.58361816406256,11.534440040588379],[92.59243774414091,11.577392578125057]]],[[[92.21454620361334,11.529451370239428],[92.2189331054688,11.5923233032226],[92.27072906494158,11.584091186523551],[92.26982879638678,11.522506713867301],[92.21454620361334,11.529451370239428]]],[[[92.57285308837908,11.565621376037711],[92.57701110839872,11.570901870727766],[92.57701110839872,11.568958282470646],[92.57285308837908,11.565621376037711]]],[[[92.5652084350586,11.568125724792765],[92.56555175781278,11.570749282836971],[92.56702423095709,11.568676948547363],[92.5652084350586,11.568125724792765]]],[[[92.61461639404314,11.562699317932186],[92.60060119628912,11.568094253540096],[92.61921691894548,11.577090263366983],[92.61461639404314,11.562699317932186]]],[[[92.5693969726562,11.588421821594352],[92.53018188476568,11.554126739501953],[92.53195190429699,11.595065116882267],[92.5693969726562,11.588421821594352]]],[[[92.57659912109403,11.584858894348145],[92.57721710205072,11.585281372070256],[92.57944488525402,11.584444046020735],[92.57659912109403,11.584858894348145]]],[[[92.54945373535162,11.724267005920467],[92.55140686035168,11.725303649902344],[92.5505676269533,11.723651885986271],[92.54945373535162,11.724267005920467]]],[[[92.68007659912126,11.81857967376709],[92.71819305419939,11.824522018432674],[92.74625396728533,11.9318208694458],[92.78449249267607,11.936051368713322],[92.75507354736334,11.701055526733398],[92.70189666748058,11.70713043212902],[92.66620635986334,11.653901100158748],[92.75665283203153,11.665070533752441],[92.71128082275419,11.477317810058537],[92.61785888671892,11.562820434570312],[92.64438629150408,11.636289596557901],[92.56156158447294,11.694849967956713],[92.51351928710938,11.848000526428223],[92.5624008178711,11.94647407531744],[92.6110458374024,11.871259689331112],[92.62361145019548,12.102781295776424],[92.63587951660162,12.120461463928336],[92.66198730468756,12.215506553649902],[92.65512084960943,12.18169021606468],[92.70086669921892,12.235609054565543],[92.70371246337908,12.165430068969954],[92.75749969482439,12.176390647888184],[92.73621368408209,12.10660362243658],[92.7352752685548,12.065278053283748],[92.78360748291033,12.046939849853459],[92.739242553711,12.040917396545694],[92.76875305175798,11.999039649963379],[92.72808074951166,11.994791030883903],[92.68007659912126,11.81857967376709]]],[[[92.60111236572283,11.918891906738452],[92.60166931152361,11.914444923400936],[92.59555816650408,11.915000915527628],[92.60111236572283,11.918891906738452]]],[[[92.5679550170899,11.950101852416935],[92.56861114501982,11.943679809570483],[92.56291961669922,11.947346687316951],[92.5679550170899,11.950101852416935]]],[[[92.59887695312506,11.927780151367472],[92.58860778808622,11.975279808044547],[92.60944366455072,11.94277667999296],[92.59887695312506,11.927780151367472]]],[[[92.58396148681646,11.982680320739803],[92.58505249023455,11.977729797363338],[92.58147430419922,11.979381561279581],[92.58396148681646,11.982680320739803]]],[[[92.62872314453125,12.11508178710966],[92.63037872314482,12.116550445556754],[92.63031768798834,12.113320350646973],[92.62872314453125,12.11508178710966]]],[[[92.63153839111357,12.120453834533976],[92.63141632080095,12.119010925292969],[92.63031768798834,12.119462013244686],[92.63153839111357,12.120453834533976]]],[[[92.6567687988283,12.773994445800781],[92.65753936767595,12.773176193237305],[92.65426635742182,12.771397590637378],[92.6567687988283,12.773994445800781]]],[[[88.90361022949247,21.55583381652832],[88.84278106689482,21.553888320922795],[88.83472442626959,21.607221603393725],[88.87611389160162,21.592222213745174],[88.90361022949247,21.55583381652832]]],[[[88.77194213867193,21.653062820434513],[88.79805755615234,21.591665267944563],[88.75194549560553,21.576665878296012],[88.7582397460938,21.600038528442326],[88.72956848144548,21.639949798583928],[88.77194213867193,21.653062820434513]]],[[[88.95591735839838,21.61756706237793],[88.96202087402338,21.648679733276424],[88.96576690673834,21.64153480529808],[88.99250030517607,21.6166667938233],[88.95591735839838,21.61756706237793]]],[[[88.99236297607422,21.64414024353033],[88.95084381103521,21.700721740722827],[89.0287628173831,21.60482215881342],[89.00000000000017,21.601671218872298],[88.99236297607422,21.64414024353033]]],[[[88.88900756835955,21.65457344055187],[88.8899993896485,21.6544704437257],[88.89389038085966,21.649166107177734],[88.88900756835955,21.65457344055187]]],[[[89.02848815917974,21.635318756103572],[89.00979614257818,21.704870223999194],[89.05920410156256,21.721803665161133],[89.09503936767584,21.64396095275879],[89.02848815917974,21.635318756103572]]],[[[88.75833129882812,21.682500839233512],[88.80665588378912,21.70667266845703],[88.79694366455084,21.655277252197266],[88.75833129882812,21.682500839233512]]],[[[89.00778961181669,21.707130432128963],[89.00775909423857,21.652221679687614],[88.99972534179693,21.71527862548851],[89.02052307128918,21.713550567627067],[89.00778961181669,21.707130432128963]]],[[[88.92082977294916,21.632221221924055],[88.87305450439459,21.694444656372184],[88.88305664062494,21.745279312134016],[88.94027709960932,21.695278167724553],[88.92082977294916,21.632221221924055]]],[[[88.86528015136747,21.758611679077262],[88.84583282470732,21.62000083923357],[88.81500244140642,21.710000991821346],[88.7625122070312,21.70137023925787],[88.86528015136747,21.758611679077262]]],[[[88.98332977294933,21.70583152771013],[88.92710113525419,21.761949539184684],[88.98748016357428,21.74472045898466],[88.98332977294933,21.70583152771013]]],[[[89.01637268066435,21.732442855835018],[89.0254135131836,21.756969451904354],[89.0592803955081,21.72591972351097],[89.01741027832037,21.717779159546183],[89.01637268066435,21.732442855835018]]],[[[88.9966659545899,21.765832901000977],[89.00428009033209,21.71607208251976],[88.9878768920899,21.74664878845232],[88.95111083984403,21.757778167724894],[89.01158142089872,21.780227661132926],[88.9966659545899,21.765832901000977]]],[[[88.75666046142595,21.73340988159174],[88.78210449218761,21.82519340515148],[88.78749847412104,21.745000839233455],[88.75666046142595,21.73340988159174]]],[[[88.90693664550798,21.7941703796389],[88.93723297119135,21.816669464111385],[88.89778137207048,21.75194358825695],[88.90693664550798,21.7941703796389]]],[[[89.02373504638678,21.759050369262752],[89.01278686523455,21.77980041503912],[89.01647949218756,21.811969757080192],[89.02373504638678,21.759050369262752]]],[[[88.83027648925798,21.76666450500511],[88.7908325195313,21.750009536743164],[88.82167053222673,21.822900772094954],[88.83027648925798,21.76666450500511]]],[[[88.9388885498048,21.81666755676298],[88.97666931152372,21.820556640625],[88.94027709960932,21.79305458068859],[88.94042205810575,21.78236579895031],[88.95888519287115,21.770833969116325],[88.92138671875028,21.766111373901367],[88.91416931152361,21.755559921264762],[88.9388885498048,21.81666755676298]]],[[[88.89138793945318,21.753610610962085],[88.8349990844726,21.78166770935087],[88.85610961914074,21.8652801513673],[88.87722015380865,21.851669311523494],[88.89138793945318,21.753610610962085]]],[[[88.82971954345703,21.86222076416027],[88.78415679931646,21.826110839843807],[88.7658309936524,21.82888984680187],[88.78221130371111,21.859720230102766],[88.77694702148443,21.866952896118164],[88.82971954345703,21.86222076416027]]],[[[88.99415588378912,21.814172744751033],[88.94278717041033,21.78650093078636],[88.97663879394537,21.80508995056175],[88.97905731201189,21.893489837646484],[89.02999114990234,21.834529876709155],[88.99415588378912,21.814172744751033]]],[[[88.9150009155274,21.880832672119254],[88.88804626464861,21.81222152709961],[88.87805175781278,21.853889465332202],[88.81961822509771,21.92819976806669],[88.8365554809572,21.917892456054744],[88.8900680541995,21.914655685424748],[88.91517639160162,21.92818069458025],[88.97666931152372,21.867500305175838],[88.9150009155274,21.880832672119254]]],[[[88.84083557128912,21.886943817138786],[88.8091659545899,21.883329391479776],[88.81138610839861,21.896389007568587],[88.84083557128912,21.886943817138786]]],[[[88.71888732910173,21.909166336059627],[88.79944610595709,21.919721603393782],[88.80805206298857,21.884443283081282],[88.77610778808611,21.869720458984546],[88.71888732910173,21.909166336059627]]],[[[88.79939270019531,21.925928115844954],[88.73332977294916,21.924720764160213],[88.7453918457033,21.97973823547369],[88.75070953369158,21.954851150512695],[88.79939270019531,21.925928115844954]]],[[[88.80029296875,21.970453262329045],[88.76172637939482,22.014907836914062],[88.90249633789091,22.01166915893566],[88.90727233886747,21.929536819458065],[88.7525024414063,21.95611190795921],[88.80029296875,21.970453262329045]]],[[[89.05976104736334,21.931970596313477],[88.99954986572294,21.94948387146019],[89.03250122070318,22.002082824707202],[88.97447204589861,21.993642807007006],[88.98493194580095,22.05494880676264],[89.07357788085966,22.00415992736845],[89.05976104736334,21.931970596313477]]],[[[88.75277709960966,21.988332748413086],[88.74283599853544,21.983400344848746],[88.75829315185575,22.00712013244629],[88.75277709960966,21.988332748413086]]],[[[88.77890777587919,22.03718376159668],[88.76167297363287,22.02139091491722],[88.77565765380888,22.049722671508846],[88.77890777587919,22.03718376159668]]],[[[88.89204406738298,22.04933738708513],[88.90278625488287,22.0453338623048],[88.89170074462908,22.014724731445312],[88.85198211669922,22.04123115539568],[88.89021301269537,22.045843124389933],[88.89204406738298,22.04933738708513]]],[[[88.8314285278322,22.050241470336914],[88.83220672607428,22.027170181274414],[88.78015899658209,22.03783226013212],[88.8314285278322,22.050241470336914]]],[[[88.99093627929693,21.951934814453125],[89.01257324218744,21.901994705200366],[88.91271972656256,21.994359970092887],[88.90143585205078,22.06528282165533],[88.94034576416016,22.127977371215934],[88.8939361572265,22.16969871521013],[88.91971588134783,22.161111831665096],[88.94996643066435,22.189191818237305],[88.98491668701166,22.127122879028548],[88.92463684082026,22.064592361450423],[88.92394256591797,22.02420234680187],[88.96363830566412,22.05699157714838],[88.97249603271513,21.987791061401595],[89.01352691650385,21.979106903076342],[88.99093627929693,21.951934814453125]]],[[[88.85395050048834,22.044626235962028],[88.8359603881836,22.02544975280773],[88.84555053710938,22.061670303344727],[88.81999969482428,22.064172744750977],[88.83438110351591,22.063890457153434],[88.8529205322265,22.07875251770031],[88.89028930664091,22.0478324890139],[88.85395050048834,22.044626235962028]]],[[[88.87020874023443,22.086900711059798],[88.89090728759783,22.060356140136776],[88.87096405029303,22.06435775756853],[88.87020874023443,22.086900711059798]]],[[[88.80346679687511,22.08527374267578],[88.83621215820318,22.066339492798136],[88.74842834472673,22.057422637939737],[88.78375244140625,22.10694313049322],[88.80346679687511,22.08527374267578]]],[[[88.80590057373053,22.084753036499308],[88.84572601318376,22.11942100524925],[88.86750030517584,22.082502365112248],[88.80590057373053,22.084753036499308]]],[[[88.9852905273437,22.056982040405273],[88.99694061279297,22.13802719116211],[88.97268676757841,22.193437576294116],[89.05047607421903,22.13063240051281],[89.03822326660162,22.053392410278434],[89.0233764648438,22.078786849975643],[89.02604675292974,22.05293273925787],[88.9852905273437,22.056982040405273]]],[[[88.84884643554693,22.168888092041186],[88.91574859619146,22.090299606323356],[88.83069610595709,22.127080917358455],[88.86024475097662,22.142448425292912],[88.84884643554693,22.168888092041186]]],[[[88.70471954345697,22.065000534057617],[88.83827209472673,22.167032241821346],[88.82805633544928,22.208040237426815],[88.86048889160162,22.203294754028605],[88.84329986572271,22.167179107666016],[88.85588836669928,22.14445304870634],[88.77764129638689,22.111221313476562],[88.73916625976568,22.05699157714838],[88.70471954345697,22.065000534057617]]],[[[88.77251434326178,22.17837715148943],[88.78527069091814,22.17361259460455],[88.78864288330072,22.16813468933117],[88.77251434326178,22.17837715148943]]],[[[88.76634979248064,22.189176559448242],[88.74669647216797,22.195562362671183],[88.76552581787138,22.191961288452262],[88.76634979248064,22.189176559448242]]],[[[88.96158599853527,22.19721031188965],[88.90806579589861,22.196310043335018],[88.93237304687506,22.225000381469954],[88.96158599853527,22.19721031188965]]],[[[88.80554199218756,22.20835304260254],[88.83405303955078,22.166852951049805],[88.79415130615263,22.170570373535384],[88.76744079589872,22.194210052490348],[88.7472457885745,22.198629379272575],[88.81259918212896,22.28339195251465],[88.80554199218756,22.20835304260254]]],[[[88.98475646972673,22.382432937622013],[89.09626007080107,22.155012130737475],[89.06218719482439,22.12842941284174],[88.94721984863287,22.25555992126465],[88.98475646972673,22.382432937622013]]],[[[88.87484741210966,22.386831283569563],[88.89861297607428,22.33667373657238],[88.8619461059572,22.3988876342774],[88.87484741210966,22.386831283569563]]],[[[88.8744430541995,22.405555725097884],[88.87194824218778,22.405277252197322],[88.86972045898438,22.410001754760685],[88.8744430541995,22.405555725097884]]],[[[88.911430358887,22.42369651794445],[88.9171905517581,22.429029464721964],[88.91722106933611,22.423612594604492],[88.911430358887,22.42369651794445]]],[[[88.92581939697283,22.406232833862305],[88.9077758789063,22.41583251953125],[88.91855621337908,22.422010421752873],[88.92053985595709,22.426691055297795],[88.89472198486345,22.466112136840877],[88.91444396972662,22.51111030578619],[88.89504241943388,22.559640884399357],[88.95996093750017,22.548620223999308],[88.9986114501956,22.430292129516715],[88.95777893066435,22.36472129821783],[88.93944549560553,22.419010162353572],[88.941947937012,22.30988121032732],[88.92581939697283,22.406232833862305]]],[[[88.8677368164063,22.48786735534668],[88.89769744873075,22.548860549926985],[88.89232635498053,22.46535301208496],[88.90277862548834,22.41472434997587],[88.92166900634771,22.40139007568365],[88.8980560302735,22.366666793823356],[88.8821868896485,22.40363693237316],[88.85612487792997,22.42278099060053],[88.8677368164063,22.48786735534668]]],[[[88.85610961914074,22.458890914916992],[88.85694122314453,22.4725017547608],[88.85861206054716,22.46222686767601],[88.85610961914074,22.458890914916992]]],[[[88.80983734130876,22.481193542480412],[88.80397033691406,22.444452285766772],[88.78138732910185,22.500562667846793],[88.80983734130876,22.481193542480412]]],[[[88.933609008789,22.55778312683117],[88.93000793457048,22.563127517700195],[88.93627166748041,22.561334609985465],[88.933609008789,22.55778312683117]]],[[[88.9345703125,22.621492385864258],[88.93605041503935,22.62157058715826],[88.93650817871111,22.61913681030302],[88.9345703125,22.621492385864258]]],[[[92.39616394042997,23.267202377319336],[92.3961029052735,23.267351150512752],[92.39721679687517,23.268808364868335],[92.39616394042997,23.267202377319336]]],[[[89.87995910644537,25.488639831543026],[89.8595733642581,25.47339057922369],[89.85778045654297,25.534830093383846],[89.87995910644537,25.488639831543026]]],[[[92.85861206054688,8.837431907653865],[92.86326599121122,8.829931259155273],[92.85194396972662,8.822220802307186],[92.85861206054688,8.837431907653865]]],[[[92.79666900634771,9.117739677429256],[92.79666900634771,9.118611335754338],[92.79861450195341,9.118332862853947],[92.79666900634771,9.117739677429256]]],[[[92.804443359375,9.120000839233569],[92.80278015136724,9.118890762329215],[92.79972076416021,9.118611335754338],[92.804443359375,9.120000839233569]]],[[[92.81472015380876,9.125834465027026],[92.81166839599626,9.124441146850813],[92.81166839599626,9.125557899475211],[92.81472015380876,9.125834465027026]]],[[[92.72083282470697,9.213609695434798],[92.7877807617187,9.2441663742066],[92.85436248779297,9.20915889740013],[92.83055114746111,9.138694763183707],[92.73166656494169,9.124377250671614],[92.72083282470697,9.213609695434798]]],[[[92.72416687011724,11.140279769897461],[92.72277832031267,11.143330574035645],[92.72555541992216,11.141665458679313],[92.72416687011724,11.140279769897461]]],[[[92.73500061035173,11.145556449890137],[92.73027801513678,11.141457557678166],[92.7269439697265,11.145556449890137],[92.73500061035173,11.145556449890137]]],[[[92.67749786376982,11.17694187164301],[92.67472076416033,11.189444541931266],[92.68111419677763,11.181110382080135],[92.67749786376982,11.17694187164301]]],[[[92.6873626708985,11.242081642150936],[92.69249725341803,11.280834197998047],[92.7058334350586,11.263056755065918],[92.6873626708985,11.242081642150936]]],[[[92.71028137207037,11.308609962463379],[92.71215820312506,11.303121566772404],[92.69833374023432,11.308055877685717],[92.71028137207037,11.308609962463379]]],[[[92.72165679931658,11.333060264587516],[92.72399902343756,11.331950187683162],[92.71283721923828,11.3090114593507],[92.72165679931658,11.333060264587516]]],[[[92.67019653320318,11.488809585571232],[92.67235565185575,11.488986968994197],[92.67124176025385,11.487289428710938],[92.67019653320318,11.488809585571232]]],[[[92.7007522583009,11.6594371795656],[92.69283294677751,11.660701751708928],[92.69510650634783,11.663420677185172],[92.7007522583009,11.6594371795656]]],[[[92.75981140136719,11.676690101623535],[92.7659301757813,11.680830955505542],[92.76660919189447,11.678389549255371],[92.75981140136719,11.676690101623535]]],[[[92.72519683837919,11.686701774597395],[92.7217559814456,11.687721252441577],[92.72276306152361,11.689621925353947],[92.72519683837919,11.686701774597395]]],[[[92.72638702392595,11.941015243530273],[92.72325897216808,11.952910423278865],[92.7319107055664,11.944750785827637],[92.72638702392595,11.941015243530273]]],[[[92.74575805664068,11.944791793823242],[92.73615264892595,11.95319938659668],[92.76713562011747,11.95588397979759],[92.74575805664068,11.944791793823242]]],[[[92.74196624755888,11.96613979339594],[92.74439239501959,11.967439651489485],[92.74516296386724,11.966053962707804],[92.74196624755888,11.96613979339594]]],[[[92.77143859863298,12.01390743255638],[92.77118682861322,12.017789840698356],[92.77472686767584,12.012801170349178],[92.77143859863298,12.01390743255638]]],[[[92.95194244384771,12.083889961242733],[92.949722290039,12.08832931518549],[92.9578247070313,12.099057197570971],[92.95194244384771,12.083889961242733]]],[[[92.74256896972685,12.112200736999512],[92.73870849609386,12.106885910034123],[92.73896789550781,12.110501289367846],[92.74256896972685,12.112200736999512]]],[[[92.84676361084001,12.150971412658976],[92.84720611572271,12.15044021606451],[92.84402465820341,12.148995399475325],[92.84676361084001,12.150971412658976]]],[[[92.7594833374024,12.178045272827319],[92.76367187500006,12.1793794631958],[92.75923156738298,12.166600227355957],[92.7594833374024,12.178045272827319]]],[[[92.71909332275419,12.17936038970953],[92.71942901611334,12.181290626526163],[92.72094726562506,12.182320594787768],[92.71909332275419,12.17936038970953]]],[[[92.73250579834001,12.182351112365723],[92.72850036621111,12.18157958984375],[92.72540283203153,12.186072349548283],[92.73250579834001,12.182351112365723]]],[[[92.76467895507841,12.063320159912223],[92.77657318115251,12.310280799865666],[92.86637878417969,12.305610656738338],[92.8893127441408,12.265941619873047],[92.87825012207048,12.251440048217887],[92.86466979980486,12.251344680786246],[92.85888671875028,12.245830535888956],[92.88050842285173,12.195137023926009],[92.76467895507841,12.063320159912223]]],[[[92.93316650390642,12.195855140686206],[92.9248809814456,12.211470603942871],[92.94161987304693,12.217350959777832],[92.93316650390642,12.195855140686206]]],[[[92.76367950439459,12.18218040466337],[92.73061370849626,12.242453575134334],[92.76229858398443,12.229373931884993],[92.76367950439459,12.18218040466337]]],[[[92.68007659912126,12.218880653381461],[92.68281555175787,12.224432945251465],[92.6835327148438,12.223131179809513],[92.68007659912126,12.218880653381461]]],[[[92.8792343139649,12.208277702331486],[92.90167236328142,12.255849838256779],[92.91327667236357,12.222809791565169],[92.8792343139649,12.208277702331486]]],[[[92.86601257324236,12.250741004943961],[92.86915588378912,12.248009681701717],[92.86146545410173,12.243027687072981],[92.86601257324236,12.250741004943961]]],[[[92.8819427490235,12.248889923095987],[92.8811111450197,12.245270729064941],[92.87944793701178,12.248056411743221],[92.8819427490235,12.248889923095987]]],[[[92.69699859619135,12.250824928283691],[92.69940948486334,12.248280525207747],[92.69610595703125,12.246610641479549],[92.69699859619135,12.250824928283691]]],[[[92.90029907226591,12.258614540100268],[92.89944458007818,12.260791778564453],[92.90141296386747,12.259071350097713],[92.90029907226591,12.258614540100268]]],[[[92.72386169433622,12.291379928588867],[92.71069335937528,12.230328559875488],[92.7014770507813,12.267369270324764],[92.72386169433622,12.291379928588867]]],[[[92.7428588867188,12.25524044036871],[92.74008178710966,12.272708892822322],[92.73951721191435,12.28210353851324],[92.7428588867188,12.25524044036871]]],[[[92.92866516113287,12.237942695617676],[92.90146636962885,12.288221359253214],[92.93444824218778,12.31056118011503],[92.92866516113287,12.237942695617676]]],[[[92.73839569091797,12.275503158569279],[92.73871612548857,12.272990226745605],[92.7350692749024,12.269353866577262],[92.73839569091797,12.275503158569279]]],[[[92.7628784179688,12.294121742248535],[92.76801300048828,12.284501075744743],[92.75311279296892,12.277510643005598],[92.7628784179688,12.294121742248535]]],[[[92.73594665527361,12.281571388244686],[92.73538970947283,12.2885103225708],[92.73817443847685,12.292403221130428],[92.73594665527361,12.281571388244686]]],[[[92.76673126220709,12.289089202880916],[92.76838684082048,12.292957305908317],[92.76893615722673,12.2885103225708],[92.76673126220709,12.289089202880916]]],[[[92.75305175781278,12.291945457458667],[92.75277709960943,12.294166564941463],[92.75499725341814,12.293610572814998],[92.75305175781278,12.291945457458667]]],[[[92.87697601318365,12.295899391174373],[92.8802108764649,12.297849655151367],[92.880599975586,12.295415878296126],[92.87697601318365,12.295899391174373]]],[[[92.76368713378912,12.29656982421875],[92.76368713378912,12.298235893249569],[92.7659301757813,12.297442436218489],[92.76368713378912,12.29656982421875]]],[[[92.9119415283206,12.335281372070312],[92.91361236572277,12.333056449890137],[92.91110992431646,12.333332061767635],[92.9119415283206,12.335281372070312]]],[[[92.90453338623064,12.339970588684082],[92.90537261962896,12.341142654419002],[92.90660858154291,12.339850425720215],[92.90453338623064,12.339970588684082]]],[[[92.90944671630888,12.348177909851302],[92.9150466918947,12.35548114776617],[92.91880798339872,12.350219726562557],[92.90944671630888,12.348177909851302]]],[[[92.88878631591803,12.407600402832031],[92.88398742675787,12.374155998230037],[92.84435272216803,12.394950866699162],[92.88878631591803,12.407600402832031]]],[[[92.89618682861328,12.395180702209643],[92.89778900146513,12.394318580627498],[92.8954162597658,12.392797470092717],[92.89618682861328,12.395180702209643]]],[[[92.91933441162121,12.364615440368823],[92.95625305175798,12.435489654541186],[92.93234252929716,12.35944938659668],[92.91933441162121,12.364615440368823]]],[[[92.89749908447283,12.408889770507983],[92.89805603027361,12.411390304565487],[92.89916992187494,12.411390304565487],[92.89749908447283,12.408889770507983]]],[[[92.88858032226568,12.41416168212919],[92.88948822021501,12.413951873779297],[92.88829803466791,12.413331985473633],[92.88858032226568,12.41416168212919]]],[[[92.86060333251982,12.413491249084643],[92.85890197753935,12.416808128357218],[92.8692169189456,12.413781166076717],[92.86060333251982,12.413491249084643]]],[[[92.83805847167974,12.425001144409293],[92.84638977050798,12.414999961853027],[92.83389282226591,12.417499542236612],[92.83805847167974,12.425001144409293]]],[[[92.90042114257818,12.426021575927962],[92.90485382080107,12.42313003540039],[92.89962768554693,12.421429634094238],[92.90042114257818,12.426021575927962]]],[[[92.8754501342774,12.444047927856445],[92.87425994873053,12.444531440734863],[92.87586975097685,12.444741249084416],[92.8754501342774,12.444047927856445]]],[[[92.68457031250028,12.538780212402514],[92.6781158447265,12.522219657898063],[92.6686096191408,12.534231185913143],[92.68457031250028,12.538780212402514]]],[[[92.87496948242205,12.413722038269213],[92.7910995483399,12.469721794128475],[92.89511871337919,12.320344924926815],[92.77152252197294,12.319690704345646],[92.72043609619169,12.300310134887752],[92.68448638916021,12.608140945434627],[92.75332641601562,12.670781135559139],[92.78543090820318,12.61924743652338],[92.72391510009783,12.827083587646484],[92.76083374023449,12.859444618225098],[92.78221893310575,12.807498931884822],[92.79190826416021,12.889854431152628],[92.81095886230474,12.897452354431437],[92.8417282104495,12.875606536865291],[92.87354278564459,12.881160736084041],[92.89597320556658,12.898839950561694],[92.89778137207043,12.927411079406681],[92.98051452636724,12.709729194641397],[92.91452789306646,12.405893325805664],[92.90898895263678,12.421072006225586],[92.87825012207048,12.444669723510685],[92.88575744628912,12.453991889953556],[92.83467864990263,12.494780540466365],[92.87496948242205,12.413722038269213]]],[[[92.70094299316418,12.639109611511515],[92.70216369628923,12.640744209289721],[92.70336914062506,12.639355659484977],[92.70094299316418,12.639109611511515]]],[[[92.73116302490251,12.70452117919939],[92.73253631591797,12.703411102295206],[92.73087310791021,12.702590942382756],[92.73116302490251,12.70452117919939]]],[[[92.72786712646513,12.726731300354231],[92.72289276123075,12.735610961914233],[92.72957611084013,12.730891227722111],[92.72786712646513,12.726731300354231]]],[[[92.72554779052746,12.752170562744368],[92.72541809082026,12.753678321838436],[92.72667694091803,12.75334930419939],[92.72554779052746,12.752170562744368]]],[[[92.7122879028322,12.777054786682129],[92.72550201416021,12.748700141906909],[92.71803283691423,12.71889972686779],[92.69454193115251,12.797142982482967],[92.7109680175783,12.82903003692627],[92.7122879028322,12.777054786682129]]],[[[92.71563720703153,12.777010917663858],[92.71763610839861,12.776161193847713],[92.71562957763683,12.775650978088493],[92.71563720703153,12.777010917663858]]],[[[92.72000122070318,12.777776718139876],[92.71527862548857,12.77833271026634],[92.71721649169916,12.787779808044718],[92.72000122070318,12.777776718139876]]],[[[92.71511077880854,12.795047760009766],[92.71540069580084,12.796954154968262],[92.71651458740234,12.795895576477108],[92.71511077880854,12.795047760009766]]],[[[92.71620941162138,12.798392295837402],[92.71563720703153,12.800591468811092],[92.71704101562517,12.798692703247127],[92.71620941162138,12.798392295837402]]],[[[92.71704101562517,12.80255985260004],[92.71596527099615,12.802584648132438],[92.71649169921892,12.804281234741211],[92.71704101562517,12.80255985260004]]],[[[92.72730255126982,12.833939552307186],[92.725395202637,12.832303047180403],[92.72705841064459,12.838139533996525],[92.72730255126982,12.833939552307186]]],[[[92.71861267089844,12.835290908813704],[92.70999908447283,12.833610534668082],[92.72027587890625,12.864445686340446],[92.71861267089844,12.835290908813704]]],[[[92.72956085205107,12.854759216308878],[92.72984313964861,12.856430053710994],[92.73147583007841,12.85531997680664],[92.72956085205107,12.854759216308878]]],[[[92.76576232910162,12.872613906860522],[92.76718902587885,12.857940673828352],[92.76119995117193,12.867730140686092],[92.76576232910162,12.872613906860522]]],[[[92.77628326416027,12.86497020721447],[92.77593994140653,12.86604118347168],[92.77774047851562,12.866661071777344],[92.77628326416027,12.86497020721447]]],[[[92.75705718994169,12.876131057739315],[92.75699615478521,12.8784313201906],[92.76042938232428,12.877249717712516],[92.75705718994169,12.876131057739315]]],[[[92.78583526611357,12.881944656372013],[92.7816696166995,12.885276794433878],[92.7917098999024,12.890960693359432],[92.78583526611357,12.881944656372013]]],[[[92.66815948486357,12.782571792602482],[92.62988281250017,12.882731437683049],[92.66454315185575,12.880599975585938],[92.63687133789091,12.919539451599178],[92.67012023925798,12.918037414550838],[92.69565582275385,12.991958618164233],[92.7214965820313,12.888344764709757],[92.66815948486357,12.782571792602482]]],[[[92.75312805175798,12.889210700989054],[92.74840545654303,12.893372535705737],[92.75675201416033,12.894479751587198],[92.75312805175798,12.889210700989054]]],[[[92.89156341552751,12.897573471069393],[92.89203643798834,12.899828910827694],[92.893539428711,12.897450447082463],[92.89156341552751,12.897573471069393]]],[[[92.79289245605497,12.89177036285406],[92.77423858642572,12.90602874755865],[92.79162597656267,12.916591644287337],[92.79289245605497,12.89177036285406]]],[[[92.86307525634794,12.913647651672477],[92.86309814453153,12.914424896240405],[92.86503601074213,12.913868904113713],[92.86307525634794,12.913647651672477]]],[[[92.91226196289068,12.913659095764388],[92.90860748291021,12.913599967956657],[92.91142272949236,12.917499542236328],[92.91226196289068,12.913659095764388]]],[[[92.9341659545899,12.91303730010992],[92.9314193725586,12.918670654296989],[92.9366989135745,12.915040016174373],[92.9341659545899,12.91303730010992]]],[[[92.76669311523443,12.917230606079045],[92.7667083740235,12.917820930481241],[92.76815032958984,12.91641902923584],[92.76669311523443,12.917230606079045]]],[[[92.76728057861334,12.920342445373592],[92.7642211914063,12.917461395263615],[92.76227569580095,12.921904563903922],[92.76728057861334,12.920342445373592]]],[[[92.7720565795899,12.91784954071045],[92.77008056640642,12.928950309753418],[92.77590179443371,12.926120758056868],[92.7720565795899,12.91784954071045]]],[[[92.86503601074213,12.91673374176031],[92.8600387573245,12.933109283447209],[92.88608551025396,12.92298507690424],[92.86503601074213,12.91673374176031]]],[[[92.76648712158203,12.928070068359546],[92.76316833496122,12.925556182861555],[92.76117706298834,12.932541847229231],[92.76648712158203,12.928070068359546]]],[[[92.88949584960955,12.935047149658203],[92.89002990722656,12.937240600585938],[92.89282989501982,12.936421394348145],[92.88949584960955,12.935047149658203]]],[[[92.90306854248053,12.938348770141886],[92.8997573852539,12.940854072570858],[92.90225982666033,12.940890312194767],[92.90306854248053,12.938348770141886]]],[[[92.67008972167997,12.948300361633358],[92.67006683349638,12.949480056762866],[92.67260742187517,12.9491996765139],[92.67008972167997,12.948300361633358]]],[[[92.66983795166021,12.952218055725154],[92.668685913086,12.951629638671932],[92.66812133789068,12.953610420227278],[92.66983795166021,12.952218055725154]]],[[[92.91084289550798,13.00360107421892],[92.91110992431646,13.005279541015739],[92.91278076171875,13.003329277038574],[92.91084289550798,13.00360107421892]]],[[[92.94165802001982,12.995321273803654],[92.92082977294928,13.00111198425293],[92.94000244140625,13.025279998779297],[92.94165802001982,12.995321273803654]]],[[[92.94526672363287,13.025279998779297],[92.949447631836,13.024709701538029],[92.94860839843767,13.021110534668082],[92.94526672363287,13.025279998779297]]],[[[92.91458892822294,13.042221069335994],[92.91610717773466,13.047500610351562],[92.91889190673834,13.043610572815226],[92.91458892822294,13.042221069335994]]],[[[92.93222045898455,13.05278015136713],[92.93444824218778,13.05138969421398],[92.93249511718761,13.050004005432129],[92.93222045898455,13.05278015136713]]],[[[92.91345977783232,13.066899299621582],[92.91681671142584,13.062561988830737],[92.91324615478544,13.061532020569132],[92.91345977783232,13.066899299621582]]],[[[92.70611572265653,13.070139884948787],[92.7011108398438,13.070831298828182],[92.69610595703125,13.095001220703125],[92.70611572265653,13.070139884948787]]],[[[92.72833251953142,13.090278625488338],[92.72805023193388,13.092781066894588],[92.73139190673828,13.093199729919377],[92.72833251953142,13.090278625488338]]],[[[92.79680633544939,13.167640686035156],[92.79360961914068,13.168609619140625],[92.79763793945318,13.16930103302002],[92.79680633544939,13.167640686035156]]],[[[92.9647827148437,13.324521064758244],[93.00676727294939,13.309309959411564],[93.02194213867193,13.295280456542969],[93.01255035400396,13.29518032073969],[93.01249694824236,13.276665687561092],[93.06667327880876,13.272500038147086],[93.03221893310553,13.178891181945858],[93.03488159179693,13.0809907913208],[92.97461700439459,13.012861251831168],[92.93667602539068,13.084712982177848],[92.89430999755865,13.056530952453556],[92.91629028320341,13.054149627685604],[92.90166473388672,13.021803855896053],[92.90805816650396,13.0],[92.93852233886736,12.971276283264217],[92.88230133056646,12.982724189758244],[92.85443878173834,12.927430152893123],[92.87293243408209,12.883230209350586],[92.84171295166044,12.876629829406852],[92.78833007812528,13.019171714782829],[92.84749603271484,13.139159202575627],[92.80972290039057,13.153055191040266],[92.84306335449247,13.402221679687443],[92.86777496337896,13.402221679687443],[92.8841629028322,13.429721832275675],[92.87166595459013,13.471390724182186],[92.92944335937511,13.501667022705192],[92.91750335693376,13.536390304565714],[92.98889160156256,13.527776718139705],[93.02944183349604,13.573333740234375],[93.02111053466814,13.431120872497615],[93.07083129882807,13.406109809875602],[93.02828979492216,13.373181343078613],[93.05527496337896,13.382222175598201],[93.09059143066412,13.335932731628588],[93.06583404541044,13.303055763244572],[93.04166412353516,13.367220878601074],[92.95053863525408,13.343900680542049],[92.9647827148437,13.324521064758244]]],[[[92.96611022949247,13.335556983947981],[92.96971893310575,13.338333129882983],[92.96778106689464,13.335281372070483],[92.96611022949247,13.335556983947981]]],[[[92.81888580322266,13.416389465332031],[92.81500244140636,13.403056144714299],[92.81192016601568,13.405870437622184],[92.81888580322266,13.416389465332031]]],[[[92.86751556396479,13.411602020263956],[92.86499786376982,13.41193962097168],[92.86750030517607,13.412500381469783],[92.86751556396479,13.411602020263956]]],[[[92.82195281982439,13.420830726623592],[92.82166290283209,13.436671257019043],[92.84194183349638,13.425830841064453],[92.82195281982439,13.420830726623592]]],[[[92.87473297119169,13.504441261291618],[92.87110900878935,13.501944541931096],[92.86666870117193,13.509167671203784],[92.87473297119169,13.504441261291618]]],[[[92.91388702392595,13.507501602173136],[92.91528320312506,13.51361179351818],[92.92138671875006,13.512780189514217],[92.91388702392595,13.507501602173136]]],[[[92.9061126708985,13.530279159545955],[92.90472412109392,13.533888816833553],[92.91249847412138,13.533332824707259],[92.9061126708985,13.530279159545955]]],[[[92.87860870361345,13.537779808044547],[92.87583160400396,13.534721374512003],[92.8738861083985,13.536667823791618],[92.87860870361345,13.537779808044547]]],[[[92.88527679443376,13.574171066284293],[92.88138580322294,13.582777023315543],[92.90361022949236,13.59638786315918],[92.88527679443376,13.574171066284293]]],[[[93.78527832031278,6.848061084747428],[93.78444671630865,6.849165916442871],[93.79091644287126,6.851041793823242],[93.78527832031278,6.848061084747428]]],[[[93.66303253173857,7.006646156311092],[93.6861114501956,7.190000057220573],[93.84805297851591,7.240280151367472],[93.947807312012,6.998874187469653],[93.90213775634771,6.812966823577938],[93.80488586425787,6.764531135559196],[93.81555175781256,6.816110134124756],[93.7452774047851,6.961945056915397],[93.66303253173857,7.006646156311092]]],[[[93.71221923828136,7.208055019378833],[93.70909118652361,7.23124980926508],[93.72152709960943,7.213121891021785],[93.71221923828136,7.208055019378833]]],[[[93.84500122070341,7.285554885864371],[93.84422302246122,7.288440227508545],[93.84590148925787,7.285641193389949],[93.84500122070341,7.285554885864371]]],[[[93.75574493408232,7.359842777252481],[93.64833068847685,7.242499828338737],[93.6324996948245,7.37055492401123],[93.71389007568365,7.392778873443831],[93.71305847167986,7.443611145019815],[93.75574493408232,7.359842777252481]]],[[[93.66535949707026,7.384031772613696],[93.66619110107428,7.383530139923096],[93.66203308105474,7.383211135864371],[93.66535949707026,7.384031772613696]]],[[[93.77249908447294,7.39833307266241],[93.76999664306646,7.393620014190731],[93.76222229003935,7.398055076599064],[93.77249908447294,7.39833307266241]]],[[[93.69499969482428,7.39944505691534],[93.69083404541021,7.396667003631592],[93.68305206298857,7.405278205871582],[93.69499969482428,7.39944505691534]]],[[[93.65194702148449,7.470279216766414],[93.64416503906278,7.470832824707088],[93.65249633789068,7.473610877990836],[93.65194702148449,7.470279216766414]]],[[[93.6302795410158,7.479721069336108],[93.6324996948245,7.480000972747803],[93.63314819335955,7.475521087646541],[93.6302795410158,7.479721069336108]]],[[[93.55029296875028,7.517025947570744],[93.54250335693388,7.509998798370646],[93.53971862792986,7.519999980926514],[93.55029296875028,7.517025947570744]]],[[[93.34243011474638,7.904139041900862],[93.34043121337896,7.904720783233643],[93.34269714355469,7.905059814453296],[93.34243011474638,7.904139041900862]]],[[[93.33937835693388,7.90864992141735],[93.33878326416044,7.910580158233586],[93.34046173095709,7.909511089325008],[93.33937835693388,7.90864992141735]]],[[[93.46166992187517,7.872221946716252],[93.35639190673845,7.888889789581299],[93.3266677856447,8.0024995803833],[93.37999725341825,8.02472209930437],[93.46166992187517,7.872221946716252]]],[[[93.50723266601557,7.984721183776855],[93.54728698730463,8.028052330017033],[93.5774993896485,7.928332805633545],[93.50723266601557,7.984721183776855]]],[[[93.59278106689459,8.037790298462198],[93.56138610839872,8.118055343627873],[93.60138702392584,8.050000190734863],[93.59278106689459,8.037790298462198]]],[[[93.52648925781278,8.231270790100098],[93.5030517578125,8.148180007934627],[93.550277709961,8.036110877990666],[93.50083160400396,7.997219085693644],[93.52986145019537,8.078680038452205],[93.48500061035162,8.051943778991813],[93.4538879394533,8.173610687255916],[93.52648925781278,8.231270790100098]]],[[[93.25170898437517,8.233433723449878],[93.2394409179687,8.220829963684025],[93.22012329101574,8.245061874389762],[93.25170898437517,8.233433723449878]]],[[[93.19944763183611,8.193890571594522],[93.08721923828153,8.26944446563732],[93.12627410888678,8.355863571167106],[93.12638854980486,8.276388168334961],[93.19944763183611,8.193890571594522]]],[[[93.6436767578125,8.393404006958008],[93.64527893066435,8.394721031189192],[93.653335571289,8.387777328491211],[93.6436767578125,8.393404006958008]]],[[[93.63324737548834,8.398041725158748],[93.63540649414057,8.396793365478572],[93.63394927978516,8.394922256469897],[93.63324737548834,8.398041725158748]]],[[[93.05694580078142,8.4600000381472],[93.0575027465822,8.439167022705192],[93.03527832031256,8.448611259460506],[93.05694580078142,8.4600000381472]]],[[[93.61348724365234,8.486055374145621],[93.61360931396496,8.485278129577921],[93.61111450195318,8.485834121704386],[93.61348724365234,8.486055374145621]]],[[[93.62833404541044,8.488610267639388],[93.6159973144533,8.573625564575138],[93.62285614013689,8.421620368957804],[93.62833404541044,8.488610267639388]]],[[[93.60944366455107,8.57944488525402],[93.60832977294916,8.578059196472168],[93.60659027099638,8.58125019073492],[93.60944366455107,8.57944488525402]]],[[[93.08479309082048,11.789681434631404],[93.08634948730469,11.785963058471907],[93.07757568359375,11.781003952026595],[93.08479309082048,11.789681434631404]]],[[[93.04998779296886,11.81222057342535],[93.02083587646513,11.843331336975211],[93.07221984863298,11.835561752319393],[93.04998779296886,11.81222057342535]]],[[[93.00945281982439,12.018891334533691],[93.04267120361328,11.882261276245117],[92.92553710937517,11.995789527893066],[93.00945281982439,12.018891334533691]]],[[[92.969467163086,12.064961433410645],[92.97106933593778,12.065200805664062],[92.9710845947265,12.064254760742188],[92.969467163086,12.064961433410645]]],[[[93.0052795410158,12.102781295776424],[92.99277496337919,12.0436172485351],[92.95960998535185,12.106483459472713],[93.0052795410158,12.102781295776424]]],[[[93.00416564941412,12.11333370208746],[93.02777862548845,12.156941413879451],[93.04552459716814,12.045370101928768],[93.00726318359386,12.10723018646246],[92.95560455322294,12.142191886901912],[93.00416564941412,12.11333370208746]]],[[[92.99249267578142,12.111639976501579],[92.99389648437506,12.111070632934798],[92.9924621582033,12.110530853271484],[92.99249267578142,12.111639976501579]]],[[[93.09875488281256,12.13581466674816],[93.09790039062528,12.133508682251147],[93.09632110595709,12.13478279113798],[93.09875488281256,12.13581466674816]]],[[[93.1155624389649,12.129950523376579],[93.1090927124024,12.143080711364803],[93.12361145019543,12.14026165008545],[93.1155624389649,12.129950523376579]]],[[[93.03718566894537,12.13336086273199],[93.06860351562517,12.211334228515625],[93.0746459960937,12.083629608154297],[93.03718566894537,12.13336086273199]]],[[[93.02198791503935,12.22419643402111],[93.01980590820318,12.222640991210994],[93.01918029785173,12.222909927368278],[93.02198791503935,12.22419643402111]]],[[[93.10074615478544,12.2039413452149],[93.06333160400396,12.229166030883846],[93.1059875488283,12.260204315185717],[93.10074615478544,12.2039413452149]]],[[[93.0220794677735,12.274765014648551],[93.02448272705072,12.278021812439135],[93.02700042724626,12.273530006408691],[93.0220794677735,12.274765014648551]]],[[[93.88069915771479,12.236641883850211],[93.82668304443388,12.244859695434684],[93.8396987915039,12.320819854736442],[93.88069915771479,12.236641883850211]]],[[[93.0729370117187,12.31539058685297],[93.06301116943354,12.315921783447266],[93.06852722167997,12.319060325622559],[93.0729370117187,12.31539058685297]]],[[[92.98282623291021,12.934480667114315],[92.95974731445318,12.988911628723201],[93.00673675537138,12.996899604797363],[92.98282623291021,12.934480667114315]]],[[[92.98944091796892,13.000559806823844],[92.98886108398455,12.998380661010685],[92.98638916015642,13.000001907348576],[92.98944091796892,13.000559806823844]]],[[[93.05792999267578,13.226663589477539],[93.05999755859392,13.225554466247672],[93.05906677246111,13.221929550170842],[93.05792999267578,13.226663589477539]]],[[[93.01519775390642,13.283332824707315],[93.01431274414068,13.284360885620117],[93.01611328125017,13.284998893737963],[93.01519775390642,13.283332824707315]]],[[[93.0730590820313,13.297780036926383],[93.07111358642584,13.300548553466854],[93.0788879394533,13.30000019073492],[93.0730590820313,13.297780036926383]]],[[[93.02172088623053,13.302961349487418],[93.00942993164062,13.310969352722168],[93.02509307861345,13.328331947326717],[93.02172088623053,13.302961349487418]]],[[[93.0161209106447,13.337931632995662],[93.01390838623053,13.337708473205623],[93.01442718505876,13.34038639068632],[93.0161209106447,13.337931632995662]]],[[[93.03804779052751,13.343900680542049],[93.03861236572266,13.342498779296989],[93.036605834961,13.342500686645565],[93.03804779052751,13.343900680542049]]],[[[93.07386016845732,13.365755081176815],[93.07617187499994,13.366786003112907],[93.0780563354495,13.363141059875545],[93.07386016845732,13.365755081176815]]],[[[93.08097076416033,13.36805534362793],[93.08194732666033,13.370000839233398],[93.08347320556658,13.368821144104118],[93.08097076416033,13.36805534362793]]],[[[93.06162261962902,13.38529014587408],[93.06328582763678,13.38694000244152],[93.0639953613283,13.385429382324162],[93.06162261962902,13.38529014587408]]],[[[93.09147644042986,13.4103422164917],[93.08860015869158,13.410202980041788],[93.0870590209961,13.415770530700684],[93.09147644042986,13.4103422164917]]],[[[93.06896972656267,13.413299560547046],[93.07268524169933,13.43110275268549],[93.07190704345709,13.413631439208984],[93.06896972656267,13.413299560547046]]],[[[93.10424804687517,13.429928779602108],[93.09889221191423,13.43055629730253],[93.10305786132841,13.434721946716365],[93.10424804687517,13.429928779602108]]],[[[94.27500152587908,13.44055652618431],[94.25575256347662,13.43026161193859],[94.24944305419939,13.44624996185297],[94.27500152587908,13.44055652618431]]],[[[93.00618743896484,13.559975624084416],[93.0068130493164,13.559361457824707],[93.00555419921903,13.556944847106934],[93.00618743896484,13.559975624084416]]],[[[93.05388641357439,13.559720993041935],[93.05222320556646,13.564653396606673],[93.05741119384771,13.562398910522631],[93.05388641357439,13.559720993041935]]],[[[93.06749725341803,13.650620460510254],[93.0469512939456,13.620832443237532],[93.04250335693365,13.636944770812931],[93.06749725341803,13.650620460510254]]],[[[92.97666931152361,13.654999732971191],[93.0158309936524,13.67611217498785],[93.03221893310553,13.633891105651855],[93.02777862548845,13.626939773559513],[92.97666931152361,13.654999732971191]]],[[[93.02269744873053,13.674300193786678],[93.0242385864259,13.672511100769327],[93.02291870117216,13.67127990722662],[93.02269744873053,13.674300193786678]]],[[[93.2324295043947,13.98326396942133],[93.21833038330095,13.976800918579102],[93.22442626953142,14.015830993652514],[93.2324295043947,13.98326396942133]]],[[[93.36354064941412,14.048060417175577],[93.36424255371111,14.056861877441406],[93.36694335937506,14.052499771118335],[93.36354064941412,14.048060417175577]]],[[[93.37860870361334,14.147220611572322],[93.36430358886724,14.058731079101506],[93.35333251953142,14.145831108093262],[93.37860870361334,14.147220611572322]]],[[[93.38083648681658,14.128331184387207],[93.38222503662115,14.129444122314453],[93.38223266601568,14.127219200134277],[93.38083648681658,14.128331184387207]]],[[[93.36694335937506,14.178889274597225],[93.3597259521485,14.187219619751204],[93.3727798461914,14.189720153808707],[93.36694335937506,14.178889274597225]]],[[[93.36015319824247,14.19236087799078],[93.36110687255888,14.19110965728754],[93.3574981689456,14.188887596130428],[93.36015319824247,14.19236087799078]]],[[[93.55033874511713,14.78838253021246],[93.55090332031278,14.7877006530764],[93.54928588867193,14.785088539123706],[93.55033874511713,14.78838253021246]]],[[[93.56964874267595,14.849520683288631],[93.57194519042986,14.848054885864428],[93.56896209716803,14.848600387573299],[93.56964874267595,14.849520683288631]]],[[[93.57055664062494,14.859168052673624],[93.56972503662115,14.860834121704272],[93.57131958007807,14.861319541931096],[93.57055664062494,14.859168052673624]]],[[[93.6129226684572,14.873657226562557],[93.64138793945312,14.902499198913802],[93.61194610595697,14.83556079864502],[93.6129226684572,14.873657226562557]]],[[[93.5680465698245,14.871110916137638],[93.56944274902361,14.872152328491154],[93.57246398925776,14.868159294128645],[93.5680465698245,14.871110916137638]]],[[[93.65194702148449,14.932700157165527],[93.6508331298831,14.929720878601074],[93.64611053466814,14.935277938842887],[93.65194702148449,14.932700157165527]]]]}}