{"type":"Feature","properties":{"source":"Natural Earth, public-domain land context only","note":"Country borders dissolved; official Indian outline removed from context land."},"geometry":{"type":"MultiPolygon","coordinates":[[[[-163.066604,-78.869966],[-163.712896,-78.595667],[-163.105801,-78.223338],[-161.245113,-78.380176],[-160.246208,-78.693645],[-159.482405,-79.046338],[-159.208184,-79.497059],[-161.127601,-79.634209],[-162.439847,-79.281465],[-163.027408,-78.928774],[-163.066604,-78.869966]]],[[[-122.621735,-73.657778],[-122.621735,-73.657777],[-122.406245,-73.324619],[-121.211511,-73.50099],[-119.918851,-73.657725],[-118.724143,-73.481353],[-119.292119,-73.834097],[-120.232217,-74.08881],[-121.62283,-74.010468],[-122.621735,-73.657778]]],[[[-126.558472,-73.246226],[-125.559566,-73.481353],[-124.031882,-73.873268],[-124.619469,-73.834097],[-125.912181,-73.736118],[-127.28313,-73.461769],[-127.28313,-73.461768],[-126.558472,-73.246226]]],[[[-99.432013,-72.442864],[-100.783455,-72.50162],[-101.801868,-72.305663],[-102.330725,-71.894164],[-101.703967,-71.717792],[-100.430919,-71.854993],[-98.98155,-71.933334],[-97.884743,-72.070535],[-96.787937,-71.952971],[-96.20035,-72.521205],[-96.983765,-72.442864],[-98.198083,-72.482035],[-99.432013,-72.442864]]],[[[-179.917369,-16.501783],[-180.0,-16.555217],[-180.0,-16.067133],[-179.79332,-16.020882],[-179.917369,-16.501783]]],[[[-78.435465,8.387705],[-78.622121,8.718124],[-79.120307,8.996092],[-79.557877,8.932375],[-79.760578,8.584515],[-80.164481,8.333316],[-80.382659,8.298409],[-80.480689,8.090308],[-80.00369,7.547524],[-80.276671,7.419754],[-80.421158,7.271572],[-80.886401,7.220541],[-81.059543,7.817921],[-81.189716,7.647906],[-81.519515,7.70661],[-81.721311,8.108963],[-82.131441,8.175393],[-82.390934,8.292362],[-82.820081,8.290864],[-82.850958,8.073823],[-82.965783,8.225028],[-83.508437,8.446927],[-83.711474,8.656836],[-83.596313,8.830443],[-83.632642,9.051386],[-83.909886,9.290803],[-84.303402,9.487354],[-84.647644,9.615537],[-84.713351,9.908052],[-84.97566,10.086723],[-84.911375,9.795992],[-85.110923,9.55704],[-85.339488,9.834542],[-85.660787,9.933347],[-85.797445,10.134886],[-85.791709,10.439337],[-85.659314,10.754331],[-85.941725,10.895278],[-85.71254,11.088445],[-86.058488,11.403439],[-86.52585,11.806877],[-86.745992,12.143962],[-87.167516,12.458258],[-87.668493,12.90991],[-87.557467,13.064552],[-87.392386,12.914018],[-87.316654,12.984686],[-87.489409,13.297535],[-87.793111,13.38448],[-87.904112,13.149017],[-88.483302,13.163951],[-88.843228,13.259734],[-89.256743,13.458533],[-89.812394,13.520622],[-90.095555,13.735338],[-90.608624,13.909771],[-91.23241,13.927832],[-91.689747,14.126218],[-92.22775,14.538829],[-93.359464,15.61543],[-93.875169,15.940164],[-94.691656,16.200975],[-95.250227,16.128318],[-96.053382,15.752088],[-96.557434,15.653515],[-97.263592,15.917065],[-98.01303,16.107312],[-98.947676,16.566043],[-99.697397,16.706164],[-100.829499,17.171071],[-101.666089,17.649026],[-101.918528,17.91609],[-102.478132,17.975751],[-103.50099,18.292295],[-103.917527,18.748572],[-104.99201,19.316134],[-105.493038,19.946767],[-105.731396,20.434102],[-105.397773,20.531719],[-105.500661,20.816895],[-105.270752,21.076285],[-105.265817,21.422104],[-105.603161,21.871146],[-105.693414,22.26908],[-106.028716,22.773752],[-106.90998,23.767774],[-107.915449,24.548915],[-108.401905,25.172314],[-109.260199,25.580609],[-109.444089,25.824884],[-109.291644,26.442934],[-109.801458,26.676176],[-110.391732,27.162115],[-110.641019,27.859876],[-111.178919,27.941241],[-111.759607,28.467953],[-112.228235,28.954409],[-112.271824,29.266844],[-112.809594,30.021114],[-113.163811,30.786881],[-113.148669,31.170966],[-113.871881,31.567608],[-114.205737,31.524045],[-114.776451,31.799532],[-114.9367,31.393485],[-114.771232,30.913617],[-114.673899,30.162681],[-114.330974,29.750432],[-113.588875,29.061611],[-113.424053,28.826174],[-113.271969,28.754783],[-113.140039,28.411289],[-112.962298,28.42519],[-112.761587,27.780217],[-112.457911,27.525814],[-112.244952,27.171727],[-111.616489,26.662817],[-111.284675,25.73259],[-110.987819,25.294606],[-110.710007,24.826004],[-110.655049,24.298595],[-110.172856,24.265548],[-109.771847,23.811183],[-109.409104,23.364672],[-109.433392,23.185588],[-109.854219,22.818272],[-110.031392,22.823078],[-110.295071,23.430973],[-110.949501,24.000964],[-111.670568,24.484423],[-112.182036,24.738413],[-112.148989,25.470125],[-112.300711,26.012004],[-112.777297,26.32196],[-113.464671,26.768186],[-113.59673,26.63946],[-113.848937,26.900064],[-114.465747,27.14209],[-115.055142,27.722727],[-114.982253,27.7982],[-114.570366,27.741485],[-114.199329,28.115003],[-114.162018,28.566112],[-114.931842,29.279479],[-115.518654,29.556362],[-115.887365,30.180794],[-116.25835,30.836464],[-116.721526,31.635744],[-117.12776,32.53534],[-117.295938,33.046225],[-117.944,33.621236],[-118.410602,33.740909],[-118.519895,34.027782],[-119.081,34.078],[-119.438841,34.348477],[-120.36778,34.44711],[-120.62286,34.60855],[-120.74433,35.15686],[-121.71457,36.16153],[-122.54747,37.55176],[-122.51201,37.78339],[-122.95319,38.11371],[-123.7272,38.95166],[-123.86517,39.76699],[-124.39807,40.3132],[-124.17886,41.14202],[-124.2137,41.99964],[-124.53284,42.76599],[-124.14214,43.70838],[-124.020535,44.615895],[-123.89893,45.52341],[-124.079635,46.86475],[-124.39567,47.72017],[-124.68721,48.184433],[-124.566101,48.379715],[-123.12,48.04],[-122.58736,47.096],[-122.34,47.36],[-122.5,48.18],[-122.84,49.0],[-122.97421,49.002538],[-124.91024,49.98456],[-125.62461,50.41656],[-127.43561,50.83061],[-127.99276,51.71583],[-127.85032,52.32961],[-129.12979,52.75538],[-129.30523,53.56159],[-130.51497,54.28757],[-130.536109,54.802754],[-130.53611,54.802753],[-131.085818,55.178906],[-131.967211,55.497776],[-132.250011,56.369996],[-133.539181,57.178887],[-134.078063,58.123068],[-135.038211,58.187715],[-136.628062,58.212209],[-137.800006,58.499995],[-139.867787,59.537762],[-140.825274,59.727517],[-142.574444,60.084447],[-143.958881,59.99918],[-145.925557,60.45861],[-147.114374,60.884656],[-148.224306,60.672989],[-148.018066,59.978329],[-148.570823,59.914173],[-149.727858,59.705658],[-150.608243,59.368211],[-151.716393,59.155821],[-151.859433,59.744984],[-151.409719,60.725803],[-150.346941,61.033588],[-150.621111,61.284425],[-151.895839,60.727198],[-152.57833,60.061657],[-154.019172,59.350279],[-153.287511,58.864728],[-154.232492,58.146374],[-155.307491,57.727795],[-156.308335,57.422774],[-156.556097,56.979985],[-158.117217,56.463608],[-158.433321,55.994154],[-159.603327,55.566686],[-160.28972,55.643581],[-161.223048,55.364735],[-162.237766,55.024187],[-163.069447,54.689737],[-164.785569,54.404173],[-164.942226,54.572225],[-163.84834,55.039431],[-162.870001,55.348043],[-161.804175,55.894986],[-160.563605,56.008055],[-160.07056,56.418055],[-158.684443,57.016675],[-158.461097,57.216921],[-157.72277,57.570001],[-157.550274,58.328326],[-157.041675,58.918885],[-158.194731,58.615802],[-158.517218,58.787781],[-159.058606,58.424186],[-159.711667,58.93139],[-159.981289,58.572549],[-160.355271,59.071123],[-161.355003,58.670838],[-161.968894,58.671665],[-162.054987,59.266925],[-161.874171,59.633621],[-162.518059,59.989724],[-163.818341,59.798056],[-164.662218,60.267484],[-165.346388,60.507496],[-165.350832,61.073895],[-166.121379,61.500019],[-165.734452,62.074997],[-164.919179,62.633076],[-164.562508,63.146378],[-163.753332,63.219449],[-163.067224,63.059459],[-162.260555,63.541936],[-161.53445,63.455817],[-160.772507,63.766108],[-160.958335,64.222799],[-161.518068,64.402788],[-160.777778,64.788604],[-161.391926,64.777235],[-162.45305,64.559445],[-162.757786,64.338605],[-163.546394,64.55916],[-164.96083,64.446945],[-166.425288,64.686672],[-166.845004,65.088896],[-168.11056,65.669997],[-166.705271,66.088318],[-164.47471,66.57666],[-163.652512,66.57666],[-163.788602,66.077207],[-161.677774,66.11612],[-162.489715,66.735565],[-163.719717,67.116395],[-164.430991,67.616338],[-165.390287,68.042772],[-166.764441,68.358877],[-166.204707,68.883031],[-164.430811,68.915535],[-163.168614,69.371115],[-162.930566,69.858062],[-161.908897,70.33333],[-160.934797,70.44769],[-159.039176,70.891642],[-158.119723,70.824721],[-156.580825,71.357764],[-155.06779,71.147776],[-154.344165,70.696409],[-153.900006,70.889989],[-152.210006,70.829992],[-152.270002,70.600006],[-150.739992,70.430017],[-149.720003,70.53001],[-147.613362,70.214035],[-145.68999,70.12001],[-144.920011,69.989992],[-143.589446,70.152514],[-142.07251,69.851938],[-140.98600000079557,69.71199954565792],[-140.986,69.712],[-140.985988,69.711998],[-139.12052,69.47102],[-137.54636,68.99002],[-136.50358,68.89804],[-135.62576,69.31512],[-134.41464,69.62743],[-132.92925,69.50534],[-131.43136,69.94451],[-129.79471,70.19369],[-129.10773,69.77927],[-128.36156,70.01286],[-128.13817,70.48384],[-127.44712,70.37721],[-125.75632,69.48058],[-124.42483,70.1584],[-124.28968,69.39969],[-123.06108,69.56372],[-122.6835,69.85553],[-121.47226,69.79778],[-119.94288,69.37786],[-117.60268,69.01128],[-116.22643,68.84151],[-115.2469,68.90591],[-113.89794,68.3989],[-115.30489,67.90261],[-113.49727,67.68815],[-110.798,67.80612],[-109.94619,67.98104],[-108.8802,67.38144],[-107.79239,67.88736],[-108.81299,68.31164],[-108.16721,68.65392],[-106.95,68.7],[-106.15,68.8],[-105.34282,68.56122],[-104.33791,68.018],[-103.22115,68.09775],[-101.45433,67.64689],[-99.90195,67.80566],[-98.4432,67.78165],[-98.5586,68.40394],[-97.66948,68.57864],[-96.11991,68.23939],[-96.12588,67.29338],[-95.48943,68.0907],[-94.685,68.06383],[-94.23282,69.06903],[-95.30408,69.68571],[-96.47131,70.08976],[-96.39115,71.19482],[-95.2088,71.92053],[-93.88997,71.76015],[-92.87818,71.31869],[-91.51964,70.19129],[-92.40692,69.69997],[-90.5471,69.49766],[-90.55151,68.47499],[-89.21515,69.25873],[-88.01966,68.61508],[-88.31749,67.87338],[-87.35017,67.19872],[-86.30607,67.92146],[-85.57664,68.78456],[-85.52197,69.88211],[-84.10081,69.80539],[-82.62258,69.65826],[-81.28043,69.16202],[-81.2202,68.66567],[-81.96436,68.13253],[-81.25928,67.59716],[-81.38653,67.11078],[-83.34456,66.41154],[-84.73542,66.2573],[-85.76943,66.55833],[-86.0676,66.05625],[-87.03143,65.21297],[-87.32324,64.77563],[-88.48296,64.09897],[-89.91444,64.03273],[-90.70398,63.61017],[-90.77004,62.96021],[-91.93342,62.83508],[-93.15698,62.02469],[-94.24153,60.89865],[-94.62931,60.11021],[-94.6846,58.94882],[-93.21502,58.78212],[-92.76462,57.84571],[-92.29703,57.08709],[-90.89769,57.28468],[-89.03953,56.85172],[-88.03978,56.47162],[-87.32421,55.99914],[-86.07121,55.72383],[-85.01181,55.3026],[-83.36055,55.24489],[-82.27285,55.14832],[-82.4362,54.28227],[-82.12502,53.27703],[-81.40075,52.15788],[-79.91289,51.20842],[-79.14301,51.53393],[-78.60191,52.56208],[-79.12421,54.14145],[-79.82958,54.66772],[-78.22874,55.13645],[-77.0956,55.83741],[-76.54137,56.53423],[-76.62319,57.20263],[-77.30226,58.05209],[-78.51688,58.80458],[-77.33676,59.85261],[-77.77272,60.75788],[-78.10687,62.31964],[-77.41067,62.55053],[-75.69621,62.2784],[-74.6682,62.18111],[-73.83988,62.4438],[-72.90853,62.10507],[-71.67708,61.52535],[-71.37369,61.13717],[-69.59042,61.06141],[-69.62033,60.22125],[-69.2879,58.95736],[-68.37455,58.80106],[-67.64976,58.21206],[-66.20178,58.76731],[-65.24517,59.87071],[-64.58352,60.33558],[-63.80475,59.4426],[-62.50236,58.16708],[-61.39655,56.96745],[-61.79866,56.33945],[-60.46853,55.77548],[-59.56962,55.20407],[-57.97508,54.94549],[-57.3332,54.6265],[-56.93689,53.78032],[-56.15811,53.64749],[-55.75632,53.27036],[-55.68338,52.14664],[-56.40916,51.7707],[-57.12691,51.41972],[-58.77482,51.0643],[-60.03309,50.24277],[-61.72366,50.08046],[-63.86251,50.29099],[-65.36331,50.2982],[-66.39905,50.22897],[-67.23631,49.51156],[-68.51114,49.06836],[-69.95362,47.74488],[-71.10458,46.82171],[-70.25522,46.98606],[-68.65,48.3],[-66.55243,49.1331],[-65.05626,49.23278],[-64.17099,48.74248],[-65.11545,48.07085],[-64.79854,46.99297],[-64.47219,46.23849],[-63.17329,45.73902],[-61.52072,45.88377],[-60.51815,47.00793],[-60.4486,46.28264],[-59.80287,45.9204],[-61.03988,45.26525],[-63.25471,44.67014],[-64.24656,44.26553],[-65.36406,43.54523],[-66.1234,43.61867],[-66.16173,44.46512],[-64.42549,45.29204],[-66.02605,45.25931],[-67.13741,45.13753],[-66.96466,44.8097],[-68.03252,44.3252],[-69.06,43.98],[-70.11617,43.68405],[-70.645476,43.090238],[-70.81489,42.8653],[-70.825,42.335],[-70.495,41.805],[-70.08,41.78],[-70.185,42.145],[-69.88497,41.92283],[-69.96503,41.63717],[-70.64,41.475],[-71.12039,41.49445],[-71.86,41.32],[-72.295,41.27],[-72.87643,41.22065],[-73.71,40.931102],[-72.24126,41.11948],[-71.945,40.93],[-73.345,40.63],[-73.982,40.628],[-73.952325,40.75075],[-74.25671,40.47351],[-73.96244,40.42763],[-74.17838,39.70926],[-74.90604,38.93954],[-74.98041,39.1964],[-75.20002,39.24845],[-75.52805,39.4985],[-75.32,38.96],[-75.071835,38.782032],[-75.05673,38.40412],[-75.37747,38.01551],[-75.94023,37.21689],[-76.03127,37.2566],[-75.72205,37.93705],[-76.23287,38.319215],[-76.35,39.15],[-76.542725,38.717615],[-76.32933,38.08326],[-76.989998,38.239992],[-76.30162,37.917945],[-76.25874,36.9664],[-75.9718,36.89726],[-75.86804,36.55125],[-75.72749,35.55074],[-76.36318,34.80854],[-77.397635,34.51201],[-78.05496,33.92547],[-78.55435,33.86133],[-79.06067,33.49395],[-79.20357,33.15839],[-80.301325,32.509355],[-80.86498,32.0333],[-81.33629,31.44049],[-81.49042,30.72999],[-81.31371,30.03552],[-80.98,29.18],[-80.535585,28.47213],[-80.53,28.04],[-80.056539,26.88],[-80.088015,26.205765],[-80.13156,25.816775],[-80.38103,25.20616],[-80.68,25.08],[-81.17213,25.20126],[-81.33,25.64],[-81.71,25.87],[-82.24,26.73],[-82.70515,27.49504],[-82.85526,27.88624],[-82.65,28.55],[-82.93,29.1],[-83.70959,29.93656],[-84.1,30.09],[-85.10882,29.63615],[-85.28784,29.68612],[-85.7731,30.15261],[-86.4,30.4],[-87.53036,30.27433],[-88.41782,30.3849],[-89.18049,30.31598],[-89.593831,30.159994],[-89.413735,29.89419],[-89.43,29.48864],[-89.21767,29.29108],[-89.40823,29.15961],[-89.77928,29.30714],[-90.15463,29.11743],[-90.880225,29.148535],[-91.626785,29.677],[-92.49906,29.5523],[-93.22637,29.78375],[-93.84842,29.71363],[-94.69,29.48],[-95.60026,28.73863],[-96.59404,28.30748],[-97.14,27.83],[-97.37,27.38],[-97.38,26.69],[-97.33,26.21],[-97.14,25.87],[-97.53,25.84],[-97.140008,25.869997],[-97.528072,24.992144],[-97.702946,24.272343],[-97.776042,22.93258],[-97.872367,22.444212],[-97.699044,21.898689],[-97.38896,21.411019],[-97.189333,20.635433],[-96.525576,19.890931],[-96.292127,19.320371],[-95.900885,18.828024],[-94.839063,18.562717],[-94.42573,18.144371],[-93.548651,18.423837],[-92.786114,18.524839],[-92.037348,18.704569],[-91.407903,18.876083],[-90.77187,19.28412],[-90.53359,19.867418],[-90.451476,20.707522],[-90.278618,20.999855],[-89.601321,21.261726],[-88.543866,21.493675],[-87.658417,21.458846],[-87.05189,21.543543],[-86.811982,21.331515],[-86.845908,20.849865],[-87.383291,20.255405],[-87.621054,19.646553],[-87.43675,19.472403],[-87.58656,19.04013],[-87.837191,18.259816],[-88.090664,18.516648],[-88.300031,18.499982],[-88.296336,18.353273],[-88.106813,18.348674],[-88.123479,18.076675],[-88.285355,17.644143],[-88.197867,17.489475],[-88.302641,17.131694],[-88.239518,17.036066],[-88.355428,16.530774],[-88.551825,16.265467],[-88.732434,16.233635],[-88.930613,15.887273],[-88.604586,15.70638],[-88.518364,15.855389],[-88.225023,15.727722],[-88.121153,15.688655],[-87.901813,15.864458],[-87.61568,15.878799],[-87.522921,15.797279],[-87.367762,15.84694],[-86.903191,15.756713],[-86.440946,15.782835],[-86.119234,15.893449],[-86.001954,16.005406],[-85.683317,15.953652],[-85.444004,15.885749],[-85.182444,15.909158],[-84.983722,15.995923],[-84.52698,15.857224],[-84.368256,15.835158],[-84.063055,15.648244],[-83.773977,15.424072],[-83.410381,15.270903],[-83.147219,14.995829],[-83.233234,14.899866],[-83.284162,14.676624],[-83.182126,14.310703],[-83.4125,13.970078],[-83.519832,13.567699],[-83.552207,13.127054],[-83.498515,12.869292],[-83.473323,12.419087],[-83.626104,12.32085],[-83.719613,11.893124],[-83.650858,11.629032],[-83.85547,11.373311],[-83.808936,11.103044],[-83.655612,10.938764],[-83.40232,10.395438],[-83.015677,9.992982],[-82.546196,9.566135],[-82.187123,9.207449],[-82.207586,8.995575],[-81.808567,8.950617],[-81.714154,9.031955],[-81.439287,8.786234],[-80.947302,8.858504],[-80.521901,9.111072],[-79.9146,9.312765],[-79.573303,9.61161],[-79.021192,9.552931],[-79.05845,9.454565],[-78.500888,9.420459],[-78.055928,9.24773],[-77.729514,8.946844],[-77.353361,8.670505],[-76.836674,8.638749],[-76.086384,9.336821],[-75.6746,9.443248],[-75.664704,9.774003],[-75.480426,10.61899],[-74.906895,11.083045],[-74.276753,11.102036],[-74.197223,11.310473],[-73.414764,11.227015],[-72.627835,11.731972],[-72.238195,11.95555],[-71.75409,12.437303],[-71.399822,12.376041],[-71.137461,12.112982],[-71.331584,11.776284],[-71.360006,11.539994],[-71.94705,11.423282],[-71.620868,10.96946],[-71.633064,10.446494],[-72.074174,9.865651],[-71.695644,9.072263],[-71.264559,9.137195],[-71.039999,9.859993],[-71.350084,10.211935],[-71.400623,10.968969],[-70.155299,11.375482],[-70.293843,11.846822],[-69.943245,12.162307],[-69.5843,11.459611],[-68.882999,11.443385],[-68.233271,10.885744],[-68.194127,10.554653],[-67.296249,10.545868],[-66.227864,10.648627],[-65.655238,10.200799],[-64.890452,10.077215],[-64.329479,10.389599],[-64.318007,10.641418],[-63.079322,10.701724],[-61.880946,10.715625],[-62.730119,10.420269],[-62.388512,9.948204],[-61.588767,9.873067],[-60.830597,9.38134],[-60.671252,8.580174],[-60.150096,8.602757],[-59.758285,8.367035],[-59.101684,7.999202],[-58.482962,7.347691],[-58.454876,6.832787],[-58.078103,6.809094],[-57.542219,6.321268],[-57.147436,5.97315],[-55.949318,5.772878],[-55.84178,5.953125],[-55.03325,6.025291],[-53.958045,5.756548],[-53.618453,5.646529],[-52.882141,5.409851],[-51.823343,4.565768],[-51.657797,4.156232],[-51.317146,4.203491],[-51.069771,3.650398],[-50.508875,1.901564],[-49.974076,1.736483],[-49.947101,1.04619],[-50.699251,0.222984],[-50.388211,-0.078445],[-48.620567,-0.235489],[-48.584497,-1.237805],[-47.824956,-0.581618],[-46.566584,-0.941028],[-44.905703,-1.55174],[-44.417619,-2.13775],[-44.581589,-2.691308],[-43.418791,-2.38311],[-41.472657,-2.912018],[-39.978665,-2.873054],[-38.500383,-3.700652],[-37.223252,-4.820946],[-36.452937,-5.109404],[-35.597796,-5.149504],[-35.235389,-5.464937],[-34.89603,-6.738193],[-34.729993,-7.343221],[-35.128212,-8.996401],[-35.636967,-9.649282],[-37.046519,-11.040721],[-37.683612,-12.171195],[-38.423877,-13.038119],[-38.673887,-13.057652],[-38.953276,-13.79337],[-38.882298,-15.667054],[-39.161092,-17.208407],[-39.267339,-17.867746],[-39.583521,-18.262296],[-39.760823,-19.599113],[-40.774741,-20.904512],[-40.944756,-21.937317],[-41.754164,-22.370676],[-41.988284,-22.97007],[-43.074704,-22.967693],[-44.647812,-23.351959],[-45.352136,-23.796842],[-46.472093,-24.088969],[-47.648972,-24.885199],[-48.495458,-25.877025],[-48.641005,-26.623698],[-48.474736,-27.175912],[-48.66152,-28.186135],[-48.888457,-28.674115],[-49.587329,-29.224469],[-50.696874,-30.984465],[-51.576226,-31.777698],[-52.256081,-32.24537],[-52.7121,-33.196578],[-53.373662,-33.768378],[-53.806426,-34.396815],[-54.935866,-34.952647],[-55.67409,-34.752659],[-56.215297,-34.859836],[-57.139685,-34.430456],[-57.817861,-34.462547],[-58.427074,-33.909454],[-58.495442,-34.43149],[-57.22583,-35.288027],[-57.362359,-35.97739],[-56.737487,-36.413126],[-56.788285,-36.901572],[-57.749157,-38.183871],[-59.231857,-38.72022],[-61.237445,-38.928425],[-62.335957,-38.827707],[-62.125763,-39.424105],[-62.330531,-40.172586],[-62.145994,-40.676897],[-62.745803,-41.028761],[-63.770495,-41.166789],[-64.73209,-40.802677],[-65.118035,-41.064315],[-64.978561,-42.058001],[-64.303408,-42.359016],[-63.755948,-42.043687],[-63.458059,-42.563138],[-64.378804,-42.873558],[-65.181804,-43.495381],[-65.328823,-44.501366],[-65.565269,-45.036786],[-66.509966,-45.039628],[-67.293794,-45.551896],[-67.580546,-46.301773],[-66.597066,-47.033925],[-65.641027,-47.236135],[-65.985088,-48.133289],[-67.166179,-48.697337],[-67.816088,-49.869669],[-68.728745,-50.264218],[-69.138539,-50.73251],[-68.815561,-51.771104],[-68.149995,-52.349983],[-68.571545,-52.299444],[-69.461284,-52.291951],[-69.94278,-52.537931],[-70.845102,-52.899201],[-71.006332,-53.833252],[-71.429795,-53.856455],[-72.557943,-53.53141],[-73.702757,-52.835069],[-73.702757,-52.83507],[-74.946763,-52.262754],[-75.260026,-51.629355],[-74.976632,-51.043396],[-75.479754,-50.378372],[-75.608015,-48.673773],[-75.18277,-47.711919],[-74.126581,-46.939253],[-75.644395,-46.647643],[-74.692154,-45.763976],[-74.351709,-44.103044],[-73.240356,-44.454961],[-72.717804,-42.383356],[-73.3889,-42.117532],[-73.701336,-43.365776],[-74.331943,-43.224958],[-74.017957,-41.794813],[-73.677099,-39.942213],[-73.217593,-39.258689],[-73.505559,-38.282883],[-73.588061,-37.156285],[-73.166717,-37.12378],[-72.553137,-35.50884],[-71.861732,-33.909093],[-71.43845,-32.418899],[-71.668721,-30.920645],[-71.370083,-30.095682],[-71.489894,-28.861442],[-70.905124,-27.64038],[-70.724954,-25.705924],[-70.403966,-23.628997],[-70.091246,-21.393319],[-70.16442,-19.756468],[-70.372572,-18.347975],[-71.37525,-17.773799],[-71.462041,-17.363488],[-73.44453,-16.359363],[-75.237883,-15.265683],[-76.009205,-14.649286],[-76.423469,-13.823187],[-76.259242,-13.535039],[-77.106192,-12.222716],[-78.092153,-10.377712],[-79.036953,-8.386568],[-79.44592,-7.930833],[-79.760578,-7.194341],[-80.537482,-6.541668],[-81.249996,-6.136834],[-80.926347,-5.690557],[-81.410943,-4.736765],[-81.09967,-4.036394],[-80.302561,-3.404856],[-79.770293,-2.657512],[-79.986559,-2.220794],[-80.368784,-2.685159],[-80.967765,-2.246943],[-80.764806,-1.965048],[-80.933659,-1.057455],[-80.58337,-0.906663],[-80.399325,-0.283703],[-80.020898,0.36034],[-80.09061,0.768429],[-79.542762,0.982938],[-78.855259,1.380924],[-78.990935,1.69137],[-78.617831,1.766404],[-78.662118,2.267355],[-78.42761,2.629556],[-77.931543,2.696606],[-77.510431,3.325017],[-77.12769,3.849636],[-77.496272,4.087606],[-77.307601,4.667984],[-77.533221,5.582812],[-77.318815,5.845354],[-77.476661,6.691116],[-77.881571,7.223771],[-78.214936,7.512255],[-78.429161,8.052041],[-78.182096,8.319182],[-78.435465,8.387705]]],[[[-155.86108,20.26721],[-155.78505,20.2487],[-155.40214,20.07975],[-155.22452,19.99302],[-155.06226,19.8591],[-154.80741,19.50871],[-154.83147,19.45328],[-155.22217,19.23972],[-155.54211,19.08348],[-155.68817,18.91619],[-155.93665,19.05939],[-155.90806,19.33888],[-156.07347,19.70294],[-156.02368,19.81422],[-155.85008,19.97729],[-155.91907,20.17395],[-155.86108,20.26721]]],[[[-156.71055,20.92676],[-156.61258,21.01249],[-156.25711,20.91745],[-155.99566,20.76404],[-156.07926,20.64397],[-156.41445,20.57241],[-156.58673,20.783],[-156.70167,20.8643],[-156.71055,20.92676]]],[[[-156.78933,21.06873],[-157.32521,21.09777],[-157.25027,21.21958],[-156.75824,21.17684],[-156.78933,21.06873]]],[[[-158.12667,21.31244],[-158.2538,21.53919],[-158.29265,21.57912],[-158.0252,21.71696],[-157.94161,21.65272],[-157.65283,21.32217],[-157.70703,21.26442],[-157.7786,21.27729],[-158.12667,21.31244]]],[[[-159.80051,22.06533],[-159.74877,22.1382],[-159.5962,22.23618],[-159.36569,22.21494],[-159.34512,21.982],[-159.46372,21.88299],[-159.80051,22.06533]]],[[[-127.308581,50.552574],[-126.695001,50.400903],[-125.755007,50.295018],[-125.415002,49.950001],[-124.920768,49.475275],[-123.922509,49.062484],[-123.510002,48.510011],[-124.012891,48.370846],[-125.655013,48.825005],[-125.954994,49.179996],[-126.850004,49.53],[-127.029993,49.814996],[-128.059336,49.994959],[-128.444584,50.539138],[-128.358414,50.770648],[-127.308581,50.552574]]],[[[-133.180004,54.169975],[-132.710008,54.040009],[-131.74999,54.120004],[-132.04948,52.984621],[-131.179043,52.180433],[-131.57783,52.182371],[-132.180428,52.639707],[-132.549992,53.100015],[-133.054611,53.411469],[-133.239664,53.85108],[-133.180004,54.169975]]],[[[-154.516403,56.992749],[-154.670993,57.461196],[-153.76278,57.816575],[-153.228729,57.968968],[-152.564791,57.901427],[-152.141147,57.591059],[-153.006314,57.115842],[-154.00509,56.734677],[-154.516403,56.992749]]],[[[-165.579164,59.909987],[-166.19277,59.754441],[-166.848337,59.941406],[-167.455277,60.213069],[-166.467792,60.38417],[-165.67443,60.293607],[-165.579164,59.909987]]],[[[-79.52002,62.36371],[-79.26582,62.158675],[-79.65752,61.63308],[-80.09956,61.7181],[-80.36215,62.01649],[-80.315395,62.085565],[-79.92939,62.3856],[-79.52002,62.36371]]],[[[-83.06857,62.15922],[-83.77462,62.18231],[-83.99367,62.4528],[-83.25048,62.91409],[-81.87699,62.90458],[-81.89825,62.7108],[-83.06857,62.15922]]],[[[-170.491112,63.694975],[-169.682505,63.431116],[-168.689439,63.297506],[-168.771941,63.188598],[-169.52944,62.976931],[-170.290556,63.194438],[-170.671386,63.375822],[-171.553063,63.317789],[-171.791111,63.405846],[-171.731657,63.782515],[-171.114434,63.592191],[-170.491112,63.694975]]],[[[-84.100417,63.569712],[-85.523405,63.052379],[-85.866769,63.637253],[-87.221983,63.541238],[-86.35276,64.035833],[-86.224886,64.822917],[-85.883848,65.738778],[-85.161308,65.657285],[-84.975764,65.217518],[-84.464012,65.371772],[-83.882626,65.109618],[-82.787577,64.766693],[-81.642014,64.455136],[-81.55344,63.979609],[-80.817361,64.057486],[-80.103451,63.725981],[-80.99102,63.411246],[-82.547178,63.651722],[-83.108798,64.101876],[-84.100417,63.569712]]],[[[-172.95533,64.25269],[-173.89184,64.2826],[-174.65392,64.63125],[-175.98353,64.92288],[-176.20716,65.35667],[-177.22266,65.52024],[-178.35993,65.39052],[-178.90332,65.74044],[-178.68611,66.11211],[-179.88377,65.87456],[-179.43268,65.40411],[-180.0,64.979709],[-180.0,68.963636],[-177.55,68.2],[-174.92825,67.20589],[-175.01425,66.58435],[-174.33983,66.33556],[-174.57182,67.06219],[-171.85731,66.91308],[-169.89958,65.97724],[-170.89107,65.54139],[-172.53025,65.43791],[-172.555,64.46079],[-172.95533,64.25269]]],[[[-96.557401,69.68003],[-96.257401,69.49003],[-95.647681,69.10769],[-96.269521,68.75704],[-97.617401,69.06003],[-98.431801,68.9507],[-99.797401,69.40003],[-98.917401,69.71003],[-98.218261,70.14354],[-97.157401,69.86003],[-96.557401,69.68003]]],[[[-102.43024,68.75282],[-104.24,68.91],[-105.96,69.18],[-107.12254,69.11922],[-109.0,68.78],[-111.534149,68.630059],[-113.3132,68.53554],[-113.85496,69.00744],[-115.22,69.28],[-116.10794,69.16821],[-117.34,69.96],[-116.67473,70.06655],[-115.13112,70.2373],[-113.72141,70.19237],[-112.4161,70.36638],[-114.35,70.6],[-116.48684,70.52045],[-117.9048,70.54056],[-118.43238,70.9092],[-116.11311,71.30918],[-117.65568,71.2952],[-119.40199,71.55859],[-118.56267,72.30785],[-117.86642,72.70594],[-115.18909,73.31459],[-114.16717,73.12145],[-114.66634,72.65277],[-112.44102,72.9554],[-111.05039,72.4504],[-109.92035,72.96113],[-109.00654,72.63335],[-108.18835,71.65089],[-107.68599,72.06548],[-108.39639,73.08953],[-107.51645,73.23598],[-106.52259,73.07601],[-105.40246,72.67259],[-104.77484,71.6984],[-104.46476,70.99297],[-102.78537,70.49776],[-100.98078,70.02432],[-101.08929,69.58447],[-102.73116,69.50402],[-102.09329,69.11962],[-102.43024,68.75282]]],[[[-180.0,71.515714],[-179.871875,71.55762],[-179.02433,71.55553],[-177.577945,71.26948],[-177.663575,71.13277],[-178.69378,70.89302],[-180.0,70.832199],[-180.0,71.515714]]],[[[-99.32286,71.35639],[-100.01482,71.73827],[-102.5,72.51],[-102.48,72.83],[-100.43836,72.70588],[-101.54,73.36],[-100.35642,73.84389],[-99.16387,73.63339],[-97.38,73.76],[-97.12,73.47],[-98.05359,72.99052],[-96.54,72.56],[-96.72,71.66],[-98.35966,71.27285],[-99.32286,71.35639]]],[[[-123.62,71.34],[-125.928949,71.868688],[-125.5,72.292261],[-124.80729,73.02256],[-123.94,73.68],[-124.91775,74.29275],[-121.53788,74.44893],[-120.10978,74.24135],[-117.55564,74.18577],[-116.58442,73.89607],[-115.51081,73.47519],[-116.76794,73.22292],[-119.22,72.52],[-120.46,71.82],[-120.46,71.383602],[-123.09219,70.90164],[-123.62,71.34]]],[[[-95.495793,73.862417],[-94.503658,74.134907],[-92.420012,74.100025],[-90.509793,73.856732],[-92.003965,72.966244],[-93.196296,72.771992],[-94.269047,72.024596],[-95.409856,72.061881],[-96.033745,72.940277],[-96.018268,73.43743],[-95.495793,73.862417]]],[[[-106.94,73.46],[-106.6,73.6],[-105.26,73.64],[-104.5,73.42],[-105.38,72.76],[-106.94,73.46]]],[[[-95.608681,74.666864],[-96.820932,74.927623],[-96.288587,75.377828],[-94.85082,75.647218],[-93.977747,75.29649],[-93.612756,74.979997],[-94.156909,74.592347],[-95.608681,74.666864]]],[[[-111.79421,75.1625],[-116.31221,75.04343],[-117.7104,75.2222],[-116.34602,76.19903],[-115.40487,76.47887],[-112.59056,76.14134],[-110.81422,75.54919],[-109.0671,75.47321],[-110.49726,76.42982],[-109.5811,76.79417],[-108.54859,76.67832],[-108.21141,76.20168],[-107.81943,75.84552],[-106.92893,76.01282],[-105.881,75.9694],[-105.70498,75.47951],[-106.31347,75.00527],[-109.7,74.85],[-112.22307,74.41696],[-113.74381,74.39427],[-113.87135,74.72029],[-111.79421,75.1625]]],[[[-94.684086,77.097878],[-93.573921,76.776296],[-91.605023,76.778518],[-90.741846,76.449597],[-90.969661,76.074013],[-89.822238,75.847774],[-89.187083,75.610166],[-87.838276,75.566189],[-86.379192,75.482421],[-84.789625,75.699204],[-82.753445,75.784315],[-81.128531,75.713983],[-80.057511,75.336849],[-79.833933,74.923127],[-80.457771,74.657304],[-81.948843,74.442459],[-83.228894,74.564028],[-86.097452,74.410032],[-88.15035,74.392307],[-89.764722,74.515555],[-92.422441,74.837758],[-92.768285,75.38682],[-92.889906,75.882655],[-93.893824,76.319244],[-95.962457,76.441381],[-97.121379,76.751078],[-96.745123,77.161389],[-94.684086,77.097878]]],[[[-101.48973,76.30537],[-99.98349,76.64634],[-98.57699,76.58859],[-98.5,76.72],[-97.735585,76.25656],[-97.704415,75.74344],[-98.16,75.0],[-99.80874,74.89744],[-100.88366,75.05736],[-100.86292,75.64075],[-102.50209,75.5638],[-102.56552,76.3366],[-101.48973,76.30537]]],[[[-119.899318,76.053213],[-121.499995,75.900019],[-122.854924,76.116543],[-122.854925,76.116543],[-121.157535,76.864508],[-119.103939,77.51222],[-117.570131,77.498319],[-116.198587,77.645287],[-116.335813,76.876962],[-117.106051,76.530032],[-118.040412,76.481172],[-119.899318,76.053213]]],[[[-94.422577,77.820005],[-93.720656,77.634331],[-93.840003,77.519997],[-94.295608,77.491343],[-96.169654,77.555111],[-96.436304,77.834629],[-94.422577,77.820005]]],[[[-113.534279,77.732207],[-112.724587,78.05105],[-111.264443,78.152956],[-109.854452,77.996325],[-110.186938,77.697015],[-112.051191,77.409229],[-113.534279,77.732207]]],[[[-95.559278,78.418315],[-95.830295,78.056941],[-97.309843,77.850597],[-98.124289,78.082857],[-98.552868,78.458105],[-98.631984,78.87193],[-97.337231,78.831984],[-96.754399,78.765813],[-95.559278,78.418315]]],[[[-105.41958,78.918336],[-105.492289,79.301594],[-103.529282,79.165349],[-100.825158,78.800462],[-100.060192,78.324754],[-99.670939,77.907545],[-101.30394,78.018985],[-102.949809,78.343229],[-105.176133,78.380332],[-104.210429,78.67742],[-105.41958,78.918336]]],[[[-112.542091,78.407902],[-112.525891,78.550555],[-111.50001,78.849994],[-110.963661,78.804441],[-109.663146,78.601973],[-110.881314,78.40692],[-112.542091,78.407902]]],[[[-85.81435,79.3369],[-87.18756,79.0393],[-89.03535,78.28723],[-90.80436,78.21533],[-92.87669,78.34333],[-93.95116,78.75099],[-93.93574,79.11373],[-93.14524,79.3801],[-94.974,79.37248],[-96.07614,79.70502],[-96.70972,80.15777],[-96.01644,80.60233],[-95.32345,80.90729],[-94.29843,80.97727],[-94.73542,81.20646],[-92.40984,81.25739],[-91.13289,80.72345],[-89.45,80.509322],[-87.81,80.32],[-87.02,79.66],[-85.81435,79.3369]]],[[[-64.488125,-80.921934],[-65.741666,-80.588827],[-65.741666,-80.549657],[-66.290031,-80.255773],[-64.037688,-80.294944],[-61.883246,-80.39287],[-61.138976,-79.981371],[-60.610119,-79.628679],[-59.572095,-80.040179],[-59.865849,-80.549657],[-60.159656,-81.000327],[-62.255393,-80.863178],[-64.488125,-80.921934]]],[[[-46.506174,-80.594357],[-48.386421,-80.829485],[-50.482107,-81.025442],[-52.851988,-80.966685],[-54.164259,-80.633528],[-53.987991,-80.222028],[-51.853134,-79.94773],[-50.991326,-79.614623],[-50.364595,-79.183487],[-49.914131,-78.811209],[-49.306959,-78.458569],[-48.660616,-78.047018],[-48.660616,-78.047019],[-48.151396,-78.04707],[-46.662857,-77.831476],[-45.154758,-78.04707],[-43.920828,-78.478103],[-43.48995,-79.08556],[-43.372438,-79.516645],[-43.333267,-80.026123],[-44.880537,-80.339644],[-46.506174,-80.594357]]],[[[-69.724447,-69.251017],[-69.489422,-69.623346],[-69.058518,-70.074016],[-68.725541,-70.505153],[-68.451346,-70.955823],[-68.333834,-71.406493],[-68.510128,-71.798407],[-68.784297,-72.170736],[-69.959471,-72.307885],[-71.075889,-72.503842],[-72.388134,-72.484257],[-71.8985,-72.092343],[-73.073622,-72.229492],[-74.19004,-72.366693],[-74.953895,-72.072757],[-75.012625,-71.661258],[-73.915819,-71.269345],[-73.915819,-71.269344],[-73.230331,-71.15178],[-72.074717,-71.190951],[-71.780962,-70.681473],[-71.72218,-70.309196],[-71.741791,-69.505782],[-71.173815,-69.035475],[-70.253252,-68.87874],[-69.724447,-69.251017]]],[[[-73.8381,-53.04743],[-72.43418,-53.7154],[-71.10773,-54.07433],[-70.59178,-53.61583],[-70.26748,-52.93123],[-69.34565,-52.5183],[-68.63401,-52.63637],[-68.25,-53.1],[-67.75,-53.85],[-66.45,-54.45],[-65.05,-54.7],[-65.5,-55.2],[-66.45,-55.25],[-66.95992,-54.89681],[-67.29103,-55.30124],[-68.14863,-55.61183],[-68.639991,-55.580018],[-69.2321,-55.49906],[-69.95809,-55.19843],[-71.00568,-55.05383],[-72.2639,-54.49514],[-73.2852,-53.95752],[-74.66253,-52.83749],[-73.8381,-53.04743]]],[[[-61.2,-51.85],[-60.0,-51.25],[-59.15,-51.5],[-58.55,-51.1],[-57.75,-51.55],[-58.05,-51.9],[-59.4,-52.2],[-59.85,-51.85],[-60.7,-52.3],[-61.2,-51.85]]],[[[-9.91342,5.593561],[-10.765384,6.140711],[-11.438779,6.785917],[-11.708195,6.860098],[-12.428099,7.262942],[-12.949049,7.798646],[-13.124025,8.163946],[-13.24655,8.903049],[-13.685154,9.494744],[-14.074045,9.886167],[-14.330076,10.01572],[-14.579699,10.214467],[-14.693232,10.656301],[-14.839554,10.876572],[-15.130311,11.040412],[-15.66418,11.458474],[-16.085214,11.524594],[-16.314787,11.806515],[-16.308947,11.958702],[-16.613838,12.170911],[-16.677452,12.384852],[-16.841525,13.151394],[-16.713729,13.594959],[-17.126107,14.373516],[-17.625043,14.729541],[-17.185173,14.919477],[-16.700706,15.621527],[-16.463098,16.135036],[-16.549708,16.673892],[-16.270552,17.166963],[-16.146347,18.108482],[-16.256883,19.096716],[-16.377651,19.593817],[-16.277838,20.092521],[-16.536324,20.567866],[-17.063423,20.999752],[-17.020428,21.42231],[-16.973248,21.885745],[-16.589137,22.158234],[-16.261922,22.67934],[-16.326414,23.017768],[-15.982611,23.723358],[-15.426004,24.359134],[-15.089332,24.520261],[-14.824645,25.103533],[-14.800926,25.636265],[-14.43994,26.254418],[-13.773805,26.618892],[-13.139942,27.640148],[-13.121613,27.654148],[-12.618837,28.038186],[-11.688919,28.148644],[-10.900957,28.832142],[-10.399592,29.098586],[-9.564811,29.933574],[-9.814718,31.177736],[-9.434793,32.038096],[-9.300693,32.564679],[-8.657476,33.240245],[-7.654178,33.697065],[-6.912544,34.110476],[-6.244342,35.145865],[-5.929994,35.759988],[-5.193863,35.755182],[-4.591006,35.330712],[-3.640057,35.399855],[-2.604306,35.179093],[-2.169914,35.168396],[-1.208603,35.714849],[-0.127454,35.888662],[0.503877,36.301273],[1.466919,36.605647],[3.161699,36.783905],[4.815758,36.865037],[5.32012,36.716519],[6.26182,37.110655],[7.330385,37.118381],[7.737078,36.885708],[8.420964,36.946427],[9.509994,37.349994],[10.210002,37.230002],[10.18065,36.724038],[11.028867,37.092103],[11.100026,36.899996],[10.600005,36.41],[10.593287,35.947444],[10.939519,35.698984],[10.807847,34.833507],[10.149593,34.330773],[10.339659,33.785742],[10.856836,33.76874],[11.108501,33.293343],[11.488787,33.136996],[12.66331,32.79278],[13.08326,32.87882],[13.91868,32.71196],[15.24563,32.26508],[15.71394,31.37626],[16.61162,31.18218],[18.02109,30.76357],[19.08641,30.26639],[19.57404,30.52582],[20.05335,30.98576],[19.82033,31.75179],[20.13397,32.2382],[20.85452,32.7068],[21.54298,32.8432],[22.89576,32.63858],[23.2368,32.19149],[23.60913,32.18726],[23.9275,32.01667],[24.92114,31.89936],[25.16482,31.56915],[26.49533,31.58568],[27.45762,31.32126],[28.45048,31.02577],[28.91353,30.87005],[29.68342,31.18686],[30.09503,31.4734],[30.97693,31.55586],[31.68796,31.4296],[31.96041,30.9336],[32.19247,31.26034],[32.99392,31.02407],[33.7734,30.96746],[34.265435,31.219357],[34.265433,31.219361],[34.556372,31.548824],[34.488107,31.605539],[34.752587,32.072926],[34.955417,32.827376],[35.098457,33.080539],[35.126053,33.0909],[35.482207,33.90545],[35.979592,34.610058],[35.998403,34.644914],[35.905023,35.410009],[36.149763,35.821535],[35.782085,36.274995],[36.160822,36.650606],[35.550936,36.565443],[34.714553,36.795532],[34.026895,36.21996],[32.509158,36.107564],[31.699595,36.644275],[30.621625,36.677865],[30.391096,36.262981],[29.699976,36.144357],[28.732903,36.676831],[27.641187,36.658822],[27.048768,37.653361],[26.318218,38.208133],[26.8047,38.98576],[26.170785,39.463612],[27.28002,40.420014],[28.819978,40.460011],[29.240004,41.219991],[31.145934,41.087622],[32.347979,41.736264],[33.513283,42.01896],[35.167704,42.040225],[36.913127,41.335358],[38.347665,40.948586],[39.512607,41.102763],[40.373433,41.013673],[41.554084,41.535656],[41.703171,41.962943],[41.45347,42.645123],[40.875469,43.013628],[40.321394,43.128634],[39.955009,43.434998],[38.68,44.28],[37.53912,44.65721],[36.67546,45.24469],[37.40317,45.40451],[38.23295,46.24087],[37.67372,46.63657],[39.14767,47.04475],[39.1212,47.26336],[38.223538,47.10219],[37.425137,47.022221],[36.759855,46.6987],[35.823685,46.645964],[34.962342,46.273197],[35.012659,45.737725],[35.020788,45.651219],[35.510009,45.409993],[36.529998,45.46999],[36.334713,45.113216],[35.239999,44.939996],[33.882511,44.361479],[33.326421,44.564877],[33.546924,45.034771],[32.454174,45.327466],[32.630804,45.519186],[33.588162,45.851569],[33.435988,45.971917],[33.298567,46.080598],[31.74414,46.333348],[31.675307,46.706245],[30.748749,46.5831],[30.377609,46.03241],[29.603289,45.293308],[29.626543,45.035391],[29.141612,44.82021],[28.837858,44.913874],[28.558081,43.707462],[28.039095,43.293172],[27.673898,42.577892],[27.99672,42.007359],[28.115525,41.622886],[28.988443,41.299934],[28.806438,41.054962],[27.619017,40.999823],[27.192377,40.690566],[26.358009,40.151994],[26.043351,40.617754],[26.056942,40.824123],[25.447677,40.852545],[24.925848,40.947062],[23.714811,40.687129],[24.407999,40.124993],[23.899968,39.962006],[23.342999,39.960998],[22.813988,40.476005],[22.626299,40.256561],[22.849748,39.659311],[23.350027,39.190011],[22.973099,38.970903],[23.530016,38.510001],[24.025025,38.219993],[24.040011,37.655015],[23.115003,37.920011],[23.409972,37.409991],[22.774972,37.30501],[23.154225,36.422506],[22.490028,36.41],[21.670026,36.844986],[21.295011,37.644989],[21.120034,38.310323],[20.730032,38.769985],[20.217712,39.340235],[20.150016,39.624998],[19.98,39.694993],[19.960002,39.915006],[19.406082,40.250773],[19.319059,40.72723],[19.40355,41.409566],[19.540027,41.719986],[19.371769,41.877548],[19.371768,41.877551],[19.16246,41.95502],[18.88214,42.28151],[18.450017,42.479992],[18.450016,42.479991],[17.50997,42.849995],[16.930006,43.209998],[16.015385,43.507215],[15.174454,44.243191],[15.37625,44.317915],[14.920309,44.738484],[14.901602,45.07606],[14.258748,45.233777],[13.952255,44.802124],[13.656976,45.136935],[13.679403,45.484149],[13.71506,45.500324],[13.93763,45.591016],[13.141606,45.736692],[12.328581,45.381778],[12.383875,44.885374],[12.261453,44.600482],[12.589237,44.091366],[13.526906,43.587727],[14.029821,42.761008],[15.14257,41.95514],[15.926191,41.961315],[16.169897,41.740295],[15.889346,41.541082],[16.785002,41.179606],[17.519169,40.877143],[18.376687,40.355625],[18.480247,40.168866],[18.293385,39.810774],[17.73838,40.277671],[16.869596,40.442235],[16.448743,39.795401],[17.17149,39.4247],[17.052841,38.902871],[16.635088,38.843572],[16.100961,37.985899],[15.684087,37.908849],[15.687963,38.214593],[15.891981,38.750942],[16.109332,38.964547],[15.718814,39.544072],[15.413613,40.048357],[14.998496,40.172949],[14.703268,40.60455],[14.060672,40.786348],[13.627985,41.188287],[12.888082,41.25309],[12.106683,41.704535],[11.191906,42.355425],[10.511948,42.931463],[10.200029,43.920007],[9.702488,44.036279],[8.888946,44.366336],[8.428561,44.231228],[7.850767,43.767148],[7.435185,43.693845],[6.529245,43.128892],[4.556963,43.399651],[3.100411,43.075201],[2.985999,42.473015],[3.039484,41.89212],[2.091842,41.226089],[0.810525,41.014732],[0.721331,40.678318],[0.106692,40.123934],[-0.278711,39.309978],[0.111291,38.738514],[-0.467124,38.292366],[-0.683389,37.642354],[-1.438382,37.443064],[-2.146453,36.674144],[-3.415781,36.6589],[-4.368901,36.677839],[-4.995219,36.324708],[-5.37716,35.94685],[-5.866432,36.029817],[-6.236694,36.367677],[-6.520191,36.942913],[-7.453726,37.097788],[-7.855613,36.838269],[-8.382816,36.97888],[-8.898857,36.868809],[-8.746101,37.651346],[-8.839998,38.266243],[-9.287464,38.358486],[-9.526571,38.737429],[-9.446989,39.392066],[-9.048305,39.755093],[-8.977353,40.159306],[-8.768684,40.760639],[-8.790853,41.184334],[-8.990789,41.543459],[-9.034818,41.880571],[-8.984433,42.592775],[-9.392884,43.026625],[-7.97819,43.748338],[-6.754492,43.567909],[-5.411886,43.57424],[-4.347843,43.403449],[-3.517532,43.455901],[-1.901351,43.422802],[-1.384225,44.02261],[-1.193798,46.014918],[-2.225724,47.064363],[-2.963276,47.570327],[-4.491555,47.954954],[-4.59235,48.68416],[-3.295814,48.901692],[-1.616511,48.644421],[-1.933494,49.776342],[-0.989469,49.347376],[1.338761,50.127173],[1.639001,50.946606],[2.513573,51.148506],[3.314971,51.345781],[3.315011,51.345777],[3.830289,51.620545],[4.705997,53.091798],[6.074183,53.510403],[6.90514,53.482162],[7.100425,53.693932],[7.936239,53.748296],[8.121706,53.527792],[8.800734,54.020786],[8.572118,54.395646],[8.526229,54.962744],[8.120311,55.517723],[8.089977,56.540012],[8.256582,56.809969],[8.543438,57.110003],[9.424469,57.172066],[9.775559,57.447941],[10.580006,57.730017],[10.546106,57.215733],[10.25,56.890016],[10.369993,56.609982],[10.912182,56.458621],[10.667804,56.081383],[10.369993,56.190007],[9.649985,55.469999],[9.921906,54.983104],[9.93958,54.596642],[10.950112,54.363607],[10.939467,54.008693],[11.956252,54.196486],[12.51844,54.470371],[13.647467,54.075511],[14.119686,53.757029],[14.8029,54.050706],[16.363477,54.513159],[17.622832,54.851536],[18.620859,54.682606],[18.696255,54.438719],[19.66064,54.426084],[19.888481,54.86616],[21.268449,55.190482],[21.0558,56.031076],[21.090424,56.783873],[21.581866,57.411871],[22.524341,57.753374],[23.318453,57.006236],[24.12073,57.025693],[24.312863,57.793424],[24.428928,58.383413],[24.061198,58.257375],[23.42656,58.612753],[23.339795,59.18724],[24.604214,59.465854],[25.864189,59.61109],[26.949136,59.445803],[27.981114,59.475388],[27.981127,59.475373],[29.1177,60.02805],[28.070002,60.503519],[28.069998,60.503517],[26.255173,60.423961],[24.496624,60.057316],[22.869695,59.846373],[22.290764,60.391921],[21.322244,60.72017],[21.544866,61.705329],[21.059211,62.607393],[21.536029,63.189735],[22.442744,63.81781],[24.730512,64.902344],[25.398068,65.111427],[25.294043,65.534346],[23.903379,66.006927],[22.183173,65.723741],[21.213517,65.026005],[21.369631,64.413588],[19.778876,63.609554],[17.847779,62.7494],[17.119555,61.341166],[17.831346,60.636583],[18.787722,60.081914],[17.869225,58.953766],[16.829185,58.719827],[16.44771,57.041118],[15.879786,56.104302],[14.666681,56.200885],[14.100721,55.407781],[12.942911,55.361737],[12.625101,56.30708],[11.787942,57.441817],[11.027369,58.856149],[10.356557,59.469807],[8.382,58.313288],[7.048748,58.078884],[5.665835,58.588155],[5.308234,59.663232],[4.992078,61.970998],[5.9129,62.614473],[8.553411,63.454008],[10.527709,64.486038],[12.358347,65.879726],[14.761146,67.810642],[16.435927,68.563205],[19.184028,69.817444],[21.378416,70.255169],[23.023742,70.202072],[24.546543,71.030497],[26.37005,70.986262],[28.165547,71.185474],[31.293418,70.453788],[30.005435,70.186259],[31.101042,69.558101],[31.10108,69.55811],[32.13272,69.90595],[33.77547,69.30142],[36.51396,69.06342],[40.29234,67.9324],[41.05987,67.45713],[41.12595,66.79158],[40.01583,66.26618],[38.38295,65.99953],[33.91871,66.75961],[33.18444,66.63253],[34.81477,65.90015],[34.878574,65.436213],[34.94391,64.41437],[36.23129,64.10945],[37.01273,63.84983],[37.14197,64.33471],[36.539579,64.76446],[37.17604,65.14322],[39.59345,64.52079],[40.4356,64.76446],[39.7626,65.49682],[42.09309,66.47623],[43.01604,66.41858],[43.94975,66.06908],[44.53226,66.75634],[43.69839,67.35245],[44.18795,67.95051],[43.45282,68.57079],[46.25,68.25],[46.82134,67.68997],[45.55517,67.56652],[45.56202,67.01005],[46.34915,66.66767],[47.89416,66.88455],[48.13876,67.52238],[50.22766,67.99867],[53.71743,68.85738],[54.47171,68.80815],[53.48582,68.20131],[54.72628,68.09702],[55.44268,68.43866],[57.31702,68.46628],[58.802,68.88082],[59.94142,68.27844],[61.07784,68.94069],[60.03,69.52],[60.55,69.85],[63.504,69.54739],[64.888115,69.234835],[68.51216,68.09233],[69.18068,68.61563],[68.16444,69.14436],[68.13522,69.35649],[66.93008,69.45461],[67.25976,69.92873],[66.72492,70.70889],[66.69466,71.02897],[68.54006,71.9345],[69.19636,72.84336],[69.94,73.04],[72.58754,72.77629],[72.79603,72.22006],[71.84811,71.40898],[72.47011,71.09019],[72.79188,70.39114],[72.5647,69.02085],[73.66787,68.4079],[73.2387,67.7404],[71.28,66.32],[72.42301,66.17267],[72.82077,66.53267],[73.92099,66.78946],[74.18651,67.28429],[75.052,67.76047],[74.46926,68.32899],[74.93584,68.98918],[73.84236,69.07146],[73.60187,69.62763],[74.3998,70.63175],[73.1011,71.44717],[74.89082,72.12119],[74.65926,72.83227],[75.15801,72.85497],[75.68351,72.30056],[75.28898,71.33556],[76.35911,71.15287],[75.90313,71.87401],[77.57665,72.26717],[79.65202,72.32011],[81.5,71.75],[80.61071,72.58285],[80.51109,73.6482],[82.25,73.85],[84.65526,73.80591],[86.8223,73.93688],[86.00956,74.45967],[87.16682,75.11643],[88.31571,75.14393],[90.26,75.64],[92.90058,75.77333],[93.23421,76.0472],[95.86,76.14],[96.67821,75.91548],[98.92254,76.44689],[100.75967,76.43028],[101.03532,76.86189],[101.99084,77.28754],[104.3516,77.69792],[106.06664,77.37389],[104.705,77.1274],[106.97013,76.97419],[107.24,76.48],[108.1538,76.72335],[111.07726,76.71],[113.33151,76.22224],[114.13417,75.84764],[113.88539,75.32779],[112.77918,75.03186],[110.15125,74.47673],[109.4,74.18],[110.64,74.04],[112.11919,73.78774],[113.01954,73.97693],[113.52958,73.33505],[113.96881,73.59488],[115.56782,73.75285],[118.77633,73.58772],[119.02,73.12],[123.20066,72.97122],[123.25777,73.73503],[125.38,73.56],[126.97644,73.56549],[128.59126,73.03871],[129.05157,72.39872],[128.46,71.98],[129.71599,71.19304],[131.28858,70.78699],[132.2535,71.8363],[133.85766,71.38642],[135.56193,71.65525],[137.49755,71.34763],[138.23409,71.62803],[139.86983,71.48783],[139.14791,72.41619],[140.46817,72.84941],[149.5,72.2],[150.35118,71.60643],[152.9689,70.84222],[157.00688,71.03141],[158.99779,70.86672],[159.83031,70.45324],[159.70866,69.72198],[160.94053,69.43728],[162.27907,69.64204],[164.05248,69.66823],[165.94037,69.47199],[167.83567,69.58269],[169.57763,68.6938],[170.81688,69.01363],[170.0082,69.65276],[170.45345,70.09703],[173.64391,69.81743],[175.72403,69.87725],[178.6,69.4],[180.0,68.963636],[180.0,64.979709],[179.99281,64.97433],[178.7072,64.53493],[177.41128,64.60821],[178.313,64.07593],[178.90825,63.25197],[179.37034,62.98262],[179.48636,62.56894],[179.22825,62.3041],[177.3643,62.5219],[174.56929,61.76915],[173.68013,61.65261],[172.15,60.95],[170.6985,60.33618],[170.33085,59.88177],[168.90046,60.57355],[166.29498,59.78855],[165.84,60.16],[164.87674,59.7316],[163.53929,59.86871],[163.21711,59.21101],[162.01733,58.24328],[162.05297,57.83912],[163.19191,57.61503],[163.05794,56.15924],[162.12958,56.12219],[161.70146,55.28568],[162.11749,54.85514],[160.36877,54.34433],[160.02173,53.20257],[158.53094,52.95868],[158.23118,51.94269],[156.78979,51.01105],[156.42,51.7],[155.99182,53.15895],[155.43366,55.38103],[155.91442,56.76792],[156.75815,57.3647],[156.81035,57.83204],[158.36433,58.05575],[160.15064,59.31477],[161.87204,60.343],[163.66969,61.1409],[164.47355,62.55061],[163.25842,62.46627],[162.65791,61.6425],[160.12148,60.54423],[159.30232,61.77396],[156.72068,61.43442],[154.21806,59.75818],[155.04375,59.14495],[152.81185,58.88385],[151.26573,58.78089],[151.33815,59.50396],[149.78371,59.65573],[148.54481,59.16448],[145.48722,59.33637],[142.19782,59.03998],[138.95848,57.08805],[135.12619,54.72959],[136.70171,54.60355],[137.19342,53.97732],[138.1647,53.75501],[138.80463,54.25455],[139.90151,54.18968],[141.34531,53.08957],[141.37923,52.23877],[140.59742,51.23967],[140.51308,50.04553],[140.06193,48.44671],[138.55472,46.99965],[138.21971,46.30795],[136.86232,45.1435],[135.51535,43.989],[134.86939,43.39821],[133.53687,42.81147],[132.90627,42.79849],[132.27807,43.28456],[130.93587,42.55274],[130.780005,42.22001],[130.780007,42.220007],[130.780004,42.220008],[130.78,42.22],[130.779992,42.22001],[130.400031,42.280004],[129.965949,41.941368],[129.667362,41.601104],[129.705189,40.882828],[129.188115,40.661808],[129.0104,40.485436],[128.633368,40.189847],[127.967414,40.025413],[127.533436,39.75685],[127.50212,39.323931],[127.385434,39.213472],[127.783343,39.050898],[128.349716,38.612243],[129.21292,37.432392],[129.46045,36.784189],[129.468304,35.632141],[129.091377,35.082484],[128.18585,34.890377],[127.386519,34.475674],[126.485748,34.390046],[126.37392,34.93456],[126.559231,35.684541],[126.117398,36.725485],[126.860143,36.893924],[126.174759,37.749686],[125.689104,37.94001],[125.568439,37.752089],[125.27533,37.669071],[125.240087,37.857224],[124.981033,37.948821],[124.712161,38.108346],[124.985994,38.548474],[125.221949,38.665857],[125.132859,38.848559],[125.38659,39.387958],[125.321116,39.551385],[124.737482,39.660344],[124.265625,39.928493],[122.86757,39.637788],[122.131388,39.170452],[121.054554,38.897471],[121.585995,39.360854],[121.376757,39.750261],[122.168595,40.422443],[121.640359,40.94639],[120.768629,40.593388],[119.639602,39.898056],[119.023464,39.252333],[118.042749,39.204274],[117.532702,38.737636],[118.059699,38.061476],[118.87815,37.897325],[118.911636,37.448464],[119.702802,37.156389],[120.823457,37.870428],[121.711259,37.481123],[122.357937,37.454484],[122.519995,36.930614],[121.104164,36.651329],[120.637009,36.11144],[119.664562,35.609791],[119.151208,34.909859],[120.227525,34.360332],[120.620369,33.376723],[121.229014,32.460319],[121.908146,31.692174],[121.891919,30.949352],[121.264257,30.676267],[121.503519,30.142915],[122.092114,29.83252],[121.938428,29.018022],[121.684439,28.225513],[121.125661,28.135673],[120.395473,27.053207],[119.585497,25.740781],[118.656871,24.547391],[117.281606,23.624501],[115.890735,22.782873],[114.763827,22.668074],[114.152547,22.22376],[113.80678,22.54834],[113.241078,22.051367],[111.843592,21.550494],[110.785466,21.397144],[110.444039,20.341033],[109.889861,20.282457],[109.627655,21.008227],[109.864488,21.395051],[108.522813,21.715212],[108.05018,21.55238],[106.715068,20.696851],[105.881682,19.75205],[105.662006,19.058165],[106.426817,18.004121],[107.361954,16.697457],[108.269495,16.079742],[108.877107,15.276691],[109.33527,13.426028],[109.200136,11.666859],[108.36613,11.008321],[107.220929,10.364484],[106.405113,9.53084],[105.158264,8.59976],[104.795185,9.241038],[105.076202,9.918491],[104.334335,10.486544],[103.49728,10.632555],[103.09069,11.153661],[102.584932,12.186595],[101.687158,12.64574],[100.83181,12.627085],[100.978467,13.412722],[100.097797,13.406856],[100.018733,12.307001],[99.478921,10.846367],[99.153772,9.963061],[99.222399,9.239255],[99.873832,9.207862],[100.279647,8.295153],[100.459274,7.429573],[101.017328,6.856869],[101.623079,6.740622],[102.141187,6.221636],[102.371147,6.128205],[102.961705,5.524495],[103.381215,4.855001],[103.438575,4.181606],[103.332122,3.726698],[103.429429,3.382869],[103.502448,2.791019],[103.854674,2.515454],[104.247932,1.631141],[104.228811,1.293048],[103.519707,1.226334],[102.573615,1.967115],[101.390638,2.760814],[101.27354,3.270292],[100.695435,3.93914],[100.557408,4.76728],[100.196706,5.312493],[100.30626,6.040562],[100.085757,6.464489],[99.690691,6.848213],[99.519642,7.343454],[98.988253,7.907993],[98.503786,8.382305],[98.339662,7.794512],[98.150009,8.350007],[98.25915,8.973923],[98.553551,9.93296],[98.457174,10.675266],[98.764546,11.441292],[98.428339,12.032987],[98.509574,13.122378],[98.103604,13.64046],[97.777732,14.837286],[97.597072,16.100568],[97.16454,16.928734],[96.505769,16.427241],[95.369352,15.71439],[94.808405,15.803454],[94.188804,16.037936],[94.533486,17.27724],[94.324817,18.213514],[93.540988,19.366493],[93.663255,19.726962],[93.078278,19.855145],[92.368554,20.670883],[92.082886,21.192195],[92.025215,21.70157],[91.834891,22.182936],[91.417087,22.765019],[90.496006,22.805017],[90.586957,22.392794],[90.272971,21.836368],[89.847467,22.039146],[89.70205,21.857116],[89.418863,21.966179],[89.04886094583887,22.05179735789681],[89.04327651415574,22.061668853167124],[89.0378566993504,22.094214050219815],[89.04162372213347,22.105616745283967],[89.0507566625137,22.116201450791454],[89.06146356157737,22.12106349376778],[89.07883537952947,22.13454165988889],[89.0947656769579,22.142793513200576],[89.09803665092551,22.147537823601084],[89.0985464501019,22.153417000717123],[89.09573670793802,22.157299862165416],[89.09115450564929,22.158247678608657],[89.08629673060241,22.1551372567986],[89.07799661987312,22.146095349161072],[89.07371592167253,22.145205525313262],[89.07184406870347,22.146252670892473],[89.06424756810014,22.164395648475352],[89.06395090178539,22.169098549860806],[89.06486149114605,22.175222506721514],[89.07216709613661,22.18706596565862],[89.07283815615578,22.192915745288843],[89.07161385214641,22.196887913134276],[89.03889439156107,22.230694402710096],[89.03654388358058,22.23637211898739],[89.03419971324357,22.258258320867462],[89.03032449063367,22.260075000957613],[89.01947197200765,22.25437140847361],[89.01388090031028,22.253963190262393],[89.01294072987085,22.258562257921696],[89.01978540977521,22.265444066039993],[89.02046609103087,22.2685033648168],[88.99509731320875,22.28626458286221],[88.99489735769963,22.293339946785412],[88.99944240273926,22.29701164374897],[89.00783287797479,22.298361919610155],[89.02149383678591,22.29438562883059],[89.0245456421907,22.297164357211184],[89.01131506030451,22.31448189711552],[89.00042373039392,22.32427925183802],[88.98931691702496,22.322537694114146],[88.98447968857326,22.32669716810473],[88.98875251327816,22.34813603178341],[88.98602268649933,22.35759003305355],[88.98934719695771,22.36427988364224],[88.98232267976101,22.37348626329457],[88.98528078190535,22.379096607211288],[88.99425138589959,22.38873319956968],[88.99004424316328,22.3935401814373],[88.97967226582428,22.400585105488087],[88.97293162454768,22.407156899332687],[88.97190680906719,22.409885842993937],[88.98410944687149,22.418328901121015],[88.98866457239804,22.42406732332297],[89.00007015853063,22.429839515174116],[88.99909076713722,22.43322049575706],[88.99123967689434,22.440425816577246],[88.98849026842761,22.44511354779998],[88.99413732883255,22.45531384510674],[88.99612364421921,22.4689524028638],[88.99267187493253,22.47349847560032],[88.9809755393497,22.48246862391145],[88.97469117310074,22.496243924769857],[88.96791355072372,22.534567537020692],[88.96186462627152,22.5487333846246],[88.95696961735752,22.55290750452042],[88.94446539127084,22.555998512130962],[88.94069739360495,22.56134834170879],[88.94151330833259,22.57547326199401],[88.9385094535368,22.58801021583392],[88.93893890937177,22.592205310758693],[88.95639591731872,22.606098831283923],[88.95965112344372,22.611348718041448],[88.960081400849,22.616633178032977],[88.95615871995577,22.618759843493713],[88.94145011681702,22.618150690692968],[88.9349458273055,22.62119698469101],[88.93296082708254,22.62609505932923],[88.93192087701777,22.638923534085926],[88.92711365024908,22.64964718426763],[88.92987050614136,22.65121247792977],[88.928687158943,22.651361470548824],[88.92945968537984,22.653833668803422],[88.93119852374106,22.652890178065565],[88.93055786683979,22.65154683088332],[88.93331060455269,22.651975823144852],[88.93554737890227,22.65570978424723],[88.93329748325786,22.65669773740752],[88.93557498819175,22.659032086143558],[88.9390572953205,22.660405616896274],[88.94186863798252,22.65956221680249],[88.94502626991543,22.662394537021477],[88.94789250303008,22.677587161005444],[88.95558549027186,22.68598707808599],[88.96163632425834,22.685219891484532],[88.96059299983385,22.68720901541322],[88.96236641319805,22.694972385217575],[88.9561118204087,22.703975611642296],[88.95115227473276,22.706980155460023],[88.94837492851212,22.70541903661183],[88.94076479027832,22.711286795834255],[88.92790419892468,22.718071095310435],[88.92521493090545,22.727934086893075],[88.91816265769698,22.730381755593054],[88.91568998624089,22.736537792945487],[88.9166033766663,22.743931194301314],[88.9179580955893,22.74748338845888],[88.92078161315253,22.74923862029276],[88.92075108926463,22.753201525694728],[88.917652566771,22.75520982410383],[88.91289095050931,22.75426909173981],[88.91100487183438,22.757730531100634],[88.91782816073857,22.77000615612686],[88.92582297005848,22.769874159747715],[88.92669765156045,22.774252195649176],[88.92475559523604,22.774961579572658],[88.92390542976625,22.77956349664503],[88.92937579975873,22.780228356990932],[88.92881490233479,22.78317787504696],[88.9356518886811,22.78185588212159],[88.93566829191174,22.79023457289255],[88.93828805480308,22.79107505755678],[88.93808685543819,22.79296959251807],[88.94331209226715,22.79033592839001],[88.94959950757637,22.797295572593782],[88.95788652251956,22.79586476761592],[88.9598964418916,22.807128690658676],[88.95536078099897,22.808811300802798],[88.95552432085694,22.81181024292497],[88.95990202481039,22.814400265597357],[88.96287117653785,22.818749634233573],[88.96412960775987,22.829187567217517],[88.96864444216446,22.844299547337663],[88.96314059577841,22.852625512265643],[88.95830082932012,22.856469704081327],[88.95741077058723,22.86254867974731],[88.95309550959574,22.864169511942205],[88.95360103458594,22.867482670005867],[88.94974073641147,22.872850878444208],[88.94969309353816,22.87685104883042],[88.94537481878677,22.880674606574537],[88.94202666592946,22.879964044019058],[88.93994701481783,22.874847313412],[88.92833253936028,22.87249000972168],[88.92459494390704,22.875544890837205],[88.92254415115694,22.880104367233326],[88.91873407983819,22.877247194245978],[88.91622617848789,22.877535095532586],[88.9154532635263,22.88020562581119],[88.91230473705092,22.879918140191396],[88.9120369403883,22.87857983666953],[88.91120881860789,22.880196883471353],[88.90942970183522,22.8798560677891],[88.90964420537402,22.880894808293238],[88.91230357281833,22.881007066807026],[88.90926038112873,22.8814502729249],[88.90887953928298,22.88502128340552],[88.9054197067811,22.885824166319683],[88.90566208569714,22.88711044019709],[88.90813795725111,22.88705781365842],[88.9059716503077,22.887631384186705],[88.90510374005744,22.8898244817865],[88.9078334017138,22.89362303644433],[88.89793067648904,22.897949744139293],[88.90104444457762,22.90591581927704],[88.89567887953203,22.9130738728956],[88.90554320029773,22.914574715260354],[88.90813587549798,22.919780356337668],[88.90375818927782,22.922921609163062],[88.89102016367767,22.927150124078626],[88.88689057924717,22.933208746744995],[88.89274323879407,22.937933810031996],[88.89426437518046,22.951998936298857],[88.8792733700431,22.954014893045727],[88.876083466322,22.948704100577178],[88.87446899458271,22.948160705956354],[88.86931707834253,22.951442396297725],[88.86084250737031,22.942957493381368],[88.85944484154842,22.94318954003012],[88.85513637596088,22.95792201445877],[88.85704887831162,22.9688834755576],[88.85865902847333,22.971277974370995],[88.86685853582986,22.974822473726572],[88.87096746697853,22.978633050221468],[88.86689819509391,22.98209492231102],[88.86533202999519,22.985548893225],[88.8638669278547,22.992917016256023],[88.86541082756372,22.99933093566367],[88.86451008557911,23.001023618928745],[88.86062768093376,23.002673344648304],[88.85146088704674,23.002210836431814],[88.8450862887683,23.00985827675023],[88.84680968720208,23.01098039079903],[88.85474587179839,23.006953738481062],[88.86857739576233,23.00584824099069],[88.87668337704606,23.00325175755029],[88.87975463209095,23.006325593032372],[88.87948387106631,23.00960492528008],[88.87434195075289,23.010269595309417],[88.87447509054982,23.014106165446453],[88.8720000801208,23.016757085742714],[88.87247019313533,23.01901006747114],[88.8769062629031,23.02278622714994],[88.87766331577733,23.026106912422335],[88.87851151906679,23.024011198138265],[88.87904129733673,23.02591423361728],[88.8810386101553,23.025688566379678],[88.87992755509096,23.026337963418793],[88.8800504083927,23.031860246830814],[88.88217252306498,23.03641344176089],[88.88450531592532,23.037000109218788],[88.88411721436911,23.040432686145255],[88.88053327958227,23.040881641250095],[88.87489479753096,23.044504356273467],[88.87415074008138,23.065784711731904],[88.86957648668854,23.067676381344494],[88.86675731790776,23.07143819620918],[88.86694892300285,23.072837572701506],[88.86820829614466,23.07169984187929],[88.86762859911116,23.073271084820345],[88.8610071185104,23.077305348619166],[88.86556013830544,23.077732146145664],[88.86367278836236,23.07945956030243],[88.86636378943464,23.080231231851887],[88.86616161622466,23.086095889448597],[88.87029065588503,23.08599724993005],[88.87163592866848,23.08675236278824],[88.8706970344672,23.088874907748956],[88.87464054738454,23.08976810680518],[88.87349536040014,23.095550192002417],[88.87179688728241,23.095674501149507],[88.87226451003025,23.097366095540778],[88.8690553681736,23.09734718469776],[88.87012067132689,23.098085318282074],[88.8679152291172,23.099947191349436],[88.868446310597,23.10106772230057],[88.87121419263595,23.100864574482937],[88.8771975156092,23.10431821836961],[88.87898165111002,23.103199283434115],[88.87922766708479,23.104892466270464],[88.88360340801081,23.104557233362073],[88.88147582832418,23.109015638178295],[88.88279689116203,23.11081146880658],[88.89170218450096,23.107677276348017],[88.89731123290619,23.11201479449324],[88.89987115895363,23.11191705343611],[88.90144331027595,23.11691895220867],[88.90571718667715,23.121857724210535],[88.90592451498527,23.12506027308809],[88.91024414789486,23.12746490163132],[88.91032763365338,23.129736227313362],[88.91789700029874,23.129080183584207],[88.91987289333872,23.14062270927315],[88.9232718652765,23.14511871364187],[88.9308435995521,23.143192578003557],[88.9323191358988,23.156083016194383],[88.93058387201206,23.15769712843155],[88.93112630623496,23.159951546414494],[88.92784231184861,23.160711168233416],[88.92805823658138,23.16260451015416],[88.93014584364843,23.162275145637956],[88.92786531767794,23.163037872758238],[88.93402400674303,23.161762016162015],[88.9341256331563,23.164533103292392],[88.93267261825302,23.16546800233695],[88.93388508984428,23.169820915373005],[88.93534169654828,23.17233774072022],[88.93852322916354,23.173338888479208],[88.9390940511136,23.176803858705146],[88.94421471989784,23.176196649613072],[88.94358464661335,23.177832637880872],[88.9450533250699,23.177888424772526],[88.94622678795248,23.18056964754407],[88.95098717801355,23.181077211254358],[88.95101027222688,23.18214129431707],[88.95622978062032,23.181898977594226],[88.95778959470366,23.183201516378414],[88.95832916634076,23.189612890197782],[88.96192206601356,23.191348738721985],[88.96230752547585,23.19314468785866],[88.97533635469802,23.192349058428672],[88.9760653019528,23.181858638812017],[88.97793710547137,23.183754937177532],[88.98038469724436,23.18254730702226],[88.978400152624,23.184045179033458],[88.97960417472717,23.186934801849944],[88.97816378050095,23.187534064614947],[88.98147116072703,23.192488986572638],[88.9800901212967,23.193710315235748],[88.98234345925292,23.194862184879433],[88.9852567354964,23.20213332269893],[88.98772249444873,23.202653061169997],[88.98603569525815,23.207942691013773],[88.98036898296006,23.20971304589258],[88.97966990832515,23.21285796555012],[88.98430184326895,23.215736414973744],[88.98738926488858,23.2154178422876],[88.99083323633708,23.212669042808223],[88.99572467839154,23.21470020984302],[88.98929340870345,23.215849856435888],[88.98440061540815,23.221684417779375],[88.98280894990143,23.22176862191854],[88.97956359543068,23.215493127893787],[88.98138891719346,23.2222066977704],[88.97593103178863,23.22443266892685],[88.97425233354348,23.222573555700258],[88.97873142244457,23.214482960575456],[88.97324506139152,23.222380959399178],[88.97088218357376,23.22265070076148],[88.96956344429606,23.22030402156034],[88.96477803561339,23.2179977651055],[88.96406941152723,23.214657315206],[88.95224046872913,23.2110317448825],[88.9464915305948,23.206448534428457],[88.942629700461,23.206113814128837],[88.92952494212594,23.211521748203136],[88.92861374953735,23.214949003947094],[88.92983587488268,23.21559475417939],[88.92665993497798,23.217948954756977],[88.92358733996595,23.21587794947397],[88.92306595257699,23.218074608846855],[88.91673691137424,23.219580558225278],[88.9212568227601,23.2180016194404],[88.9210236742271,23.216011382471336],[88.91760784575484,23.212343907130514],[88.91458691202904,23.21347041903175],[88.91666661249779,23.22265893386777],[88.91482005274862,23.223774710379956],[88.91496684194314,23.22883336556657],[88.91214231434385,23.231224501133532],[88.91223036243322,23.233899512823797],[88.90685103767692,23.23596497158484],[88.90522778242207,23.234205715165388],[88.90500916953043,23.235940865126633],[88.90237449576453,23.233260918063046],[88.90068816978646,23.23375111830502],[88.89974513126431,23.231770109658605],[88.89676114172028,23.232871877045508],[88.89496374517871,23.230908845366866],[88.89245204059604,23.23232506447204],[88.8908898504305,23.230921384416693],[88.88676449633843,23.231303466474415],[88.88617317208022,23.22594521494812],[88.88493954455399,23.229453577934734],[88.87553340784531,23.23217684642737],[88.87470339470775,23.23415873547245],[88.86678812478576,23.23327649831033],[88.86215532595925,23.234231104462157],[88.8612959266901,23.231939649208364],[88.8592012598024,23.23494745534553],[88.85382209907094,23.236329983696628],[88.85373632910402,23.234113821934816],[88.85139934261309,23.233941912581052],[88.85104982874049,23.230830518701072],[88.8448967868953,23.23051398274894],[88.84451895920682,23.233175375462782],[88.84072577667598,23.23564107365571],[88.8365139332933,23.243308868529834],[88.82833877507126,23.23505057383607],[88.82382157341223,23.23341441231207],[88.82328308174733,23.2382701609521],[88.82879892646072,23.24486860681306],[88.81507962562046,23.250996279426683],[88.81146237767278,23.256087757481282],[88.8091445178459,23.251227722073967],[88.81047711565338,23.24821914199783],[88.80819516428978,23.24569333018416],[88.8090519569756,23.24490612342975],[88.80590010742453,23.23747817296599],[88.80652548723076,23.231463675260187],[88.80924015259521,23.22851614195451],[88.80850742927113,23.22485372398556],[88.81143897339423,23.221547792788293],[88.80579118402643,23.218781503433792],[88.79575667103137,23.2201717834788],[88.78980100328303,23.21834043674613],[88.78779557420089,23.222282148555752],[88.78337423983379,23.222749009687902],[88.7833341525505,23.221341225479588],[88.778732386492,23.220693142013918],[88.77731104804975,23.223890233180978],[88.77441915427072,23.22441348334887],[88.77329373356527,23.231005942699223],[88.77656051826038,23.230808563932882],[88.77553806229109,23.234485153583467],[88.77730054684403,23.23443624658499],[88.7780634127699,23.236085942032158],[88.77612996827838,23.23631805776312],[88.77557089031906,23.23853700423326],[88.77334235178293,23.238451246477513],[88.77428916780586,23.240550320050314],[88.77133207323227,23.24138351973944],[88.7695376097882,23.244844199943177],[88.75970284837314,23.245755226655984],[88.7590905048118,23.241813488297137],[88.7518767967966,23.24018061794615],[88.74691178936321,23.244175355920326],[88.73483865296329,23.247503330504312],[88.72518957467564,23.253316231228336],[88.71889421342667,23.254798165532755],[88.72440987011022,23.27162128291206],[88.72320254671995,23.27328722656193],[88.71436588427629,23.2753135110964],[88.71137991122092,23.278215709414834],[88.71189578350943,23.28536743232405],[88.7089546936863,23.289737255113806],[88.70530798766788,23.291759119874243],[88.69763737734284,23.291739886445303],[88.69636127259635,23.3022903220159],[88.70872907103822,23.31270621939846],[88.7112352562765,23.31273644732861],[88.71264187055361,23.310744920557234],[88.70784232758706,23.308742284837166],[88.7064445421542,23.304337940885294],[88.7154493320339,23.305596708821344],[88.71995122345179,23.3032576170751],[88.71900447621428,23.297897663711996],[88.72464425185984,23.298303584960767],[88.72741656691544,23.302010074361544],[88.72695279756363,23.314160541948723],[88.72475817758045,23.317962628256407],[88.73041699393035,23.31958253677981],[88.73163906424102,23.318900997250005],[88.72869615528258,23.31264221563825],[88.7318006418452,23.308033033172197],[88.73926456578498,23.304891475118776],[88.74529847285848,23.307820192497996],[88.74588355219883,23.314539849938992],[88.74966517611243,23.321471876567028],[88.74562063053476,23.324320022606425],[88.74370385005508,23.3279145084631],[88.73266283868819,23.32807033651362],[88.73526348829148,23.33806026569761],[88.73905185562742,23.343449957705865],[88.73693508507418,23.346148504257858],[88.73317572049095,23.34704410857235],[88.73203204988829,23.35198659033603],[88.73434455190274,23.35327832688167],[88.74149703462179,23.3493097573269],[88.74595278228882,23.349007410343532],[88.74650598025394,23.35059016217867],[88.74374993032421,23.35451038943323],[88.74637992360003,23.35633069920595],[88.74572494401734,23.35905986294277],[88.747713217546,23.362001985606174],[88.75101405589457,23.362326979290497],[88.7581597705646,23.359937539870167],[88.76543450573679,23.367883893870356],[88.76369021789012,23.372010599826876],[88.75854162084991,23.37411178585521],[88.7604762759346,23.376051039241695],[88.75876737193181,23.379312750947072],[88.76087411719352,23.380633126442664],[88.76136055564606,23.384425226417807],[88.76247293669086,23.38441310298388],[88.76132735268982,23.38627735840193],[88.76289392548736,23.38720852036759],[88.76030034316094,23.38673148224744],[88.75960319646997,23.384562764124837],[88.7569121893772,23.386199367716234],[88.75638775658231,23.388405442575486],[88.75294407138732,23.389122260891135],[88.75439251778904,23.395076762711312],[88.74994487837812,23.396732745956335],[88.7492615272548,23.40055392615683],[88.75113296355143,23.402758559396943],[88.75408287838738,23.402528215847607],[88.76123020655977,23.408427835717006],[88.7603929179404,23.411286571413076],[88.7589929958019,23.410540327538907],[88.75798902691791,23.411801452493215],[88.75846778618241,23.413122172492148],[88.75455579083332,23.414194657948318],[88.75444482418538,23.416384011704086],[88.75806468042751,23.425385696694057],[88.76018345052883,23.42417379516941],[88.76129659129776,23.42659203268851],[88.75965614928171,23.429052206625236],[88.76227215448341,23.431570020294306],[88.76101342278197,23.43305353944388],[88.76435594743975,23.44242389234463],[88.76316641710298,23.44276060753515],[88.76428091292931,23.44586147085945],[88.76296210226639,23.44585405067265],[88.76479671418217,23.44649072962039],[88.76431444048158,23.4482056455845],[88.76871592185564,23.44842770177313],[88.77031812686782,23.446252899269407],[88.77202708467225,23.448803516666636],[88.77327571603354,23.448316151481205],[88.7718019079274,23.446576102709397],[88.77333241209311,23.44404539117009],[88.77831276023967,23.443576383562664],[88.77848967407692,23.441916025580454],[88.78223418489554,23.441313038105214],[88.77882710578501,23.438632103005165],[88.77912085611256,23.437290360219443],[88.77955811001617,23.438379885202757],[88.78279589686433,23.437211177052568],[88.78116037922402,23.43825333673933],[88.78230776060937,23.440368245319277],[88.78433687940935,23.438398795711517],[88.78318935777119,23.441853043748477],[88.78506765712665,23.444795811975474],[88.78733148761145,23.443286023430645],[88.78757325127401,23.44463541854647],[88.78932872970537,23.444233000217736],[88.7893758398744,23.442662900219272],[88.78675716929234,23.4420453707877],[88.78873452565995,23.44140101934952],[88.79041435647214,23.441390567356546],[88.78991419003256,23.443919765934965],[88.79254442730837,23.44383474120459],[88.79304452629407,23.44220237175125],[88.7953162899589,23.443023479879752],[88.79332523149952,23.444143092037493],[88.79446544860042,23.447483918247578],[88.79000534364555,23.449123878751237],[88.79196366517428,23.451285566990535],[88.790615686298,23.453481056121753],[88.79283210316358,23.455376298239095],[88.7908458208191,23.45554948446861],[88.78953349136769,23.459096745351033],[88.79284704515776,23.461046820399233],[88.79049021905024,23.46018774357564],[88.79195689298506,23.463462144548096],[88.78919346180264,23.4642786383838],[88.78989681815024,23.465738613331656],[88.78834866767939,23.465860016606513],[88.78957211303303,23.466683615051746],[88.78798233396935,23.466880049859437],[88.7873122316554,23.469082202973162],[88.79089751907969,23.47189691696475],[88.78973709666336,23.47293172422045],[88.79411645281306,23.48100900973355],[88.7993591992815,23.482178994314953],[88.79952226538265,23.48515296694775],[88.80141322252216,23.485809796111635],[88.7945553530409,23.485579333294435],[88.79849743550218,23.4913264343627],[88.80051376391394,23.491128099385328],[88.798308555591,23.492703434646685],[88.79795376186591,23.495495328128538],[88.80078695718207,23.497124098981946],[88.79274757728227,23.502866497582577],[88.78970930178667,23.50188741938358],[88.78730494766317,23.49749926425585],[88.7844989782225,23.497172673231386],[88.78353551973268,23.500801093266343],[88.787649655698,23.505994623412153],[88.78595153164275,23.507240089089077],[88.78637774644653,23.504940990404698],[88.78391245738294,23.502273102715492],[88.7720390157903,23.497785015935854],[88.76824731638429,23.490126273788597],[88.76850187263275,23.488277840448617],[88.77501102936706,23.482388678761847],[88.77488749329247,23.47981434707468],[88.7678960405831,23.480864143004748],[88.76320974649707,23.488789907191197],[88.76067890273407,23.489919321843615],[88.75787437439345,23.488857830711495],[88.75683183811634,23.48618141642759],[88.7617145712923,23.480246285832465],[88.76090567436911,23.478385646265203],[88.75366753557188,23.478956705000396],[88.74630154041849,23.48293672699551],[88.74335058517181,23.47914469826533],[88.74349992926753,23.481316850902978],[88.74142148680384,23.47967984062016],[88.74438983982029,23.483019685948655],[88.74269337109726,23.486595068902332],[88.73710245609792,23.49207389131234],[88.72957104582596,23.496401411076626],[88.73119748978952,23.498321392110114],[88.73039699535796,23.50373000893086],[88.72513478267116,23.51183288273119],[88.72336870637758,23.512951153135358],[88.71879366399052,23.511933988302903],[88.71492101412196,23.508531644397166],[88.70619184086264,23.51704790990764],[88.69947248915628,23.515526864651616],[88.69575331140382,23.517311432391587],[88.69642578962652,23.525665030023127],[88.69172384971654,23.524536341645064],[88.69116511716888,23.53126484539694],[88.68790672736377,23.531371730074447],[88.68423176395488,23.52933022834529],[88.68612420864709,23.532909559749132],[88.68617944260956,23.537804907514573],[88.67833655865488,23.545830423283604],[88.67370856686011,23.54883269108993],[88.66772955839268,23.5458049580919],[88.66334070716374,23.547318014872673],[88.65978023155634,23.549365666440277],[88.66018638285048,23.55283701056733],[88.65425320787789,23.556153441268002],[88.65358095235679,23.559764947069162],[88.65516015330462,23.563016756538296],[88.64830801541186,23.580428005345833],[88.6508957157202,23.583601904344164],[88.65056228349614,23.58536828428139],[88.64376453029281,23.58932876786041],[88.64569783298556,23.58941731548922],[88.64410085272789,23.591539549942663],[88.63876319355474,23.590735065654535],[88.63826761053652,23.59758079586353],[88.64246597517209,23.60081850891087],[88.64343329654703,23.60693365861398],[88.64602575318749,23.608031551237143],[88.64553159130293,23.609283935533963],[88.64128614689712,23.6089236014171],[88.64053213610174,23.611089552589643],[88.63823087860033,23.61074365214311],[88.63709681322904,23.6067369699586],[88.63317300406537,23.609240512262176],[88.63180893857307,23.608195486263824],[88.62945196471931,23.6090893607383],[88.62771793649226,23.606536808740398],[88.62493842125117,23.606877646866568],[88.62157358038884,23.604753797323568],[88.62104395761818,23.602630005160098],[88.61816526699377,23.601756739411247],[88.61379300586695,23.603355223045668],[88.60734936577437,23.60018551395693],[88.60493030669714,23.600266036952597],[88.60517537986027,23.601733933918716],[88.60726969246792,23.60295653546279],[88.60838425132107,23.601858747934763],[88.60909358000387,23.604390515376494],[88.60150661690828,23.60685174284298],[88.60627282074056,23.610356541481522],[88.59789787360187,23.606272745971292],[88.59653701321152,23.604469965418172],[88.59718583784738,23.601946077123724],[88.58369525279629,23.603980116848078],[88.58007392392231,23.602966930871965],[88.58126308391287,23.60971900668757],[88.5848264856559,23.613146642263043],[88.58531674267778,23.616543592946044],[88.5882112642351,23.61556797165768],[88.59408852194086,23.61759537249386],[88.5924091760612,23.62653837118154],[88.59498143373695,23.627725653671877],[88.59281394167093,23.629178603107334],[88.59298124753498,23.63134331392917],[88.59426256685498,23.63156724645204],[88.59264113458552,23.63494362726875],[88.5937649140288,23.64081024249688],[88.57555618570157,23.63875982752883],[88.5710672022322,23.63600568619938],[88.56217025231503,23.63708826573659],[88.56336714155671,23.64545840344017],[88.55820803804211,23.649154337192343],[88.56274932886521,23.657642848852678],[88.56626386491259,23.656847907860623],[88.56960868033565,23.65998817977913],[88.5694336885647,23.666061817758845],[88.57382059521082,23.666940880989983],[88.57220984968043,23.673746221988345],[88.57441043115342,23.675225019287996],[88.57407573975604,23.680972550074966],[88.57289608695443,23.685075887042668],[88.56752903269835,23.68617656348371],[88.56874948838818,23.689300112960105],[88.56787398128111,23.70128401202383],[88.56450631356913,23.711329105604662],[88.56472872348175,23.713067460371562],[88.56788351983352,23.714821710616885],[88.56903882039396,23.727565667130172],[88.57423356082116,23.728877318845257],[88.57368702158963,23.732972176201216],[88.57660282710859,23.732966602872928],[88.57528266693801,23.73824349282105],[88.57367039848391,23.73809963032627],[88.5742898066852,23.733709500318174],[88.57201030050152,23.733750443429187],[88.572131627422,23.73944200163576],[88.574288849758,23.73968401548481],[88.57241162128877,23.747584173192593],[88.5702621928116,23.746428579814435],[88.57008196043193,23.748084736387135],[88.57413343762511,23.749600705935823],[88.57600623783183,23.754652532482012],[88.57791620742479,23.757560362148364],[88.58040550289687,23.757894282114908],[88.58081486462318,23.760535596744532],[88.57957274406753,23.77469549614575],[88.57159960149934,23.77507633789165],[88.56502892286495,23.777285288050393],[88.5597955423612,23.780887968713643],[88.56073557094157,23.78402231277604],[88.55603531077925,23.784211356371916],[88.55930371621285,23.78597857225711],[88.57126560058515,23.783027790398695],[88.57812679245961,23.78657607520852],[88.58270432046568,23.791143505088865],[88.58096333696993,23.795089126060315],[88.58164356957744,23.797278815455726],[88.58736367604335,23.796588666582938],[88.59162080926711,23.79782631779006],[88.59294575908993,23.79924273414864],[88.59238605985941,23.804477604784164],[88.59620207381862,23.804888868282067],[88.59604821107199,23.80639146305853],[88.59360531257164,23.806210612053775],[88.59315532417699,23.807959271349272],[88.59138004923531,23.8077053759875],[88.5876120209893,23.810469808465946],[88.58875984637962,23.81278455950309],[88.586163726004,23.812758956194102],[88.5867200758998,23.81108642347321],[88.58475321965349,23.812291583431254],[88.58514714106546,23.813645504686228],[88.58951630209029,23.813607752981394],[88.5904734008317,23.810853848494556],[88.59405665971477,23.811210516259383],[88.59445830694361,23.808850596106073],[88.59507277367894,23.81067934643331],[88.59845704223514,23.81079731232765],[88.60212907249216,23.817215884661138],[88.59966290828164,23.821833216177573],[88.58839428007025,23.8277827174248],[88.58651952667807,23.83118366391275],[88.5871997025681,23.84392300589074],[88.58858405910395,23.848291291367147],[88.59151824749988,23.851124785706887],[88.59109276092802,23.853015194998108],[88.58427034368557,23.85504956133003],[88.57838175808807,23.85067128264599],[88.57643835462123,23.854956054374792],[88.57798242939607,23.8577070806642],[88.57564057812887,23.861551709847394],[88.58246860398275,23.862503751471536],[88.58269327823584,23.866737538353313],[88.58470506391838,23.866183678102455],[88.58430463531462,23.86951149898452],[88.58622065539149,23.869321407252905],[88.58748951656008,23.871452350555625],[88.59381684652274,23.86915533182916],[88.59909861625157,23.869482697459837],[88.60804829106337,23.862349266142814],[88.6099544336803,23.865210002298614],[88.6089859634445,23.8727494380035],[88.61643904919069,23.876512051945998],[88.62481795770664,23.875105654116553],[88.6255244766268,23.872359704866366],[88.62396442327268,23.867875748678966],[88.62641170780968,23.864941647098593],[88.63229143036297,23.86649184824564],[88.63773210145924,23.87139363976845],[88.6420813200871,23.868079201643102],[88.6457952243139,23.869695997969764],[88.65151131385271,23.86656999573901],[88.65398750451754,23.867249434827883],[88.65349155878329,23.865470085513483],[88.65443435838213,23.8660178494243],[88.65460793162195,23.868719544219065],[88.66064663182804,23.868624271135264],[88.66099296603598,23.870695036996437],[88.66758590975824,23.869445008622044],[88.663421151497,23.877998086790285],[88.66428281760976,23.882422347107628],[88.67540084961982,23.88386758767949],[88.68293496560757,23.88862315477702],[88.68838742517096,23.901482834304954],[88.70041801454389,23.898846321667648],[88.70075697905281,23.90108094377087],[88.70433863455072,23.899174941088216],[88.70554663149976,23.902354589798076],[88.70397565190447,23.902117717778797],[88.70328603163534,23.89990333368111],[88.7023997847102,23.903514893368595],[88.7011958909681,23.902320785271442],[88.70138142919973,23.904606723277347],[88.6999564714457,23.905003698964045],[88.70385727680991,23.90718883137815],[88.70136150277452,23.906451508219227],[88.7017566553055,23.908206370670484],[88.6997389919092,23.908029801626956],[88.69932708983808,23.910181430001582],[88.70091620038244,23.912286920612033],[88.70472940406104,23.912573548091718],[88.70639705798557,23.916272815659497],[88.71299987815733,23.912502189901815],[88.71507237448957,23.914114045139215],[88.71499450616078,23.916034457104764],[88.72294925493189,23.916316946957856],[88.72487850019203,23.912831734521916],[88.73058512747878,23.913614906025902],[88.72982370331142,23.910908010409166],[88.73340350957398,23.910975073569787],[88.7330041386682,23.91320304978156],[88.73544213632333,23.914618722184898],[88.73289102921106,23.922725624913134],[88.73555227821375,23.9229250161233],[88.73418347467806,23.928266216482935],[88.73716425477392,23.929047363320187],[88.73493439097452,23.932915469002264],[88.73656123974057,23.93351882812498],[88.74027127184178,23.930215491394417],[88.74187734512584,23.93116300706409],[88.7425378225389,23.929544109254966],[88.74342650859926,23.930169782222286],[88.74001786062365,23.938292255528804],[88.74155881194852,23.93891320079571],[88.73877108810288,23.949539019380623],[88.74249009857621,23.951030365506615],[88.74025468572425,23.95392159991183],[88.7390116762803,23.952727442822532],[88.73746904183969,23.953363908882746],[88.73358038894517,23.95708379739724],[88.73511798634408,23.95874919705239],[88.73248612101689,23.961127222432502],[88.7357315450184,23.963434539806755],[88.73705390878364,23.970428062855422],[88.73626821733451,23.97907220555122],[88.73823914894898,23.98298608955906],[88.74285326180541,23.984946291076998],[88.74967386185286,23.9852609674771],[88.76425222123122,23.981650252725114],[88.76894550241222,23.982197339156777],[88.76839834038306,23.98605991847331],[88.76241802019753,23.996766136419176],[88.76205398765819,24.00427875453723],[88.76019491123492,24.006058245915273],[88.75258765927812,24.006635820300495],[88.74638360115755,24.004458873692663],[88.74502210527557,24.00552872298884],[88.74167961097075,24.003170552673286],[88.73645425441345,23.995643369335337],[88.73289913043025,23.994824972534012],[88.72904550864216,23.99611357152128],[88.73163721304203,24.01189488486486],[88.73468298421152,24.01749051082063],[88.74898805455632,24.0221554802714],[88.75749064848361,24.032095043695314],[88.74203569281624,24.03285032173288],[88.74184510003589,24.035248030864288],[88.7247543559488,24.041612038058993],[88.72464028485248,24.04770442354003],[88.74111362942318,24.048552462690832],[88.74163131073091,24.057122441534354],[88.73373399293655,24.066168020756454],[88.72809864029172,24.064087048622845],[88.72545826578863,24.06543703806505],[88.72345103913372,24.06867310606374],[88.72365999219167,24.073024307676683],[88.70400942529773,24.089687553877766],[88.70190571302584,24.094184460256045],[88.70027483041915,24.09430273528482],[88.70142518472784,24.10395386848238],[88.69997346363492,24.10953722710777],[88.69468071095574,24.109563952888163],[88.69319025153044,24.11115289894728],[88.69748072590747,24.120532414903813],[88.70101513615921,24.121679000522253],[88.70700390973676,24.1191417463696],[88.74649069541007,24.147064666829774],[88.74338175573305,24.152083067059998],[88.7403438100735,24.163312262509653],[88.73346056692708,24.16899823878717],[88.73140803517227,24.173387262014263],[88.73526433494519,24.211497223488163],[88.7344957605062,24.22223334272201],[88.74096238338583,24.25391864916577],[88.73777380130358,24.261027498068273],[88.73816362785439,24.26551351342663],[88.73543909410623,24.276495497162873],[88.72477685645184,24.29778689967214],[88.70622763097437,24.311699442514914],[88.69658757923426,24.31535335968738],[88.65898901133221,24.314391896079368],[88.65252530763206,24.305031915378898],[88.64983661975603,24.305616306789187],[88.64893059646525,24.31092229951619],[88.6342921117806,24.306859734871527],[88.63288549192264,24.307986730598248],[88.62848838606612,24.305093365987794],[88.62356340920115,24.315675109128787],[88.60669379419215,24.315146432302523],[88.60610349172664,24.310259450790884],[88.60331779071905,24.31009535299964],[88.58788606512834,24.31434568834499],[88.58718944094063,24.324054923283903],[88.56768818999899,24.32665364875501],[88.55513488687316,24.293341349233092],[88.52711916944402,24.34437871713973],[88.51860704791655,24.342431874121615],[88.50790344616959,24.34248410614646],[88.49600919912662,24.354432394414925],[88.48371342355863,24.357019677987413],[88.44643242427105,24.378580596115743],[88.43033832865902,24.38372706429173],[88.42490420326935,24.383192591494833],[88.41227427285683,24.376814811659926],[88.38933730977222,24.371879450688546],[88.38014498758906,24.374250241180548],[88.3570694955063,24.373605125866213],[88.34528870271153,24.3765473145953],[88.33398422788215,24.381392597488702],[88.32658782432648,24.386228625727888],[88.31094494362256,24.401449454152864],[88.2849263905578,24.422158680004898],[88.28139667756825,24.4297103898231],[88.27192315323843,24.440580501002476],[88.26328299723879,24.445967931876513],[88.24895431935636,24.44824753952449],[88.2275146396522,24.455495963612847],[88.21048805111134,24.457751796274923],[88.19840139116427,24.462495466430525],[88.19133301516032,24.468454471557386],[88.18997227252947,24.474173670584367],[88.18497117526283,24.48151471084346],[88.1735493134315,24.4930463807132],[88.1582703784415,24.50209791741229],[88.14953394939465,24.50379286078966],[88.14075534947524,24.51124047913629],[88.09691849050866,24.55645148985235],[88.08946912897653,24.56685860072616],[88.0827711862064,24.581695000500186],[88.07113302724206,24.59788913244766],[88.0691878071686,24.603275573852617],[88.05234182443144,24.62512698822622],[88.04117580527274,24.643314236050475],[88.02793700168023,24.649839832944696],[88.02365934042817,24.65538890493036],[88.00875639983828,24.66783428676528],[88.0418021977097,24.704787298396095],[88.05197426546086,24.71235450588332],[88.0537275760788,24.71086517000096],[88.05596617559729,24.715537065379845],[88.06284556973074,24.721596493538822],[88.07250042212232,24.743641752871813],[88.06575986494028,24.750707644134643],[88.0745460327872,24.76074664923856],[88.06886307054107,24.76374679556783],[88.07111354384966,24.767781781654413],[88.06830691994797,24.769150160218448],[88.07245284226998,24.772961033289718],[88.07787219401985,24.769098010795716],[88.08901802509821,24.78290173709475],[88.0959922109928,24.780217869813665],[88.10609799049244,24.77956725437843],[88.10520453835916,24.80034297393794],[88.11110166633415,24.81285267145368],[88.12354498494953,24.82310942982936],[88.1307800781951,24.804938449471933],[88.13628407691469,24.805275112094588],[88.1338400554818,24.818072485440887],[88.1340966532679,24.829865676781615],[88.13191237682602,24.836012374372768],[88.13377976280586,24.836204847216074],[88.13465683404077,24.834030505526613],[88.14091018280052,24.834376729543035],[88.13963220208352,24.83684650905093],[88.14193187337354,24.840473436330946],[88.14128553825503,24.841820329885547],[88.14712017655441,24.843628210901613],[88.1448769623044,24.843538043418764],[88.14494921983736,24.851100001053215],[88.14686280034435,24.85192977741368],[88.14691848953095,24.85014214116238],[88.1504002125355,24.84995275636902],[88.15040335965331,24.853351181920086],[88.15094147506076,24.84925662862049],[88.15932011870959,24.850159332618492],[88.16044027295108,24.84849236104685],[88.16413516437582,24.85025895994477],[88.1622490935482,24.857965341907846],[88.16614044098232,24.85848623303144],[88.16592028168093,24.859769072004337],[88.169511881802,24.860829113652045],[88.17501913624437,24.860151239214794],[88.17545548954779,24.861802656351074],[88.1658885153679,24.863415055432228],[88.1591465054495,24.872062225811987],[88.16373918659384,24.877956497377657],[88.16107721180457,24.880399482846602],[88.15542726760997,24.881595916245544],[88.15537134965852,24.88364006839973],[88.15268024567835,24.88441449013479],[88.15757195524688,24.892264414490096],[88.1607329330676,24.889002180362446],[88.16565207230907,24.88991494123259],[88.16630628069183,24.888460314217806],[88.16869187316435,24.888195260099383],[88.16750759642396,24.8893549551751],[88.16933936253623,24.892452135827966],[88.16528473309674,24.895363235396115],[88.16194194321727,24.89307418710812],[88.16203115573569,24.897272219396676],[88.153910426975,24.89959142060504],[88.15546469072848,24.90176160090838],[88.15366818632182,24.906341762513467],[88.14897445064484,24.91122441838339],[88.14382361444096,24.91421683347414],[88.14037485266269,24.914039137335603],[88.13804435161553,24.936160964017635],[88.14549898471994,24.936730467563994],[88.14623551286894,24.934183411175404],[88.14979546732874,24.93245604409593],[88.1575178518889,24.933516050918275],[88.1596852025354,24.937999420619146],[88.15839318437054,24.941374363628604],[88.16461728015273,24.941382855179228],[88.16500455838005,24.94621022045228],[88.16884092778014,24.947596663442333],[88.17020863673181,24.950362814360233],[88.17499912741226,24.948731788788656],[88.17366262523751,24.947096592194445],[88.17549111262053,24.946240584106445],[88.18358427806369,24.95388744605649],[88.18824741642845,24.951567191213165],[88.2017297193756,24.95719731949997],[88.2261127441443,24.959706128730556],[88.23028619442377,24.95697621301864],[88.23705776278155,24.945798198081203],[88.2525644650741,24.93258492554245],[88.26051868846716,24.919181997653187],[88.26421982352794,24.907133568443076],[88.2645339326455,24.8993006364558],[88.25826625346093,24.877550192681888],[88.26382008575158,24.876785601292138],[88.26721049010904,24.87831882443015],[88.26741050950528,24.887311291449915],[88.26898393765273,24.891252398669565],[88.27292579225727,24.89636874841945],[88.27608381623082,24.89779537549616],[88.2776724064623,24.896921269186855],[88.27573289298027,24.89190236699703],[88.27760285089396,24.891680595569472],[88.27812600062043,24.888053011651557],[88.28160541428659,24.89079467189997],[88.28318913654894,24.889106752184485],[88.28623641238745,24.889170056685266],[88.2856935190215,24.886409986572463],[88.29148205384905,24.889404442597186],[88.29685362388108,24.888239190074806],[88.29819302064003,24.88509895594488],[88.30200724952469,24.885841978334167],[88.30074122030466,24.88218775070444],[88.29798058006435,24.881430370808882],[88.30197714995253,24.874730728020896],[88.30191755848945,24.871890574685114],[88.30526879061598,24.87247773489692],[88.30748611385721,24.877511883813458],[88.31275393898434,24.87988741926246],[88.31225333668918,24.881583047714226],[88.31671486857005,24.880653248943542],[88.31736639690068,24.88326954032092],[88.32105888579115,24.883468501072823],[88.32210021295927,24.87888068535049],[88.32091643353785,24.876032745300435],[88.32648401351976,24.87047802836637],[88.33061902242613,24.870139789897184],[88.33310818155381,24.87095242576646],[88.33262274643515,24.87242822478469],[88.33526252728858,24.874257043503025],[88.33430875892914,24.877670464424472],[88.3389931389411,24.878460184654298],[88.34287679924115,24.884371885258233],[88.34264414356957,24.888410972687563],[88.34497111091676,24.889071233065003],[88.34459716252118,24.8914232778455],[88.34700762063696,24.89243336124392],[88.34388021992447,24.899567679252524],[88.33736282997705,24.89966726978996],[88.33277750955713,24.89714737304077],[88.33456912109853,24.90056386845529],[88.33405134620354,24.904826813786645],[88.32774582451391,24.904322519584372],[88.3242793738884,24.91682311092751],[88.32571907199575,24.918885467216032],[88.32976199310339,24.917167130616317],[88.33042260073425,24.9200483165714],[88.33338291487914,24.918408585270793],[88.3365902266348,24.918677172892178],[88.3349848147471,24.9208197428273],[88.33452990819805,24.926622323721407],[88.33848659367169,24.92678998665831],[88.33717822776278,24.93108505989532],[88.34129320819426,24.935242064095515],[88.33991003622249,24.938196961522493],[88.34090439778566,24.94063146371532],[88.35010693671337,24.944859161195318],[88.35231153635067,24.942364110616857],[88.35466655511894,24.94202587584234],[88.35799370452749,24.947701423211115],[88.36059309656085,24.949021800943452],[88.35898024871676,24.951706392944637],[88.3640402567668,24.953286185267295],[88.36626492767537,24.952727104669606],[88.3638556313084,24.948736401400843],[88.36659029394063,24.94798832117363],[88.36502777275567,24.947014712780174],[88.36667923018031,24.944908850364733],[88.36969523554794,24.945551961068837],[88.37123330022091,24.942452428874052],[88.37370160880371,24.943594529098135],[88.37744903784478,24.94299166082429],[88.38161458319513,24.939130300350044],[88.38736477217638,24.939523828026452],[88.38725386867227,24.94229257349875],[88.38889787107742,24.94366865379318],[88.38954391701432,24.94181301507667],[88.39160506214664,24.94295631970993],[88.39416875545393,24.941493517543247],[88.3988380357371,24.945320221814978],[88.40186278828018,24.950802628909386],[88.40051665520818,24.954887328286148],[88.39739189738204,24.958024403736026],[88.39922633962219,24.959093770814246],[88.39718404876842,24.960499609029675],[88.39540910523186,24.959430881341035],[88.39339816874026,24.960272792127075],[88.3929039536728,24.9648534009074],[88.39399032097765,24.96402646345267],[88.39631062812677,24.965260447567655],[88.39468357726572,24.966168156397334],[88.39524747228,24.969078786354984],[88.39872156381368,24.973041881336727],[88.40381493408034,24.9737388306158],[88.40292229735059,24.971063285432525],[88.40571435851967,24.972345771802864],[88.40364413212166,24.974641139175997],[88.40509592192836,24.97971724626916],[88.40940338117703,24.97743573348055],[88.41094767788788,24.973388463092032],[88.41588393062392,24.973148857319906],[88.41742755219062,24.97483305615861],[88.41628030663335,24.980203255878056],[88.41231522469096,24.98230239993415],[88.41872396085311,24.98318420287079],[88.41660923018755,24.985148243443625],[88.41171597487494,24.98547767802361],[88.41460526811358,24.99517104469921],[88.41358789122157,24.996875214822072],[88.41197327862626,24.996024050465312],[88.41209299292701,24.998811184387574],[88.41795727261993,24.998290217533036],[88.4204905088899,24.99968652791532],[88.41930043515578,25.001801855083652],[88.42208983130362,25.006917735998787],[88.42548686773985,25.006703417061633],[88.42703161883465,25.012287844287513],[88.42556922257421,25.01643431576735],[88.4273264028133,25.01261960311329],[88.42651548685886,25.00954911895071],[88.42805563331325,25.00938426276529],[88.42747252195582,25.007651359199826],[88.43051583606122,25.00808660229504],[88.43405980647204,25.005448182817897],[88.43653949385171,25.00645381414637],[88.43428981811816,25.006915082723562],[88.43688364685104,25.010380661355725],[88.43517354262173,25.013265173281162],[88.43774239649633,25.014309035796455],[88.43741620444257,25.011495530711343],[88.4394326677304,25.013325537855966],[88.44002427074147,25.011495949490957],[88.44220744329937,25.01309473265392],[88.43734452107276,25.015791230230956],[88.44116803013179,25.017883198671893],[88.43888549528383,25.018007503219692],[88.43831927014931,25.02023812218279],[88.44061411643082,25.018785872539095],[88.4415089455619,25.020361339995215],[88.43856317371619,25.02230979995361],[88.44498749353953,25.026172768717423],[88.44431822543721,25.030033284787766],[88.44565777089277,25.033207257049995],[88.45038631314749,25.03380360887254],[88.45265836637783,25.036871081511062],[88.44712224025707,25.0417135753658],[88.43784081051123,25.04307608450276],[88.4355165076069,25.048680022792944],[88.4349655444767,25.05596223475196],[88.43815922863557,25.057288155642997],[88.4423416624168,25.06256100466776],[88.44240969216207,25.066058193877012],[88.44555868126449,25.070801598678287],[88.45107537223161,25.075166902384684],[88.45286975591475,25.079304933265902],[88.44813932997855,25.08020885808479],[88.44636070981856,25.082955863340086],[88.44723859370856,25.08994677085488],[88.4440978094754,25.09970622964234],[88.44780809346013,25.109626994886128],[88.4455218619021,25.11334454756021],[88.44206795496697,25.114981158096672],[88.44370103163978,25.118356430008948],[88.44229290903861,25.119284886486138],[88.44141953380745,25.127508092038077],[88.44745498149875,25.128066663786374],[88.44830758968999,25.1308689359631],[88.4508267470054,25.130763517593874],[88.45865845540074,25.13556970289329],[88.4569192754299,25.139261303548423],[88.45859445358178,25.1402638273602],[88.46000010039145,25.138783109925825],[88.46088569732225,25.144507009128212],[88.45750764748375,25.147848003525866],[88.46140356008013,25.149385582438033],[88.46011759202605,25.152027428891316],[88.4570396793578,25.153082366550283],[88.45976775580124,25.160745764305588],[88.4563907036429,25.16110110782711],[88.45723434903812,25.164615827746985],[88.45277480875195,25.16375112514045],[88.44909991628563,25.171568661102146],[88.4420455975905,25.174338862739464],[88.44543778931069,25.180146015519615],[88.44184704656064,25.184621229602644],[88.44368775251118,25.19729690077387],[88.46343362901305,25.194961600440426],[88.4671182504921,25.19724479565756],[88.47177242786294,25.19744269515181],[88.46986025866333,25.200955771661988],[88.4744811131804,25.208081101726112],[88.47548365640824,25.213382842084236],[88.47899754545918,25.213111851938958],[88.47995238965987,25.21114884944772],[88.48568175911964,25.21180008460951],[88.49514610416459,25.20958213982054],[88.49914505104998,25.210385940815847],[88.50005146739815,25.203434794998085],[88.5109718355874,25.20234972880721],[88.51227366842267,25.203850079159356],[88.5200320225629,25.200539306549732],[88.53777768905208,25.1978176233405],[88.53248268888431,25.193772042409908],[88.5343444236669,25.192017840467024],[88.53397746012662,25.187520212113025],[88.53733054421724,25.186903700268346],[88.5378435185776,25.18905883155826],[88.54077957021266,25.189031598730164],[88.54213265083895,25.193961586686658],[88.5461013084501,25.19329023064222],[88.54808933063228,25.195220514224186],[88.55272558465195,25.19295755573997],[88.55761443846767,25.192610973123056],[88.55995614915159,25.190903117431713],[88.55979683830533,25.184371895593262],[88.55576010245622,25.17896993416737],[88.55934175000633,25.176368927929573],[88.56557923142203,25.175088119259147],[88.57083112105212,25.17578352017295],[88.57119708144562,25.177343460228776],[88.57506764915168,25.176072930219604],[88.57576120736093,25.1771680744619],[88.57963745329974,25.176818320029053],[88.58148080271262,25.182137079587086],[88.58697813802353,25.182235573304844],[88.58936445446162,25.185691399273807],[88.59121079342927,25.185092570146097],[88.59195803949501,25.187155230434822],[88.58990461263085,25.192581911944607],[88.59270880978798,25.19335586706562],[88.59814529285582,25.19042654707865],[88.59908274799889,25.192255837620742],[88.6103025387255,25.198016096991463],[88.61272205509783,25.204171398292093],[88.61778028241412,25.203487302254704],[88.61827418966998,25.204831599439306],[88.6209076908078,25.205180702255532],[88.62639268576552,25.204200447619467],[88.6283104979132,25.201635109896493],[88.63101826976543,25.201712055088535],[88.63792340973094,25.203304676489218],[88.64289470810483,25.206283024411487],[88.64709511920033,25.20426047485375],[88.66423170254723,25.202783092954494],[88.66691547734858,25.198747876695418],[88.6691309729397,25.198194011188377],[88.67272066883747,25.198331107208713],[88.67581542946425,25.202539612147458],[88.67858417270658,25.203094380012118],[88.67931103895228,25.20490426576771],[88.67798819419015,25.205548516162573],[88.6800773380646,25.208899976699556],[88.68759125213536,25.209146399159064],[88.68865961782673,25.20732977991278],[88.71148149020392,25.2076597454312],[88.7127376470116,25.20610333619915],[88.71524720566921,25.20638063270581],[88.71750225418782,25.20152788806432],[88.72360172226571,25.20224245690125],[88.72450521497178,25.198725169722568],[88.72807372432963,25.198386116904434],[88.72948234557914,25.20000871056722],[88.7330054178577,25.198757882309543],[88.73278891850828,25.195891222917982],[88.73429138547772,25.194769414423444],[88.73347658070267,25.19104821573003],[88.73543705112749,25.18913768248928],[88.73455326242046,25.18460633923754],[88.74022948817195,25.185038731060903],[88.7425579740269,25.186680232525603],[88.74365256549292,25.18340567366861],[88.749013387514,25.181943516225374],[88.75092909476248,25.182815236938318],[88.74857901016298,25.179344974895827],[88.74909617143575,25.176852356999497],[88.75241926665704,25.176827989627128],[88.75861331232525,25.186616163262293],[88.76702990455215,25.18312243202462],[88.76940115296888,25.189845138379383],[88.77282786642128,25.18941602779589],[88.7736727027315,25.179356173982974],[88.79889101384065,25.170943113149892],[88.80586040422176,25.170450625421733],[88.80594626698766,25.173410114783724],[88.81339272669364,25.174271000802108],[88.81484587238252,25.184910595412454],[88.81777633806831,25.186246158684952],[88.8179079098172,25.18889628695332],[88.82083950105343,25.188513285101088],[88.82097198058763,25.190415098891332],[88.82272761296694,25.189525521949612],[88.8228280255349,25.19101400073377],[88.82740589455895,25.192158934750065],[88.830381269385,25.205334646617807],[88.83165121904645,25.20655159241962],[88.83675309529873,25.20616235733929],[88.83763868480487,25.210897304566465],[88.84236241004227,25.210623678652155],[88.8411979626111,25.2135873834602],[88.84376288636967,25.213807084811656],[88.8459452772402,25.2108921850311],[88.84775357971884,25.211273947237007],[88.84628624891897,25.209097893240425],[88.85018185662263,25.2101239911255],[88.84863133783806,25.20635141939965],[88.84992265817704,25.205457636808397],[88.84974928642464,25.20174433936654],[88.85161002906497,25.20052599113973],[88.85482788194676,25.199815321081978],[88.85850804979444,25.202349960215205],[88.86491732471207,25.200592783396374],[88.86438024894159,25.189992384205965],[88.8714600863201,25.191332260744048],[88.87159537761688,25.194757615168676],[88.874953569277,25.196223699357752],[88.87255097155544,25.19008065972792],[88.87525683310871,25.185719727544505],[88.87526446189275,25.179344147778323],[88.88987227363125,25.17836153074222],[88.88942131129392,25.184649667204855],[88.89044539465132,25.1847117116682],[88.89904962576468,25.18243571396334],[88.899657376472,25.180351730477913],[88.90364719529752,25.179082500499913],[88.91098289604888,25.180305543617493],[88.91266916816838,25.177912824330267],[88.9123861700171,25.167956562537576],[88.91838792030218,25.167292499214806],[88.923075630289,25.164908858545466],[88.92413728176969,25.1718145342062],[88.92717338677842,25.17455309885688],[88.92890727729583,25.174390494706216],[88.92781109764553,25.176485462647225],[88.93258685809343,25.18088296396656],[88.9342563134895,25.181421967261237],[88.93899699550728,25.179188299901583],[88.94119193241885,25.173438239782147],[88.9432878016086,25.173493410177347],[88.94587581275432,25.17674495896346],[88.94881933876208,25.176579016390555],[88.94964862676521,25.181184494762977],[88.94355443864346,25.183027970233073],[88.94782321395806,25.18736254657741],[88.94755574542934,25.194445664914053],[88.94241971587208,25.19282107209589],[88.93786326572787,25.193513502345297],[88.93390954634376,25.199731925273532],[88.93727840579788,25.202836452622773],[88.93643700180859,25.210522455458634],[88.93804720613336,25.211736860598617],[88.93928630677046,25.21009803157646],[88.94132287876494,25.21023130019713],[88.94443110078048,25.20611233881569],[88.95072501345867,25.206310427149102],[88.95197169970653,25.207679623491074],[88.95491536098335,25.20665327255927],[88.95786904404503,25.209112823527356],[88.95941055017376,25.208019117336356],[88.9617712464508,25.20907053546226],[88.95804393108577,25.214433600675914],[88.95779430654969,25.223123015663816],[88.95218892024812,25.22954024993458],[88.95167807206609,25.23220636073388],[88.95436373615557,25.237078638790383],[88.95062935040026,25.243942638593513],[88.95516689889446,25.250309412487482],[88.95616020655362,25.254940990807718],[88.9590198571684,25.254360585717464],[88.96977945985982,25.25792061397718],[88.97075879359869,25.26039932718732],[88.97464609457039,25.26013828180231],[88.97586989640904,25.264047654615638],[88.97984241193912,25.26362363759441],[88.98227402771673,25.264881192926097],[88.98142752175865,25.26712749222959],[88.98227199771812,25.268570818963994],[88.98390953771481,25.268260000562986],[88.98682124547612,25.274450838773507],[88.99238283729869,25.27366600730285],[88.99325047874616,25.270067520493495],[89.00533416587879,25.268987388597573],[89.00498715966896,25.263965473215872],[89.00743794848121,25.26354806903441],[89.0079042815554,25.264903555717787],[89.0062103975642,25.276095100987572],[89.00939668524936,25.297372810208586],[89.00889752281635,25.303068130764455],[89.00583677705382,25.30287199159453],[89.00634851045687,25.299886956248038],[89.00337768634556,25.29937436502737],[89.00171970244864,25.29609360364127],[88.99611863427695,25.2956319348559],[88.99527492660269,25.2970361224211],[88.99257578271477,25.296198278299286],[88.9899193041221,25.29929605547317],[88.98518679122557,25.298804688374037],[88.98659250386113,25.30179987079328],[88.98395005614518,25.300698080355065],[88.98275759570221,25.302931911341297],[88.98530750717342,25.305941796457024],[88.97592541656003,25.306192340748026],[88.97467540143572,25.301596548539976],[88.97144436353166,25.300939444096727],[88.96101087501559,25.305902431175337],[88.96040685766076,25.301410600010406],[88.95763912827519,25.30074859817896],[88.95585006154305,25.302683633684765],[88.95286369998794,25.302002080251373],[88.94996326496192,25.30375512124858],[88.93922927981635,25.30065961180665],[88.93415777093642,25.30385254029249],[88.92946144193425,25.304083301009936],[88.92780161276664,25.317195578306098],[88.92799568832423,25.315199152549205],[88.92482613290197,25.314922541791727],[88.9240146523193,25.312021625299906],[88.91552097931243,25.312027546017816],[88.91557765969033,25.314841514987215],[88.91328877104289,25.31546438977543],[88.90974099149004,25.32144157477487],[88.91010517143059,25.323429340963123],[88.90609855426365,25.327868422530198],[88.90629470420518,25.337689830405875],[88.88765182478677,25.33709676697438],[88.88579642601556,25.33298240778123],[88.88854175752297,25.326061441028514],[88.88512253655304,25.32561572000693],[88.8764444022916,25.333199850446594],[88.87569902438705,25.337279274985324],[88.87369003193416,25.336707945094172],[88.87258935257489,25.339483845983874],[88.86648093855344,25.342971913567727],[88.86831950195503,25.344004484904296],[88.86891999066337,25.352208615873327],[88.86375070123249,25.351663662894598],[88.86258710707259,25.355065273100244],[88.85571012414846,25.354194992992465],[88.85450641812736,25.363197394094918],[88.845691001646,25.36206068470841],[88.84576476375852,25.36356434535759],[88.84018487535724,25.363760364439432],[88.84014690813049,25.36808084298071],[88.83784421576902,25.36804412563729],[88.83944642042314,25.373746385492808],[88.83847512157489,25.381403431928476],[88.84172291016756,25.381609922120298],[88.84048001445483,25.383865227085824],[88.83679841178322,25.384349395028966],[88.83695740195228,25.39073980311805],[88.83997377944942,25.39129513905162],[88.84128286055935,25.393367078807586],[88.84085594517987,25.39763409253878],[88.83802336758349,25.397309360035173],[88.83719448956589,25.401795824333643],[88.82375488654175,25.40101540579016],[88.8232427867841,25.409519002786627],[88.8122950348696,25.41054357027914],[88.81647203439728,25.413667618814394],[88.81832725201531,25.41807274041694],[88.82023463265276,25.41793513062603],[88.81964158760528,25.415257181081948],[88.83000128400414,25.416944580952652],[88.83077785303999,25.423204003750815],[88.82856289236504,25.425909337030795],[88.8298659706041,25.427587783890903],[88.83445098249106,25.42736674930404],[88.83430808900162,25.43165861901091],[88.83247462430327,25.431521761462367],[88.83210665814727,25.436917470395684],[88.82688448265576,25.437450367429705],[88.82623844524652,25.444480833443837],[88.83183049802496,25.448610818214277],[88.82855635308317,25.44876256462546],[88.83790623205337,25.453307303946797],[88.83933121690325,25.45833851861983],[88.83518148613727,25.463354292850873],[88.83738655506373,25.472811794135485],[88.83359436963174,25.47848040738031],[88.82965698416082,25.490254740838424],[88.81366388744807,25.48797600242564],[88.80957742860546,25.498842744519592],[88.8104762259309,25.510197877524725],[88.80803658187386,25.513186720693785],[88.81089290298078,25.522936106489357],[88.8033275838079,25.52432020148762],[88.79237990185227,25.522699980557626],[88.79252201490276,25.520884928456457],[88.7853347530425,25.518544369404772],[88.7864225579054,25.51640830332226],[88.78244424211753,25.515076995343723],[88.77604513556614,25.516421041334826],[88.77621625708082,25.518577699187922],[88.76782737512727,25.521806689299005],[88.76745678301575,25.525161909033077],[88.75869005551891,25.52524449138255],[88.75820520166313,25.522098474711452],[88.76038594285936,25.522054852771404],[88.76105523459478,25.516803967606396],[88.75924066313732,25.511197540830565],[88.76587825631766,25.504114156887095],[88.76880628265792,25.50338127518092],[88.77081413894358,25.50512943190727],[88.76884572584589,25.49854063811356],[88.7600752817365,25.49275405460569],[88.75370355857622,25.49410736362153],[88.74810754097179,25.493400248106532],[88.74593647039613,25.491807222411698],[88.74503098765888,25.487853282893038],[88.74004047140201,25.489304228884663],[88.74200117282552,25.49478624145604],[88.74392120413943,25.494779474623677],[88.7421497549779,25.504994634006962],[88.72648890335705,25.503289570242064],[88.72577078080411,25.501901041760547],[88.72154740406334,25.501543073854844],[88.72122164701935,25.499699574020738],[88.71440905696974,25.499502924554385],[88.71543670847994,25.498518525077493],[88.71335275978299,25.498078972459854],[88.71382079242761,25.4955652476768],[88.71187751465966,25.496768926418078],[88.71329176477855,25.49998450485595],[88.70751659026469,25.499867447451553],[88.70922761703498,25.496716450054485],[88.7080457315903,25.49228187583498],[88.71040954524256,25.480595409752592],[88.7064518583967,25.47981535798184],[88.7075301923539,25.476953697754194],[88.70043370399365,25.475947259608628],[88.6994953645629,25.471194147296227],[88.68853649113906,25.475471113949183],[88.67826949680125,25.473967346014692],[88.67143247549807,25.473983659755373],[88.67019399520491,25.475097007361207],[88.66299823015949,25.473644230733886],[88.66024931428481,25.481781244503832],[88.65259696546693,25.481059048440112],[88.64705172688578,25.47781931722962],[88.64269624551085,25.492684376642078],[88.64576520959127,25.494096483425754],[88.64843490868488,25.493058967714344],[88.6483640039583,25.496398922748405],[88.64081474776965,25.499862399472956],[88.62247656189608,25.496955332552222],[88.61970236863628,25.5037703583484],[88.61555129867025,25.50531882231915],[88.61303306471252,25.509869328317855],[88.6073801343505,25.508592806708005],[88.60995010813747,25.51103666780343],[88.6090868965171,25.51630217727453],[88.60243475133147,25.515689922088093],[88.59766660146725,25.506547337877727],[88.5955067264751,25.50587588149303],[88.59088606053858,25.5093648189045],[88.58834510142609,25.50689206152687],[88.58548494520181,25.509732159946992],[88.5728560030983,25.508804480176448],[88.56781813324268,25.511202382110092],[88.56829863297449,25.513909941049803],[88.56018192529993,25.51240913731909],[88.55310323997115,25.515327140129006],[88.55516720863137,25.519622748662055],[88.55492788810436,25.520884634813456],[88.55235623016529,25.52078686680251],[88.54800691356873,25.518158680005207],[88.5483570721771,25.513752648293888],[88.54466851983598,25.510668834406545],[88.54638092324194,25.508337498349174],[88.53995281293837,25.508296083717752],[88.53973789117667,25.510557638217747],[88.5412524131172,25.511648252789282],[88.5394612783157,25.51571897610992],[88.54041335220508,25.51986465266356],[88.537369024093,25.521017527208834],[88.5380334033016,25.525255935089245],[88.54113530421799,25.526100574350316],[88.53947741870826,25.526635198564392],[88.54026101025941,25.532797854758112],[88.53942662320361,25.53474999665634],[88.53279701834833,25.532215197274656],[88.53309225114748,25.542099173564353],[88.52769565595908,25.543332877136034],[88.52349200062802,25.535160623042703],[88.51872433249834,25.538282357225704],[88.51969050254846,25.544616891997567],[88.51379672971795,25.54752232637332],[88.50909150322818,25.544136471496554],[88.50784252172775,25.547731825151274],[88.50032960735203,25.55075994627111],[88.49755928521398,25.555574909252766],[88.49899261079871,25.55866523955805],[88.49350521933253,25.558847088514444],[88.493705594457,25.563577024146372],[88.49922812209435,25.574026763540587],[88.49991542222048,25.583949292253255],[88.49441778687569,25.584503618470624],[88.49331675492202,25.58248451994209],[88.49143436493108,25.582950543606096],[88.49131031507072,25.584593460715972],[88.48364111555621,25.586499014335267],[88.48262865806045,25.582221315196715],[88.48108024941195,25.58200712787893],[88.48077573107676,25.585648540007643],[88.47196968443681,25.58524246352021],[88.4695573694125,25.58310853604042],[88.46820561884809,25.583641052449057],[88.46977335517319,25.588505806592817],[88.46575254328776,25.586913599398073],[88.46710290173837,25.58925457447804],[88.46581592897851,25.591826542853862],[88.45947043489683,25.593452092982133],[88.457286066922,25.595993440512107],[88.45764980784391,25.598683963123047],[88.44435187572022,25.596922396631268],[88.44516873250033,25.60074883456966],[88.44795845816222,25.60157773206861],[88.4496248126519,25.604988636882357],[88.44756734296011,25.605597164811314],[88.4470115704394,25.614216680657513],[88.44509882462984,25.613783558473568],[88.44516331806064,25.615494724885703],[88.44840093509217,25.618548537045697],[88.44873098284303,25.62388844111108],[88.45580512208718,25.628580787289245],[88.45460032106682,25.62918007724599],[88.45487497861006,25.635043298475015],[88.45652615618162,25.64094774492066],[88.45596360925109,25.6444241716545],[88.45399047681767,25.644687142413527],[88.45636003297136,25.652915360177566],[88.45391321071641,25.65696968675729],[88.45381539445212,25.66493750781412],[88.44402597685901,25.664988237381916],[88.43911473634411,25.66778459578907],[88.42459139189656,25.669030550126923],[88.4243704607072,25.670390174181296],[88.4203822554788,25.670296427876952],[88.41865612811048,25.66767321334796],[88.4140327502011,25.66997686022626],[88.40168556558169,25.67256158947776],[88.40518339813246,25.68422000077598],[88.40183341478912,25.685969606943008],[88.39019233070904,25.684007805510088],[88.38934606866209,25.688869511243162],[88.39150709205336,25.693518570490635],[88.38523339696805,25.69443037247891],[88.38536006590542,25.695650883030172],[88.38328087976919,25.695415012180163],[88.38159432928177,25.69741572061123],[88.37319692578792,25.697765462517918],[88.37149168354749,25.696539013756105],[88.37055540336641,25.701247210402656],[88.37208738382348,25.707767511682928],[88.36978688676183,25.70867922264211],[88.36994525326216,25.70996035472786],[88.37319127586362,25.709465503397894],[88.37545624545376,25.71480958806594],[88.3742518941563,25.717066194759337],[88.37094749952871,25.71569644544044],[88.36575581317946,25.717175241769034],[88.36379979039808,25.720133151874343],[88.35680175457524,25.721295030912277],[88.35884943206388,25.728068099596342],[88.35621385931009,25.72923013845885],[88.35546703011526,25.72717544124229],[88.34762217645826,25.73041897733523],[88.34407339326074,25.72943683186415],[88.34095161280256,25.73477651231084],[88.3372917810401,25.735429120184413],[88.33758790979948,25.737622982697022],[88.32807666544835,25.740056640684124],[88.32579733592519,25.73762338239311],[88.32094996165124,25.73747217260629],[88.3202724320688,25.741799644473026],[88.31830615049493,25.742714434182645],[88.32075687929,25.74517637846272],[88.31508694809665,25.746545308090322],[88.31716915148488,25.752522164569125],[88.29909076705435,25.760867132157586],[88.30021310246913,25.76270256590191],[88.29841960560141,25.76322810601287],[88.29973745510361,25.764295201605133],[88.2891048327679,25.767821628728196],[88.29083859859868,25.77376436800164],[88.28197380805778,25.775587679336095],[88.2788544578223,25.7741383121338],[88.27651659877864,25.77488486988887],[88.27718729972973,25.776335463997263],[88.2737395830042,25.77900483924502],[88.26650662994417,25.782448742147604],[88.26982490456885,25.78463723867398],[88.27003083283887,25.78862201381892],[88.27186764762524,25.790621871428407],[88.26955367342025,25.80817673072535],[88.25965590802564,25.81382650460684],[88.25874421844391,25.811232920539886],[88.24905083572513,25.812079999165533],[88.24864021518617,25.813403134074075],[88.24691757649256,25.805969421551364],[88.244645913537,25.80719522023926],[88.24456353200422,25.809316994792503],[88.23626701910274,25.80944018159822],[88.23569193793132,25.80658230751085],[88.23284367153093,25.80573032481687],[88.23311667246233,25.803967243105383],[88.23015730885275,25.80260695970805],[88.2335187963549,25.800445460839985],[88.2306680601729,25.800450501514575],[88.23226271254617,25.79774820127025],[88.2310152285405,25.796749873782034],[88.22819493470855,25.796767524860957],[88.2264674619771,25.799495799014565],[88.22280761382329,25.796885653854645],[88.21567038861684,25.801427220620674],[88.21537563987984,25.797568161860266],[88.21222530566793,25.797914412283326],[88.210988777361,25.79616071156003],[88.2103149477299,25.793206436596694],[88.21191120110417,25.792686609248513],[88.21198007451714,25.794099173322593],[88.21267854057524,25.79158482282333],[88.2100913797754,25.791159017602453],[88.20950959822234,25.786808749021187],[88.1994936155439,25.789959739833318],[88.19903925767527,25.795046742044335],[88.19429259326772,25.798050071548893],[88.1948125379679,25.799027853836265],[88.19259439988029,25.800245830670345],[88.19349495016684,25.80153313820367],[88.18977431747376,25.802487981584505],[88.18874712552308,25.800676104841234],[88.18377310617288,25.80169017654821],[88.18102776355173,25.79908051826988],[88.1818983890435,25.796158719010876],[88.17991210097122,25.796609379654118],[88.18033898320704,25.793256387654992],[88.176110793799,25.793828944165277],[88.17310504782407,25.78661282562908],[88.16467459614901,25.789420811567823],[88.15944057927948,25.787608840890876],[88.15906727986889,25.781892329433536],[88.15661438464477,25.781621407434624],[88.15646491437587,25.778536510502303],[88.15149473897469,25.77555092232157],[88.14711033023066,25.77629229933337],[88.14816402683765,25.781405986901984],[88.14523834689187,25.77954439210635],[88.14168550410925,25.780146069222518],[88.14477625808303,25.787603591698968],[88.14425893983736,25.793637747083487],[88.13454130561713,25.797571940141918],[88.12779427851711,25.79800323130369],[88.12496601303565,25.796221176472564],[88.11447678765416,25.7979408449552],[88.11581835729291,25.804750248785833],[88.12011364177681,25.81243502380657],[88.11293476340872,25.81560680983401],[88.10702450269937,25.815039482630496],[88.11161333136204,25.82165180929477],[88.10891258192845,25.8229970291672],[88.10739381297093,25.822090150232984],[88.10577030238687,25.8262462921063],[88.10116606551469,25.828975560301075],[88.10210773196049,25.83161670836877],[88.10691614568407,25.833915149974196],[88.10837926269909,25.838312020175447],[88.10734327936859,25.840319206471435],[88.10272287452565,25.84088526344111],[88.10142777267687,25.844199233321987],[88.10877285229257,25.846539559449802],[88.11387257117751,25.854362537054175],[88.10980628287943,25.86035600421938],[88.11067967632923,25.867887910057714],[88.10677287177502,25.868967981987435],[88.10503267572815,25.863189660290637],[88.10246046876864,25.86181467081271],[88.10102138824897,25.86317384725727],[88.10203338354509,25.87156758647885],[88.09972310932478,25.873120745039216],[88.09664317099912,25.87117404225411],[88.09417237183852,25.87336604944421],[88.09563685936001,25.87684108214912],[88.09892291367149,25.87852730201293],[88.09689621496173,25.880236979961474],[88.09827997560387,25.883197230068234],[88.10115150212408,25.884699635528772],[88.10301679447433,25.889249679993604],[88.09924695183854,25.89398891180283],[88.0935959750891,25.89456827059658],[88.09028358753915,25.896524106070085],[88.09072053941915,25.8982407576762],[88.09380616644032,25.898998948716372],[88.0903651099228,25.903682852578015],[88.09117427210437,25.906478492021513],[88.09437147834127,25.90848202909295],[88.0918209045518,25.914111677765415],[88.08741536500905,25.913089763509426],[88.08596023829296,25.9159828141471],[88.09468242766883,25.931423721105652],[88.10149478855371,25.934939320089274],[88.10496589915768,25.933095683025456],[88.10547272855345,25.934282528682452],[88.11146200898656,25.933250441749998],[88.11258856344891,25.943467624883027],[88.11791887193803,25.94378368871853],[88.12237449068434,25.94837261310724],[88.11789060582068,25.95590708115704],[88.11402804055713,25.95830205777542],[88.11517845770841,25.962776130378156],[88.11864804866984,25.962584997313993],[88.12427438057347,25.966146221168913],[88.1246270268385,25.967917980783405],[88.12069665249713,25.9688430256979],[88.11929397359957,25.971563961975942],[88.12144164396608,25.974588798380044],[88.12789485692336,25.976614369762178],[88.12903361100629,25.980255740486225],[88.12654630287179,25.98091920078515],[88.13190294502542,25.989804494132326],[88.12900996496057,25.992806880550617],[88.1296923413834,25.996943466433763],[88.13153889941734,25.99690798290625],[88.13252392654837,25.998753797108645],[88.13479720699213,25.998034720510585],[88.13572369413983,26.000588596558856],[88.14021362668754,25.996953826263685],[88.14369880013317,26.000364752368064],[88.14407100465938,26.007560747060687],[88.13971266206458,26.012916974940257],[88.14389842963361,26.014843609338183],[88.14719044648959,26.01364347571683],[88.1500011143974,26.018243398871142],[88.15501477737521,26.020044480919932],[88.16094311825711,26.018121991204847],[88.16685565783114,26.021718309570918],[88.17831867807269,26.02144031626727],[88.1832076763467,26.02677704087747],[88.180657324342,26.030777870499115],[88.17181235688973,26.032784280157014],[88.17120326259744,26.036479418291794],[88.1754455647593,26.039709076826945],[88.16953672851193,26.045199473236774],[88.17107234954125,26.048554775079545],[88.17359279401873,26.04988822226163],[88.17932258974781,26.04649982506579],[88.1760579860526,26.058051867808814],[88.17724271417157,26.059767171539722],[88.18023423012964,26.058235814363737],[88.1856656460864,26.06366073850225],[88.18149205938938,26.0675295928451],[88.18334549967334,26.072885595214302],[88.17355313984218,26.075588757149664],[88.16887633417868,26.08058280069557],[88.16860269172092,26.083553943433316],[88.16274505398665,26.07689381565392],[88.15934100660562,26.07798247536592],[88.15837967010442,26.0798264322069],[88.15969683443831,26.083633026900074],[88.1648658881118,26.085881591543963],[88.16564034927747,26.088138359857428],[88.16491982535312,26.089611476634566],[88.16127036850898,26.088709512506764],[88.16158771794923,26.090610147499998],[88.15845171365577,26.09529664246872],[88.15934411662549,26.098120890970776],[88.1633526373036,26.10042211278317],[88.16333924845979,26.107277324418682],[88.17201242823282,26.110290921454148],[88.17344480116513,26.112731111961722],[88.17340018387765,26.118989645239864],[88.17839329829755,26.123566626068694],[88.17786301382588,26.125766467102668],[88.1738986333539,26.128256549370338],[88.18003718279445,26.139170971196535],[88.17674683015083,26.142457877412863],[88.17727617937682,26.148056594997627],[88.18175557441559,26.149726499868535],[88.18401244506306,26.153450277114157],[88.19040811745771,26.15529214135444],[88.1950795901615,26.152215077709776],[88.19591990582619,26.15465322616662],[88.19230266145074,26.155039045821688],[88.1915358112079,26.157026241061033],[88.1962633290056,26.159682798008202],[88.19679026091562,26.16348867129898],[88.19929162232746,26.16308280207323],[88.20105991844905,26.159326421357733],[88.20565558379805,26.159240111344946],[88.21621740214842,26.16330294422783],[88.21657679474605,26.165167910354953],[88.21173908646111,26.167357443219554],[88.2144284072579,26.170001684326262],[88.21711068105829,26.170270320546873],[88.21831681440699,26.166333333065033],[88.2229755861249,26.166184094870527],[88.22423410688458,26.16930123213755],[88.22693547748672,26.16838907030552],[88.22783180253109,26.169643633672216],[88.22563585944738,26.171281362328187],[88.22618748529642,26.173023969599512],[88.22804474017504,26.173626393719573],[88.22991992639595,26.171838976394948],[88.23339233698894,26.173633402314845],[88.23362777288014,26.17636634994264],[88.23733199857968,26.177311771160344],[88.23328623600192,26.181197304209736],[88.23349103645285,26.184538718877885],[88.2364837499773,26.182674160870153],[88.24159869920408,26.186276023907762],[88.24182606260227,26.18908333819995],[88.24486083354476,26.189456932872496],[88.24347612671485,26.1874711373314],[88.2451912510793,26.187032048183607],[88.24553961635542,26.189915306577323],[88.2494953602317,26.189911329431087],[88.25089596244733,26.185750559298288],[88.25336788817812,26.185103528028392],[88.25354460129995,26.18844132655002],[88.2568947819909,26.188847617264813],[88.2594207257762,26.186487958756206],[88.26372152226313,26.190101915449947],[88.26442477742027,26.18817047339047],[88.26934200222233,26.186483729102587],[88.2713213364103,26.188337112224136],[88.2763216639601,26.188571556932562],[88.28029679966416,26.19511198278421],[88.28420638017808,26.19483771279323],[88.2829088929947,26.196920892414468],[88.28581271306051,26.20015166418801],[88.28764072016656,26.19737845325173],[88.29035901695451,26.20151210554835],[88.29242716281314,26.202182962799142],[88.29349910862032,26.20132331279998],[88.29224257972102,26.198354524211727],[88.29639820103063,26.200014981524745],[88.29882765794859,26.1972689377807],[88.30088272423127,26.1986076477876],[88.30129697275582,26.201984067767825],[88.30464475695263,26.199079871586807],[88.30847049595027,26.204352740099676],[88.31378238344422,26.203049592720383],[88.31707131934029,26.204867162304314],[88.31984479601266,26.20285462301025],[88.32574187452809,26.20600648292577],[88.32310973434134,26.210217666521626],[88.32659502360183,26.21064833481369],[88.32841329402379,26.213419563800205],[88.33132398225148,26.212882876968884],[88.33120181964671,26.21704850671878],[88.33353940866823,26.21592030160572],[88.3396229659043,26.217490989399547],[88.34784183396822,26.22174847034514],[88.35050996528103,26.22042270154758],[88.35159696410525,26.22267603092071],[88.34993492699506,26.22646510475726],[88.35114195931372,26.225383166678352],[88.35333874622089,26.226627849663952],[88.35101457021906,26.228264233509563],[88.35124630278342,26.230488535420086],[88.35606241590524,26.232720793869483],[88.35657455821634,26.23588544048339],[88.35494146649788,26.235955122897554],[88.35441951709294,26.238314194479052],[88.35856097357619,26.239855113986206],[88.35966315219453,26.242359375060147],[88.35494860723426,26.245318125489913],[88.35121927208293,26.24567026129977],[88.35012471144852,26.248153928110888],[88.35392522037077,26.246771118672072],[88.35379950371151,26.248045987180078],[88.35145969337637,26.25033994030856],[88.34858414827976,26.25027727376394],[88.34965151762019,26.25230679873392],[88.34832136089412,26.254813676155933],[88.35008075366365,26.256435626453875],[88.35141412777007,26.26338722689388],[88.34990371081659,26.265271954329364],[88.35200056082954,26.26723798329206],[88.34806198401667,26.268835520828553],[88.35027255620864,26.271899259367487],[88.3488020508825,26.273872838975205],[88.35185746544408,26.275832631860897],[88.35036981734794,26.275467573245024],[88.34918303090679,26.277718470106592],[88.35060118642629,26.279340750710652],[88.34966801764574,26.28224986443351],[88.35268220410697,26.282067640999838],[88.35376941754369,26.287176341543542],[88.35508445321712,26.28550320496032],[88.35899426019559,26.288130779347142],[88.3603346822226,26.291393324374447],[88.36394649202808,26.294233880372072],[88.36313259113263,26.298113264175328],[88.3653150521747,26.300201374485145],[88.36848303047053,26.29957001392484],[88.37022350470012,26.30483608693327],[88.373207871718,26.30559902654534],[88.37315961100339,26.302825054762184],[88.37495971827678,26.304413331790343],[88.3735652451069,26.306359778112853],[88.37843467346478,26.305380596920827],[88.37951556377473,26.3095508640119],[88.38249882642323,26.308515356760115],[88.38431945907386,26.309253382558083],[88.38428445694852,26.309912217317496],[88.38341172444639,26.309169154690075],[88.38264072814975,26.310159149785466],[88.3835562873121,26.30935800169236],[88.38304841566627,26.311535409539946],[88.38452384405335,26.310845157157104],[88.38466121741273,26.313258650544316],[88.38745694783978,26.312833990359568],[88.3892466639439,26.314922732085165],[88.39025863412513,26.312803655138097],[88.39118586729909,26.314391189923192],[88.39450838658384,26.31450481183235],[88.3949031110813,26.315144175157414],[88.39469652138817,26.315710312950007],[88.39498874445016,26.315949109343926],[88.3975585701,26.315424457223294],[88.39838330787238,26.317036415553783],[88.40002604914326,26.31615837946194],[88.39988070519782,26.31723729212415],[88.41297981237236,26.316182449954393],[88.4149386721644,26.314822871182095],[88.41655301517817,26.321652682171365],[88.41564732449588,26.32431662567607],[88.4112494725805,26.323047166175133],[88.40701859858575,26.32364791593248],[88.40794542975101,26.327663989545265],[88.40378251697308,26.328087656404318],[88.40435057112079,26.329834806685604],[88.40673241679801,26.3302255690951],[88.40896821091371,26.333567839210772],[88.41091306878232,26.333365843798433],[88.41285541095743,26.3374795805852],[88.42459042767975,26.335141957175612],[88.42466098072016,26.336295725659863],[88.43557756472961,26.335766697143363],[88.43639582545589,26.340118346077446],[88.43888080352323,26.34064462130726],[88.43688033033953,26.341586805371374],[88.43887232935887,26.34424207963831],[88.43809310678253,26.34683724818774],[88.44055881107352,26.34840773282605],[88.43921440286404,26.350123934702296],[88.4426563882432,26.352835102365894],[88.4423943064297,26.3557133463875],[88.44414113030888,26.357028810903746],[88.44608812199128,26.364401146236172],[88.4510117174387,26.36608351254372],[88.45171145672782,26.370374703338193],[88.45634639812684,26.37188225170647],[88.45772338940648,26.376659938329052],[88.45907476644264,26.37698207217802],[88.45917498984012,26.374031460206048],[88.4575293980468,26.37137008555462],[88.45995320816795,26.37106281408209],[88.46022792943667,26.368901162749488],[88.45738534822247,26.366544952339805],[88.45733443256039,26.364445436421313],[88.45945799722205,26.36395838464649],[88.45861965896981,26.362107834271644],[88.4624403383216,26.36075577131424],[88.46320276626449,26.35726723300811],[88.46834890709191,26.358628449801493],[88.4718103051393,26.35646000522591],[88.47740143546444,26.357730162203584],[88.47734536869918,26.353899198483585],[88.48022627283675,26.353206445033358],[88.48032258368093,26.350651754226256],[88.48236202374409,26.349702817822383],[88.48846891864021,26.348827985556202],[88.48837217670066,26.350881683956153],[88.49191308122917,26.351406832872446],[88.48840201065327,26.360275968234884],[88.49690368129198,26.358960428067384],[88.50371037188421,26.360246371713863],[88.50572117039889,26.363567758528514],[88.50774666289236,26.362525049842695],[88.50706191665388,26.35644058068995],[88.50547815132222,26.35613612569767],[88.50576240759828,26.35069031759335],[88.5036619034071,26.350328127589265],[88.50568479435955,26.34855717331466],[88.50719426558915,26.34875084174566],[88.50756024011777,26.35107555942114],[88.51001701065545,26.350398755032312],[88.50930299778034,26.35259711352024],[88.51854641949555,26.351601930062916],[88.51778297408764,26.35656060702827],[88.5233519799076,26.360823898550926],[88.52129836443913,26.36319249124366],[88.5165345377026,26.36245316248946],[88.51537228668067,26.365334815396423],[88.5221552083011,26.367021928661007],[88.52208760694468,26.37020723685105],[88.52478641939305,26.37479588846294],[88.52321731489818,26.37542086428451],[88.51719220705706,26.370568002589792],[88.51282524774255,26.377766484449868],[88.5157488976131,26.385531720921424],[88.51921300005726,26.390001548690158],[88.5167793746234,26.390203969724553],[88.51450118992432,26.38735371402416],[88.51290982904742,26.38763120286166],[88.50504522632508,26.398714151867914],[88.50581271820877,26.400318451902088],[88.51006177339386,26.401620391306754],[88.51056921971468,26.404325061393113],[88.50896309511181,26.407207587228218],[88.50669558725322,26.406901588880842],[88.50279898047924,26.403042300529822],[88.50022553533208,26.407915792865005],[88.49559423583715,26.40954187963015],[88.5027536206438,26.41748093908989],[88.49606677874276,26.417024422755567],[88.49401297417947,26.418738148518344],[88.49412159872827,26.42231680815875],[88.49838148869767,26.425193285903717],[88.49656515616923,26.427649102787107],[88.49081690115914,26.42850984230852],[88.48966055848939,26.430013456514107],[88.48978441798734,26.4318694052412],[88.49558514651794,26.433212104753835],[88.4962150787168,26.437061719955807],[88.49121469072178,26.440203333769798],[88.49083286279975,26.443971484514545],[88.48656488904517,26.445442739769206],[88.48652918848975,26.450573096765492],[88.48076024733469,26.450567369021364],[88.4789301216097,26.45230387331688],[88.47989092588729,26.454926008115688],[88.4842889799333,26.456622518287823],[88.48524556165681,26.460256697000617],[88.45886456866961,26.466623047752968],[88.43741173557244,26.465913913357078],[88.43262828043187,26.46900056655574],[88.43361908917045,26.472414102948893],[88.43054557020739,26.470349722760215],[88.427734167419,26.473013595953287],[88.42284040227163,26.472680478293352],[88.42299054788532,26.469836596129063],[88.42132220143952,26.46800921940174],[88.42253800334765,26.465989115004373],[88.41975933706362,26.465746060288136],[88.41868511211776,26.46926886150885],[88.4153623517443,26.469215849106916],[88.4145687166986,26.472226348563403],[88.4126515119991,26.472244622378472],[88.41253270390504,26.47413099846838],[88.41020022249789,26.474940100916697],[88.40865068586538,26.47949747521369],[88.40501796308334,26.480617390377663],[88.40500847265238,26.485808768349834],[88.40247226086922,26.48589219730945],[88.39989690179308,26.481905180214017],[88.3952434058065,26.481593593425547],[88.38854544659695,26.478300453739493],[88.38626274563205,26.48285100328287],[88.37566230941917,26.48397136580418],[88.37449357261029,26.48844641356071],[88.37123918931204,26.48820544500073],[88.36337243913125,26.486894093728047],[88.36053385729103,26.484560434893584],[88.36053725024392,26.48062122582244],[88.36200234197759,26.48043847220352],[88.36272333369112,26.477846692312085],[88.36216487464962,26.473572098706214],[88.36567474262073,26.47223983957079],[88.3660709272371,26.47077981944915],[88.36039664560688,26.46447330840745],[88.36097955622877,26.461119026866147],[88.35901858627228,26.45680820641314],[88.36154799542668,26.45498633154695],[88.35693322545941,26.45228377125431],[88.3548235618245,26.44702163371792],[88.3521697139918,26.448076764591743],[88.35338253770027,26.451147909927943],[88.34830158860797,26.459935421247057],[88.34856593605504,26.465491778429975],[88.34651817802965,26.465895683090157],[88.34705356076346,26.46825137227709],[88.34049245100549,26.46894155079459],[88.34085913044278,26.478165284737965],[88.33508372443761,26.47798564933819],[88.33378140791258,26.478682565614168],[88.33449265395876,26.48150034226687],[88.33186767568279,26.48180632316468],[88.33212914279055,26.493150492054927],[88.33774451854318,26.500512390643905],[88.34469094319797,26.504091599154005],[88.34947931807142,26.509107565634373],[88.35307144994549,26.515924746585338],[88.35190658345444,26.523199225093194],[88.35939394796043,26.530069569465706],[88.35715290038516,26.541767565521404],[88.3653229007379,26.55196911631274],[88.36553473620862,26.555825147539277],[88.37083597425357,26.56028881475383],[88.37163365907983,26.56874852557271],[88.37005300675733,26.575077304896812],[88.37410213310025,26.579247266664815],[88.37603924308932,26.594695565075785],[88.37936727805088,26.5980139362842],[88.38422264805442,26.59868009333414],[88.39013209605778,26.60298585561252],[88.39625557423676,26.602520422788285],[88.39864457346846,26.603953272214117],[88.39683543345951,26.60682840284473],[88.38808661832213,26.60678091176511],[88.38677778845934,26.610739932637856],[88.38933309026102,26.61468847122939],[88.39677315026071,26.617747733968674],[88.39838271209013,26.62599977974632],[88.4078683177218,26.630658542562138],[88.40925696896008,26.63484790280829],[88.41518823383275,26.633173402836345],[88.41607402450325,26.63161773750981],[88.4144537115178,26.622621264311288],[88.41800562455883,26.621556603929054],[88.41681356142749,26.61321101026113],[88.41997754872851,26.598649263190534],[88.41924115345775,26.590492817659886],[88.42259153279893,26.582770801526852],[88.42117023684052,26.57101697618452],[88.43139035731693,26.54977786805168],[88.43715651388098,26.54407214583453],[88.44307942786347,26.543953672279777],[88.44335509988375,26.53929138736809],[88.4482650900555,26.535287156196315],[88.4564835374399,26.53689333355319],[88.45518410079072,26.538975505570107],[88.45842884679435,26.54023217122193],[88.45744912116268,26.54174564892416],[88.45888793382194,26.547117858199215],[88.46184030934879,26.546873479369303],[88.46255861761881,26.543762302161813],[88.47590577753054,26.544468774184807],[88.47807896891295,26.54193429168537],[88.48500966197068,26.54068531822761],[88.48234547872055,26.53616600467232],[88.48202504839101,26.53133986602574],[88.4829668448513,26.530261727591828],[88.48965327640873,26.53195519760545],[88.48949982093902,26.527036625879457],[88.48533850595673,26.526087216451078],[88.49005212292813,26.525074272098603],[88.4887167407513,26.517907639748877],[88.49060753106117,26.514850868013493],[88.48975087669386,26.510358941598923],[88.4924743130086,26.511876078091603],[88.49935546025965,26.512273489225088],[88.50006812157895,26.515646855633765],[88.50720776737933,26.516479942931262],[88.51068055615993,26.510741102596022],[88.5213933604787,26.510507221403838],[88.52292701386386,26.505400903604684],[88.5186726385355,26.50126833055417],[88.51997067109751,26.500579147169372],[88.51952655006654,26.498249872370657],[88.52196481460157,26.497798867820016],[88.52450060270444,26.49278314317353],[88.52286961075907,26.486707703757645],[88.52748826156231,26.48745699787325],[88.5279487086741,26.48647828608224],[88.52414699891537,26.485642141610448],[88.5276817803729,26.484468042161062],[88.52648165263206,26.48137885309077],[88.55676396585224,26.484799190414478],[88.55461217930015,26.48111839895899],[88.555303135025,26.47881638815109],[88.55272853460059,26.47724067845953],[88.55262062230815,26.475322880586795],[88.556803783368,26.475246149853117],[88.55627668744239,26.47281368253407],[88.5539756860785,26.472902181313405],[88.55429003337703,26.47187037097271],[88.5601414869613,26.47303999728453],[88.55763772870802,26.47069150382958],[88.55806459293106,26.4668896449259],[88.56240337579818,26.467128216306214],[88.5594886530037,26.461841507638283],[88.56292930030799,26.459649090040536],[88.56226501168268,26.458615769614028],[88.55803532323398,26.459047727414617],[88.56092917254105,26.45646254643967],[88.56266338799745,26.457814863803993],[88.57879207762385,26.456656594080034],[88.58458452634397,26.454005251941066],[88.58435075923308,26.45028211619353],[88.58951889579247,26.451345349786457],[88.5918437942093,26.450726034599725],[88.5903414885162,26.449643346305425],[88.5929521556635,26.44981408341303],[88.59312966309214,26.45220778141535],[88.5951193992846,26.45306448305198],[88.5962613154106,26.469423170364824],[88.59475359232509,26.470637171794667],[88.6228904622192,26.47107851622622],[88.62438532592623,26.453935939768265],[88.62683694918569,26.450851051365728],[88.62830114787782,26.441041784622335],[88.62497070718146,26.440414387083944],[88.62503778931266,26.438723697771643],[88.62317509142906,26.438318688689527],[88.62377143974373,26.434787711939858],[88.62776675617015,26.433473617499864],[88.6304506131115,26.434668788854857],[88.6308199083888,26.43140292121971],[88.63515023136463,26.431978243691944],[88.63827271814424,26.42947806907831],[88.64979655732002,26.429587751180744],[88.65169986814034,26.425337297739496],[88.65106409079304,26.421660530507946],[88.64445936268142,26.418745610556375],[88.64656750330536,26.418600497966544],[88.64684347574678,26.416948292056198],[88.65036937374336,26.417436870820357],[88.6505665868066,26.41551747882931],[88.66044811098236,26.416316520277892],[88.66281806728313,26.409863021678685],[88.66772262040338,26.409549735148566],[88.66780678608721,26.407185260651932],[88.67860949390271,26.408016501435174],[88.67903882920345,26.404372237509318],[88.68050871989841,26.406554340205656],[88.68675483971305,26.40602865940834],[88.68566014502908,26.4054323316107],[88.68742571636557,26.400985312097003],[88.68163071245309,26.402058331184723],[88.67917340684302,26.40045942322931],[88.67953608202554,26.40187891457491],[88.67380216152094,26.40089139049375],[88.67352860832128,26.402004775801252],[88.66997045382742,26.39761409954942],[88.67197893100378,26.39744739159839],[88.67232853562192,26.395701950891887],[88.67812244406693,26.395579467965494],[88.67814671784491,26.39341702571484],[88.68575621827928,26.39391474470715],[88.68624610134893,26.395630526419332],[88.6891720964616,26.39568336743313],[88.68565218963681,26.391074032140605],[88.68632358192441,26.390186474647535],[88.68777793972045,26.39154573390913],[88.6874286106356,26.386827431860763],[88.69239636302073,26.38641229849908],[88.69413034224027,26.388545454201317],[88.69879902838696,26.39010442905186],[88.7022701539924,26.388443579877087],[88.70216336891231,26.38575351407243],[88.69136692613814,26.384625155854554],[88.68743204101827,26.38268338855885],[88.68493495193442,26.383338565182036],[88.6821234558068,26.382200178064],[88.6826583336247,26.38047712177759],[88.68101203916096,26.379407854483798],[88.68130302148424,26.377895959539604],[88.68661124831276,26.37881013088289],[88.68533734200551,26.374643743509413],[88.68768674671584,26.37154800134071],[88.68891553051378,26.364950900708433],[88.69064557758604,26.36330893839573],[88.69496394227406,26.363578913184156],[88.6962645590285,26.361950797119636],[88.6955023608745,26.360841858016084],[88.69147332753042,26.361178879387367],[88.69383982236987,26.35640520786262],[88.69858157862329,26.356727770695493],[88.69786187444019,26.349544380025005],[88.69666794451012,26.346893968159375],[88.69410494507119,26.34672872190323],[88.69510043303995,26.344133532604353],[88.69803027156938,26.34367990236019],[88.69858629036551,26.341120738586554],[88.70402309387099,26.341871536140708],[88.70421310513304,26.339842354786533],[88.70163543513974,26.338783878177196],[88.70323117543431,26.337642722475465],[88.702763878751,26.334394469564486],[88.70469351531656,26.33248303571505],[88.71015359995714,26.334678096616145],[88.71048108321341,26.337200719219066],[88.71272165907332,26.338420474494555],[88.71284698767768,26.34365209380865],[88.72322998617467,26.343134995084615],[88.72431732456018,26.341104794771297],[88.72615031007246,26.341267545891935],[88.72639080699317,26.34411376926614],[88.72935441372255,26.344633022122142],[88.72963368114593,26.348008402663897],[88.73591716425916,26.347967184170148],[88.73520432774896,26.35001066576788],[88.73296775454979,26.350338504262467],[88.73326228726904,26.3538317407107],[88.73758562502697,26.35327445000288],[88.7360191441118,26.351981478782303],[88.73636320442749,26.349442995624003],[88.74530076211424,26.347859463317782],[88.7456443724272,26.344626258741474],[88.74445568827812,26.343343519693594],[88.74429335310946,26.344607696425882],[88.7425849642473,26.344097677303075],[88.74405765945245,26.338476557173475],[88.73599844658352,26.33395645334382],[88.7338666757486,26.32865527578956],[88.74111687461534,26.32965973316535],[88.74573234224145,26.33243046516115],[88.74874230094092,26.331927413542353],[88.74650833890195,26.32238546256215],[88.7306487448855,26.323620751240938],[88.73123643482869,26.31835106499998],[88.72631540060625,26.317514821483208],[88.72584526558285,26.315376607606986],[88.72078011020893,26.31431636796829],[88.71882384640318,26.312115048044735],[88.71912036885865,26.315679382166085],[88.71504020341023,26.317973097268744],[88.70635492976159,26.31468767832032],[88.69899341167765,26.314419391271972],[88.69726657661339,26.312117916216625],[88.69647442218928,26.314312114826766],[88.69326758424019,26.313985096198795],[88.69092494686889,26.318399963887245],[88.69261648494026,26.321438318478087],[88.68986613118054,26.323244148906337],[88.69227857005615,26.325599663261503],[88.69678947732349,26.32574962097094],[88.69573307292107,26.328726076158247],[88.69100089835267,26.328880662110954],[88.68974479737506,26.323003840106495],[88.67987633304156,26.322272924748845],[88.67826643457198,26.32015336733281],[88.67513057153415,26.320072043438774],[88.67529595310266,26.311365983836076],[88.6771016975319,26.31165824816486],[88.67907061411313,26.314657121515634],[88.68080529491834,26.311540045567945],[88.68256148230998,26.312509039099115],[88.68309248702352,26.308452982999274],[88.6779763738701,26.306946630104825],[88.68020024121914,26.301439576410488],[88.67867350868062,26.298827072932735],[88.6680446875308,26.29717289769457],[88.66966576425926,26.28955119852422],[88.66618049367426,26.289250120177122],[88.66565179976821,26.284862029106186],[88.66964419538914,26.280758047771062],[88.66738241840682,26.27807948455043],[88.66691585665345,26.273237672027083],[88.66763149173356,26.27194775850119],[88.67211283559755,26.27226436329686],[88.6722452309314,26.26848954758107],[88.67186835158336,26.266841173852168],[88.66749532612481,26.26650124587549],[88.66622666382455,26.262656828712085],[88.6767909928237,26.264657828617548],[88.67815392205974,26.264135454684055],[88.67947970603012,26.258904845131337],[88.68323612169908,26.260822749729257],[88.68632727979727,26.263054800023074],[88.68462316254532,26.265667499363232],[88.68602407474022,26.267570403950444],[88.68745083928331,26.26617854138974],[88.69008049478305,26.26664851341334],[88.6901085433038,26.268529164841162],[88.69258543023521,26.269539519202777],[88.69190249110913,26.272516987794106],[88.68988106930072,26.27382751992189],[88.68744942227028,26.272655723297845],[88.68618995952203,26.27366909821131],[88.68607126732024,26.2767546158442],[88.68917855931805,26.279045578310917],[88.69159608102302,26.276358366175202],[88.69618709591147,26.277282293367257],[88.6958421251712,26.279458681172056],[88.69855426946741,26.280413886098383],[88.69973822526278,26.284165660111245],[88.70159761242763,26.283221028039044],[88.70138041020017,26.284540152309212],[88.70360362343709,26.284250853658584],[88.70382962544993,26.28553178032829],[88.70655949373833,26.284819723955913],[88.71140343487086,26.286380658860605],[88.71402990134081,26.285712516707108],[88.71325173259652,26.281590630404708],[88.71629401976367,26.282238771219358],[88.71711103872032,26.281082336145364],[88.72115491939397,26.28327518157162],[88.72718704298786,26.292982427816963],[88.73053609294253,26.291267803815423],[88.72969178667725,26.29460501423493],[88.73790469624619,26.292431043283038],[88.74244603964621,26.29522272549306],[88.74084319909001,26.29559674428422],[88.74259538739477,26.29925278257052],[88.74666641487697,26.299662929867925],[88.74731769142124,26.301049038567992],[88.74901598140903,26.30052190307248],[88.74752087316513,26.295505019000537],[88.75857880430002,26.294759210981855],[88.75976389440468,26.30026310706345],[88.764108508166,26.298890116664218],[88.77190119399087,26.300556327159587],[88.77624235004365,26.30362213812352],[88.78281206579643,26.30316264819216],[88.79356444412137,26.30997000421097],[88.80193248616531,26.306207940622514],[88.81315226332552,26.29711235460516],[88.81911006244412,26.294494219164644],[88.81327793311463,26.28845021169952],[88.81132528126156,26.27734232581672],[88.81001874305808,26.276811102117197],[88.81043846454271,26.274071800265414],[88.81383851889854,26.27336884506019],[88.81499402792147,26.268988080328178],[88.81468161368817,26.265142472136027],[88.81216686859207,26.264767524356184],[88.81375812976137,26.258697709702936],[88.8129421107096,26.25599022253122],[88.81398220026568,26.254250945763438],[88.81908516472015,26.255242175414672],[88.8195689822555,26.253794213936928],[88.82324310863892,26.253343426682257],[88.82348412629774,26.248504171604782],[88.82916341026433,26.249706354902752],[88.8297272541656,26.246394764255687],[88.82672958943552,26.243696345610385],[88.82766712669905,26.239639657584878],[88.83105841206299,26.24018128953879],[88.83195776670613,26.238243321225706],[88.83809075987476,26.238150990719696],[88.83828108526232,26.232253514168562],[88.84172564400221,26.230719679638494],[88.84392530394855,26.23056581897418],[88.8437945016523,26.23252862564393],[88.85189804965408,26.2351000999125],[88.8542997763993,26.235035665748764],[88.85982446312151,26.231419588826185],[88.87167092916437,26.23404449394437],[88.87288741171814,26.232900678892726],[88.87786454979235,26.23337795240338],[88.87645793707878,26.23719008322376],[88.87769173192848,26.242194797859693],[88.87222156315184,26.239907129232176],[88.87162616928089,26.24495094147749],[88.86815397132438,26.245646041352444],[88.86733644026046,26.24973359281517],[88.86146889667243,26.25199906312646],[88.86133275155476,26.263675279893807],[88.86458641715429,26.268729739199948],[88.86138512301444,26.272663264770546],[88.86623372153615,26.274895581392933],[88.86641124352253,26.27940392615833],[88.87043196586727,26.283853526904483],[88.87593381803866,26.286578945162134],[88.89826902698248,26.2886438758469],[88.9090292699529,26.287248916554258],[88.91814205533609,26.287934229735704],[88.91989716684472,26.284471269900276],[88.92628083152454,26.283778077115652],[88.93113100365964,26.277442706008813],[88.93515773189459,26.267008506030145],[88.9402407344551,26.26351688671994],[88.94428012674359,26.25446834433981],[88.9507761938464,26.247713290970356],[88.95314463091815,26.241974310832376],[88.95704134565051,26.242579705033965],[88.95731684594229,26.240296477698415],[88.96538629781121,26.238708239432423],[88.97867361331855,26.242658072608716],[88.97916960602784,26.244788694705413],[88.99303214169169,26.24546378823654],[89.01589969801599,26.244627464426358],[89.01819786102804,26.243667935035166],[89.01826281142492,26.241936570262343],[89.02147952861309,26.244997732291704],[89.02733791658765,26.244069576989805],[89.02755338979809,26.247639796514775],[89.0330326521885,26.246697368636926],[89.03536108356515,26.2425334846846],[89.03673144963683,26.242383280662217],[89.03737069631656,26.24572224770443],[89.04602423505631,26.24065605098337],[89.05068565549585,26.241653384033615],[89.0499931996695,26.24537461226636],[89.04797913687881,26.245680031781006],[89.0488660914104,26.25170354871031],[89.05123033886174,26.252681269289305],[89.05130549740467,26.25529707543433],[89.05466514514652,26.257376151210213],[89.05912694456315,26.253972468220663],[89.06264240901235,26.25375151369394],[89.06293792340942,26.255765123786954],[89.06018116208008,26.256775854578585],[89.06065434897212,26.258910411502736],[89.06331298133026,26.259877689149583],[89.06114553100936,26.263965553745255],[89.06110919838092,26.26910402191428],[89.06333962258364,26.270365938541286],[89.05920121369772,26.276236735849068],[89.0538885575355,26.27714100632819],[89.06247745478422,26.27866102086688],[89.06295911176228,26.281685359974453],[89.05750665689058,26.285575314412085],[89.06121866896387,26.290355295624465],[89.05946685277934,26.29343471098016],[89.05648443654867,26.29388282386638],[89.0531007238712,26.29199473271599],[89.05233114169732,26.29602315122991],[89.045868733842,26.295351054066423],[89.04534654122416,26.291028277922972],[89.042127265367,26.29003346695527],[89.04631508223667,26.2894506299227],[89.04480688523063,26.28357597602186],[89.04735617914794,26.282603692410976],[89.04778133703843,26.288332132614727],[89.0505501324901,26.28831937122688],[89.04832893358578,26.285801296266815],[89.04817620060612,26.279769429274378],[89.04646044003046,26.281017651605037],[89.04319479120157,26.27996074052385],[89.04464415789457,26.279328957713815],[89.04512381455402,26.275136389054907],[89.0398800162409,26.276523533665397],[89.04019721042616,26.27809420130874],[89.03802957473286,26.277465551675206],[89.04034282833392,26.28073777581374],[89.03740637249336,26.282410518817706],[89.0406939465664,26.283935182962004],[89.04077332768568,26.285766989956986],[89.03855138136362,26.285474112336942],[89.03871567834203,26.28372118881524],[89.03712201140179,26.283119508847587],[89.03146232319622,26.285515816496016],[89.0275188079238,26.282468204756537],[89.02711138764718,26.285618060815793],[89.02481758808439,26.286243995484494],[89.02472964835866,26.28806695941648],[89.02136947823384,26.28755367217164],[89.02008376711973,26.28909424147202],[89.02156545108184,26.29285952653314],[89.02332980159872,26.293301848101557],[89.02122861436305,26.29796104287128],[89.02661025146573,26.305401630208483],[89.02629765275009,26.30691795145045],[89.02177513784977,26.3074245813351],[89.02158614164011,26.30901899776694],[89.0203980313881,26.3070327883348],[89.0187469885715,26.307106632913595],[89.02010197310838,26.305002366167727],[89.01601245825972,26.303456269840723],[89.01635544460548,26.3013953989263],[89.01431197816163,26.30022049823964],[89.01959403467296,26.294947604320733],[89.01840626620728,26.289813096080362],[89.01688815311134,26.289404880289318],[89.0166614280445,26.291408480310185],[89.01235339674147,26.292475626215865],[89.0130510028092,26.29800734241415],[89.01055324046158,26.298686223737093],[89.01182148594134,26.300117487032928],[89.01026280029237,26.301851002814892],[89.00845191573761,26.30160961000982],[89.00685174096363,26.304390038698497],[89.00659058842953,26.302714302893538],[89.00437697489483,26.303655446988163],[89.00495139349916,26.297801087682725],[89.00121551471226,26.29514148333472],[89.00002692950964,26.290677795598125],[88.99573826073191,26.29023779572326],[88.99537197533492,26.293970511877173],[88.99758625380524,26.299630573197405],[88.99605742661105,26.296944193346786],[88.99537193615802,26.2999711947985],[88.99489831415458,26.296672354905215],[88.99262532663018,26.300622149741045],[88.98493709091898,26.300543439628267],[88.98265767098619,26.309497083437318],[88.98586784678803,26.314586706860208],[88.98413506864844,26.31632052762904],[88.98462043180189,26.31795733363632],[88.99492619308761,26.31323249065963],[88.99711831867555,26.313737257329063],[88.99713798482577,26.316379538037317],[88.99428406328038,26.317136389596623],[88.99408269189607,26.31987843277202],[88.99196145004827,26.320382855855193],[88.99151866586192,26.322321288621524],[88.9948923950702,26.32213788241404],[88.99562102174171,26.320724781751334],[88.99800945024995,26.322395795724617],[89.00096802664694,26.329747490113665],[88.99864123259613,26.331824901701868],[88.99202003108894,26.332699169301822],[88.99266711314107,26.33480977198896],[88.99060616087714,26.335352578960027],[88.9891608263593,26.332383837413644],[88.9855462185147,26.33276379889213],[88.9818078608074,26.340996498548826],[88.98664913233112,26.341380961017443],[88.98598740910019,26.339815915626847],[88.98876279970763,26.339116935437314],[88.98726961052358,26.33798260523619],[88.99000415454697,26.33848284982844],[88.98709610747079,26.34263516846494],[88.98612329879325,26.347075921485775],[88.98772874146447,26.34714555674248],[88.9872188956425,26.348320907725384],[88.98512606569774,26.349914828643715],[88.98536406519288,26.348414502944202],[88.98276852609693,26.34902187832504],[88.98214859525046,26.34747773346166],[88.97781916454959,26.346550811550166],[88.9778061644127,26.34804927466438],[88.97267774220545,26.351693001499235],[88.97053387336956,26.349638495558107],[88.96675581764626,26.35181594591009],[88.96519112790322,26.34869312236319],[88.96141061291313,26.35229564738302],[88.95914988365689,26.347944183768373],[88.96262553557739,26.34545314211173],[88.96172019484906,26.34083184527698],[88.96355138609587,26.338477938920683],[88.96291797764684,26.336274569134783],[88.95947799671102,26.335867022930277],[88.96037045725242,26.330054562689256],[88.95597247528809,26.33000325108995],[88.95469139113288,26.333175848458257],[88.9541113070842,26.331896573411136],[88.9539084283916,26.333035985959196],[88.95239536399183,26.33223159133854],[88.95305692635631,26.342089728044847],[88.95175559616146,26.342589582111824],[88.95400092665064,26.342357080176267],[88.95602644216049,26.341218947625894],[88.95905101173612,26.343534259006628],[88.95297214840325,26.346206520141987],[88.95241123993318,26.34375098004594],[88.94615345240373,26.343875426446232],[88.94629373326191,26.345826586137928],[88.94986700131562,26.348513201657795],[88.9487544185649,26.35238787167371],[88.95355004782242,26.35614881130229],[88.95814292826003,26.35742042637903],[88.95842952089706,26.361681017442884],[88.95475070988198,26.361787845264008],[88.95335761331795,26.365953585338758],[88.94985243948183,26.36592827079348],[88.94677142725874,26.355692310466278],[88.94145392164404,26.357771872173494],[88.93682520365935,26.356722189818644],[88.93561851808342,26.358649817116724],[88.93093654341038,26.359587613584235],[88.9279089394865,26.362656492392404],[88.92896966818832,26.363719856663135],[88.92608390731651,26.36474216556208],[88.92238890203564,26.363210845883977],[88.92046836378175,26.35936331705031],[88.91857857343359,26.3598571770205],[88.92166292429047,26.362638004972748],[88.92007943057183,26.366233303164986],[88.91430050010668,26.36522196286768],[88.91193125115868,26.366104999508707],[88.91284374651698,26.368421312563168],[88.91139707943253,26.367660486934092],[88.91004747701237,26.37021776667661],[88.91326598723124,26.37422196829814],[88.92007788631787,26.374570412651288],[88.91954593316893,26.376852116901397],[88.92140207538738,26.37717543513947],[88.92061429361965,26.378530659407815],[88.91371651190977,26.37791573261662],[88.91232899084997,26.380278304331107],[88.90906724339133,26.380452238801674],[88.91212195792671,26.383613974699717],[88.9165120490772,26.38483328137576],[88.91643235373654,26.38918574893193],[88.91845052146333,26.390117439346024],[88.91894117575708,26.394263837510163],[88.91744062215409,26.403161132352093],[88.91325824209895,26.403233063461602],[88.91256607432244,26.40136285723959],[88.90995411884445,26.40077582943031],[88.90872405844614,26.40370301262666],[88.90615685189418,26.403513066586797],[88.90478891439786,26.408458957538457],[88.90678871118996,26.40664868450788],[88.91280757225951,26.40861444743606],[88.92655973935379,26.406788242356527],[88.9313133777728,26.414188142542926],[88.9290698096412,26.416663594410707],[88.9254717133743,26.416402898226853],[88.9230327334825,26.42336077915401],[88.93128981705135,26.42455268415032],[88.9327984555444,26.42683353470902],[88.92593788576866,26.427620233840706],[88.92619277152072,26.43205052379693],[88.92838424902587,26.432915881513903],[88.93475760461656,26.431450917460825],[88.93809346652648,26.428098489172985],[88.93804987119398,26.425602231890235],[88.94476665674327,26.42559166591031],[88.94281736026338,26.428188502653665],[88.94576421194482,26.429360670999667],[88.94464887220968,26.43184850544894],[88.9512003317789,26.433614145154042],[88.95131584328976,26.434995875439032],[88.94691360386327,26.439320991635494],[88.94901976927905,26.439899713899376],[88.94926626230213,26.44290137025853],[88.94675817898693,26.443391122318452],[88.94616886079639,26.44793846091325],[88.95187608941325,26.448419249192497],[88.95127962595626,26.452063531391026],[88.96056883970876,26.448273323792552],[88.96535558563612,26.451490060734994],[88.95977996811905,26.452287562643384],[88.95732105221289,26.454755367013686],[88.95724389539981,26.459004573059023],[88.95584156520118,26.460208138909003],[88.9657188274846,26.45757361470632],[88.96631304144047,26.451261972399408],[88.97505898998631,26.449861475780757],[88.97581298609273,26.44640764739174],[88.97730885714088,26.449115790075606],[88.9794383340094,26.449630882104888],[88.97854246408916,26.446161651133227],[88.98326600288095,26.446509254575925],[88.98088780336168,26.443128162321532],[88.98095027454775,26.44174569777306],[88.98424062125612,26.441844517735554],[88.98289350709757,26.437985695681036],[88.97877797643933,26.43599423196499],[88.98027665886862,26.43156809575887],[88.98305593264675,26.43087528940661],[88.98075204310555,26.425266889188624],[88.98363796300448,26.424389168847625],[88.98300202382524,26.4210392123942],[88.99277217470213,26.418923600916045],[88.99403962971243,26.412818628954835],[88.99860926257386,26.41388446467625],[88.99530443671468,26.416657306904145],[88.99603508897572,26.419701585621723],[88.99301125665977,26.42030544075428],[88.9937371090562,26.422989647702117],[88.99590465426442,26.42258459334305],[88.99660849770106,26.420499770825955],[89.00234992998905,26.422113646744666],[89.00593630479551,26.42141105298191],[89.00484646702785,26.417758381090103],[89.00722669126645,26.412734139634583],[89.01793580630984,26.415124434682948],[89.02199201021665,26.41401448052737],[89.02316149046634,26.408329094035423],[89.0189480860334,26.406063636017958],[89.01940673912245,26.40412527240291],[89.02270707568519,26.40392409359257],[89.02202767346402,26.40580970455256],[89.0244596922456,26.407755055749323],[89.02984828920604,26.407123574130434],[89.03178547973324,26.39954859967996],[89.03437639367061,26.399464937226973],[89.033560360626,26.395442378103905],[89.03598258357842,26.394895691894806],[89.03745857108375,26.395169411199394],[89.03784411988364,26.399674257192775],[89.03944322060866,26.400185527386],[89.0541912724758,26.398621143109153],[89.05573090426739,26.395805590210923],[89.05813551473841,26.395293352272166],[89.05901234960695,26.398823239372785],[89.06148704266259,26.39817555554002],[89.06322066932758,26.400748391917784],[89.0618561711352,26.397824744327814],[89.06336503773257,26.396685625115484],[89.06445581201895,26.396634437422463],[89.0644460565021,26.398947616711634],[89.0672821954565,26.400002161558188],[89.06817113808835,26.397682982681243],[89.07122985360523,26.398385683632604],[89.07483470530096,26.39595572578846],[89.07448987579538,26.39102624329266],[89.07534167274461,26.395973833507387],[89.08349599032667,26.398147290906522],[89.0874088529375,26.39764731398731],[89.08555172604697,26.39371166108854],[89.0806399961365,26.392735561636187],[89.08133652611731,26.39016623538298],[89.0860105980004,26.392336694891576],[89.09047550841876,26.391755368658337],[89.09198614978659,26.393693818155676],[89.09629104166841,26.39094167767148],[89.09154845393942,26.388979206949617],[89.0900524426071,26.385713442652456],[89.0916845580078,26.3853006012806],[89.09188962791788,26.382736352738448],[89.08909412976452,26.38091016231916],[89.08897889848399,26.3757511996815],[89.09065894009453,26.37469437579179],[89.08846210132104,26.365691505713087],[89.08003124021911,26.36665522961956],[89.07970787296414,26.36282232851454],[89.08294055629966,26.362101454880758],[89.08417908601973,26.364061571179775],[89.08580929647442,26.363858373955836],[89.08581381189481,26.362721178687927],[89.08970167098518,26.361957703114086],[89.08985517777074,26.36049153093423],[89.09831593876316,26.35892970384712],[89.09586228052642,26.354163714734],[89.09388585309807,26.354589981282277],[89.09333006911699,26.352913663172966],[89.09593011703166,26.353744956423824],[89.09602655793688,26.3501592192596],[89.09794648622086,26.34978691160278],[89.09778622837638,26.339772100527725],[89.10028236797737,26.338945346321115],[89.10134320364908,26.336533849776032],[89.09652573436959,26.333938381182296],[89.09535161656048,26.329774156297372],[89.09094316441306,26.32948656093726],[89.09163525924767,26.327988815657847],[89.08819008020109,26.323457091086727],[89.08428755124257,26.32405353433514],[89.0836012838437,26.322023139680077],[89.0861199736162,26.321029871893753],[89.08971855454324,26.32241095986102],[89.09192283490867,26.32029390907865],[89.09362925719327,26.325781154826405],[89.0954529112405,26.32555577072453],[89.09718599446835,26.32928100513842],[89.09939919408866,26.328250675143856],[89.09840722917822,26.325042409900206],[89.10051372108886,26.32330887703154],[89.10433428356575,26.323282049288988],[89.10569242820237,26.326500293438485],[89.11001335003718,26.32524989413393],[89.11273542156624,26.318388822504108],[89.11649023350289,26.318493238498945],[89.115501986243,26.31990390973024],[89.12364023703626,26.32217214861901],[89.12860728528011,26.322318413635596],[89.12967667144893,26.32048300724723],[89.12446024050297,26.32083986584322],[89.1283118976466,26.318799596419954],[89.13464325985566,26.32134725945394],[89.1363077453497,26.32010687436896],[89.1360360800326,26.314593540555965],[89.1295533561537,26.312836782919803],[89.13483236213766,26.31314653621756],[89.13283131455495,26.311734497902705],[89.13493436874458,26.31126404869222],[89.13604247953965,26.307387475585724],[89.1337695680231,26.3070012782313],[89.13371007970099,26.305796750749412],[89.12521543088307,26.305336186173374],[89.12570262662852,26.304147266395336],[89.13058467944593,26.30517751188245],[89.13134407699323,26.300891998320218],[89.12879727177452,26.30152347330823],[89.1289222201339,26.30311028411887],[89.12746099245213,26.30156163907545],[89.128704732556,26.298788116336564],[89.13129663826568,26.300374319622243],[89.13250473986105,26.298715413446917],[89.13116270399063,26.298611911443206],[89.13163345500489,26.29732432126277],[89.12826189735542,26.29785279324887],[89.12736568487863,26.294866767964532],[89.12456916747831,26.294050549206066],[89.12541542241033,26.29093323826668],[89.12212669550865,26.287146159878116],[89.12012817059349,26.287094305220624],[89.11793249893543,26.289819162261345],[89.11680515388494,26.2970773300707],[89.11391536208214,26.29824331270555],[89.11424622024926,26.303639888095965],[89.10908059651311,26.304442144888814],[89.1082829529032,26.313043574992435],[89.10504416537117,26.313834408846752],[89.10609578890318,26.31575946391945],[89.10471117799425,26.315799787515342],[89.10497737361494,26.31311086551119],[89.10341126888616,26.313257551024233],[89.10235562785097,26.311394339411166],[89.10294316971246,26.30827743669039],[89.09992477069198,26.304568171020872],[89.1075720343055,26.29979778413272],[89.10405120168781,26.297965803468355],[89.10328235298537,26.294459023323725],[89.10714622537002,26.29164345282244],[89.10259533084016,26.288606314921747],[89.10261974706695,26.281666409766586],[89.1001047003404,26.279467655675244],[89.10289801218366,26.278230109803047],[89.10342366464057,26.281015146939133],[89.10602255830271,26.281066397702112],[89.10571720075065,26.27404121981652],[89.10879119098458,26.27557427567979],[89.1094141188379,26.272079256350736],[89.11161809108768,26.272681779819944],[89.1252287821011,26.263461976697023],[89.12535375254879,26.26121212816471],[89.12140444144255,26.25819662229481],[89.12226940881196,26.255519008146297],[89.11987653535786,26.254345547949498],[89.11983609824762,26.25261287663409],[89.12397567113139,26.24974254116465],[89.12615224885738,26.2506900591831],[89.1269798090255,26.248838298951586],[89.13003538144788,26.24879249504045],[89.13216258764112,26.24613860204949],[89.13095221716752,26.242968183563136],[89.13255072681251,26.241876845004168],[89.13189749897617,26.23951993805606],[89.13542772304251,26.24111873760496],[89.13600046064127,26.23980416113428],[89.13393653692232,26.237551268949087],[89.13699997146165,26.23655778035268],[89.13940918525891,26.238033514147176],[89.14094249733688,26.235840787130336],[89.1412554609595,26.231229674052543],[89.13956587205892,26.229517899927455],[89.14384226043113,26.22125923947744],[89.14209077460869,26.220981411080988],[89.14213341217888,26.214527365881544],[89.14940570105304,26.20905013336778],[89.1471758424719,26.204823318511572],[89.14411353640504,26.203417499226813],[89.14391697560207,26.200303535402504],[89.13938093622005,26.198311309016617],[89.13912750795934,26.19123136329391],[89.13810423534018,26.18837994879028],[89.13552619338533,26.18721715929894],[89.1366403485479,26.183510129887125],[89.13461188059415,26.18117091320674],[89.13709527281992,26.179759790467433],[89.13756234966134,26.176276020575173],[89.14120583718149,26.175805266244662],[89.14102933014503,26.16928650073477],[89.14919308586863,26.170034809441805],[89.15250631854165,26.164480155563435],[89.1572801838133,26.16319633644706],[89.15539669902552,26.159551549824727],[89.14911660860935,26.159427817386245],[89.1485403879366,26.158096045569557],[89.15538056002772,26.138610820103974],[89.15706204854729,26.139978241604144],[89.15827473347086,26.13826753858931],[89.16001993858009,26.139616173729376],[89.15924659677864,26.136654223406286],[89.16112063930804,26.137261040123878],[89.16033256302778,26.135376189295513],[89.16252501679053,26.135392064107307],[89.1618629417553,26.133660921745953],[89.16413189744456,26.133339401729636],[89.16441911612792,26.131667922004244],[89.16657506640799,26.132263498570282],[89.16677892728623,26.130175449536605],[89.16795856157229,26.131470717475462],[89.17153287106554,26.130332778145988],[89.17643520791545,26.13181179880728],[89.17958701747038,26.127960148985704],[89.18069970889022,26.1291858340373],[89.18137405144418,26.128043420054375],[89.18484325906645,26.129050684732977],[89.18513847033033,26.126727376155294],[89.18609851169964,26.127895256388552],[89.18898462817728,26.127265163586706],[89.18973059668583,26.12450212276819],[89.19132777945158,26.1250419148634],[89.1923502079803,26.123635244543127],[89.19638733583453,26.12569924229052],[89.19509223678742,26.127169964183654],[89.19835184703435,26.126680105633106],[89.19818454874287,26.125656767203836],[89.20017287790274,26.128482668561933],[89.20308260522926,26.129275340236866],[89.2049515658746,26.127211290626636],[89.20623387093138,26.12816536353899],[89.20631755168665,26.126517510391377],[89.2098125678234,26.127185450215723],[89.21138608552118,26.124221818454085],[89.21438120221264,26.125270332195203],[89.21389498222008,26.126873406516953],[89.21717168071503,26.127077932612792],[89.21740032838704,26.12653846939074],[89.21710577109744,26.125521020765547],[89.21984773415554,26.126436973765177],[89.21933939510596,26.124258334688207],[89.22333197213169,26.125443111513782],[89.22319509424361,26.124177470737173],[89.22547067690843,26.124251914444347],[89.22692619308484,26.122057570877995],[89.2278682382918,26.123992723450723],[89.22943734439639,26.123853613861023],[89.22848686877813,26.12042740722585],[89.23073837861331,26.117499943699194],[89.22922334742202,26.1165972802504],[89.23182277858446,26.117086245137305],[89.23303264006057,26.113003002188172],[89.23550425334318,26.11472336442083],[89.2372386277464,26.11257953905315],[89.2385172691145,26.114680246059184],[89.23989839649128,26.112144574238418],[89.24192067595895,26.113193966877944],[89.23919839229309,26.111498613936448],[89.23943950620476,26.110130108649724],[89.24134415235743,26.110274450705077],[89.23953600597231,26.109236002519324],[89.24030779553021,26.10774903181444],[89.24221943612892,26.109059999433097],[89.24119695811075,26.10624776770807],[89.24293645379154,26.106704942064702],[89.24155692977514,26.10547451640519],[89.2439650098015,26.106176658352428],[89.24415164044119,26.10493915815207],[89.24520865697579,26.106566894827825],[89.24860962184098,26.10343169932954],[89.24772234575428,26.10169148741574],[89.25178260723852,26.101184855089873],[89.25239785363357,26.097838917330044],[89.2503254019411,26.094117142013598],[89.25236725590405,26.092754032434645],[89.25117927602642,26.092743536215952],[89.25162275376528,26.091350361606],[89.25489178531794,26.093371462735192],[89.25676892635693,26.092591475696384],[89.2561815466055,26.091735234742895],[89.25881979426494,26.09311603837812],[89.26035983149325,26.091804325620032],[89.26221257112832,26.09398128247422],[89.26339234860127,26.092084754101485],[89.26397842806878,26.093158239244524],[89.26588405962836,26.09250546702053],[89.26551442368866,26.093431011665373],[89.26679880861205,26.092637288903045],[89.26570321316923,26.092329665143026],[89.26587196290352,26.08784181470396],[89.26144215506504,26.085784274339883],[89.26090298422838,26.08285087800209],[89.25685938658404,26.080079725987915],[89.2547339865856,26.074663266532774],[89.25610917174353,26.071543600891992],[89.25440736265739,26.06412077136924],[89.27087911271558,26.059949047218232],[89.27049948787476,26.061899120707633],[89.27249723566518,26.060649824205296],[89.27620778068251,26.06119505214899],[89.27520696085107,26.062140279197546],[89.27829861149965,26.06648328244078],[89.28105458431764,26.065615448694842],[89.28254028506284,26.06414022635948],[89.28104546675623,26.06190606402453],[89.28171440612455,26.05612212048756],[89.27904154843255,26.050676476485016],[89.27685722093358,26.05138684805564],[89.27575601485019,26.04908017452311],[89.28925958327086,26.048145326529987],[89.29096262620786,26.04524572933485],[89.29169071414067,26.04641132647609],[89.29663990803765,26.045336383223106],[89.29842971490663,26.0501992739854],[89.3004372020276,26.050432232196687],[89.299985087606,26.04759079509978],[89.30473037978054,26.04713919042764],[89.3034840788749,26.045907288297727],[89.30511711997367,26.04532433316014],[89.30619468054718,26.046520948473404],[89.30592316132856,26.044496154737416],[89.30772906878464,26.045100524282713],[89.30987713181925,26.04161597021082],[89.31734304041295,26.038519347559763],[89.31522398304787,26.03741635978598],[89.31939378606346,26.03918872928277],[89.3237002595474,26.03805192063627],[89.32310741935973,26.036892164363614],[89.32574313727412,26.036284121294557],[89.32567102853227,26.03459507804706],[89.3279725077732,26.03333555480172],[89.32609993281503,26.032012317912553],[89.32897409684676,26.03161702903633],[89.3276248702579,26.03026177321171],[89.32951048276095,26.03024589982814],[89.32889513053601,26.028249093475434],[89.33079204090281,26.027194429556097],[89.33166214305906,26.029438572092317],[89.33324852487935,26.028367672217204],[89.33277710583928,26.02692788307189],[89.33438145524089,26.027496529583065],[89.33522114465917,26.025471967728304],[89.33653397311757,26.0265217382726],[89.3386247631152,26.023912082891865],[89.33525352403502,26.02262149610791],[89.33451628387125,26.020003808893875],[89.33744691598656,26.02211459781756],[89.3387537453548,26.01936349531788],[89.33722456406959,26.01998176842632],[89.33732896418978,26.018854798790976],[89.3391088299083,26.01822782184362],[89.33732161995349,26.01802144485348],[89.33976520537439,26.0177909574231],[89.34010941366007,26.015255058157983],[89.34356987259791,26.014593259109077],[89.34372427706525,26.01702678862244],[89.34543548002247,26.014384581820266],[89.34910219066877,26.016213964018526],[89.3491817830109,26.014903732618716],[89.34439206483829,26.01250874036677],[89.34698662873332,26.011353753159852],[89.34840344059012,26.01219724078202],[89.34896044598712,26.01041043761678],[89.35024753347476,26.011153917392527],[89.35173365520942,26.009920620637093],[89.35280620259738,26.011780125421165],[89.35445726479169,26.011617460460894],[89.35538871700557,26.00834613692149],[89.35642206100175,26.009897047999257],[89.35715497066454,26.00791218694592],[89.36305170269188,26.00938940617683],[89.36472403124668,26.008234470260412],[89.3666877462764,26.010248182923192],[89.37099006046955,26.008890550867065],[89.37247883033375,26.01183330625424],[89.37565146849172,26.00930835025034],[89.38591270583905,26.01075132371376],[89.38941401169613,26.008332839917706],[89.39122813258012,26.00942722307399],[89.39279291440383,26.007190603615378],[89.39450146479287,26.013154252704012],[89.39113802514262,26.016710872938425],[89.39085705999928,26.022921228967935],[89.3935831410528,26.022881978641717],[89.40302422647562,26.02730619088917],[89.40415630163106,26.03091008485272],[89.40659879003798,26.031511537264112],[89.40484716469751,26.033929182244243],[89.40748766922144,26.036086028108496],[89.40644928948704,26.03800389825343],[89.40769359501932,26.039783258607695],[89.40626949018561,26.040284361422774],[89.40742306602145,26.041509949842276],[89.41056032355561,26.040686313054536],[89.4189717807309,26.041886248023694],[89.42444599273345,26.044176629293652],[89.42272261093304,26.04563565084703],[89.42384338653791,26.046920117678926],[89.42524376003801,26.04456844625037],[89.42896457607311,26.042973653380873],[89.43280210075632,26.03750118625602],[89.43358889939478,26.030419873252477],[89.42768998808079,26.02033404381801],[89.42863934271574,26.014482699232854],[89.4267426993987,26.015134217687134],[89.43081552586769,26.011115928809925],[89.44715583269185,26.00796442779845],[89.46164810063432,25.998371774450654],[89.47656285090629,25.997982222694016],[89.48035245821887,25.99606772736988],[89.48710568910458,26.000273199939038],[89.49128374132805,26.005964964272774],[89.49689277226729,26.002885622477002],[89.50814663167355,26.00183546863794],[89.51150165276594,26.003308159927563],[89.51422661406254,26.007028747220993],[89.51924189830159,26.008743831790543],[89.52121078323457,26.008562094011275],[89.52207120689037,26.005156223723734],[89.52430401932777,26.00656551321788],[89.52611986765648,26.00474093475303],[89.5298304364695,26.0057383915432],[89.53746066762228,26.002127663949608],[89.53941794921748,26.005373989035256],[89.53677557099151,26.00407046874004],[89.53366439528781,26.005364995270533],[89.53756769426104,26.006743245082262],[89.5408959930158,26.005901428040232],[89.5429569059451,26.002601929408048],[89.5448122179525,26.00259364452024],[89.54497202795834,26.000338330628587],[89.54823522713748,26.000106011036006],[89.54804003182058,25.99800028719744],[89.53821445457062,25.99468218959823],[89.53795662374401,25.990798454480323],[89.5357866556912,25.99054772993143],[89.53517571229366,25.98888334253994],[89.53678028460044,25.98495563500959],[89.54169425649854,25.983194293652954],[89.53815911970139,25.975561140769372],[89.54036446964395,25.96998168264697],[89.55048516644625,25.965980738580154],[89.55769595174151,25.96535530281317],[89.55779296491592,25.969825955749496],[89.56270434386731,25.97114790756206],[89.56384932468586,25.97875565811355],[89.56596873792823,25.980342215317446],[89.56840069148487,25.97911587913321],[89.56734166010193,25.971026729387454],[89.5689067803327,25.9677564667111],[89.5778654768339,25.9692766723026],[89.57847983616489,25.973404431628232],[89.57652969768128,25.978316238949052],[89.57362734799824,25.97786191735205],[89.5741521815862,25.980265347219976],[89.5764061564662,25.98189595801774],[89.5768825346209,25.978167151869382],[89.58257154293892,25.97907527205985],[89.58455590489973,25.97581477877583],[89.58675763103707,25.980893242580862],[89.58319761695398,25.990023181640154],[89.58590275231947,25.992759648255767],[89.58610191463904,25.995868570450384],[89.58340277635708,26.0018449989307],[89.58003036851716,26.00212474039714],[89.5815647255145,26.00334404689235],[89.57999073728058,26.00441199032963],[89.58155280839823,26.00522800353402],[89.58087501359604,26.006806319206593],[89.57874820484872,26.006776421124503],[89.58130269079813,26.010931576603863],[89.57835972954284,26.021595881618907],[89.57872223205823,26.026261729483164],[89.58335575822706,26.024227547268236],[89.58535073719194,26.02627700483513],[89.58325594023101,26.032572927304848],[89.58726453099857,26.035538480577152],[89.58688302231235,26.038308691321863],[89.58945651787482,26.03889397775368],[89.59266793225066,26.035267256358],[89.59509050065455,26.035204887560052],[89.59774991997821,26.037850216293045],[89.5977583928807,26.040181883355938],[89.59663324043136,26.041398916359157],[89.59380164318783,26.04110448990115],[89.59223238508525,26.044795391724758],[89.59948101346376,26.04442622181279],[89.60373988813824,26.048528633480014],[89.61030383974521,26.05042918346471],[89.61282618427704,26.05264389406274],[89.61292585404298,26.056927410893742],[89.6060775349516,26.059211042460866],[89.60539913519187,26.063753460500468],[89.60858959069144,26.064566557676674],[89.60987770068061,26.06041943330279],[89.6116624463118,26.059367321560718],[89.61780449041433,26.060111074020853],[89.61638347647138,26.055661471047532],[89.6205110448753,26.053277315466197],[89.62469541526735,26.057004813454558],[89.62790607659596,26.057668734370797],[89.62816101423192,26.061281239554493],[89.63062650070157,26.062657021329013],[89.63566660750455,26.060714490553146],[89.64369922651667,26.063035313178656],[89.64908491823287,26.061358591374557],[89.65008781632224,26.063236640670837],[89.64832091170997,26.068397819693125],[89.63734702855032,26.07477066836345],[89.63356589030448,26.080870409959545],[89.63394061654859,26.08414620007813],[89.63568909326723,26.08632284518504],[89.63669949401452,26.085759101109613],[89.63687784049907,26.0892680906167],[89.63967587958278,26.0900600748321],[89.63323693673323,26.094395898122723],[89.63210330436648,26.09720944430981],[89.63622463010776,26.099365115306004],[89.63245426497191,26.10172858638421],[89.62995876407099,26.107043466418734],[89.62408882123427,26.1078942636877],[89.621511204493,26.10034915178625],[89.61619279570948,26.104140329127738],[89.61396118302196,26.103610071289058],[89.61345103041411,26.101307638836403],[89.61729195917938,26.094687260264248],[89.61013715292368,26.095908619430386],[89.60884902230474,26.094098445342656],[89.6102560555637,26.090039396254486],[89.60862236714233,26.088393079153928],[89.60585857133444,26.093326316382722],[89.5974297635191,26.097401945828796],[89.59388269266665,26.10216131333514],[89.5965357335023,26.10430096098543],[89.60031021419057,26.104060130110582],[89.60076107294253,26.107505474102595],[89.59560692997904,26.10780529638551],[89.60083774058877,26.10904296607203],[89.59796398203703,26.110369059932978],[89.59787732269814,26.112981456540968],[89.60310065341619,26.111647033521415],[89.60524673338978,26.10636849213449],[89.61004050575606,26.108580219369824],[89.6162233457047,26.106858653764576],[89.62750235616929,26.113989625664566],[89.63036227239544,26.118418045346136],[89.62925176276872,26.125040985755327],[89.62534602079347,26.12859662389769],[89.62243489474103,26.125796638683497],[89.62051237930689,26.119715253645065],[89.61676206647432,26.120755057231474],[89.6135194283699,26.12736669511238],[89.61204442767988,26.127700742648454],[89.60883603983511,26.12382942131047],[89.60791994607419,26.118719591100824],[89.60423969178692,26.117454212797707],[89.60128983821195,26.123417232200122],[89.60235874722922,26.121896544343755],[89.6038913576828,26.123864281408377],[89.60633278681883,26.122422416728636],[89.60773317720144,26.12485649577569],[89.60428550303894,26.128618627644695],[89.60313332299106,26.12660902044597],[89.60437250031832,26.125711108859498],[89.60431066575634,26.124654061027694],[89.60270519787095,26.12490718553637],[89.60425951121498,26.12573225970371],[89.60243774972172,26.126676857434326],[89.59669265180736,26.13479971346631],[89.59831185135258,26.137262225676913],[89.5982269562757,26.13899258744368],[89.59559543492017,26.139893359627646],[89.59818080677026,26.14636650603658],[89.59666204068103,26.149937582232514],[89.59841447383079,26.15046067296481],[89.59792006343383,26.154125688120732],[89.59608323323825,26.156344397495204],[89.59118394492975,26.157292056781216],[89.59580430238776,26.1608155208538],[89.60000636578201,26.16083202640368],[89.60087631580511,26.158144484746632],[89.60440172126111,26.15614882773803],[89.60466623039304,26.159101683443257],[89.60604304956044,26.157653639589594],[89.6080504146837,26.15835301692226],[89.60702743331963,26.15439322608393],[89.60997480681623,26.154335875026366],[89.61138811835019,26.157661430042673],[89.60820074979877,26.15864730528835],[89.61013513442946,26.15957572396154],[89.61015069502595,26.161837767682243],[89.6134987587592,26.162027805728307],[89.61377794181796,26.166181486457305],[89.61701521250292,26.166086172755254],[89.61978859011997,26.16805267950186],[89.61807119479255,26.16913167147407],[89.61284320970613,26.167333742793637],[89.6112338305163,26.168561367351803],[89.61097952403405,26.174360618489278],[89.61539680768591,26.173026754300164],[89.61539531074438,26.174926729101905],[89.60831391772042,26.176346520742282],[89.60745579270119,26.17914127402506],[89.60878288231525,26.18059628936527],[89.61019545772734,26.18031657660674],[89.60932894627291,26.17856237216162],[89.61282969406444,26.177903168052364],[89.61331703075756,26.176592679154492],[89.61526848798061,26.176428604310626],[89.61482542165835,26.1785516808154],[89.62390772681222,26.179125614375767],[89.6233416038978,26.174291683983917],[89.62171667650776,26.173551160937397],[89.6228334930897,26.173334026724678],[89.62203660397648,26.171762036156018],[89.62398950416723,26.171115447329235],[89.62566084184326,26.176265225544583],[89.63249271115754,26.180775157924028],[89.63278779976565,26.179390421463204],[89.6370952021138,26.178798274686702],[89.63747869026314,26.176847589723128],[89.63341857674016,26.17339439016579],[89.63194868471221,26.17363922678302],[89.63216327700724,26.171890655198347],[89.63791651316538,26.172144479599922],[89.63842747584621,26.166866180223415],[89.64932503934962,26.164430355276085],[89.65017124933938,26.169771812233343],[89.65132069563886,26.170916108493092],[89.65514802761552,26.17038210884774],[89.65494037937935,26.173364318736688],[89.65866104005403,26.176226940595733],[89.65587365703513,26.178696734155945],[89.65548315052325,26.181406933779126],[89.6498714191845,26.17971803393518],[89.64373029132985,26.182777843562047],[89.64031968592978,26.182245462287014],[89.63913805156842,26.17860943826004],[89.63333922585757,26.180439765491176],[89.63311250354496,26.182696724423515],[89.63169139213943,26.181155737263655],[89.62781306306144,26.183909091451007],[89.62766576467457,26.189310774572196],[89.63286252318383,26.19028825779367],[89.62853279263999,26.191826019385537],[89.63018178006111,26.195762136673192],[89.63420284595347,26.1955824775027],[89.63355739944554,26.194781478989917],[89.63605295047593,26.193638665701407],[89.63515542442957,26.190184128285658],[89.63792570352504,26.189706448362234],[89.6380400121011,26.18673906763197],[89.64245439512636,26.18526952979282],[89.64745122231759,26.185188619009786],[89.64556140511769,26.18850560500863],[89.64750076470777,26.187694810723727],[89.64764804021623,26.189250821357795],[89.64999613964005,26.190205658943455],[89.64644203854685,26.19501134133316],[89.64413688796557,26.194906337080205],[89.64184979267435,26.198868648765878],[89.63948471086884,26.19970914785896],[89.63825918641291,26.21043801981825],[89.63266170189146,26.209892846525992],[89.63412238543002,26.21537213829519],[89.63650511286329,26.21760369265011],[89.63364662005591,26.218572382692955],[89.63622344439283,26.223744037919875],[89.63443996664815,26.22941009059477],[89.63778218666504,26.22908954665437],[89.64020077510969,26.225768002828918],[89.64574275983865,26.22555422101825],[89.65045729543087,26.220977895781147],[89.65509274787013,26.220442935989173],[89.65556621010235,26.219079576199817],[89.66455978469624,26.219748898885413],[89.66481671181774,26.221121818286136],[89.67190315296881,26.219846715812054],[89.6722098835893,26.22890935663878],[89.67339938621507,26.23159699141059],[89.67733702467385,26.23386862974936],[89.67911733865391,26.238038400677553],[89.6818193403835,26.227695517741967],[89.68424007529994,26.227683502729523],[89.6857430051686,26.230904556216537],[89.68644344864826,26.23006875313984],[89.68573544305875,26.226538029816265],[89.68748701247706,26.2265077575811],[89.68381228921719,26.22429480502749],[89.68400850047935,26.223008112834272],[89.68839925740622,26.22289823331191],[89.68942488888639,26.221278558197625],[89.6842838533245,26.220097124053353],[89.67903104155354,26.22408968757138],[89.67965935365709,26.21413925079547],[89.68378487894715,26.208742903810187],[89.69138722574486,26.21350293160533],[89.6915042084311,26.211671108520036],[89.68726300346134,26.209783250974567],[89.68565974832681,26.20687338130371],[89.68105411763301,26.21007335695732],[89.67716005657812,26.20966511799641],[89.67352043098154,26.20568142730159],[89.67347177911323,26.201428100089505],[89.67485055772948,26.19901264607883],[89.6782144443732,26.197504655987878],[89.68111961448349,26.197534422942756],[89.6830307337372,26.199256506230817],[89.68634723793052,26.198223110797947],[89.68336482160673,26.19588372142673],[89.6821660351475,26.192419353978067],[89.68738963103695,26.18150308588362],[89.69406677755165,26.17550594675847],[89.70205997283519,26.17397664837502],[89.6978541583892,26.16989505557897],[89.6842036010336,26.16961564032369],[89.68107247428026,26.16613094838853],[89.68131880820613,26.16358619377505],[89.69715892549681,26.158534244907596],[89.70137806989572,26.151754834607022],[89.70997329450213,26.15622060657035],[89.71082901468739,26.163834352124407],[89.71271745141729,26.167983767398745],[89.7147156865043,26.168770748537884],[89.71674172738534,26.16823880682892],[89.71697904690119,26.1653625515667],[89.71944652702452,26.166455809112442],[89.7204875559257,26.15629625182117],[89.74305330083132,26.15931528436656],[89.74765904375954,26.157371048721586],[89.75327900390394,26.148419280442518],[89.75403266109738,26.139395956230736],[89.76313743765745,26.137040480961055],[89.7665706756108,26.130477196086453],[89.76525133357005,26.124780161206715],[89.7554288448519,26.113713162763506],[89.75616990366218,26.109362723310692],[89.75786904858975,26.107860472877327],[89.76503948550841,26.109539315326206],[89.76831884385314,26.107911886017686],[89.76995441729693,26.10453292955013],[89.77631668200692,26.105792885234173],[89.77864781466448,26.108126599482087],[89.78316109491027,26.105983940108853],[89.78583664331487,26.101364752580498],[89.7833836685155,26.101199005189894],[89.78179382763614,26.09823166094645],[89.78437364666556,26.098698327945343],[89.78602254930057,26.0963285497771],[89.78310460158019,26.09356526569054],[89.781323917042,26.083442406995573],[89.78514382023525,26.08334243530678],[89.78823088411116,26.088133794619875],[89.79063157466783,26.08928981306244],[89.79485136906963,26.087512545739468],[89.79502140483153,26.083300580989576],[89.79013735982154,26.075385641469047],[89.79476359666998,26.07701285338105],[89.79660442366325,26.076309263287328],[89.7949512159391,26.072875618461893],[89.79814880006923,26.065720952258033],[89.79556703694473,26.06457658168849],[89.7985283303033,26.06506509127519],[89.79729869090197,26.063119113448014],[89.79880980437558,26.059579363187293],[89.7853470387285,26.056861781309447],[89.78475355156795,26.051383507926534],[89.7873103661895,26.050934622460314],[89.78867980707983,26.04871084519447],[89.77920227273282,26.04439291533249],[89.77365402397197,26.037637090858535],[89.77657043448208,26.034926523246806],[89.77988930230823,26.040421925636732],[89.78764767516763,26.04036918921399],[89.78948123829655,26.039618938102343],[89.78768302789551,26.03601970728967],[89.79064325500386,26.034292075573475],[89.79304877533903,26.035944493570764],[89.79234497360397,26.040581330809367],[89.79363918792383,26.04232755348786],[89.80183345974093,26.040253235104814],[89.80230421470318,26.038244260358987],[89.79929560613816,26.03517690744826],[89.79780166446294,26.030742697032757],[89.79371143199208,26.02812982254662],[89.79399297635337,26.022658657032316],[89.79155969159176,26.02086958808382],[89.7876886028587,26.021285660991325],[89.78803836600662,26.019206599652776],[89.79062810540367,26.01782184006778],[89.79772108876763,26.024515885458367],[89.80204456172375,26.031684877340297],[89.80562675061883,26.04448089127632],[89.80863685659045,26.043355247557596],[89.8117381526144,26.040224938505943],[89.81408111400964,26.031410374049532],[89.81932472681487,26.02581542639765],[89.81536138205577,26.02020886473036],[89.81622423410931,26.016979117967093],[89.81898796119003,26.015618280981887],[89.82203952096849,26.009931688681327],[89.81918794856914,26.00410858036184],[89.82043387270207,25.997562111743697],[89.81860251342218,25.99585703564872],[89.81486562147514,25.997865283066012],[89.82027208356834,25.987641279258867],[89.82424181466497,25.984953104240773],[89.83594146207346,25.98242419534438],[89.8366304447947,25.98657162908343],[89.83322168539402,25.990626109407028],[89.83333706200584,25.9955442737645],[89.83092943730273,26.00183330657983],[89.83113719520048,26.009845802073276],[89.83584123475848,26.01259672789507],[89.84409086590458,26.006189070234598],[89.8477011325937,26.000665858752456],[89.84728091832858,25.996773973023036],[89.8504214889178,25.98995788920898],[89.86708439520059,25.982580782767197],[89.86727688868072,25.97978413038163],[89.8692617516394,25.981489194653676],[89.87103220007836,25.98070204941826],[89.8733296750205,25.97587964115171],[89.86683978771894,25.972031722960487],[89.85623150432703,25.96877281528372],[89.84897884331671,25.97097476123655],[89.84299997629802,25.9708524285627],[89.8410755980684,25.968276488810762],[89.83855874950731,25.967851180524608],[89.83854008195333,25.965854495160922],[89.84298448495421,25.9640919222957],[89.84718519027793,25.956711265214977],[89.84450037607489,25.954760299088203],[89.84933634474257,25.94910933652593],[89.83060471928573,25.955173654448615],[89.82567738740548,25.951530353821582],[89.82538732000084,25.94550448173753],[89.8423493045189,25.94430713888753],[89.83915090317615,25.941075255898827],[89.84273680785564,25.94003095889088],[89.84503468482995,25.940025061679954],[89.84857850488486,25.94287952154154],[89.86883771549734,25.944391253190958],[89.87618613284089,25.946833770216866],[89.88707699502122,25.945201554176133],[89.87811021671841,25.927766891134812],[89.87817916165588,25.924233616982047],[89.86232027051129,25.907364378142315],[89.86077662953225,25.907332002583875],[89.85683417717595,25.899702259887288],[89.84828802382384,25.89207688267741],[89.84879654308148,25.887838174268467],[89.83257264629691,25.870605518756662],[89.8356833263773,25.859958767012976],[89.83383818466652,25.854056077085843],[89.83528159873252,25.84073439774579],[89.82722976625757,25.83294451754796],[89.81654470183601,25.814302097264513],[89.82650204833,25.81020623759149],[89.82997047056604,25.80063419936527],[89.82949419797272,25.796415688788517],[89.83126547857667,25.791067528506602],[89.83394595178383,25.78836392717956],[89.83397711379527,25.78295084108799],[89.83828246991655,25.776029545231157],[89.84032896998701,25.7667291674548],[89.84134580597024,25.758991317824755],[89.83648956371572,25.750954040321425],[89.82695680836966,25.740357456045],[89.82793021688481,25.72952659858093],[89.83500395161415,25.715851166546],[89.83786565428622,25.7147831112145],[89.84925525484672,25.715123518933165],[89.85053330395975,25.71295758927867],[89.85193003933193,25.706641094496884],[89.8466878825053,25.695616196241133],[89.851712962237,25.6869717724803],[89.85852712179829,25.67973827920521],[89.86354598499757,25.665549276240878],[89.86680941660477,25.662770815802837],[89.87109352116495,25.662552130035802],[89.88034229385366,25.635196161071253],[89.8825054744285,25.61720418484888],[89.87880225591022,25.601544177778727],[89.87329064972099,25.587607944344082],[89.87565313557486,25.58122759854832],[89.8721538014006,25.57317445785687],[89.8731834464148,25.57016710894251],[89.87038690649068,25.568080560260142],[89.86728809505536,25.56219351219992],[89.86603759269161,25.546190504489548],[89.86301241259358,25.543197649910486],[89.85127339354153,25.538627925488434],[89.86012715309421,25.51682194254026],[89.8696395030057,25.510906464149837],[89.86679279191415,25.507932699617648],[89.85803450213258,25.50651792078829],[89.8556396766148,25.5035297475857],[89.85390609326473,25.504238151873135],[89.85519779776713,25.497455410006204],[89.84931017973578,25.492797218560707],[89.85049858246289,25.485726194437337],[89.84928959583127,25.473919014735912],[89.8522522932743,25.472434246196308],[89.85224885295422,25.46588150762252],[89.84300919832926,25.456463531332766],[89.83271598067417,25.438754333866626],[89.82541186623867,25.413217937893446],[89.82539711723788,25.407694931831582],[89.82735465298748,25.406224211513432],[89.82678214639657,25.40013413357963],[89.81962676701865,25.380656295807576],[89.82299102067607,25.34903733225832],[89.8251986654818,25.346544776259066],[89.82680392031348,25.34676449275409],[89.83211232213954,25.33243413438156],[89.83754335211118,25.324857700014043],[89.84109695582445,25.316421655919854],[89.84161094804516,25.308151090127478],[89.83726502299324,25.305324961107193],[89.83768790314782,25.30235917457248],[89.83118302384075,25.29602889158972],[89.83757409844388,25.294561061102616],[89.83841885415079,25.293169683317373],[89.84477545886467,25.292418366629196],[89.84831182889044,25.290857749442534],[89.84856976038478,25.289376284343447],[89.85396664426325,25.289423661644186],[89.85931065312163,25.286017849779103],[89.86319620373087,25.2878954074628],[89.87660389956311,25.285328327526084],[89.88518676048247,25.287979901728917],[89.88695039529736,25.291637887073627],[89.89009086428558,25.291962707917847],[89.89262911371107,25.29808206837055],[89.89536954034915,25.299194115665742],[89.8992346653149,25.304647748433275],[89.90699791535744,25.307733923461797],[89.91455118237343,25.30703258587202],[89.91901888986128,25.30465215029279],[89.92353367520518,25.30428433478757],[89.92710003296456,25.30132768595633],[89.93902597199302,25.299037487062797],[89.94392184411609,25.30435550101969],[89.9456713143251,25.302864648673594],[89.94694733148962,25.294719222475692],[89.94924119223953,25.292714005982027],[89.95449582069261,25.3009951765131],[89.9596984177362,25.302415916943858],[89.96395928975572,25.30187944049514],[89.9666547879353,25.303693519489695],[89.9770815381817,25.296791820388716],[89.9803822015248,25.29067925481944],[89.98076189632008,25.280852186064614],[89.99600278775075,25.27663591821402],[90.00422241926782,25.28055254177231],[90.03376124447195,25.262256726899032],[90.04671530702458,25.260625861217974],[90.05451780386812,25.261363753955354],[90.05953858489086,25.254643946361924],[90.07414414107116,25.243952144326613],[90.08129836199944,25.240365918839174],[90.09425660150823,25.237328053849854],[90.10535267470028,25.22924927714408],[90.118113617027,25.22345668806562],[90.12813300775355,25.225627404022912],[90.17146525260428,25.223060679871388],[90.18802908417975,25.21512302553771],[90.19195728078091,25.215064361729247],[90.19594605381978,25.21103103635354],[90.20788532903906,25.210213085913434],[90.21521340596902,25.205389293158916],[90.21941912708525,25.206661767846597],[90.22553409216991,25.2004665368227],[90.22866650798758,25.203291346740063],[90.23399022134136,25.20490165857248],[90.2489962984274,25.200106832759285],[90.25549915361046,25.199785391283342],[90.25999146226874,25.197111179387043],[90.26405595468924,25.196254677559377],[90.26813514024686,25.198411328434837],[90.28159390687662,25.195310797160456],[90.28655462855832,25.195683949210057],[90.295682930983,25.192041504543045],[90.31043033152451,25.188769404781343],[90.31664763283159,25.192860248209854],[90.32338837296184,25.192147878894243],[90.33023890012927,25.193815951310757],[90.33674299707648,25.189483205989152],[90.34675668487039,25.178341935822644],[90.3704590826983,25.162840263548876],[90.40022330063661,25.158981649958587],[90.40448121682124,25.15995015728734],[90.41873266237504,25.150583243670326],[90.42201691868725,25.15066396141197],[90.44107645432085,25.144508447656566],[90.44639150649367,25.144783923315664],[90.44942095664703,25.14662423691944],[90.45084539373454,25.152392074474193],[90.46355327421415,25.15419601631793],[90.48588478396341,25.16106741844728],[90.48850915284817,25.164114735197195],[90.49926232718437,25.16859592890957],[90.49905347581178,25.172174775301013],[90.509863155574,25.169423677476683],[90.50863949211664,25.1753546206134],[90.51865790439108,25.172187442031582],[90.52595148631292,25.17382304974605],[90.53529781788278,25.173309487482044],[90.53803277817252,25.175283131210254],[90.54555906713084,25.173603262939768],[90.55134471132237,25.175232586343927],[90.5549772735617,25.171679772116704],[90.55977025267971,25.173537789579587],[90.56409284089278,25.171433319501304],[90.56473829388301,25.17335388965757],[90.56977124131176,25.173602079540387],[90.5759758242134,25.171639894830257],[90.57894877759374,25.174762812444122],[90.58624077405018,25.17348568003657],[90.58787014707042,25.17651023756438],[90.58914417529594,25.17519314806068],[90.59355116668833,25.17513566401814],[90.59939406148165,25.176541671732707],[90.60467686571482,25.174632305186172],[90.6047217100088,25.176377503166627],[90.60735777622318,25.17614274002355],[90.60938691543228,25.179112203601058],[90.61267256179073,25.176976474057316],[90.61388418909064,25.173665966875678],[90.61648070292092,25.177374691393787],[90.61827767028878,25.17253987090895],[90.62041511734338,25.174401482006164],[90.62517669191358,25.174144867603058],[90.6270474429113,25.172215665773194],[90.63205213210584,25.173547485480636],[90.63455720386607,25.176026141152096],[90.64093507748498,25.174529427775756],[90.64189019516584,25.176665462730792],[90.63879485858347,25.180082829350148],[90.64034968784487,25.183592620550527],[90.64598880763435,25.18083148623615],[90.65113786922198,25.182020534069615],[90.65237864193772,25.186871261814407],[90.65139404497984,25.18810361685694],[90.65256168823485,25.18859059667593],[90.64764572359013,25.19409213505708],[90.6488419775697,25.194875142423367],[90.65238478728703,25.192237330062664],[90.65694541724193,25.184756800614664],[90.66121795180821,25.189037746714874],[90.66342006239354,25.19785159291598],[90.66513007988539,25.196327280531545],[90.66254525192701,25.19157763497053],[90.66379487395207,25.188329606631747],[90.66276715654782,25.18554603217004],[90.66501275329547,25.184171543707304],[90.66545104024436,25.180732065074327],[90.6634101325971,25.17881043790507],[90.66515016399354,25.176270850528653],[90.6638068316737,25.172860550879214],[90.666553715403,25.169500337523065],[90.66600653511216,25.16580391707986],[90.669949436681,25.16626466751404],[90.67439307054339,25.176365789548957],[90.67565077519396,25.176382886570412],[90.67515273949878,25.17248960038952],[90.68100277060753,25.172317594456512],[90.68617073895214,25.174267986836632],[90.68551300094718,25.17223962792242],[90.68051888849389,25.169317618963852],[90.68215425232046,25.164250976878506],[90.68371160003834,25.163228858929],[90.68687486521017,25.164828908966786],[90.68992843614289,25.164151038226326],[90.69174046880698,25.16086906215866],[90.69504121640188,25.160015311241686],[90.69806816587437,25.156833171078706],[90.7005945850836,25.15932491232321],[90.69929473594252,25.161159464068938],[90.7006371666431,25.164806223337507],[90.70235943588804,25.16206327150157],[90.70656284647372,25.161086481378987],[90.70784157572056,25.166066493874325],[90.70998019868325,25.16812131611455],[90.71477416798243,25.167570233983508],[90.7174997954419,25.16375948478797],[90.7223955771572,25.16470310149254],[90.7256702829062,25.163108332047987],[90.72662020586019,25.15806286144784],[90.73147236339479,25.157383089441726],[90.7319294402223,25.154984370772368],[90.7332764580099,25.154911423398467],[90.73447770968515,25.158170202871982],[90.73914472831385,25.157668609469333],[90.74193464763702,25.161245352868473],[90.73787635444964,25.164323363488002],[90.73319173787569,25.162015681734232],[90.7342242994626,25.166845851773186],[90.73968622496503,25.166671896138336],[90.7399248574984,25.169290040703213],[90.74186221027287,25.17023529170658],[90.74207545457364,25.16587223285492],[90.74762213524806,25.16399891648495],[90.74943101310106,25.16691255452748],[90.75665768877923,25.16976370042758],[90.75759654578302,25.168156426972228],[90.75858224860045,25.169443412495145],[90.75904719226448,25.167822311736376],[90.76041123004714,25.168202747963843],[90.76177466263924,25.169886249785105],[90.76070991671807,25.172134873913024],[90.75891384131992,25.172451789527045],[90.76325578620607,25.175933728549715],[90.76383348471161,25.178313371191283],[90.76915993300926,25.182609806744683],[90.77097566445765,25.181447135416327],[90.77552164939985,25.181951300645352],[90.78035747151957,25.186115000242555],[90.78155808605528,25.180711259831416],[90.78420298472324,25.181281732029845],[90.78400668641657,25.17932001356131],[90.78746586088417,25.178727422651722],[90.79472629805691,25.18127071023934],[90.79877317264179,25.174323170629965],[90.80269927325324,25.172743403506015],[90.80545540850851,25.173627807189177],[90.8041623903255,25.169467644660195],[90.80590800500637,25.165942827279416],[90.81400037646415,25.16368690214078],[90.81556558676715,25.163944219537544],[90.81384943256725,25.16751398119959],[90.81792636286096,25.167558289721104],[90.81955050150535,25.162611114045532],[90.8366350440372,25.160866552458522],[90.84083443233737,25.16107259172704],[90.84074000563643,25.16432196960486],[90.84201291188319,25.1643070075344],[90.84442058441995,25.15846072392597],[90.84982373128359,25.157641459612027],[90.85418880619885,25.159132160013634],[90.85868150422961,25.157744325586002],[90.85988660220104,25.158331383518554],[90.85811358280567,25.15953617067106],[90.85943634382797,25.160156272969953],[90.86201543155477,25.157626853599236],[90.86393815075573,25.15804084240802],[90.86591705019387,25.161075276170134],[90.872185935295,25.159781272760878],[90.87510535780193,25.163509119421875],[90.88398876562586,25.166718501636336],[90.89453194282437,25.164585389363424],[90.89729249735036,25.166260998149212],[90.90462133076468,25.161878833024556],[90.91883734295482,25.163335134469033],[90.92800538169625,25.162216940688165],[90.94649814092203,25.167562769570676],[90.94881871382778,25.170792541149083],[90.96069393012772,25.17018862718338],[90.96423029052448,25.171884008730224],[90.96539443771782,25.170897592201296],[90.97310419772387,25.17506734379406],[90.97732695441208,25.174013191657316],[90.98474301986371,25.1749842124395],[91.00197325574732,25.18129518880079],[91.00610755390514,25.180259554288867],[91.00943912297531,25.18320006961577],[91.01052376259412,25.182343196945098],[91.01878188207213,25.18381999774881],[91.01911289689087,25.18697048423587],[91.0304073696817,25.185110133492355],[91.03838966706371,25.186261060862478],[91.03954855774192,25.188515132977898],[91.04160875097854,25.187644794844363],[91.04997423432418,25.189728715543655],[91.05515190204335,25.192434946733638],[91.06788049040804,25.19153263928468],[91.07188103635498,25.1933607424858],[91.06964299770814,25.198409980302987],[91.12524559615373,25.193996667287916],[91.13462754563697,25.19459843434196],[91.1396560959232,25.19637718121712],[91.15608912074691,25.19620946887333],[91.1603202004497,25.197775976068176],[91.16484451292273,25.195848113117442],[91.19467578733992,25.20181667490933],[91.2232725416102,25.19900660725623],[91.22449014486952,25.200163417257166],[91.23042354384191,25.196892020601084],[91.23325969973679,25.19910278426706],[91.23637831568844,25.199032374827716],[91.23678260855506,25.19696088216093],[91.24733589278962,25.19775829727698],[91.25163095029865,25.195168594050152],[91.25151022503935,25.199121632895817],[91.25979448286942,25.201017911671435],[91.26026891345536,25.20509650443756],[91.26801341807902,25.20724405315298],[91.2761795100142,25.19904977223693],[91.29222768322694,25.19331967645385],[91.28867718791594,25.19011637780707],[91.28656836023046,25.18535028044552],[91.28843559955764,25.18648862088569],[91.29248082991627,25.183803067250228],[91.30012600118798,25.184240140223693],[91.30446445557374,25.182600128998526],[91.31169591771159,25.184134893597257],[91.31777973779516,25.183674776079812],[91.32432278411652,25.180725633930454],[91.32702897580177,25.176177152555205],[91.33196828785255,25.177397888629248],[91.33751526308872,25.173488751860333],[91.35152534489168,25.17581784748045],[91.35375127020232,25.171256424838624],[91.36097617464577,25.177799005533156],[91.36381862951535,25.1780650398851],[91.36879966469657,25.170619717650485],[91.37642168801295,25.16795332724696],[91.38625838166232,25.169953332979652],[91.38855892237575,25.16757490203175],[91.39864587913152,25.16445831212957],[91.40677493951557,25.166108420000754],[91.41086894662388,25.163657806252736],[91.41286490910868,25.167333342478543],[91.41213876873876,25.16941793338958],[91.41464945008659,25.17113021742179],[91.4226097645266,25.162194414615556],[91.42512221640493,25.156990975714717],[91.4326753590306,25.156803619307624],[91.43718241135927,25.15412471616906],[91.44057804882118,25.149633175771353],[91.44334742341992,25.15068902778751],[91.44960414025275,25.149164389586723],[91.45079953320867,25.152044414859137],[91.45313630969794,25.152595399975777],[91.45701506970835,25.148243802866073],[91.46108600474291,25.1512239451442],[91.46863104058792,25.15179403987143],[91.46951386405958,25.150820392052925],[91.46700424968544,25.14379353557824],[91.47044956972958,25.13971347123179],[91.46525655661611,25.137193716934128],[91.46422820825342,25.134810809168446],[91.47101642240966,25.133586962759242],[91.478208968683,25.133792601595488],[91.47978776033945,25.135296584541134],[91.4780147847162,25.136471006632902],[91.48229361073314,25.13710848812801],[91.48928999538353,25.13510337887591],[91.49194929094348,25.13886000351904],[91.49368175839817,25.13854345282809],[91.49250635141453,25.13687494449122],[91.49959852915978,25.13541535199728],[91.50163425388102,25.14005492178118],[91.50104658477265,25.1430584436836],[91.5095537144374,25.14744560231306],[91.51705917509423,25.147771533592863],[91.52649534211035,25.14449582846595],[91.55721435509791,25.149756082841122],[91.55811840446505,25.155508075841354],[91.56306528834104,25.16063710344133],[91.56695413237071,25.15931102252927],[91.57131260741741,25.160900620141597],[91.57658132796007,25.159816546889065],[91.57157330357782,25.165267246207176],[91.57705817536356,25.171962729947047],[91.58917430689421,25.171667241477756],[91.5920737467146,25.17434198285131],[91.60551361507709,25.17364363075568],[91.60973450201254,25.177048439036355],[91.61517963342122,25.17472445783686],[91.61542862102955,25.169659227256755],[91.6086147223099,25.169830606028242],[91.60406469150058,25.167447485395783],[91.59998063297112,25.159595467891734],[91.60362643628503,25.15901363344935],[91.60263788641407,25.15488394026309],[91.59941488592645,25.151070261176788],[91.60209036904803,25.142721175061453],[91.60376509776047,25.14018100411416],[91.6070368578857,25.144744470842262],[91.6111185796194,25.14626989908655],[91.61226434183283,25.14097151757508],[91.61544749874119,25.145106274225267],[91.62150832471471,25.143406601616682],[91.62319629270952,25.127882803947493],[91.62698947235268,25.125431459367558],[91.63561380624729,25.12414640117703],[91.63791423582313,25.12254453618799],[91.64205997919143,25.12306770284321],[91.64544097231206,25.127213572075405],[91.65178718318245,25.12745331835532],[91.65276666016891,25.13119564253764],[91.65887700095891,25.1314801884745],[91.66001612664381,25.12704041287501],[91.66502602579236,25.1284272890119],[91.66401139381985,25.135234411503276],[91.66994195899413,25.137899921006678],[91.67564328114433,25.138048969795584],[91.68069763512587,25.134983443426854],[91.68629204984792,25.137728173523037],[91.69179629936333,25.13711757406346],[91.69423349497488,25.140383178373316],[91.69442648845906,25.14548406170055],[91.69880095255883,25.146184843438245],[91.70103155640486,25.150583290348298],[91.7022305550917,25.148931610149816],[91.70355433300274,25.149489988798475],[91.70322128982185,25.153471906735447],[91.70049965621043,25.155729858499708],[91.7037827912585,25.160016878633964],[91.70549879487311,25.156924701959877],[91.70833631468125,25.15909014856468],[91.71434153440836,25.15762661722677],[91.71654557554446,25.152332819819694],[91.73297216471693,25.150221901907273],[91.73273826820844,25.14781051405161],[91.73548939772714,25.14972569609915],[91.73636791328707,25.143395699403804],[91.74764114051507,25.140151415513213],[91.74247444394449,25.14460051828482],[91.74406634018493,25.146560082035485],[91.74468427740062,25.15316307516754],[91.74864220312702,25.156179756743402],[91.74982723285717,25.159221024490506],[91.74469291927788,25.169849073155934],[91.74733131176527,25.17398728940161],[91.75603067185061,25.177497514723186],[91.75488577397404,25.171762076761826],[91.75855565391541,25.168369302560546],[91.76353675576382,25.166291301732862],[91.76633586219188,25.16748182914943],[91.77460711313778,25.16312953047147],[91.78033388122533,25.16591022472127],[91.7883705133786,25.167416746793055],[91.79725141160897,25.168810402479224],[91.80662993512463,25.168303319465373],[91.80701090251925,25.169811180920046],[91.80364453291149,25.17043258642055],[91.80421301010053,25.171774698606807],[91.81765209211534,25.171206701939695],[91.8230407358478,25.176787508764942],[91.82659641419133,25.176197380084535],[91.82704471582768,25.177798203617776],[91.84079034520879,25.176902572672102],[91.84983758429233,25.173206384015007],[91.85559945550096,25.172488407110894],[91.86152116114638,25.172454238360945],[91.8644061064907,25.17529495096364],[91.87091214988628,25.174305540596947],[91.87597849781625,25.177440975482806],[91.87614631442835,25.17558271227559],[91.88062575939115,25.172920545618886],[91.88449062940902,25.177099500033385],[91.89247968935388,25.17593561187833],[91.89470046013768,25.17623980498815],[91.89388476260511,25.178354327762705],[91.89739423293604,25.17806800602707],[91.89851201737926,25.18007595786624],[91.90741505683305,25.1793065649857],[91.91625510384095,25.181348284221272],[91.93232237448062,25.179421392539634],[91.93288883113502,25.180505937151885],[91.93412987859077,25.17808116390029],[91.96681625350651,25.176376001023996],[91.97166901939437,25.167580947272654],[91.9833975401061,25.170947274874873],[91.99855819486154,25.18401157760234],[92.00376164951369,25.186163824636875],[92.01642604451378,25.187210772727564],[92.01845006100638,25.182701230855304],[92.02618642284331,25.179170539975857],[92.0279063200965,25.183415145907404],[92.03898808795805,25.182310063978278],[92.04055255608756,25.186372782802717],[92.04723453969649,25.186385080004612],[92.04733029563769,25.18535965317284],[92.04933720052715,25.18537865383016],[92.04937786412978,25.186957418743457],[92.05432250829195,25.18643653582936],[92.05543306085656,25.18425754229536],[92.05601284510432,25.185420045094354],[92.07385106064167,25.184948240765284],[92.07884884258554,25.180962339937018],[92.0810648311928,25.182609495101744],[92.08323168532874,25.182270371095697],[92.09230358872236,25.17753604077037],[92.10445465437871,25.174626657305126],[92.10525866871603,25.172588143515082],[92.10772284910747,25.17260329734957],[92.10904727656829,25.17034675313364],[92.11795050954174,25.166557076718522],[92.12043988233746,25.163830023500402],[92.1328820542142,25.160147121992154],[92.1328550652246,25.156342299865802],[92.13921603051101,25.15498682555012],[92.13974172278056,25.153756996427333],[92.13790978917436,25.151889998680403],[92.13407548215595,25.152660225548907],[92.13559839227777,25.15151223965778],[92.13389424886523,25.148328524690417],[92.1351851714616,25.14560378035239],[92.13439704553247,25.14277591412292],[92.14456847051407,25.13966441397612],[92.13955159530457,25.139852616393206],[92.13955658597091,25.14094416592082],[92.13583686666898,25.138737991678898],[92.14736320026944,25.135247801066416],[92.15084247617818,25.138227787181187],[92.1531890728541,25.13620551897339],[92.15270240953545,25.13368430670983],[92.1555706553406,25.13321584731503],[92.16256397139836,25.136206370631694],[92.16571321206087,25.135947099770945],[92.16295998474865,25.13339748842694],[92.15887218418801,25.13299127071248],[92.15944748215483,25.130025009630586],[92.164895117544,25.130458584816456],[92.1595922265943,25.126603278407774],[92.16479401503037,25.125392670825608],[92.17092358835134,25.128577414769172],[92.17260679733391,25.126750492814796],[92.17623599148303,25.126319298364603],[92.17682131569627,25.123853019313003],[92.1788868983238,25.12613437994962],[92.17936182989781,25.124007387797686],[92.17673432756395,25.122863180023856],[92.18392811620947,25.117921072994342],[92.18863440635859,25.127818859827716],[92.18907435651698,25.132148181205224],[92.18759725767598,25.13264096287516],[92.18932539496184,25.136287459479316],[92.19525600609205,25.130061788778363],[92.19450161183906,25.12564323998734],[92.1969563360356,25.12631227701749],[92.20557685338325,25.123622894772183],[92.21938319687159,25.117005367441124],[92.21970471503025,25.115148886890463],[92.20040302022038,25.11998250811556],[92.20051553107304,25.11728585445402],[92.19616822708309,25.108031383683734],[92.20276046805039,25.106372990726328],[92.20699157953663,25.108670539236513],[92.22186327067153,25.104043038301914],[92.22354449374664,25.102422962425777],[92.22306648578112,25.098204164502246],[92.22755038617798,25.0937053021027],[92.23136031950624,25.096894743205965],[92.23331896261672,25.094863106876126],[92.25438290447732,25.086740877474575],[92.25530870837854,25.085250865124745],[92.2667577652958,25.08320938684164],[92.27105775636304,25.080761102228507],[92.27183605912406,25.08175898375184],[92.27565224263591,25.080881081102838],[92.27839967769299,25.077658071644578],[92.28157352641955,25.079337059648537],[92.2837806788155,25.076537678969054],[92.287465506257,25.077446257577897],[92.29959702460172,25.071677176381286],[92.30505218267166,25.07047947089619],[92.30650714725083,25.07195732486724],[92.30695138987117,25.071583772498013],[92.3058673425723,25.070504273148753],[92.31063202497678,25.069020546852204],[92.31410663358345,25.071953238497784],[92.31914500363777,25.0698905030128],[92.31896362364722,25.07423751175534],[92.32177830799885,25.078184215469282],[92.33491451992055,25.078445355256886],[92.33838304240493,25.075705404255398],[92.34855354235198,25.073491425795215],[92.34897629525845,25.060910214884434],[92.34439922858348,25.05564485758032],[92.33818273416955,25.051516790523795],[92.33919563608256,25.050461492833772],[92.34239560362613,25.054224209969966],[92.34031071583453,25.051296804031516],[92.33930518102711,25.05035187939729],[92.34148165486198,25.04853038870928],[92.34605487125391,25.049052496813466],[92.34742792270225,25.04766624812368],[92.35004983517082,25.049500407803187],[92.3509526376486,25.048363301632907],[92.35429493979525,25.049444454673687],[92.35440874351164,25.047781140737253],[92.35671293385813,25.04743610602271],[92.35659672797824,25.05000987932585],[92.35810735428679,25.050119067618553],[92.35843614062264,25.047209933933953],[92.36075865541588,25.04671784677142],[92.36297548588524,25.049894204393855],[92.36840449130125,25.0462129623132],[92.36906084331598,25.043711167562847],[92.36779483014269,25.04238653136536],[92.36971443982053,25.040875262800373],[92.37086703256902,25.042709240006207],[92.37486310171752,25.043592453324152],[92.37383837765897,25.042609027590995],[92.37690655354493,25.042798303086652],[92.37944816805202,25.039524302313982],[92.38106722557433,25.039735170612193],[92.38063299731031,25.04140655967796],[92.38140051927004,25.039863805672915],[92.38127016520268,25.039159810961287],[92.38261662890396,25.04046738083141],[92.3832695522588,25.03849340843498],[92.38382499854836,25.042360991046372],[92.38820065305624,25.039720124349504],[92.39280093114395,25.03977996635529],[92.39907876600977,25.03277875584991],[92.40071156880198,25.03402128950156],[92.40229056068746,25.03181630576822],[92.40513241816213,25.03263435418372],[92.4129357506084,25.02862775048618],[92.41698402938442,25.030290941301615],[92.42148522483814,25.027795361131666],[92.42373634015756,25.030018343327768],[92.4253495878219,25.029433495350908],[92.42592171156751,25.020061744408064],[92.42424458963521,25.01937191013753],[92.42419866308154,25.009492352695776],[92.41637505664946,24.990377442639783],[92.42067614729211,24.99027460181794],[92.42208119840178,24.988490696957903],[92.42006263004464,24.966262810021025],[92.42369559121491,24.964839658885335],[92.4404844068065,24.96626544434485],[92.44762760461187,24.965001455417422],[92.45762523462139,24.970600977978012],[92.46058832904805,24.969814365762936],[92.46752079845848,24.963697003280377],[92.46842696908827,24.96013046870148],[92.46615499216709,24.957067456288765],[92.45373110042772,24.953648680646914],[92.44974081762822,24.949987721350297],[92.44786974439202,24.943701582584893],[92.44969975723696,24.938594900052298],[92.46431373015734,24.941391673858263],[92.47564554678718,24.941773497692786],[92.48361174879224,24.947278091438527],[92.48749603279516,24.946948868296847],[92.48400176047733,24.92845502366358],[92.48756227990239,24.920622073096343],[92.49460348949269,24.915860012602316],[92.49289416375619,24.906109457781078],[92.49684171050802,24.902020571684496],[92.49115796039182,24.891464264003197],[92.49230301412837,24.8755729502363],[92.48957296718069,24.872559765912623],[92.4878691717868,24.872834122551918],[92.48792261912098,24.871309682245446],[92.47929926744582,24.872462888473077],[92.47613990270791,24.867340964208594],[92.46099592847126,24.87314188107939],[92.44480020938153,24.871979830687412],[92.4411415890717,24.868479056675653],[92.44106429350163,24.860509942417615],[92.43740390628238,24.855607362642864],[92.42540241509464,24.852849379406003],[92.41465964267991,24.858298813070284],[92.40637343801352,24.858940630392507],[92.40298942638856,24.855747507500805],[92.40277843965423,24.849698022636975],[92.40009590889187,24.84865066995416],[92.38493851822933,24.85226822830426],[92.38405400463407,24.858337474908232],[92.37747679409593,24.863100562366707],[92.37700554001815,24.87056369820013],[92.37473770404812,24.873952078887744],[92.37168255535587,24.87491449637909],[92.36340117310183,24.87191129245763],[92.3613220719535,24.878186682961754],[92.3543573956864,24.879467410898567],[92.34799606531688,24.891622213490503],[92.34584082377881,24.891239247231812],[92.34428470136254,24.888524840083843],[92.34404156139502,24.880188808143146],[92.33921715122457,24.878257540296435],[92.3286794689442,24.888811000971337],[92.326749476486,24.896410511486092],[92.32289121769692,24.897180295608546],[92.31610234966007,24.895191309198832],[92.30694591542864,24.902028520056003],[92.30626003518468,24.909804811227257],[92.30348918718583,24.913600366050417],[92.29942532359702,24.915720939275218],[92.29483259019474,24.915489146399825],[92.2866453713838,24.91201804728997],[92.28206293969147,24.90585456191091],[92.27179368299521,24.904916425942925],[92.26700148181428,24.90692123336214],[92.25912071427997,24.90663295978038],[92.24836726731101,24.908867519029716],[92.24141595484342,24.904474156592528],[92.23560861394915,24.90286923802815],[92.23287316805707,24.90014609006144],[92.23611249762918,24.899141662085977],[92.23665677608132,24.891954663488587],[92.23947666608655,24.891893783335096],[92.23944435107191,24.89001066879556],[92.24722684206166,24.887517544852578],[92.24810428831125,24.88549391151258],[92.24682850512357,24.87199015241136],[92.24486102172648,24.871252534563464],[92.2462709904098,24.867487560764843],[92.23820977246513,24.86815791766432],[92.23493251970267,24.861387543592066],[92.23589331210346,24.85899506712454],[92.23980615070118,24.857696032034095],[92.24146114635809,24.842022753449626],[92.24251226332338,24.84045219888303],[92.25497401710541,24.83844610299138],[92.25023978026319,24.83586199283819],[92.25171625305457,24.834214247362254],[92.2483677789368,24.832300652660653],[92.24907999206309,24.829749265444388],[92.25225048144088,24.83050269393006],[92.25299601530465,24.83215296019908],[92.26929155501496,24.8298250680151],[92.27307794578948,24.827442777459808],[92.27277537626813,24.821316488969778],[92.27628957916728,24.81543747468769],[92.27384947738544,24.814122536650277],[92.27620369817588,24.81031559094531],[92.27423014951223,24.80649740839001],[92.27531081134266,24.803709045231013],[92.27312322785517,24.800192671402723],[92.27889230516375,24.797419269468392],[92.2810760680556,24.79060701790454],[92.28853861076641,24.788182311716845],[92.28742214261324,24.787412033075714],[92.28891865205752,24.784485563501924],[92.2879184147724,24.77919346678225],[92.28470611437973,24.774607201462416],[92.28180157955133,24.775321099788986],[92.28506621004905,24.76847955737008],[92.2857400098127,24.762937996969427],[92.29013274641588,24.759714387464616],[92.28750934848529,24.758278877709788],[92.2869410831167,24.75575818424294],[92.27980406108404,24.748165846786208],[92.28035115162578,24.74578931285755],[92.27916000175215,24.745297096714367],[92.2819160646768,24.743384446069303],[92.28127236329789,24.742247355220833],[92.29603185237652,24.736456202109228],[92.29388182719576,24.734610619704206],[92.29419907333317,24.731703061691565],[92.28535860988806,24.71984280958414],[92.2762056912272,24.710741815705646],[92.2749922087851,24.708080195152597],[92.2761179080002,24.707443171718467],[92.26786060994579,24.694345826508137],[92.26499619444952,24.69050049306541],[92.26160696998564,24.690116784344617],[92.25891536498263,24.686189085785717],[92.2578018133263,24.68286122160897],[92.25988243151777,24.68144814337327],[92.2544158668408,24.678029955247524],[92.25452574451636,24.674961093697185],[92.25712137550764,24.673176422672594],[92.25165619852585,24.659955161712507],[92.24846786644284,24.658347629466995],[92.2470832996406,24.654744402814476],[92.2498401179041,24.64795536211373],[92.24829249476437,24.6377189124979],[92.24353781493421,24.625395827354655],[92.24399374798303,24.616521002003164],[92.24235005467536,24.61537343527586],[92.24238718990009,24.611533202591627],[92.23924720468621,24.60776775680044],[92.23539144292242,24.597552480205902],[92.23629658664774,24.594562480061953],[92.23301715435473,24.578472293644147],[92.23459150568443,24.577758645404735],[92.23461447025569,24.575149807672183],[92.23221206580112,24.571389491068658],[92.23114076505934,24.531205552203673],[92.22380102592007,24.517452478940676],[92.22011021946534,24.516314028778464],[92.2125156723616,24.503668085984526],[92.20159786583723,24.50744301196517],[92.19981814646499,24.511238006810945],[92.19836793763409,24.510443006106954],[92.19598699934681,24.51165108823098],[92.19264509931058,24.51818524719909],[92.1882574450339,24.518831915276547],[92.18801604668236,24.52105204764595],[92.18612140761788,24.520802166753594],[92.18538216832081,24.523014748905876],[92.18282784782053,24.52244106756295],[92.18212851849711,24.52380764206103],[92.18039213090887,24.52230766288342],[92.17980103744823,24.524094583672127],[92.1759486960134,24.52348233843236],[92.17631095951634,24.52632488151235],[92.17360423800271,24.52718403588008],[92.16948717483169,24.531752608694827],[92.16569116654361,24.53140806535069],[92.16570163314066,24.529099192796878],[92.1618848548961,24.527490285359896],[92.1597930698238,24.529318264460937],[92.15882240611798,24.527460852127525],[92.16018726972032,24.525324892134094],[92.15859511259785,24.523201750934167],[92.15496470097087,24.522969488594104],[92.15775837756891,24.52187861713172],[92.15542909250054,24.51803270311883],[92.1581984873637,24.515167511341208],[92.15700326036472,24.512485410179966],[92.15611698091998,24.51361581935738],[92.15347583405858,24.512015047664818],[92.15911300856426,24.50717457478181],[92.1523071574626,24.502265144503284],[92.15389392164748,24.499841528790128],[92.15183571090054,24.499440167320042],[92.15049633209935,24.49522333148054],[92.1536860253031,24.49164084889672],[92.15128952867197,24.491149227822206],[92.15195489993424,24.48722314901102],[92.15359324006205,24.487237460649602],[92.15269732299001,24.4814723924566],[92.15724400613936,24.47406825068402],[92.15427327278066,24.47209427928498],[92.1554189471302,24.469674384986234],[92.15819515283576,24.4696022010787],[92.15820057013708,24.467508858183482],[92.15649452310406,24.468583599122372],[92.15561101762015,24.465668708063866],[92.15796698921399,24.466291761604754],[92.15841129425172,24.463775774796847],[92.16042903082506,24.46298283277139],[92.15808058328248,24.45965242486617],[92.16116228661073,24.45873236989886],[92.15954857165713,24.45325652687764],[92.16167442783308,24.452643615066453],[92.16101440991389,24.448718278816905],[92.16443573174881,24.444633581412727],[92.1644677079123,24.44077378543743],[92.16259860723069,24.439897170541037],[92.16441553179467,24.438842771323024],[92.1638897294629,24.436569505796317],[92.1663191177108,24.436775816437873],[92.16744660459891,24.43454514913412],[92.16600210731485,24.43329045035854],[92.1670865205614,24.4313787071477],[92.16600800247237,24.428115894631464],[92.16912822947535,24.42776632556515],[92.16751113093692,24.427113248225318],[92.16458252317018,24.418877637952683],[92.1599054210202,24.42121581626965],[92.16041414768544,24.422522710414913],[92.1564209510712,24.42263186106153],[92.15369446917313,24.42557399953895],[92.14775021596097,24.421038725082422],[92.14545145786082,24.42337364868358],[92.14411312565342,24.42208399870889],[92.13679962758954,24.42495984870016],[92.1366911428828,24.420055040385936],[92.13335359010883,24.416935154158036],[92.13284069186851,24.414336009289574],[92.13261784859108,24.411004931316768],[92.13450223850549,24.4100787070383],[92.13516456878597,24.407164011024562],[92.13158675586682,24.40664930426083],[92.12737967922646,24.40164644202953],[92.1284600283648,24.400089525455375],[92.12698919100669,24.39979182315725],[92.12642851700629,24.39680012521596],[92.122571900294,24.395941324272766],[92.11891277449669,24.389996898587373],[92.12078286526324,24.38949819431423],[92.11920018688755,24.388588692032616],[92.1219740730379,24.387029091913558],[92.12286970196699,24.385101307288412],[92.12176358229745,24.38477888357454],[92.1236527160941,24.38468145475814],[92.12134775535081,24.383549473947465],[92.12190120960334,24.382242932653575],[92.12060022294375,24.383395549704748],[92.12045111465483,24.381353480388967],[92.1179470765482,24.382270891521273],[92.11806058367404,24.38053959623888],[92.11534458968308,24.38251415923376],[92.11333356452957,24.3822380945799],[92.11358266423123,24.38069844112101],[92.11037434866103,24.379809416262017],[92.10743163496429,24.382008505015495],[92.1042641798778,24.381048683840568],[92.10230942542836,24.38294964107884],[92.10010254335187,24.38063852789354],[92.10161241666097,24.378934966454683],[92.10016345994241,24.3758522232493],[92.09742412180186,24.376310096273883],[92.09623019475316,24.372767088212935],[92.09042348143007,24.371619845028906],[92.0862633817224,24.37326713947485],[92.08526517332649,24.375590528879414],[92.08022539373313,24.37463151397788],[92.04943119254955,24.375410168805264],[92.04830475982303,24.377573795437716],[92.04403239139826,24.37487220585841],[92.04310203383784,24.37749492062987],[92.03845604308347,24.377024899550097],[92.03583212450117,24.380114697953395],[92.03354712605105,24.37864305924718],[92.02686115427893,24.379636618996035],[92.0247945111789,24.383504293687405],[92.02153570505392,24.383319037367873],[92.023615102461,24.38563379435666],[92.02006916366894,24.38654473215928],[92.00730695422155,24.381427300595178],[92.004445061868,24.383600843572445],[92.0055555054743,24.385632220001746],[92.00458480421314,24.387507561626947],[92.00190230961883,24.38835013516133],[91.9966506526541,24.393707718085665],[91.99477350379757,24.39214154752871],[91.99623091627417,24.390604850305586],[91.9950071728348,24.388081038672567],[91.9896228851711,24.390150808631677],[91.9919697951669,24.38916542559494],[91.9920887561621,24.387582469042265],[91.98809629374483,24.38354571827464],[91.9880066720932,24.378473065333708],[91.98515799639281,24.376657862768145],[91.98170960062807,24.381014840365825],[91.97045339828762,24.384520976063392],[91.96720518293714,24.3809893806357],[91.96718442341508,24.378915340340942],[91.97226468973233,24.379531430722185],[91.97273411045157,24.377018775590578],[91.97014619475944,24.374387545398726],[91.97408425639611,24.370545100349673],[91.9774328651796,24.372841109264897],[91.9789651626204,24.369584225261708],[91.97829315933554,24.366726253158138],[91.9846465306176,24.3608573601674],[91.98435842244928,24.359482809585806],[91.98190336731258,24.359019748238367],[91.9796381178083,24.36046193120523],[91.97812032596623,24.357391073342754],[91.98600477760473,24.349893779509635],[91.98928979753833,24.34362361112947],[91.99212802895444,24.343373457420963],[91.99309525246574,24.339835256969643],[91.99566191488927,24.33908062520979],[91.99834316754801,24.334063127984685],[91.99832381846407,24.33174031770531],[91.99501252943824,24.331427042240644],[91.99595060758675,24.32205448533683],[91.99038330106404,24.323928441197754],[91.98558267883956,24.322208562185036],[91.98227014170223,24.32388352665892],[91.98061147722527,24.328350618719977],[91.97713944078669,24.327417058425603],[91.97300190274896,24.33388508983853],[91.97105026473272,24.342945769905757],[91.96588744492574,24.346833462624634],[91.96899731354544,24.350151458121662],[91.96433158055032,24.350305944300043],[91.95680147255838,24.35663423695854],[91.950156897055,24.35084730681509],[91.94630494961883,24.350670993358843],[91.94610470941444,24.34836129122208],[91.943378182371,24.3489070570971],[91.94133166666143,24.342546016679115],[91.93845606201405,24.343228042247322],[91.93490920811377,24.3396878724711],[91.93228178695416,24.341239804045653],[91.92402313481132,24.335922795038645],[91.92193053111163,24.335599194719855],[91.91998876371834,24.337460944651696],[91.94081865665906,24.26809150346957],[91.91138901169505,24.16812551327068],[91.91526937122141,24.166568697108175],[91.91139659873774,24.164024473804403],[91.91395393192383,24.16228421716459],[91.91254580124333,24.160801122214593],[91.91421340780286,24.159411644473504],[91.91305196347024,24.155603103015718],[91.91421076863992,24.155156352474357],[91.9128043946526,24.15451411668204],[91.91454026590561,24.153613436419505],[91.911393354404,24.15357823154671],[91.91101458792049,24.15211857006832],[91.91305708919676,24.151486245752437],[91.90969932615876,24.150608983294322],[91.91128643293271,24.149007962844166],[91.91021085104802,24.146297876089253],[91.90609580823867,24.144804593829708],[91.90575257777957,24.138600244549],[91.90214190782554,24.136877257808816],[91.8978329297782,24.139433483139737],[91.89045734011711,24.13649733804001],[91.88901453150787,24.138852445361927],[91.88448652648029,24.138730857414693],[91.8844317129946,24.142560689263867],[91.88207149783929,24.143474577605144],[91.88123139779772,24.1458143524676],[91.87865382165702,24.146197593653135],[91.87781795219806,24.150210610765715],[91.87802598892296,24.150645091717585],[91.87822233959302,24.150799405041262],[91.87855324361097,24.150557770646827],[91.87853597927305,24.15112198205253],[91.8790593015465,24.150836354898043],[91.87908466244494,24.15149230077013],[91.87521451147269,24.155104812271308],[91.87731422793355,24.15769320867851],[91.87668563791097,24.16145620145799],[91.87463245543583,24.161425899900856],[91.87448270045508,24.161736488090284],[91.87518731784361,24.16267117045817],[91.8737895662861,24.163166455418846],[91.87496713878348,24.16631333280695],[91.87338271865228,24.167865687775357],[91.87412987129997,24.169556462120514],[91.87634022124114,24.16971642277302],[91.87554062205663,24.171225208193956],[91.87350959813206,24.17099440070497],[91.87398836136636,24.174470056226923],[91.8715052705058,24.174541547692556],[91.86941272896922,24.17717615749366],[91.86616853882177,24.176478897924188],[91.86514579180215,24.180039083450936],[91.86117386701513,24.181296956369255],[91.8610227571404,24.182857518970845],[91.8591691378413,24.180612786272185],[91.85700423792863,24.182241582236294],[91.85563475675761,24.181436179852113],[91.85577125779868,24.183147849169114],[91.85339437231127,24.183354300210183],[91.85512217908453,24.186948605315706],[91.85278267395674,24.189790288460195],[91.84543951625211,24.19138178428322],[91.84719432647695,24.193112467013936],[91.84483091200936,24.19557336623863],[91.84527046567958,24.197356728705707],[91.84399228854214,24.196738009921262],[91.84422156700056,24.199719443101973],[91.84196399679657,24.20134163117588],[91.84398767780871,24.201998053962928],[91.84605685449829,24.200593154560913],[91.84915966872353,24.203661993768463],[91.84924092514395,24.208381248094664],[91.85212749872338,24.20861678797894],[91.84983081456376,24.212753890131765],[91.85517932691438,24.212386270679207],[91.8510393238712,24.216659506181013],[91.84864067577804,24.215997117225193],[91.84764976239904,24.21783427867373],[91.84569487170825,24.217469775253992],[91.84952050104818,24.21989707704061],[91.84931486097948,24.221181286006313],[91.843066911463,24.220219797752716],[91.84294795035804,24.222868414077322],[91.84610582368796,24.224173679614214],[91.84470713016788,24.225770570911944],[91.83701153147152,24.225563348720364],[91.83787799549918,24.218745860761146],[91.83122556319952,24.21817017204989],[91.82924552604595,24.213152559842527],[91.82644547308615,24.213608022212174],[91.8237159083727,24.21001159081154],[91.81635591232835,24.20993809280749],[91.8152990416166,24.212032878947443],[91.81253578322278,24.21197680627973],[91.81047998391367,24.217571178103956],[91.80592456932658,24.218697584596654],[91.80707949552904,24.21891832529484],[91.80623013496356,24.220680177368237],[91.80236262681427,24.21933801457456],[91.79878775929681,24.22074819565725],[91.79791517911681,24.219523741541835],[91.79576269532843,24.220474475623217],[91.79431897335822,24.21952635439274],[91.79388191692792,24.22089848402584],[91.79145567287482,24.219769200229752],[91.74502847804344,24.24697481914785],[91.75937265745425,24.14152741864065],[91.75172313269186,24.14261268914339],[91.74630348463846,24.14114453832309],[91.74479605094866,24.143052152821564],[91.74360622744778,24.14105165799842],[91.74129014109397,24.14280999949342],[91.73951775795248,24.141485850739155],[91.73669508257483,24.145864566163144],[91.73428486546489,24.143645394838657],[91.73243649134905,24.145720341322598],[91.73107309868968,24.143586429643072],[91.72842492096665,24.143235035403215],[91.72674606706786,24.146539312080122],[91.72332034525661,24.148348337446162],[91.72176027793975,24.152479669992474],[91.71678945303148,24.151992514479872],[91.71440603717362,24.15377945274076],[91.71336414618474,24.152881231038364],[91.70609717444434,24.154280556934484],[91.70641424545106,24.157754556075687],[91.70334810781287,24.163539788139868],[91.69742408151615,24.16365191965019],[91.69495776051701,24.15953421709886],[91.68828058840752,24.16208540576933],[91.68881565742976,24.164170322162253],[91.68443746511421,24.16616282245132],[91.68194079154506,24.172194472060085],[91.68256765415032,24.174139815053753],[91.68017529926215,24.175605726939313],[91.6814209152527,24.1766198506178],[91.68106235529764,24.17687153902583],[91.68001669198618,24.17663104478293],[91.68116682223378,24.177652450370818],[91.67992455061712,24.17902258599224],[91.68085260886915,24.18396827545812],[91.67886639783276,24.187525689894482],[91.6805960649355,24.189045529812812],[91.67960528784509,24.193474710321222],[91.67730598091978,24.19428038728493],[91.67797849383035,24.196750881454932],[91.67569515076525,24.19775220685713],[91.67669732398019,24.200610544376328],[91.67393621967054,24.201102437108236],[91.67478254725197,24.20205363177678],[91.67276396685111,24.202390480823993],[91.67339619967125,24.20367908794625],[91.67162985410309,24.20443005840111],[91.6696808077273,24.20900355237985],[91.66698379203683,24.21051736309501],[91.66788858968795,24.216552171578655],[91.66596576288222,24.217098055607668],[91.66725409686549,24.218296354791526],[91.66804306993386,24.231018570984585],[91.66515926767707,24.233529306329107],[91.66420648048617,24.229090442926232],[91.66279016992692,24.230106272465225],[91.6585372024744,24.228234391716217],[91.65236027072011,24.219559123626322],[91.65077506229586,24.21838881109694],[91.64977284835015,24.220465275218423],[91.64774989707493,24.218488992980284],[91.64891659448196,24.217193697022488],[91.64720996691263,24.21520190200753],[91.6524085238202,24.209431810908594],[91.65114665897364,24.208818109289297],[91.65265252238154,24.203562370123404],[91.65453149497148,24.202518705704115],[91.65311053531018,24.20168624540138],[91.65413356310329,24.19845399837477],[91.65276133816862,24.198193823164118],[91.65258846551413,24.195931828070535],[91.65909653761291,24.195366747732397],[91.65755944486966,24.193183761355243],[91.66012813109674,24.189535140973263],[91.65746856759748,24.18474317219814],[91.65895521318205,24.18305976697414],[91.65687384854556,24.180540483055516],[91.65629307594901,24.17615183977107],[91.64676333511723,24.178620685316716],[91.64424015740877,24.170597930323527],[91.64660876136598,24.15662655310159],[91.63444594670123,24.138054957372805],[91.63852440603995,24.129599299699645],[91.6412036168679,24.113079555427316],[91.63955206492163,24.10849530003685],[91.63677772649666,24.106543859266456],[91.63793269931567,24.102922464222523],[91.63525646436352,24.101049278013672],[91.63422092326375,24.102195195150543],[91.63188295092917,24.099850528000804],[91.62924891899016,24.10147032459186],[91.62701106363255,24.098828992260415],[91.62579488787941,24.09928456165372],[91.62491721860701,24.096571947237983],[91.62267606209019,24.097196360617232],[91.62147757299084,24.09521193317232],[91.61981616136467,24.09668021720579],[91.61705785542962,24.094288043293698],[91.61579406175555,24.095439980230044],[91.61140697176293,24.091685514730738],[91.60380111344077,24.09408027280148],[91.60474337075709,24.09579127950152],[91.60289604353132,24.09533655427684],[91.6026235127867,24.09661540344345],[91.60037564307216,24.095294322287856],[91.5992531044381,24.097116198392172],[91.5973772099668,24.095860815615257],[91.59454000953184,24.096533710004074],[91.59537829683457,24.093287599933355],[91.59128951632192,24.09261110455575],[91.59305980660494,24.08919645608281],[91.59844927266626,24.086641532242965],[91.59850274153685,24.084482654353394],[91.59391164661551,24.08265083163127],[91.59188948887576,24.07830421744288],[91.59240750951821,24.07559880573775],[91.58740640179812,24.07487686082823],[91.58607295623916,24.07260098163725],[91.58234102121133,24.073390367149553],[91.57444663528908,24.079982077816847],[91.57296692636616,24.079079397220237],[91.57289869338625,24.07473220414118],[91.55733309882223,24.07683308118545],[91.54530239530972,24.07419929043114],[91.54425360927479,24.07593842306796],[91.50864939601705,24.08640923194016],[91.49766101406962,24.087280485377587],[91.49247514856037,24.090876015895976],[91.49496899973316,24.095549883621626],[91.49176889225359,24.097098166428395],[91.48735235952154,24.09525345176384],[91.48285865652653,24.097802472676072],[91.47809847815638,24.098029931788673],[91.47581022243854,24.10047688660609],[91.47349723717348,24.09977740491588],[91.47316465995699,24.101752742566248],[91.47129528655971,24.09878201549857],[91.46546944706616,24.098626640322628],[91.4625448786739,24.096065722937126],[91.45841644972646,24.09757482395101],[91.45482728559848,24.096557939731127],[91.45427035070107,24.098657841003778],[91.45206121502343,24.098286595149528],[91.44958539454613,24.101470103473567],[91.44304235816092,24.09723965928876],[91.4405451023971,24.102510165530333],[91.43730203776447,24.102681931320078],[91.43077371959923,24.099925190153243],[91.42999299017896,24.101993199619947],[91.42858259451262,24.101792838286627],[91.42940957109631,24.104250701395344],[91.42809462973723,24.108451570510177],[91.42563439895059,24.106880767166714],[91.41262592732232,24.10992509520564],[91.40378340222176,24.109074718794776],[91.40136206931479,24.109670528376522],[91.40152238032466,24.111498589698954],[91.39416810085568,24.108301021461486],[91.38898891337666,24.108555545183336],[91.38721081367152,24.10721469740769],[91.37461056266244,24.10777038909493],[91.37713249697742,24.07984268449215],[91.39659846557811,24.049620144615623],[91.39644605772503,24.042330232677298],[91.3908553461955,24.025777263520585],[91.37333590060044,24.002645284236824],[91.37496649142916,24.002178988786945],[91.37379172677741,23.997568280201445],[91.37543655868421,23.997734970001517],[91.37501586812267,23.99591636252411],[91.37657633164721,23.99662406770445],[91.37623111012451,23.995132101756326],[91.37424516037369,23.99495575484446],[91.37666357767212,23.99264510266692],[91.37831159288888,23.99299215846562],[91.3790267921137,23.991043846770253],[91.37677010215128,23.990589138839034],[91.37851327998126,23.9885676285816],[91.376579806356,23.988302505491045],[91.3762014387301,23.986708738841585],[91.37799556092695,23.98541694232153],[91.3773737134078,23.9826587934727],[91.38014557586806,23.98246747122508],[91.377745081546,23.98011615196454],[91.37965626284917,23.979009177196144],[91.37952657892963,23.975326185702755],[91.37362827694251,23.975228648401696],[91.36277162513962,23.983146106814036],[91.36166290555221,23.986260440984786],[91.35280207524504,23.981693382407553],[91.34754052642337,23.98420597590814],[91.34122095610815,23.981985236027317],[91.33740951790043,23.98441249934481],[91.3338115823439,23.990631024020935],[91.33005998389987,23.992466392402648],[91.32690052422706,23.991537823329743],[91.32359966777224,23.994480883827606],[91.31493291938224,23.990409577708487],[91.30519966164334,23.995252748768095],[91.30364125427934,23.997905181948983],[91.30146401555247,23.993739060833114],[91.30357438907251,23.987829015085072],[91.29731965020301,23.976297907426495],[91.2997940848796,23.97211965237896],[91.29041962755448,23.967764287684055],[91.28767960562286,23.968006521256616],[91.28774647560425,23.97389739335788],[91.28468244382768,23.977269243823198],[91.28625110925913,23.981934624732055],[91.28468820308369,23.98209985303074],[91.27152002789285,23.962904566752673],[91.26423052333851,23.944219373340314],[91.27291355894953,23.937641819858595],[91.27621368738609,23.922524989809737],[91.27172129320708,23.92464862603397],[91.26394526216534,23.924982741672594],[91.26176651755976,23.923560892994075],[91.25170662600125,23.92606917414925],[91.23392157900422,23.9278479040969],[91.23301899382079,23.926957193311445],[91.2414439608313,23.92269094293026],[91.24618446293242,23.913080148577514],[91.24482810594276,23.90693946745731],[91.22846971238965,23.89863143412444],[91.2296155826328,23.8805944214884],[91.23182988025157,23.87810741979222],[91.23578628580853,23.877533822987523],[91.24086938117584,23.861700153677525],[91.2488870414309,23.850813065289202],[91.25407093230216,23.836983773311477],[91.24286781936364,23.822962181572656],[91.23756787623196,23.813595482889166],[91.23375969633057,23.810825129505716],[91.23161107864999,23.798183212285803],[91.22687641715206,23.792252038859584],[91.22836789215862,23.78556625542273],[91.23053258425585,23.7843996292554],[91.23068183477466,23.76492093191509],[91.22522141957404,23.75653269819761],[91.22636469605061,23.75113835973056],[91.22247348977614,23.74568970714028],[91.21902825361069,23.736426459350103],[91.21776217945795,23.73987314632995],[91.21195835311441,23.7446066619423],[91.21037489372678,23.74915568886053],[91.19662855969833,23.751093172285735],[91.1862095680278,23.75066770260676],[91.18300346520874,23.748831856351554],[91.1676426084345,23.74963936769378],[91.15884029250212,23.74165458179457],[91.15707702662046,23.742018341709365],[91.15643311811681,23.73977879038395],[91.15808147025284,23.739263377977494],[91.14919851804189,23.711525058212935],[91.15161073221098,23.705449908302786],[91.15424271544892,23.688392931901895],[91.19381898697962,23.689896884714976],[91.19551740184961,23.69214474821587],[91.20367325400167,23.685395349961503],[91.20852857077324,23.68640121407359],[91.20328064454614,23.680108216870657],[91.2049852604892,23.67974757438522],[91.20238469476136,23.66288663825418],[91.20367498458789,23.658267714743886],[91.20147909379324,23.65597296846229],[91.20500889522147,23.654986058450845],[91.20512840050087,23.653893852087457],[91.20250206644248,23.65391181917353],[91.20458813663794,23.65040404074557],[91.19968889916818,23.64968889221929],[91.1994216951943,23.64657889021648],[91.19073430026704,23.646948726721185],[91.19294810136863,23.654431183712493],[91.18506256526427,23.65664100590634],[91.18285567240811,23.659659964928576],[91.18193827763285,23.656379526327132],[91.17777472751088,23.65853747416375],[91.17650803942927,23.657641643420042],[91.17604239891205,23.659594092448835],[91.17383342786614,23.656353428208774],[91.17038866855535,23.657538634499687],[91.16646281652439,23.66348199720403],[91.16124900035062,23.663852924962622],[91.16152253295473,23.667067555046565],[91.15630381404128,23.670717389300766],[91.16136566605653,23.654314225686228],[91.15869662427623,23.641355076010868],[91.16100922100782,23.63122823248054],[91.1587117366119,23.628928873855344],[91.1581413057553,23.62408540093214],[91.16102539827497,23.613934687726157],[91.15967525990116,23.611291443751906],[91.16375036621804,23.601037737111852],[91.16216956542038,23.598683131523426],[91.162498681572,23.595043785691345],[91.16875423586028,23.592586558943175],[91.1771299627853,23.593198348876058],[91.17809235035291,23.59174542640044],[91.175267945394,23.58550754442846],[91.18729751848615,23.57753028926538],[91.18726903500759,23.573136067779608],[91.19526711139724,23.56201427338641],[91.19445076539353,23.54717764780338],[91.19903406657421,23.547333333698813],[91.20198902908135,23.550060263534586],[91.20534418775325,23.545262729635297],[91.2074671618782,23.545357023070473],[91.21046894990117,23.546543889892174],[91.2097550311305,23.548518730164105],[91.21294567347279,23.550414121976615],[91.21301412867709,23.545109617726336],[91.2081584186749,23.543043576122823],[91.2006836891872,23.523033232818065],[91.20076362180811,23.520023543702376],[91.20783790373507,23.512048456703816],[91.21385636135017,23.51374543204566],[91.2236000581874,23.514023490372413],[91.21797948373731,23.49950477134054],[91.2234618843132,23.49730898452614],[91.23557232972172,23.501787637774534],[91.23444046901238,23.496143163215542],[91.23722554767983,23.495123377885967],[91.23637740576798,23.48899365723923],[91.24934241641951,23.49017095500859],[91.25224225353067,23.481009483093356],[91.25081963747242,23.46433165703884],[91.25340791534671,23.461404567935215],[91.25349636845458,23.458013616232797],[91.251552055931,23.453643645928377],[91.25578188003219,23.447362568681964],[91.25646015664098,23.441547802810398],[91.27065055374295,23.429802086878453],[91.26343399134333,23.423724064417566],[91.27644400807004,23.4147043200227],[91.2797511387498,23.37659823139169],[91.28209116524904,23.37581743375872],[91.28515477442826,23.37700962787844],[91.288538851829,23.375379734449005],[91.29214267442325,23.37811316678091],[91.2943294846164,23.37467829920032],[91.29375144619479,23.37124840199078],[91.28423505241184,23.371083925597272],[91.28615642649785,23.363088136245384],[91.29490477599325,23.36119121471434],[91.2910706142461,23.350657051267657],[91.30108274443806,23.351585493888283],[91.31489859199203,23.36093002457966],[91.32008596811744,23.360088305248322],[91.31801310328657,23.352971246706808],[91.31431727091378,23.352618903693706],[91.31260625445573,23.353909854163803],[91.31105279646911,23.35266267906308],[91.31079373117589,23.342382775840758],[91.30512460642963,23.34338670678525],[91.29616527612535,23.34089237286508],[91.28985282713955,23.318524493533236],[91.2962400925771,23.31339760130858],[91.30953136700491,23.31385332273969],[91.31316492131667,23.30630318497853],[91.3149599182869,23.296609965961743],[91.30720982884904,23.299777769146463],[91.30022372817879,23.292452088697246],[91.30234118122412,23.286342346236317],[91.31667251175635,23.28188381882564],[91.31577761098487,23.279430419894776],[91.30978553822412,23.276374728598736],[91.31802127399759,23.252892957739437],[91.32660682325907,23.25228658460663],[91.32550367267145,23.24714427826169],[91.31869618022007,23.24548963661085],[91.3189253680191,23.239845568736925],[91.32365023128335,23.237447377750478],[91.32472992323866,23.1686308798949],[91.32333456585648,23.158013804439758],[91.3331242475867,23.152846895231825],[91.33709459211751,23.131054509794232],[91.3417342198227,23.128736017645434],[91.34187041161083,23.117796391446287],[91.34762720776922,23.11878591348274],[91.34695855978185,23.10230261362887],[91.369791073196,23.070371373171266],[91.39585504556128,23.05604060901927],[91.3987627926941,23.056512216919515],[91.39923543161431,23.058413977774546],[91.40630989304714,23.058976900537967],[91.41162586813901,23.06230857792364],[91.41599699365072,23.06264518917587],[91.41723446774286,23.064516819887732],[91.4108535042951,23.06602323843234],[91.41320099777359,23.06948741991014],[91.41338595501426,23.07552473538567],[91.41611515636768,23.07652163031425],[91.4174743601192,23.08287769536831],[91.40812333111012,23.083456725724606],[91.40522778563054,23.086980651860223],[91.4060662612799,23.09692460024111],[91.40025785103109,23.09642255803202],[91.40341749319762,23.113718634155045],[91.39697476416386,23.117677938347097],[91.39729940938558,23.130140202838756],[91.39203162782921,23.139441007380082],[91.38928031080754,23.152632144120282],[91.38476881381749,23.156153728168956],[91.38520404943019,23.17521275986897],[91.38188474236036,23.175011489101394],[91.38299187254837,23.184478262244298],[91.3798963152055,23.18451291227656],[91.380977432268,23.191585649865537],[91.38554207285821,23.19184437149042],[91.38775509937338,23.20789028775372],[91.38076822846763,23.208428841694648],[91.38832371078311,23.214670396164987],[91.39213481464354,23.22002627314216],[91.38647096920886,23.227555606873274],[91.40091122235572,23.229114399267488],[91.40025429386188,23.23507641442747],[91.39840968396369,23.235888564730846],[91.39711125736987,23.241154431910154],[91.3925532531495,23.245892544309754],[91.40874482509817,23.247616221363774],[91.40066576534927,23.256098258516204],[91.39729577814352,23.256248453974724],[91.397561153234,23.265124652071655],[91.40038640845925,23.265709762604363],[91.40558537242794,23.256589655271352],[91.41132441591185,23.25566447644604],[91.40893863513962,23.2851935581946],[91.41373811252572,23.28136471806965],[91.41563065653347,23.282750783254894],[91.41558766581501,23.279274403160734],[91.41774657403528,23.27721766936127],[91.4165747518708,23.27560561062859],[91.41781258739896,23.276202903591056],[91.41963533619356,23.273259599966053],[91.41816179744765,23.269593727171927],[91.41591835794432,23.269475492792605],[91.41741520758025,23.264476196204598],[91.41537620473943,23.263336546494987],[91.41868720677424,23.258313674262705],[91.41831298805174,23.255387848084013],[91.42115659080198,23.261769527343663],[91.42474672856756,23.259640798308666],[91.42489030584754,23.258017548345787],[91.43138649420156,23.262445758675714],[91.44867262517745,23.25984760244122],[91.45421040097368,23.260370828443218],[91.45541490183659,23.256432382794255],[91.44943051994028,23.251963465104044],[91.44872701098649,23.249762690420283],[91.44597706740268,23.25002698007218],[91.44523565056848,23.24707435569403],[91.4471714891662,23.24747082955556],[91.4470612501227,23.24376927426049],[91.45790860160807,23.245991098293857],[91.47027285735084,23.227630569119423],[91.45329031122965,23.223174785784153],[91.45061332149548,23.219413373591212],[91.4582473061035,23.215637542687766],[91.45862408233435,23.213285016419594],[91.47540930968812,23.22035536117768],[91.48443081535024,23.20918086065928],[91.48244038950402,23.19841812015184],[91.47075668440432,23.196419760243217],[91.48493089893618,23.188207798609334],[91.48845438106774,23.192129427077045],[91.49219510195402,23.18880961538572],[91.50323327023423,23.19207791253121],[91.5042847600548,23.18928773069881],[91.50109860511597,23.185274041361303],[91.50754048126498,23.183684344405677],[91.50673004653534,23.17992062893566],[91.4973872831977,23.17978332771701],[91.49174123007082,23.177559641371595],[91.49235761400767,23.171937063316488],[91.4982598871429,23.17164593047671],[91.49479935139478,23.161948104740215],[91.49088179224533,23.157603634117358],[91.49428441524611,23.152211409374583],[91.50721536291054,23.15423572759986],[91.49474294523439,23.147076381685157],[91.49897305378803,23.143782663881467],[91.49873299416635,23.142471195863568],[91.50164408387998,23.14305489788292],[91.50454876339069,23.140307442087444],[91.5081911365515,23.13964649779958],[91.51002010593197,23.140371233000153],[91.50981263020368,23.14318599521972],[91.51531805121532,23.144988361184282],[91.51487475515235,23.13855767415637],[91.50314575591206,23.13049096574865],[91.50380922814726,23.127229648105825],[91.5176374290075,23.125420021227548],[91.51426438797421,23.122547926758827],[91.51541500519835,23.117630572542613],[91.51924240916249,23.11774027830595],[91.52041607527997,23.114433848493288],[91.51229996502585,23.113215440607284],[91.51131520739011,23.104188202589434],[91.52236280211596,23.104001471348695],[91.51894892088296,23.094150702952746],[91.52983207430577,23.09166197905994],[91.529975716484,23.085733751919253],[91.52513160876866,23.082807943415368],[91.53534281513393,23.063314299944842],[91.52583710829447,23.059970974791533],[91.52496349354527,23.05534776783435],[91.53627566044375,23.05451481865837],[91.53048966949389,23.03830841873691],[91.55035650921786,23.038408582281956],[91.53841898165527,23.019191858968536],[91.54821548549741,23.01923530400472],[91.54248651444664,22.999457074745912],[91.54751609057828,22.99418370676184],[91.55703520249294,22.996601220420725],[91.55722249435426,22.978459705736352],[91.5750607750427,22.968640479477166],[91.57676254295603,22.965218997316246],[91.59062893904685,22.97689473145542],[91.59305654017278,22.972626985954292],[91.59922803213625,22.9759354425247],[91.60141222409707,22.97129974780875],[91.60610450696707,22.971908630917035],[91.60563483887628,22.965306114624788],[91.61187760205416,22.9623477701537],[91.61379638629829,22.958371455527484],[91.61248950529242,22.957658260122905],[91.60810573704704,22.9613938236232],[91.60485596295844,22.962175778960976],[91.60040352505719,22.95663647845035],[91.60033287774245,22.95426802621883],[91.60244490878408,22.953219053471432],[91.60844324373423,22.957208760299174],[91.60959600734441,22.95611460160101],[91.60711109547573,22.950037775664992],[91.61348064840195,22.952384715244207],[91.61584229646625,22.951469912260873],[91.61645798271414,22.949116015126396],[91.61299254031195,22.94957016485569],[91.61272062164454,22.946992586130374],[91.61694851808971,22.94400568734162],[91.61686829322365,22.93955042987716],[91.61938273763374,22.938361062289893],[91.62556326379907,22.944113981452652],[91.62349421425945,22.949388586973452],[91.62700774980995,22.95566326944884],[91.62456369830156,22.961566319673395],[91.62631485366327,22.96218581097357],[91.63094767448561,22.958963451628286],[91.63561684378348,22.961078022418913],[91.64050276381431,22.97032859184987],[91.640808395397,22.97488863796783],[91.64570276902387,22.97655008535233],[91.6454594813889,22.985021559105],[91.65003344906465,22.98248807942839],[91.65153647841308,22.976716248618917],[91.65548190491943,22.976537337415788],[91.6580795196824,22.978107810009963],[91.65632415754025,22.980643328244046],[91.65770419391754,22.981733641537634],[91.66191612895867,22.97915807469575],[91.66460252866197,22.981646864314705],[91.67086435529951,22.97705186469203],[91.67465246492974,22.980124332760838],[91.67804578876655,22.98077062239512],[91.68177311754692,22.97725003828206],[91.69099307026715,22.983255871656663],[91.69169290756376,22.986649401078836],[91.69368988767965,22.98829055104905],[91.70326347022021,22.988253182169863],[91.70883829283815,22.981855578761554],[91.71164007165112,22.983578326433648],[91.71209531957531,22.9889151849127],[91.71700247180937,22.986645678149006],[91.72062470202341,22.987423858792713],[91.72606279483425,22.998888258471904],[91.74390918508223,23.006434721391514],[91.74535676490704,23.011028479920316],[91.75336029293128,23.02207882674842],[91.76148111422293,23.026200272934854],[91.76109295182374,23.02985901509358],[91.7681861484693,23.034228025012407],[91.77191653775928,23.033027000420923],[91.767729157819,23.039398770817073],[91.76854227643726,23.040934728329265],[91.77147198065875,23.04129294593321],[91.77440812341483,23.03848219422619],[91.77282973874131,23.03168677584944],[91.77430693206213,23.027078808377368],[91.7806081593041,23.029092472261354],[91.77893355608357,23.03648185446556],[91.78170143976386,23.033910246818472],[91.78413156454145,23.037928654928926],[91.78197911793762,23.044808694093845],[91.78247257201255,23.04842405883265],[91.77728638587728,23.056026443461192],[91.77942769053668,23.059917491882306],[91.77359207131151,23.06631055213792],[91.77451740818493,23.06961598570288],[91.78477694687814,23.071492700313915],[91.78603226688452,23.06822293712242],[91.78895939251566,23.067202383146],[91.78810191814222,23.07009457778825],[91.78953865111453,23.071670123291273],[91.78981670037093,23.068725430038736],[91.79370853419755,23.069020275179668],[91.79580510578006,23.067295750329805],[91.79356059116205,23.06482293603137],[91.79408723574214,23.062283821464167],[91.79923676740789,23.064943420765324],[91.80602757060198,23.063028389266954],[91.80597659146656,23.066968062069062],[91.81234529966468,23.066250649281145],[91.81156301437278,23.069510843140765],[91.81385532786416,23.070581360252227],[91.81319399118674,23.07352268147258],[91.81604809608432,23.071847365419675],[91.81838911444127,23.072742141301916],[91.81592578108982,23.074673353412898],[91.81788385912539,23.075748110171517],[91.81728848586619,23.078935687127],[91.81474804096703,23.080575988416292],[91.81828061063754,23.082988313252404],[91.81980880047996,23.079813509824664],[91.82436818949438,23.083434830199696],[91.82278356567606,23.08659091409486],[91.8279316301675,23.088683054239613],[91.82974823896029,23.091664438583408],[91.83139012867149,23.089789837752537],[91.83347789592976,23.09098545237598],[91.83309349164551,23.092571780719354],[91.8358003733119,23.09298550442162],[91.83371920026622,23.095486248039332],[91.83209995162044,23.09473825695299],[91.83119489757182,23.096736903695046],[91.82505107274126,23.09892160600572],[91.82092749842991,23.099715891055],[91.8206798695548,23.097369948765692],[91.81345571913738,23.09920067124843],[91.81760942776717,23.102005881187957],[91.81780253201639,23.108452429855895],[91.81630721461381,23.109971693198144],[91.81809289643444,23.11204344171097],[91.81561559987124,23.11903881306846],[91.81294360973284,23.119129951597948],[91.81088761421884,23.12165371142768],[91.81261716719044,23.122649253146825],[91.8115343231779,23.12506419744537],[91.81389283752922,23.1288141764995],[91.8123291403843,23.130701845731547],[91.8148065574648,23.131449145335953],[91.81477123277052,23.133323974664467],[91.81160975695025,23.134184315453673],[91.81116464368156,23.1369067447433],[91.81043513363133,23.13368900276264],[91.80810343554647,23.135500656592928],[91.80924068123123,23.136434576601985],[91.80815882946946,23.139038689869608],[91.8110776515611,23.144617548175184],[91.81307971817124,23.143714151249313],[91.81423882286494,23.145095203909822],[91.8101268555609,23.150184995719954],[91.8106062820892,23.15349302641567],[91.80608485106633,23.157327686246127],[91.80695182074808,23.162407053113775],[91.81009075353383,23.165072894020067],[91.80487392826022,23.168050170778308],[91.80574696408891,23.17216084857397],[91.80698960190037,23.171835936942745],[91.80510861393012,23.174122405143606],[91.80672293540444,23.17528446442966],[91.80419783204846,23.17447390415764],[91.80318187701229,23.17667563684084],[91.80627060626483,23.179046486064955],[91.80527520985771,23.180511755299314],[91.80085066842793,23.183916376530764],[91.79750338745006,23.184034608062674],[91.79674086998632,23.186599207705655],[91.79462133925082,23.186685835753178],[91.7982547313753,23.18939485838263],[91.79786232488854,23.195683892764585],[91.79596007255503,23.19556805190428],[91.79472158131632,23.19724247053105],[91.79604984861284,23.197719304406707],[91.79281944465066,23.199029239485302],[91.78887358462178,23.204442193489662],[91.78857269630254,23.207757178796868],[91.79166617284329,23.207624793318868],[91.79262473289229,23.20924850669413],[91.79117683501494,23.209386580498805],[91.79163203823373,23.212354464142802],[91.78790013064746,23.21511183942595],[91.78839994798864,23.21675264145873],[91.79191961152576,23.21814226740516],[91.7902183589413,23.221252393673236],[91.79122974306571,23.225578795652645],[91.78984357869999,23.225091590898078],[91.79107649730312,23.226791835818297],[91.78774756964187,23.227548643584807],[91.78834937901564,23.228748799803608],[91.78419464148642,23.23254455935642],[91.78422446079641,23.23883127639914],[91.78540403763567,23.23899296880871],[91.78362077154439,23.243269453707295],[91.7806023170918,23.243319094498094],[91.7813366498197,23.241476936859886],[91.77972411290982,23.239293457644166],[91.77619223027763,23.243165948795234],[91.7804554130513,23.246965239493765],[91.77851176511288,23.251743361213926],[91.77981127255195,23.253712256128583],[91.77817671480588,23.25642922171161],[91.77701610959261,23.25500992903196],[91.77496747248628,23.25668810777059],[91.77691471518713,23.257310080203982],[91.77755495976405,23.259927372852285],[91.7753839733862,23.261946063183363],[91.77680457294066,23.263413560966743],[91.77709259388199,23.269232059744354],[91.77195575567023,23.27006305332813],[91.76901429226541,23.27318920659926],[91.76763293134886,23.27273457231782],[91.7685705376026,23.27162173045251],[91.76668531522212,23.271448668707457],[91.76496540581456,23.272606723738214],[91.76593278451612,23.27357575962955],[91.76344829818257,23.274403788122328],[91.76335307030878,23.277159493989487],[91.76136172134899,23.27705484863729],[91.76277176356385,23.280827519887335],[91.75982735375042,23.283492834312433],[91.7621762328903,23.28490272278837],[91.76061103405405,23.286683948768356],[91.76202440883092,23.289648417093762],[91.76060060226284,23.291270384172332],[91.76286054034739,23.29221724884491],[91.76353062929505,23.29457253551625],[91.76240934633833,23.3029360278135],[91.76521387258552,23.30498507108839],[91.76435440644354,23.30926169339414],[91.76656645265861,23.309165320944963],[91.76998509766538,23.312363668766995],[91.77144070504204,23.311549389342673],[91.77337554707397,23.31587172880443],[91.77932789692191,23.317461708434692],[91.78327744684977,23.324429098417962],[91.79125332120502,23.32608237792803],[91.79340780575887,23.329804063588657],[91.79967430694701,23.33290825606315],[91.80457572532936,23.332272994966843],[91.80824854531731,23.337037759071624],[91.80679503479482,23.339790996673578],[91.80967333627012,23.341999968534658],[91.80943482711513,23.343953010568068],[91.81315207059757,23.345835212635574],[91.8153307058324,23.343815662132855],[91.81807014234752,23.346433547345864],[91.81732559134802,23.34755934295695],[91.81926738302101,23.351079465954538],[91.8251420871661,23.352343250721276],[91.82559553373399,23.36310635856948],[91.82846397093842,23.366036863297886],[91.830450099908,23.36402575730181],[91.83160618817757,23.36506356843735],[91.83242315518272,23.36972158100473],[91.83757232310647,23.370615731038946],[91.83787455122082,23.378645426442453],[91.83619455811805,23.386442998053585],[91.84186501426947,23.38838865993875],[91.8406976851088,23.398873151379632],[91.84539714967063,23.4005607299881],[91.84498944982131,23.404685385264056],[91.84959819082694,23.405430734962636],[91.85107001219329,23.404058399398995],[91.85473519955289,23.406670687180352],[91.85684710983989,23.40510618964449],[91.86064149699665,23.405165882733055],[91.86729302136332,23.412490324733266],[91.87375984787002,23.41403707912268],[91.87376872801215,23.418795810480738],[91.87654317329824,23.422322282815916],[91.88701459247375,23.426921413651865],[91.88882695365513,23.429418039281696],[91.8874230210879,23.432892595204827],[91.89113133279113,23.43359492762738],[91.89413716150894,23.431419328584393],[91.89581377727598,23.4318012265952],[91.89570090894495,23.433331645011535],[91.89901628785162,23.43559953413581],[91.8997113285233,23.440600248171187],[91.90935658084652,23.436547128957148],[91.91346060285753,23.43671284681653],[91.91901686577008,23.439499627735547],[91.92181375244854,23.437983315068067],[91.92400436515808,23.433663753009],[91.93131585114843,23.434455017948945],[91.9329972690604,23.435979942794667],[91.9348611892903,23.435221612946247],[91.93429211488193,23.433466710779946],[91.93743048698042,23.43234344970288],[91.940580232494,23.435332874751435],[91.94260805422455,23.43497653789661],[91.94258054494199,23.44049240411351],[91.94018448161724,23.44732961600746],[91.94088633592924,23.45051685619247],[91.93791681473816,23.459187811400884],[91.93908623811141,23.461610145049672],[91.93666222367932,23.46660237835684],[91.94109173767534,23.465856821720855],[91.9450029894771,23.467709209629366],[91.94557238690773,23.465827020877636],[91.94691896480654,23.465932821650497],[91.94770416238279,23.469558640357636],[91.9554394933381,23.475672338682454],[91.9587129577104,23.472880127408143],[91.95833230284889,23.479405488670512],[91.9621799763382,23.477765483404625],[91.96550272973596,23.478487200681663],[91.9691254948049,23.476382122983114],[91.97038529684848,23.478282859628308],[91.96863713777789,23.487411004343684],[91.97086014297105,23.49196737009361],[91.97282512120813,23.49237631946876],[91.97251709639698,23.49470837992975],[91.97104110028857,23.494143937323667],[91.96852540631039,23.49901240387063],[91.97104885271405,23.50301863412502],[91.96824801273269,23.510182317459474],[91.96467001536519,23.51266459096595],[91.96625110635954,23.515121577432957],[91.96313841190941,23.516322551379094],[91.96433975953326,23.5191577644185],[91.96008304536626,23.51845134774644],[91.95628080245797,23.525706699840605],[91.95902593017506,23.532528970470267],[91.96356520804709,23.53319481575199],[91.96461432595902,23.535253366942673],[91.95679750793632,23.55127233990434],[91.95887208532095,23.553684781098212],[91.9566157850785,23.560277802437124],[91.9594675570253,23.564049459532534],[91.95729489483296,23.56752984568449],[91.95869086441354,23.57146008858508],[91.95543221237816,23.575501986252526],[91.95671432292669,23.58196511373091],[91.95424696933533,23.58677441182942],[91.95556735792142,23.589999532581867],[91.95192768782877,23.60043627755208],[91.9535326941607,23.602462605271988],[91.95429380313446,23.60955600426088],[91.95243183646703,23.611314960304586],[91.95195086692986,23.6168060021626],[91.94650930937838,23.622820462397716],[91.94721182277767,23.62836530261898],[91.94509580468902,23.628538789569806],[91.9423634922097,23.633798089112187],[91.94673631740693,23.637496965293092],[91.94491514400254,23.643327035949376],[91.94665428757375,23.64598308258705],[91.94393803413013,23.65182545253576],[91.93995016831153,23.655157809704292],[91.94109363889127,23.65639966703701],[91.93920061563979,23.659472436539048],[91.94113099768406,23.662003734456686],[91.9408011499946,23.66805852088465],[91.94212063386928,23.669361755787147],[91.93870684491878,23.673210456090626],[91.93973142438493,23.675212345184395],[91.93710239903504,23.681327313278526],[91.93401838389461,23.68455515449109],[91.93667612645403,23.687960564655715],[91.94076279931124,23.68853142357248],[91.94133796710193,23.693599904737148],[91.94578866792322,23.694223088254383],[91.94755605704596,23.693044643254616],[91.95071722277876,23.694583657308407],[91.95307558899941,23.69278074815553],[91.95789426132993,23.694406447985582],[91.9572093098274,23.697622581307726],[91.95066216393508,23.69958244907925],[91.95230141462842,23.704834748821963],[91.94943591340893,23.70650883466296],[91.9500056073437,23.71086190977343],[91.94824658754305,23.713972660618147],[91.95410015996208,23.71937914859432],[91.95463257240625,23.721053249889785],[91.95118615210048,23.721135254444466],[91.95056290298443,23.72606556188755],[91.95429040940748,23.72625627676468],[91.9553257782998,23.72862745941186],[91.95422393575427,23.73056922692628],[91.95695159322754,23.7316159331387],[91.95702096575525,23.73399100193591],[91.9662463401645,23.73362147494056],[91.96733184671457,23.729438953971506],[91.97826835320919,23.733083529495627],[91.98068261126673,23.723376032527582],[91.98418122746517,23.723971445244686],[91.98567535634567,23.72183852674255],[91.98517055506943,23.716279554495934],[91.9888505927793,23.70496566022865],[91.98874329017718,23.70099432434461],[91.99325858537598,23.694519207559598],[91.99366377495208,23.687810345184005],[91.99503688427772,23.687246504817825],[91.99683472914353,23.67965908255293],[91.9991319965032,23.6775866436174],[92.00000962708921,23.671269972759614],[92.00616908369577,23.67112163302265],[92.00867317898889,23.66350111829744],[92.01323483648162,23.663428770998685],[92.01574697164192,23.65980380107477],[92.01972616951848,23.662738265599746],[92.02379768655734,23.662733913581725],[92.02229561526487,23.658076991332255],[92.03063474761858,23.65786580608639],[92.03129173203831,23.65584701124167],[92.03894691295467,23.651641698375194],[92.04195599690452,23.64792476560502],[92.0434069977438,23.648555762950764],[92.04653727848822,23.646593278248215],[92.04986455839013,23.6493598888587],[92.05771693588282,23.648471561624614],[92.0633356129405,23.645015388671908],[92.06905234487662,23.64814926822047],[92.07281826474346,23.646519583806455],[92.07659410059568,23.64879277501671],[92.07918096812304,23.64845241614955],[92.07769587938185,23.654350482632605],[92.07925524367691,23.655767903230885],[92.08001123716147,23.66226686912127],[92.07630857801959,23.668039038076124],[92.0782967175338,23.67103451902825],[92.08067966318389,23.671383659599496],[92.0830294373202,23.680053329443112],[92.08519727996614,23.68076323099279],[92.08649098822673,23.679462344855388],[92.08745885315767,23.680564334196312],[92.09176127775319,23.67691702089924],[92.09326406527339,23.678351950174076],[92.09969410456218,23.676708598854148],[92.10415531989088,23.680828956284277],[92.10507405684206,23.684327257377934],[92.10398617680478,23.685986499400503],[92.10616848780298,23.68865936109021],[92.11155813013391,23.690067684021454],[92.11416807107375,23.69424698444629],[92.11625023109141,23.691217315342737],[92.12083963740139,23.69272685885733],[92.12139103715228,23.695059936172733],[92.12390745874916,23.695587244606234],[92.12297620297021,23.699477137841594],[92.12476435085475,23.700683504932147],[92.12533066381293,23.706525644323982],[92.1289698121994,23.707806083333114],[92.13400743003123,23.715745854459556],[92.13934333704526,23.720182531143866],[92.1385477094593,23.72106370723166],[92.14228132601416,23.72529627009299],[92.14428193209847,23.733091457148095],[92.14872358838103,23.7356345609805],[92.15167997330124,23.733981763553434],[92.15486105824564,23.73433549696049],[92.15612261837087,23.73673377560422],[92.16241209424936,23.73962321675169],[92.170788085869,23.7392263788054],[92.17290549850638,23.735735445146915],[92.1707938029054,23.732850968788593],[92.17153571078275,23.72659832524891],[92.16960050981565,23.72318652942978],[92.17310662574785,23.717727014330208],[92.17655109918938,23.71640829263341],[92.17770700969592,23.707560445756812],[92.18472091733902,23.708094133962366],[92.18609243392108,23.710978362121747],[92.19353717328411,23.706766314300456],[92.19818986579219,23.707204667478237],[92.20294949537889,23.705702403327656],[92.20410608165612,23.701903778296924],[92.20703015110686,23.700615207984253],[92.20982801262123,23.691447918229706],[92.211421211197,23.690536380869542],[92.21092063858359,23.688568331131137],[92.21365858236992,23.68494996211209],[92.21217969163273,23.68084192809833],[92.20730070071887,23.677609980700943],[92.20632075008817,23.67518657782977],[92.20607445218934,23.66949767862195],[92.20749208035743,23.66709852830358],[92.20660358259543,23.6610042374167],[92.21086488086766,23.65883773434784],[92.21040867896811,23.653552189573073],[92.2163067521348,23.651936662799766],[92.22262395938112,23.652825855525343],[92.22318769081201,23.654469181658218],[92.22558493568681,23.65510108673149],[92.22953445320198,23.666118308874164],[92.2331016505207,23.66755238863172],[92.23064804288069,23.675279572470433],[92.23333782748861,23.681225075866713],[92.23202549807858,23.68474988845532],[92.23481585291421,23.686634041136895],[92.23638714796047,23.692855200711072],[92.2403845735378,23.692907608079604],[92.24207971565502,23.69492933647842],[92.242414859408,23.699161646094833],[92.23960025047646,23.70261527579889],[92.23951318483967,23.70818983073623],[92.23625256052757,23.713186841908204],[92.24100065685566,23.720713597317843],[92.24914550250898,23.72436549819861],[92.25826410479246,23.725244947815444],[92.26163878022821,23.72344391213864],[92.26549054638191,23.72500719745398],[92.27909500072218,23.716401055226918],[92.278645911885,23.709814922254065],[92.28321871754434,23.706743355705488],[92.2847955555536,23.707124082482846],[92.28553676701353,23.703122707124262],[92.28727062034949,23.70153004800204],[92.28935108934414,23.701795102460032],[92.28968811265482,23.692477711236734],[92.29094235168051,23.69083117134053],[92.28958961513,23.686591016000587],[92.29147675712419,23.681233064753954],[92.28917289397013,23.68033561799896],[92.28359096742865,23.661782677293907],[92.28142703491869,23.66110718059982],[92.27483590558698,23.64952396305334],[92.27297464598897,23.641939744024732],[92.28177739175243,23.638558359184536],[92.28154436007242,23.63661186979913],[92.2796588474977,23.636685808563996],[92.27663704458672,23.631749730188176],[92.27863128483901,23.624919937427887],[92.28003643535396,23.625557808382293],[92.27912807213056,23.628656637396084],[92.28069303162478,23.63058793614091],[92.2894924490708,23.628508362311347],[92.29576548072947,23.6216278654131],[92.29587444260862,23.620604257501736],[92.28973836671027,23.619750179393343],[92.28734149078099,23.616742038845505],[92.28725916812324,23.596038789647675],[92.28848465883313,23.595420868219506],[92.28898236789766,23.59812939851556],[92.29141013000513,23.59531753481374],[92.29358418950264,23.59516399498065],[92.2931573042967,23.593339090044175],[92.29652420772838,23.5880259265436],[92.29834220255769,23.59260090353413],[92.30143730392248,23.59288714259869],[92.30395063130238,23.582908455454174],[92.30593928233213,23.582969577260492],[92.3082111742665,23.577705117754114],[92.30508732428005,23.573425695000683],[92.30765922826134,23.569009979970705],[92.30681205696506,23.57171537827145],[92.30903812713558,23.57112460866487],[92.30834745820484,23.56506728942862],[92.30693537179792,23.566155705604857],[92.3067482223713,23.564501425264524],[92.31181341509013,23.55970860137018],[92.31351384869056,23.55498926518169],[92.31261702717404,23.552985216804935],[92.31061621762038,23.555435292040826],[92.30920473077062,23.55231812201151],[92.30870675610835,23.549609737558285],[92.31068532880657,23.5470603704315],[92.31007665951027,23.54210460360947],[92.30799300387352,23.54092984754378],[92.30625353810072,23.535039720302045],[92.30904465434291,23.532342064893122],[92.31397377196487,23.533261356816723],[92.31424837421658,23.529444570539972],[92.31625957597157,23.529262497131832],[92.31789412847382,23.52632618776904],[92.31325619263202,23.52075443843941],[92.31360034142422,23.515504150100547],[92.3176854213134,23.517160733304497],[92.31837849846119,23.514918732073895],[92.31559678764278,23.512882776521458],[92.3161348956482,23.5118369862784],[92.31978688546778,23.512433747251837],[92.3189156524388,23.503316520798094],[92.32282714172469,23.501021792683545],[92.31929228623477,23.500609710930203],[92.32051646295251,23.494449818191242],[92.3174308557222,23.494254143185263],[92.31890265581315,23.49213371218333],[92.32194508846594,23.491770538962],[92.32194552745538,23.49011434785224],[92.31605853059806,23.486823763712575],[92.32177393568392,23.482888156388874],[92.3209423830703,23.480447363499078],[92.32615967716524,23.478802582035975],[92.32285411208746,23.478923975595052],[92.32370464403681,23.475217210390735],[92.32080474211736,23.473720495439945],[92.32005859993171,23.475291903995494],[92.31713375651891,23.47165444509279],[92.32783701634048,23.466405990249314],[92.33180111100899,23.466064749475922],[92.33066061877373,23.459361911345813],[92.32550410912077,23.45908113662476],[92.32993507547303,23.454039849848517],[92.33157343124142,23.45471413618565],[92.33172454229253,23.45709143230332],[92.33329509830828,23.455931620140984],[92.32707967961298,23.448543940486346],[92.3303811352156,23.44616209539089],[92.33391669262211,23.428833830713135],[92.33529519767407,23.42864878438072],[92.33568139076161,23.433450060580352],[92.33807791261513,23.431764153927016],[92.34136759774456,23.435528091223247],[92.34649048509485,23.433186308059796],[92.34775214215462,23.4128063939769],[92.35255643546049,23.413507291002155],[92.35740103853315,23.410698266657],[92.35814762974901,23.404765232064427],[92.35541553948272,23.40080698639692],[92.35341076917989,23.405787029540715],[92.35294266827017,23.399395024589634],[92.35453291142022,23.389057865273536],[92.35730630013539,23.391716906616598],[92.35881047955681,23.390702513706845],[92.35601490562568,23.387765624451546],[92.35667529625013,23.384709351951404],[92.3530470942871,23.382860627231672],[92.35266486573744,23.380865143371825],[92.35619061448915,23.379616206955742],[92.36338531647303,23.381018877759224],[92.36510727615,23.379591141821418],[92.35740806905686,23.37464931712122],[92.3564253563507,23.37234696264552],[92.36027004119504,23.367730479189113],[92.36393976465818,23.36616206112723],[92.37049014025277,23.37358059487054],[92.36926422740216,23.36700823022362],[92.37568681515374,23.36537020157892],[92.37905780987786,23.361827770269926],[92.37641844874993,23.35666949849164],[92.38049390845072,23.355569881712395],[92.38068481019221,23.35117986781327],[92.3761883654369,23.347002889843033],[92.3748486659803,23.3373549738996],[92.37208765365239,23.331684495843824],[92.36828534867728,23.32545792029401],[92.36436410856366,23.322918332748632],[92.3680422088065,23.31710956701082],[92.36742969973024,23.32292807248905],[92.36936898498489,23.322438021770918],[92.37135533492545,23.317957028856934],[92.37609043016701,23.319890938297018],[92.37733462201302,23.318326453222568],[92.37626448503781,23.312963266073446],[92.38568301034607,23.306203364213346],[92.38576030095858,23.303096620680876],[92.38304690243058,23.301830638326233],[92.38462488610152,23.298119015781467],[92.38274244619481,23.296112998022057],[92.38469444963413,23.2926147227683],[92.38247656968782,23.290675377283293],[92.38116455849,23.285102869020974],[92.3881427044701,23.2812941170851],[92.39475247686784,23.26460000518827],[92.39280215721101,23.26381550217832],[92.38873939406737,23.266062213765945],[92.3895007686551,23.25963621148063],[92.39823870447563,23.256128536479988],[92.39545673247545,23.24870181687515],[92.39946841441864,23.241864073842798],[92.40267746491723,23.242302464181527],[92.40419044287273,23.240657245833887],[92.40039747541951,23.238770255300203],[92.40140950239518,23.23658082282171],[92.34678469125203,23.2356734238748],[92.35097959539311,23.23377208160318],[92.35393201334034,23.219802537956873],[92.35297510844953,23.21412559584275],[92.35510320356242,23.206803305378436],[92.35240515516993,23.206313605726606],[92.35490944578304,23.20016325890232],[92.35228357353326,23.194573595658692],[92.35413523479674,23.1901172503885],[92.35333814103033,23.18572239483909],[92.35447755619643,23.184342151402664],[92.35842441399231,23.184882840795574],[92.3612804250758,23.18257086690958],[92.36082336914302,23.18007162498543],[92.35563620787113,23.180212102054355],[92.35445127014714,23.17850669057098],[92.357254214501,23.17796128156477],[92.35757096565162,23.171783178958332],[92.35902520654679,23.168618597582732],[92.36167190568501,23.167550079776174],[92.36250915449973,23.16489445477876],[92.36093654350054,23.16199608785026],[92.36435866311592,23.156615199466493],[92.36212327274401,23.15634260555926],[92.36221663123345,23.152917739786073],[92.36046608514529,23.152839177390355],[92.36034208402376,23.14873059908942],[92.35825522732551,23.146352977446483],[92.36037834233429,23.146856619853516],[92.36096051251782,23.145323934967376],[92.35696780903848,23.13415043274977],[92.36300087634434,23.131165483831158],[92.3657611199711,23.12700869551487],[92.36819965262009,23.127264335015944],[92.3604566962978,23.11282504428596],[92.35829694338507,23.105933880297528],[92.36009191259767,23.105337857683676],[92.35801185772253,23.103270177995945],[92.36187569168429,23.10044281632191],[92.36151638052583,23.098238356118323],[92.3649121754715,23.097861726906196],[92.36695809864572,23.095958470157623],[92.37017449431026,23.096510904205203],[92.36917738512386,23.09511551797223],[92.37134520968065,23.088664021061575],[92.37510662748481,23.084447573642432],[92.37727698193319,23.086976662490777],[92.38005372852511,23.08628650010772],[92.3793150551536,23.083653906420196],[92.38080703094926,23.08050713981297],[92.38548458258609,23.076957088481045],[92.38312776925096,23.0719371890189],[92.38879077234976,23.064843730306578],[92.387496267643,23.06188702115383],[92.39070524222689,23.060514191904456],[92.39238450315081,23.05645074101928],[92.39058272017375,23.055186568800536],[92.39219442089203,23.053785147195594],[92.39150885116948,23.052104926897815],[92.38997867573542,23.051551009409952],[92.39127039715223,23.04916215956401],[92.38852585959366,23.049264222580717],[92.38954197908174,23.04726131245145],[92.38816604131144,23.03973890914819],[92.38384716652202,23.037897697191795],[92.38253737365955,23.033273287023434],[92.3849514967446,23.02731517294122],[92.38342147862319,23.026316406720742],[92.38371812877214,23.0230816929717],[92.37975561089391,23.012062588186552],[92.38465021269313,23.009644837858417],[92.3833416905754,23.008880624395694],[92.38418294388215,23.004875257597366],[92.38206424232922,23.000872236332047],[92.38529054925117,22.992192141669786],[92.38196269186365,22.988094877179922],[92.3850185039877,22.98611263285281],[92.3842103844496,22.981605212106658],[92.38145457229868,22.982397116460202],[92.37944140156472,22.980689859154715],[92.38144586366721,22.97860323667055],[92.38040797958436,22.975822586181177],[92.3783283209391,22.976767975774248],[92.37434154967859,22.970646190733696],[92.37562795007044,22.963580309554406],[92.37405239080198,22.961291348300044],[92.37727290081989,22.959660879982536],[92.3728444361142,22.958232513710357],[92.37500608041228,22.95610060479216],[92.3744860546991,22.95313407246311],[92.37719141571625,22.955513948481343],[92.37817254501567,22.95206392030885],[92.37580105199167,22.94988616814756],[92.37744944810895,22.948166094601493],[92.37475023373312,22.947435668805497],[92.37268846806872,22.939851989874764],[92.37590674042244,22.936792022627],[92.37177858684004,22.93617114358686],[92.3730929628547,22.93457894150995],[92.37614231231056,22.935016349868807],[92.37757659515387,22.931809225911543],[92.37641907370636,22.92862135092764],[92.39297566762303,22.930693501725564],[92.39758622136726,22.929698804724552],[92.40132474071366,22.923984097858764],[92.39734041759507,22.916959015834067],[92.40109920448262,22.91195269204084],[92.40324655393073,22.912820281599892],[92.40414912361744,22.91775339212694],[92.40676904946787,22.917836999661297],[92.41302332122683,22.913385715411867],[92.41909176456453,22.918832374210883],[92.420265178778,22.91834509949313],[92.42024572073178,22.90961349018282],[92.42649435946402,22.897216804452064],[92.43315172490185,22.891712073242843],[92.43373077561539,22.885791059614508],[92.4373032311211,22.886016814909887],[92.44596213297862,22.897096059885374],[92.44923604383995,22.89500898711933],[92.45063490767436,22.890349265256035],[92.44854873565163,22.87637156634534],[92.46046842841127,22.87090201543471],[92.45471148091107,22.86952698115139],[92.45211742001902,22.864936801675046],[92.45268193149272,22.862178135762196],[92.45542562341265,22.860764936191707],[92.46160635556589,22.86153749346808],[92.45979062371964,22.858047797010236],[92.4644578318735,22.854653921617295],[92.46242172851508,22.85231027987925],[92.45830791655398,22.852918489303992],[92.45647722923181,22.85102972650216],[92.46005696671348,22.85032707249425],[92.45846384860215,22.84473668690247],[92.46288757222737,22.843316291613892],[92.4632476812781,22.841746215256],[92.4578013426112,22.840725229800785],[92.45289019952462,22.842965036402262],[92.46194692630013,22.830796554080756],[92.45531734520917,22.825941899092886],[92.45813363410682,22.822953457337192],[92.45424987736612,22.81886194591612],[92.45905167230761,22.818525185555746],[92.45822138538126,22.816586604028522],[92.46099785597549,22.81130835298597],[92.46118345241435,22.807353582771704],[92.4627956394181,22.807474652765727],[92.46258607221841,22.811280607732566],[92.46556896883985,22.809625774431062],[92.46685007895434,22.807578924973598],[92.46485111000386,22.804616199730575],[92.46546715728343,22.802217645025582],[92.47227284616618,22.795856459987274],[92.46910282497016,22.782474463542865],[92.4701317035488,22.78180109917437],[92.47184410051823,22.78376301064592],[92.47295201452998,22.78284816540909],[92.47271652683956,22.776110850461865],[92.47584830554734,22.771176591316266],[92.47401847203422,22.7696255794269],[92.47287336971135,22.76494164128198],[92.47641179953068,22.764172255931843],[92.47367609960642,22.759710947760073],[92.47690801673467,22.7593556942526],[92.4774748457966,22.757652282543816],[92.47596801367149,22.755953257866306],[92.47935464699056,22.75279655031262],[92.47384417445117,22.746208516716965],[92.47655206864532,22.74521130275224],[92.4821692899887,22.746989723792268],[92.48871201223137,22.74627595061128],[92.49027969207046,22.74538095005612],[92.49118992194904,22.74100644888161],[92.4939507477734,22.74259336283074],[92.49424168663082,22.740052214679977],[92.49792524150617,22.739892702954275],[92.50135976768978,22.737321371365443],[92.50563617107275,22.73922145670986],[92.5081983593906,22.736445907330406],[92.50905426988416,22.731673400629777],[92.51319590004002,22.732785209210533],[92.50993798473212,22.728627654313712],[92.51193928224,22.727735668937594],[92.51415829127747,22.723268189755206],[92.51669953204731,22.722168890489623],[92.51750093899379,22.715553028796954],[92.51385025105697,22.710319481723314],[92.51389677632572,22.707998618783787],[92.5165997200305,22.704444680924997],[92.51889056632936,22.687900194498397],[92.52326528246734,22.679160956430625],[92.52252545701741,22.67408268145811],[92.52594799932179,22.673104853358705],[92.52607401141876,22.665193461935477],[92.52872447457862,22.665152151246424],[92.52653022041763,22.66047120765354],[92.5286808053669,22.65949103481413],[92.52432826076064,22.658985394261546],[92.52352049151365,22.656244265427496],[92.52441108980769,22.65386814077797],[92.52666047950031,22.653739902525242],[92.52730196551838,22.650771920597986],[92.52462434947759,22.650468462157182],[92.52492319642695,22.640137510977347],[92.52677291288794,22.639338528514177],[92.52653562785471,22.636712760205594],[92.52791338670906,22.63565860673545],[92.5262131528158,22.633567545556897],[92.5325306184109,22.632688221554307],[92.53261164252848,22.62750206142997],[92.52965804688924,22.625289240670465],[92.52743434451189,22.620784767303387],[92.53001947636986,22.620575116013992],[92.52910041467739,22.614760483783083],[92.53215945229961,22.61167378263487],[92.53536382540551,22.61166629676176],[92.53374881553917,22.607496230859336],[92.52994996879148,22.609140052316782],[92.53043387930832,22.603494833375628],[92.53537294065016,22.600135748826446],[92.53592268289644,22.595713319927885],[92.53782123735661,22.5940534246422],[92.53501374362295,22.5910347461975],[92.53618991337719,22.58941927690209],[92.53937466799415,22.58914842293029],[92.53600316579427,22.58662953582431],[92.53297168191237,22.587763730724422],[92.53437752530091,22.585171268929678],[92.53854989451492,22.585912004297075],[92.53709669012456,22.58462012631188],[92.53645534880806,22.578725166400556],[92.5381386446529,22.575099908355053],[92.53264474696904,22.57146912459222],[92.52729510204912,22.572988164265983],[92.52804322291125,22.565622652722407],[92.52167127424792,22.559884306311744],[92.52835538105336,22.556621711731704],[92.53191841609618,22.552211231357784],[92.53155096054533,22.54509631700348],[92.53420583390898,22.544086366538814],[92.53721199259408,22.545167352670504],[92.53703701542399,22.541899747443704],[92.53999530871263,22.540603198837793],[92.53860370610735,22.534727534714094],[92.5413156941995,22.53426422758635],[92.54151252474325,22.530368874060695],[92.53918497549307,22.528929167578358],[92.54118831732383,22.527583842893087],[92.5408112741187,22.525596513631818],[92.54376399388153,22.52497014448974],[92.5417888385492,22.522418061737945],[92.544144441808,22.521337519435495],[92.54568652925353,22.517785104912257],[92.54338383212684,22.51417124436964],[92.54503589802066,22.51352050415481],[92.5469986952154,22.516816984542125],[92.54724752994738,22.515080697339776],[92.55128148932324,22.51329635622227],[92.54656846382909,22.509889988055672],[92.55083103641283,22.50960737721043],[92.550217509756,22.506784302830585],[92.54817166424054,22.507419418947876],[92.54719489232728,22.50351590751348],[92.5494524764743,22.502685901265206],[92.54932320471896,22.501449154390695],[92.54712184647828,22.50159231350316],[92.54593321698998,22.499482854350582],[92.54335459120361,22.500380056426252],[92.54259532320651,22.498755282955667],[92.54937794652092,22.498425595912927],[92.54992728607972,22.497327520904285],[92.54951367929762,22.49575235986857],[92.5451771783106,22.495214473397315],[92.54332585823965,22.493253075969335],[92.54346434098271,22.49020771225473],[92.5462686366927,22.488658324712972],[92.54422524749513,22.482938855924054],[92.54561286053392,22.48243480471621],[92.5453616136844,22.479706760355203],[92.5475117107049,22.47592855519583],[92.54554240640775,22.47163055948908],[92.54652448544662,22.466204360569506],[92.54807703344342,22.46568876294578],[92.5463479754004,22.46245761497184],[92.54947684036587,22.45895505748631],[92.54823054819548,22.45740723673418],[92.55014593657761,22.456895399272675],[92.54811128564607,22.456021668371687],[92.55096693517223,22.45439807366359],[92.55142358819815,22.448688317123942],[92.55003032533806,22.447737219990138],[92.55130959958268,22.445935821641392],[92.54946382875946,22.44351466439836],[92.5520528596401,22.442254890796523],[92.5516764883865,22.437686961200765],[92.55425326864685,22.436224374314886],[92.55337563308136,22.43379402408846],[92.55538401143255,22.42920670948325],[92.55124211259323,22.427378927334612],[92.55498626521239,22.42721373019386],[92.55497974693077,22.42507862417853],[92.55638565630883,22.425101685676882],[92.55523247245175,22.422541416492056],[92.55069322032257,22.42257401133712],[92.55457444526802,22.41687759448885],[92.55231298089049,22.415329268624134],[92.55207663845758,22.40897357125653],[92.5545712495288,22.410721342809822],[92.5568911939601,22.409268459053884],[92.55758221011372,22.407164210091548],[92.55477971137195,22.405487561787304],[92.55982704599376,22.401834927242348],[92.55945883373082,22.399842057203866],[92.5559476896742,22.3985373926802],[92.5598297866435,22.395521319717748],[92.55846320289372,22.394079192157644],[92.55974819883568,22.39132969898318],[92.55829379645769,22.391126816311825],[92.56105585155035,22.389318809708882],[92.55943991279655,22.387444174316254],[92.56113892099937,22.38510816208976],[92.55933025609633,22.38185850450012],[92.56337678189958,22.380101994848452],[92.56153822809641,22.37834619298371],[92.5619953670448,22.37574515964777],[92.56378766215298,22.375434307746538],[92.56247619537996,22.37166105939606],[92.5674023304761,22.370724311142766],[92.5680235735835,22.360513315284624],[92.57186944003247,22.35863837377601],[92.57094099785458,22.356616695304915],[92.5732253335394,22.34829490662009],[92.57190383192089,22.346632831078704],[92.57331588155381,22.345424262764546],[92.57252078601405,22.3426685383803],[92.5750456529682,22.342160769582748],[92.57366575615691,22.33804023423708],[92.5759861010678,22.33708134728618],[92.57595571688704,22.335159250534293],[92.57408305342081,22.334344431681075],[92.5760841912387,22.33295898026992],[92.5742832019064,22.33165883672493],[92.57577825365024,22.331275196198792],[92.57672192430398,22.324992484442422],[92.58022586939424,22.324979511180196],[92.57847352108254,22.323382688254892],[92.58116581653131,22.321763859423534],[92.57945201712207,22.321041535821152],[92.58045198152378,22.3192100744632],[92.57801990085626,22.316535652246472],[92.57996189565044,22.314926119370412],[92.57855761073478,22.312444471495574],[92.58015837999248,22.311751794837097],[92.57725355292192,22.311152568669623],[92.58136602185236,22.30842154096845],[92.58144604556418,22.306899315248838],[92.579569264459,22.30612763263495],[92.58030127685602,22.303846747475916],[92.58340940615697,22.30393020996377],[92.58019398585212,22.302614203675347],[92.58332964703891,22.298915497298744],[92.582492279178,22.291047334947354],[92.58106621847124,22.290473105043432],[92.58259209945808,22.28773589359368],[92.5809181439099,22.286421663769136],[92.58410815074156,22.284682012528297],[92.58184796788662,22.281790284205336],[92.58658695268302,22.28024671544073],[92.58438638418804,22.279054974180383],[92.58632735152992,22.276530678353375],[92.58337800555782,22.277321152106808],[92.58349980341579,22.276174659290945],[92.58072893021718,22.276057594918186],[92.58076054342048,22.27349645962284],[92.58228666584503,22.27410852990539],[92.58316584950515,22.272596030885598],[92.58102137825342,22.26917874621644],[92.58431813572139,22.267349712339016],[92.58403077431693,22.265154544855832],[92.58689363219537,22.26394957009253],[92.58436590500901,22.261507626768744],[92.58672968517135,22.25987975939834],[92.58511210108365,22.258597298222774],[92.58676388863579,22.259062964228033],[92.58702754459505,22.257313754372714],[92.58907381955305,22.257332031522125],[92.58879592947262,22.255584808145347],[92.59077053694197,22.25546835448439],[92.58943090216037,22.25391676678597],[92.59092499174211,22.249000240675223],[92.58910563224669,22.247521528690363],[92.59142256855716,22.246534583573798],[92.59174576091617,22.24476028234127],[92.5904635978909,22.244287861823143],[92.59184259993442,22.23922146720764],[92.58966980481864,22.23566893386334],[92.59160815858117,22.23467297718322],[92.58876104724169,22.23294921717764],[92.59032291649734,22.23284037941787],[92.59067789850583,22.23094549564263],[92.58814799338819,22.23039207761564],[92.58939315488404,22.22590434103967],[92.58808864614406,22.223968080285402],[92.59035240741122,22.222926140174085],[92.58804766107707,22.215983538395655],[92.59179141191034,22.21423416519044],[92.5904387112372,22.213258990046334],[92.5926949900783,22.211473042361014],[92.59360968634063,22.204399067332734],[92.59484275446515,22.204200240962184],[92.59407410343918,22.195957270055885],[92.5956787773605,22.19586357914189],[92.5966074134061,22.190261629945446],[92.59499590473673,22.183883787680454],[92.5969148322017,22.18369789867578],[92.59439589895298,22.181215457720963],[92.59705797921687,22.177338451956125],[92.59522573182056,22.175390146817815],[92.60374588601036,22.17160957579325],[92.60712669202974,22.172531045903465],[92.60666433805669,22.165907220807128],[92.60922646482756,22.164018640265084],[92.60744041600012,22.160392563513057],[92.61086202940294,22.13844068075325],[92.6100777870168,22.13517042523138],[92.60786394950429,22.133313580225938],[92.60782779281493,22.12797389646149],[92.60574637909166,22.123392340330053],[92.59917577451209,22.123140525531262],[92.59446493485956,22.12514153706],[92.58898460808679,22.131439804071665],[92.59328140106219,22.13738644162536],[92.59258506830645,22.138827923241525],[92.57849806260211,22.14340736571529],[92.57632366763401,22.139583293530016],[92.57735286381967,22.136447644771582],[92.56567737175843,22.13478443319989],[92.56396831172421,22.133521618348038],[92.56262006767209,22.12802368120937],[92.57514054351365,22.11616579441001],[92.57660813441667,22.10496646265751],[92.58257302418026,22.09756636840573],[92.58170417857792,22.091640788016758],[92.58434912495721,22.090024644701963],[92.58334391170685,22.086890144327057],[92.58545591035387,22.085046873644366],[92.5848935155687,22.082505673951545],[92.59064971418233,22.080996041581166],[92.58986196103571,22.070622130602924],[92.59221920785343,22.065621288102694],[92.59555760242783,22.061713993136518],[92.60265905232494,22.061100550273714],[92.60035133291468,22.058217036294486],[92.60031786246176,22.05298707560925],[92.59797279349314,22.0493673583925],[92.59914392175106,22.042254196973083],[92.59364944883055,22.040972907014275],[92.5926163292014,22.037438211968865],[92.59362397054343,22.031514795434344],[92.60006676278304,22.028406568152448],[92.60054232422058,22.019729512371146],[92.59748972989289,22.012249601734098],[92.59809635084575,22.00897666929961],[92.60351239628713,22.00104480676132],[92.6099977068181,21.997671188078552],[92.61005001697298,21.992786792105427],[92.61276069047354,21.990114922798796],[92.61055321928183,21.98377235309396],[92.60404008698653,21.98262625399093],[92.60321990126212,21.977625102061285],[92.60754091436918,21.97465670015221],[92.62137233022851,21.980127769217415],[92.62390512328709,21.982824172850354],[92.63494020313513,21.983219735537247],[92.63677196904837,21.990105527613437],[92.64190460883273,21.992155960197334],[92.6434248922357,22.002485024452845],[92.65139123336738,22.01001530972843],[92.65161265072273,22.015908898737305],[92.65804678345658,22.015584793234442],[92.66070338411411,22.013299085693657],[92.6667770988487,22.013498377812645],[92.66978710582703,22.009665205373043],[92.67133367163099,22.011092090142615],[92.67585181147041,22.01040661894578],[92.67974816839157,22.011552715391414],[92.685176096378,22.043045066990768],[92.68223656840597,22.07288254640683],[92.68176563479223,22.103460474251275],[92.68803804427485,22.10372635969674],[92.68962938945133,22.07188162842094],[92.6925293898919,22.075099279210775],[92.69132492594143,22.088536740978892],[92.69243712191557,22.10034179580575],[92.69115236350244,22.105234084568558],[92.69262235935275,22.12096269737861],[92.69201741175803,22.139104007823732],[92.69613705879225,22.137696646078886],[92.69696792738719,22.142434381897363],[92.69474715892773,22.147020387356864],[92.69463322798431,22.153362760581693],[92.69976412676586,22.15507306611891],[92.70083647881533,22.151565302162588],[92.70437003231073,22.1502070043562],[92.7071976313061,22.151851949733768],[92.71039849605184,22.15111786781556],[92.71281592697804,22.147409413462686],[92.7268043283481,22.149105087822807],[92.73537749376776,22.13444275160659],[92.73961815051811,22.131978956502177],[92.74124575402706,22.132823034514683],[92.7420816766583,22.13065613715561],[92.74623702162154,22.131185439041335],[92.74717826542005,22.127779154000784],[92.75356422253074,22.124230876401377],[92.76003249315951,22.125513520715888],[92.76189821091897,22.120394597287785],[92.76412863766416,22.120686192803397],[92.76312169370293,22.118945045117524],[92.76642531486505,22.119156982369123],[92.76570950517258,22.116959579375877],[92.76765697065713,22.11670918191476],[92.76682958509971,22.114097852584187],[92.77038602268358,22.111905898214108],[92.77122754130932,22.10891410815942],[92.77295287549677,22.109021388264612],[92.77449008499315,22.106679105395674],[92.77906245143234,22.107663390438013],[92.78390504637824,22.105432855749907],[92.79034687354208,22.104804495765638],[92.79255263592083,22.10000355689667],[92.79593754223224,22.098906083989224],[92.79724832111576,22.093988550629575],[92.8010708082841,22.0943342980431],[92.80392486836173,22.098006510474733],[92.80659288954035,22.095984478542675],[92.80994208744227,22.09592188051131],[92.8134624029162,22.089098390658428],[92.81767423597695,22.08688016552469],[92.8167064526417,22.08096976292569],[92.8181696544865,22.07494620558453],[92.83674365014,22.071657509802883],[92.84110021710411,22.05939511752107],[92.8474622595839,22.060535309660544],[92.85237407758079,22.066328631615676],[92.85513189185309,22.06570521819506],[92.85881234582811,22.067045477834053],[92.86187580793269,22.062708566857687],[92.86340280675326,22.062674049596524],[92.86303871702962,22.057700437788924],[92.86592545383276,22.051563117165742],[92.86388957056982,22.02675332033724],[92.86527099122195,22.023433894778776],[92.86859748941613,22.022458724824713],[92.87574546511456,22.02115367750249],[92.87965871317084,22.022198245085885],[92.87864356843423,22.01505371456407],[92.8913304495238,22.011252737380914],[92.89203554915672,22.00631091852743],[92.89450613778135,22.003347910245846],[92.89525414984301,21.98938657752116],[92.89776093862116,21.97977381044215],[92.8970072739952,21.97298795838709],[92.90047607521538,21.9643696120454],[92.8989399456245,21.96331747320012],[92.90052152058759,21.95750775897647],[92.89880820691343,21.955954808221186],[92.90152914533539,21.951888843617],[92.90116353689507,21.946938139335472],[92.90301141950094,21.940746260377054],[92.90561366295356,21.940231594989353],[92.90745906635749,21.942821804367426],[92.90593939326399,21.943614933073167],[92.91146034554306,21.950794489200185],[92.91135669053727,21.96095770191811],[92.91356940158529,21.965141061283063],[92.91145338020559,21.96434542247931],[92.91156129604121,21.965950589550648],[92.91343459057877,21.967364307167013],[92.91534114070342,21.978955214832816],[92.91701178904077,21.981365840520507],[92.91881036055263,21.981236607417323],[92.92013429830862,21.98997300258345],[92.92175306185044,21.990604473521234],[92.92074819403815,21.991827314450603],[92.92234590342262,21.99362471343976],[92.92996910250038,21.995921499783716],[92.93577736798566,22.00569695945793],[92.93461549400823,22.010690140625584],[92.92895264982882,22.008528187771788],[92.927245767554,22.015636108170504],[92.93076042058846,22.01756852958107],[92.93996784304487,22.013558089046164],[92.94070982566917,22.016821836602606],[92.94238735665692,22.016681741784733],[92.94213601274316,22.020055265452562],[92.9454642127329,22.021091758863676],[92.95224920550929,22.029710341124723],[92.95702838495828,22.029444513821833],[92.96097911776846,22.025658451096383],[92.96075178917559,22.02171344684045],[92.96503209708658,22.01739136186545],[92.96325440814215,22.0157346856584],[92.96467154033087,22.014952411518713],[92.96499527116652,22.010794057872236],[92.96723958759395,22.009665205760065],[92.96818817146062,22.006707608479598],[92.97237015769595,22.006080273442763],[92.97353996976454,22.000435359675738],[92.97792284094355,21.997473718521693],[92.97814044647365,21.986866495557933],[92.98056133827619,21.980058240766017],[92.98292254453693,21.979049067646404],[92.98591323351816,21.98009527802238],[92.99382301956382,21.977801494231212],[93.00741352942033,21.982325471274017],[93.00275706636226,21.99692364974358],[93.00181169221736,22.006789658290973],[93.00445303468626,22.01349421950139],[93.004267654243,22.01704559818863],[92.99481351336938,22.032192373130634],[92.99736979471811,22.035613386504302],[92.99469163921225,22.042196118622478],[92.99808104644039,22.05195545293049],[92.99750514688473,22.05434515862712],[93.00186546022127,22.057909451997393],[93.00126583915616,22.06092583898944],[93.00288396056904,22.06279649467158],[93.00140427487109,22.066814447187916],[93.00659640056482,22.070960682285452],[93.00576238202991,22.07350639651555],[93.00363597721464,22.0745700007782],[93.00518230641515,22.080028487022997],[93.00845311198927,22.080791307874005],[93.00872025894903,22.08475594081059],[93.01162551634616,22.088395578989946],[93.01058114500849,22.092342171856377],[93.00660622963176,22.09467050715142],[93.0042661394827,22.099970300357437],[93.00453237286665,22.10359273205849],[93.0077158485329,22.104638760766793],[93.01940161836653,22.101139689919577],[93.02533472787455,22.101816716547336],[93.04735292875436,22.09814067980242],[93.05957592897207,22.10125220930578],[93.0577915064811,22.103041842609436],[93.05886172727877,22.107169105024393],[93.05834952354807,22.113696884343607],[93.05678697547576,22.11558668662636],[93.05705043176688,22.12136953460703],[93.0544134301173,22.121094678430794],[93.05391428128391,22.12530681686536],[93.0450755111299,22.13358932316781],[93.04496340551052,22.13730560708825],[93.04220615886392,22.136475796170576],[93.03951466764904,22.138546988325846],[93.04409191880163,22.143183764488032],[93.04061113518465,22.142700391676087],[93.03981290962253,22.14526354946966],[93.0371953275478,22.144378643553214],[93.03691343332633,22.14887438085447],[93.0412156118464,22.150685527906102],[93.04454540118903,22.157246012786494],[93.04212931806154,22.15940092086232],[93.04756705955319,22.162257864542124],[93.04910015188288,22.168902209235885],[93.0481057007045,22.175151437937636],[93.04014199005155,22.18687838111848],[93.0421225453607,22.18999892042104],[93.03822036608692,22.195028029302993],[93.04301394626684,22.19557705577287],[93.0429811184286,22.199177356865523],[93.04642356467518,22.202442576034656],[93.0505233887279,22.200407436176285],[93.05366882279712,22.202459154437257],[93.0568230404788,22.20081440732826],[93.06329850330707,22.20730132110009],[93.08872239848124,22.196538540161097],[93.10273785458959,22.199477252575598],[93.11104251389685,22.20402837205205],[93.11446107694275,22.190677717530654],[93.11689163131045,22.189340338870878],[93.12336804799737,22.179629558855407],[93.1225122560504,22.17525113728064],[93.12356239790914,22.17354602728003],[93.150827492662,22.176260318747662],[93.15584715904171,22.181417690193463],[93.15563992123722,22.18471062723293],[93.1575153362537,22.185933315066126],[93.15728315561692,22.188370512571794],[93.16040052032247,22.192090375975585],[93.1614613931822,22.197096397802504],[93.1570896273995,22.20135475709916],[93.15343667593999,22.20899840516314],[93.14864429770516,22.211706376935695],[93.1523401785272,22.216636430441874],[93.14740005535815,22.229340347045394],[93.13993720647589,22.234709725902036],[93.14009392748562,22.23618612778062],[93.14355528180432,22.2379470995203],[93.14209542913424,22.24546408958744],[93.14832978996523,22.249529511737954],[93.15452125937036,22.24723948278541],[93.16394768637478,22.249978991217105],[93.16755832342776,22.246076459195425],[93.17761910756552,22.24572496828037],[93.19275601470018,22.254604240813116],[93.19904078727009,22.25569296040956],[93.19806123518916,22.260214273486156],[93.20194511402434,22.26309097478994],[93.19805411627955,22.269689645237694],[93.19737744008746,22.27877134894574],[93.19359387734693,22.28809426845759],[93.19368243044033,22.29061801855079],[93.19813543738944,22.29121414838012],[93.19917606569595,22.29423868611276],[93.19725020395846,22.29635852383814],[93.19240944651686,22.29741986066868],[93.1895687611803,22.30079701875418],[93.1900639121309,22.302503213299605],[93.19539899894876,22.30170086041493],[93.19053066776816,22.30953495218001],[93.19574835699154,22.31432453029664],[93.19432900490882,22.317096358766364],[93.18956686587532,22.320444033066448],[93.1890451485319,22.32272556610758],[93.19667736566275,22.328755579220942],[93.19434368402533,22.333798970074632],[93.1858329071753,22.339943558357533],[93.1881301427093,22.345106583834617],[93.18667720346518,22.359883318256767],[93.18800538148933,22.365493101687164],[93.18360561361852,22.37101270274381],[93.18354381278425,22.37435942334093],[93.18607053117671,22.381036105958106],[93.18977209040104,22.382694162160977],[93.18505538472826,22.387171253179837],[93.18444595198181,22.39188914882505],[93.18162147072299,22.395312555438746],[93.18432886782878,22.401941666830773],[93.18746005262959,22.403381884768635],[93.18636188975746,22.407111012948867],[93.18300539516922,22.410405514120505],[93.18153622732135,22.418867326491174],[93.18275316645945,22.422550607549365],[93.18572800078927,22.424005194392922],[93.1852900993062,22.428153076307357],[93.17811168730894,22.43280211574848],[93.17859407032401,22.437222770042343],[93.17694272955362,22.440299177839808],[93.16831737721473,22.44327365759868],[93.16346904931625,22.451298246189555],[93.15089993514229,22.45454869014778],[93.13870432521719,22.454516202417786],[93.13630991578216,22.461587901787478],[93.13085135511992,22.46815918856466],[93.13247481924284,22.473662470347456],[93.13180563976242,22.47771584260409],[93.13400207461159,22.48207980982325],[93.13282422161637,22.487891560419957],[93.13456004572768,22.491751905521937],[93.12572352123311,22.50171253660968],[93.1237850078832,22.508379825922603],[93.12820711693372,22.523653353471378],[93.1250932028486,22.525494813280943],[93.10853147834493,22.52482069171746],[93.10655038717067,22.527025056089677],[93.11249634897557,22.53275179791871],[93.11185067472789,22.53517717171454],[93.10917749909416,22.537052199971985],[93.10933151560215,22.546733284311248],[93.11207071676577,22.55762273370382],[93.11568702866785,22.56373389374636],[93.12284566130009,22.567295820615467],[93.1259127686563,22.575304088690206],[93.1285789494139,22.57824800227844],[93.13801416437231,22.58284010771611],[93.14031375214016,22.592265173826423],[93.13703813423035,22.597996560693787],[93.13734911088622,22.603324030116056],[93.13368983310485,22.61414616053634],[93.12727350952679,22.617058055989272],[93.12796770906812,22.623940874972632],[93.12594920750371,22.625813740082933],[93.1213743104767,22.625658049807797],[93.1164482491219,22.63110986666891],[93.10825771419825,22.635725738205235],[93.1069914124799,22.63996757529111],[93.11081374502288,22.647313202227682],[93.10957082032672,22.655487456366544],[93.1015237163411,22.660714367577338],[93.10156639766217,22.66511047025641],[93.09545940392242,22.67248789368284],[93.09476022370175,22.680525446824735],[93.10089418851088,22.68056237391517],[93.10192307418825,22.682671405957862],[93.10087161238435,22.686109113031588],[93.09660766914784,22.686739117999817],[93.0988113894684,22.693713345228794],[93.09723625574313,22.69838665841149],[93.09306172221629,22.700262530005045],[93.09098941751886,22.70480825082986],[93.0928453705434,22.712782755738242],[93.09785408101789,22.717897707626946],[93.0985517951722,22.728209073367182],[93.10600234551144,22.74281700271818],[93.10735593153117,22.7526154385334],[93.10017442121038,22.76387530229148],[93.10230935234287,22.767437637269065],[93.09571215408637,22.785402210291895],[93.09777574480059,22.792626083871568],[93.09471769953042,22.806186371151046],[93.09679594451237,22.808912958820418],[93.10503497427362,22.812339090676197],[93.11054689066088,22.81805312198347],[93.10942223861396,22.820129697143493],[93.10473606187337,22.821073385624622],[93.10338420432878,22.82348682560301],[93.10471823656819,22.82575787781158],[93.11233887360603,22.827963720126387],[93.11331027218296,22.829990139566352],[93.11019186273602,22.83346437077571],[93.11532600129836,22.83596917623658],[93.11812172056291,22.84248926509914],[93.11656332412304,22.846074765392327],[93.11885509881027,22.85868498732035],[93.11729872245603,22.863105211421153],[93.12404545586534,22.866880130724947],[93.12665729011248,22.870603127937105],[93.12749938007268,22.874586272702608],[93.1260296381992,22.87643569054165],[93.12865493643179,22.878523503641187],[93.13434656089066,22.891291846618593],[93.13366734297408,22.895045263207457],[93.12950211824447,22.901261959340754],[93.13117388751579,22.906093462333697],[93.13618904355431,22.912053504433356],[93.13978349559994,22.91350982111473],[93.1433247844287,22.912955114285204],[93.15026288125217,22.907874065972155],[93.16098433670405,22.908765864058832],[93.16453698314432,22.910493530070028],[93.16167977904871,22.916630156414545],[93.15746134494552,22.91797472528181],[93.1543659912371,22.917327616806887],[93.15277427182332,22.921696288468695],[93.14812962128173,22.925111798267093],[93.1451040636808,22.93230144976266],[93.14609902036888,22.94367965512008],[93.14432745820247,22.94685282188001],[93.13803911318371,22.95056452064554],[93.14059103970146,22.95367284325502],[93.1413243032222,22.95761980589192],[93.13721612105127,22.961759244470123],[93.13576188897031,22.9703883627159],[93.13741235811398,22.971608043388095],[93.14236253856652,22.971519541018072],[93.14380625101077,22.974881992902162],[93.1391505259911,22.981635576028108],[93.14062747833724,22.989955345886102],[93.13744559747259,22.99181048978164],[93.1319377410957,22.99120827767527],[93.12733563677614,22.99608868692509],[93.12598699686859,23.0026342489258],[93.12016702630092,23.002441711180182],[93.1232215061669,23.00776809380057],[93.1252762690637,23.02427003976102],[93.12826945037955,23.03076466051511],[93.12587159243189,23.035305586699458],[93.12673000423378,23.04387085690566],[93.13536574419801,23.048358331219102],[93.13326192298055,23.054742001091828],[93.13392399249895,23.058780028199774],[93.13626500524053,23.060647645633292],[93.14032906094329,23.058954840164095],[93.14015204396287,23.053299411752274],[93.1513513347369,23.053749876550455],[93.15353423767657,23.046307302115824],[93.15279968486922,23.04419087050882],[93.15609191641735,23.04318060409591],[93.15986363579303,23.044312038117155],[93.16039658299538,23.04794754764144],[93.16896287476816,23.046687065148088],[93.1756662721595,23.05405370620803],[93.18460949093152,23.05954072025006],[93.18668377796402,23.058164961092007],[93.18822351542657,23.052192623543057],[93.19048145906895,23.051986735640323],[93.19472746613202,23.05446974118299],[93.20151632148782,23.054852003062006],[93.20200819756879,23.050750538693116],[93.20986536301588,23.04853955816274],[93.21130460745924,23.039174943028442],[93.2134572728618,23.035940309719628],[93.21635198083932,23.036042008705703],[93.21742328528526,23.033867211308337],[93.21504862164751,23.027297510270472],[93.21870052044471,23.02394396988012],[93.2249908754936,23.02387024976553],[93.22552489182104,23.02027263022803],[93.22978060284437,23.019928798342743],[93.23068743201323,23.017743995369212],[93.22842704192408,23.013417503146353],[93.22946170043363,23.01164986058361],[93.23550643716563,23.011271637692534],[93.24093939626876,23.0071466444044],[93.24691249506672,23.006598810118483],[93.26399502762415,23.008101002498677],[93.26730947416266,23.01047896843188],[93.2712380291332,23.010726279523116],[93.27501219282529,23.003910613455954],[93.28077333903367,23.005286590621868],[93.28316959046873,23.008372012550783],[93.29040350322371,23.008614555030267],[93.2935353803002,23.006439601186006],[93.30452202456148,23.020220189054694],[93.30710460146103,23.02140822147195],[93.31238990109595,23.018871873821787],[93.31385244336667,23.019425451078103],[93.3134102842563,23.026220702552614],[93.32030748215095,23.028891632758146],[93.32036505349274,23.036670904440722],[93.32368471784767,23.035980963398934],[93.32799897997056,23.03959868677351],[93.32741701287614,23.047516807316608],[93.3335995819331,23.04856864062647],[93.3346054485081,23.05945245555021],[93.33640140594059,23.060173554854696],[93.3417993099234,23.057458746917554],[93.34324630142545,23.058186372122194],[93.34040822168541,23.064870541765124],[93.340814510006,23.067702064245825],[93.34585996762338,23.07097175788946],[93.35205975791628,23.070397137713694],[93.35158974451599,23.07288769979201],[93.34517810083578,23.07513400357253],[93.33926061454497,23.07383377921775],[93.34351121297655,23.080177820530245],[93.34344650416075,23.085951601378493],[93.3463968939973,23.08789784084949],[93.34457000665729,23.091767488250788],[93.34713241238849,23.093014303008193],[93.35059993611043,23.09134573811521],[93.3542886469043,23.09683011203326],[93.35537097482974,23.103721828950935],[93.35850750222137,23.10956769949036],[93.3554013073816,23.113140531793036],[93.35566459410342,23.116052167199957],[93.36320721490755,23.11493571398167],[93.36620780038402,23.121377649580356],[93.37234243739823,23.12604981173518],[93.37758846707715,23.126788430365803],[93.37745171974998,23.13262687202587],[93.3844783436745,23.13260984479792],[93.38561298539432,23.13383543240854],[93.38645337268083,23.144106235304257],[93.38352996223735,23.144492517901014],[93.37828128462102,23.140683126960315],[93.37118300041118,23.14109358848541],[93.3682343270648,23.144098716165388],[93.37139101911067,23.152338698801692],[93.36925425045628,23.1541179537926],[93.3720790546733,23.159300631952977],[93.37123162439107,23.16558183735949],[93.37255210859436,23.171191755360393],[93.36864580340472,23.17529590883824],[93.37430752824211,23.177215227947308],[93.38063654756917,23.186586012120756],[93.37696493613791,23.1902608916418],[93.38026841676795,23.19989972375663],[93.37545025566148,23.204221602492566],[93.37799201817087,23.206802311428778],[93.37832420873741,23.212370754968376],[93.38059507922507,23.215349238911287],[93.38803568306642,23.215203695132423],[93.38861304280766,23.216918219219625],[93.38355203881724,23.223920319540948],[93.38126915211285,23.224301052621776],[93.38205516852047,23.232206694607072],[93.3787968824518,23.234306490362712],[93.37938911024187,23.23781432646555],[93.376211110037,23.244053764050534],[93.37663608197931,23.247891742347925],[93.36947237756874,23.250443278105184],[93.37169333851017,23.254630802398683],[93.37022753571912,23.258644138677823],[93.37364356690678,23.2612561245543],[93.36988089564358,23.26347096076238],[93.36839730396572,23.268769679207093],[93.36570803413564,23.26920437539254],[93.36916264405683,23.27606582953007],[93.36261471196603,23.279137560721917],[93.36388437217612,23.28150431832829],[93.36689728359089,23.280983599696533],[93.36992734169655,23.28716752042514],[93.36599784840847,23.29398250844004],[93.36854431410167,23.301829458001276],[93.36508495981118,23.30633512148855],[93.37162448657108,23.3096142697688],[93.36728691307768,23.310458937450765],[93.36383254968304,23.31323467190749],[93.37157377733195,23.313544595613553],[93.3714707933074,23.316561852953036],[93.36754606255276,23.319744280776924],[93.3669176708162,23.322156260353825],[93.3716048526735,23.32614675581974],[93.3728827025601,23.329417939736683],[93.37008502777712,23.333064752412483],[93.36303909013017,23.336317740204734],[93.35812044353919,23.34230331110927],[93.35829087420089,23.34608972634822],[93.35577261875518,23.351891917048107],[93.36075124241651,23.356306384694253],[93.36586908456243,23.35650599445427],[93.37118725423126,23.359065646839024],[93.37931969141722,23.360831302163053],[93.38141366287104,23.35818649071209],[93.38400964036201,23.361928443180823],[93.38763068633381,23.359396960751962],[93.38930039624427,23.364521858036934],[93.38796313190561,23.367420533406897],[93.39119536543367,23.370036759933512],[93.38693630640209,23.37184392127381],[93.3864904405465,23.374078717563638],[93.3930491642637,23.375033681531722],[93.39500000704456,23.376815627349913],[93.39695627010902,23.3835399603581],[93.40164726385487,23.383748554785384],[93.40239332287824,23.38931571762753],[93.39834161225866,23.392798723961224],[93.39812718773732,23.396570561752824],[93.39444246172268,23.397174702331068],[93.39149462373307,23.408285011463175],[93.39079275888423,23.41855779973969],[93.3883121678611,23.4208166787048],[93.38984482461669,23.4238938650186],[93.38929119961202,23.4327792393624],[93.39107802157355,23.44202875889109],[93.38801284338963,23.446377600359494],[93.39054561554164,23.450716022543578],[93.39300731554204,23.44776554465684],[93.39475698813119,23.448069600472586],[93.39295829077271,23.450781800711432],[93.39601313829897,23.45367422805894],[93.39220627027773,23.45737370126936],[93.39418902232309,23.458339461018202],[93.39395994293483,23.464474014782947],[93.3974135851672,23.46629418387911],[93.39931261312539,23.471883431448347],[93.39746492317465,23.472866906756828],[93.39816251244768,23.474802590936328],[93.39540419404527,23.475015813613606],[93.39249801857045,23.47881390900867],[93.39550827386542,23.48131779880563],[93.39598572033546,23.483916278198873],[93.39578019510893,23.485751548222733],[93.39378521045086,23.486680637990574],[93.39528443898493,23.491469815089403],[93.3947225881043,23.503759565996894],[93.39695282433914,23.50498714564253],[93.39796143738393,23.51056236735781],[93.40157294864603,23.509917818832857],[93.40427743806636,23.512588017672464],[93.40380414598482,23.516724054187733],[93.40875015174834,23.517307649695876],[93.4091923978466,23.523433693494443],[93.41398144760446,23.5295377388958],[93.41853631442129,23.54000709523388],[93.41532638368011,23.54456827194713],[93.41243650368423,23.55644038626964],[93.40905579858624,23.557406121775667],[93.40914940996333,23.558717819374912],[93.41377669662677,23.560267914929963],[93.40981531945702,23.563648662775957],[93.41355408833313,23.565067043582328],[93.41466821671676,23.57115641314594],[93.4181172818987,23.56867637750171],[93.4220718970424,23.571370441483996],[93.42322810844594,23.58444279366587],[93.42856114458226,23.588281221917647],[93.42585933105211,23.591032759082296],[93.4275612745261,23.594111762948682],[93.42585408037242,23.596363998107766],[93.42634965030713,23.599596154735032],[93.42418725542011,23.600826213182856],[93.42570204537876,23.601264871896706],[93.42167381832188,23.603118537721997],[93.42448280858858,23.604910413410003],[93.42163668844701,23.607334756859302],[93.42208033274449,23.61032024244377],[93.42052450442398,23.611597592010074],[93.42242994870251,23.615518991167857],[93.41994186816004,23.62345182854165],[93.42268769548085,23.624584059961684],[93.42156503701413,23.626904815538065],[93.42457796619385,23.629539015893812],[93.42267270735266,23.631155455774113],[93.42337779085825,23.633866040958658],[93.41713800923206,23.637653358750864],[93.41842711158475,23.646714352664183],[93.41650156625664,23.647628636651444],[93.4202123898346,23.64875835669891],[93.41957687711827,23.650075506470774],[93.42199938626185,23.65164952033282],[93.42038692333573,23.65332086799578],[93.42410012935538,23.65610355629867],[93.42241538068859,23.65996705964954],[93.4257996907385,23.662220389244236],[93.42558886495821,23.66427122391585],[93.43110252557251,23.673421150691947],[93.43288347946776,23.67304243454854],[93.4314301590092,23.67489006328315],[93.43610015469096,23.67804795349923],[93.43505399498152,23.679127170552274],[93.43690617302812,23.687040715959526],[93.42732069228072,23.688055234003283],[93.42553791459166,23.68927616286283],[93.42518575546357,23.6926586113679],[93.42117442082734,23.69601473139496],[93.41983572906764,23.698597952511808],[93.42132656539927,23.699205711274722],[93.41944956008936,23.70148764402372],[93.41024232134889,23.70379979256118],[93.40928964005997,23.70668822694495],[93.4072748455633,23.70724376690725],[93.40859248619249,23.708697346642193],[93.40614001213686,23.7153226712796],[93.40706806461375,23.714781619814513],[93.40999322499462,23.717985063236522],[93.41228721065114,23.717427702366145],[93.40934349667421,23.72098665750276],[93.41095622248515,23.72375304390979],[93.40990424116947,23.72674863014733],[93.41095264105928,23.72940377839127],[93.40654570927906,23.732550431698645],[93.40398698572342,23.737737461079277],[93.40376873640172,23.745269353812013],[93.40155611707875,23.747379202614265],[93.39504220988465,23.749426389253088],[93.39523895055488,23.753855842054207],[93.39155395905898,23.756691970518006],[93.39169385588366,23.761180714985425],[93.39576319981414,23.768859742151495],[93.39408932709871,23.774412098812984],[93.39649007715255,23.780495083034104],[93.39630033680552,23.786533528751526],[93.39769854796799,23.78790927914324],[93.39789365244388,23.792780210527784],[93.40284422704048,23.797087119152405],[93.40326233301418,23.807045624430703],[93.40188406095258,23.812444892043906],[93.39849737254612,23.815281618124416],[93.39668264444373,23.81407467869043],[93.39451903513505,23.81744354338343],[93.39191960734516,23.816441331527678],[93.39005021456704,23.817718099193726],[93.39019964188685,23.821161442806904],[93.3923895979931,23.823422625501188],[93.38845513355736,23.82557409001216],[93.390011236187,23.830113824452578],[93.38862447640658,23.832876946983724],[93.39015620737113,23.833841511406618],[93.38873343992638,23.834790301888965],[93.38852457880883,23.840713403384132],[93.3849638346006,23.84812747548384],[93.38757208817914,23.855150110986422],[93.38565300767256,23.858535994135178],[93.38879213695539,23.865107349362187],[93.38679521143936,23.86672620101245],[93.3876365972464,23.86865763368],[93.38476091931675,23.873008865079274],[93.3846388147327,23.87681354352631],[93.38924757297696,23.888842560309303],[93.39002546176779,23.901897987027972],[93.39144672427219,23.903532175010728],[93.39010416233249,23.90602937796333],[93.39181533944823,23.90649111329468],[93.39139737476708,23.914241018379194],[93.39527608355186,23.91537427394328],[93.3916180667318,23.918509488178593],[93.39396129539438,23.92534000554394],[93.39067401048952,23.92382134966545],[93.39064317889864,23.926881721025644],[93.39313511630137,23.92884009341014],[93.38681567170862,23.93119699948362],[93.38490113538181,23.930100244202183],[93.38070478379505,23.934531682488117],[93.37838021700387,23.93281222698507],[93.37158813310525,23.93235155958467],[93.36892860849132,23.930182496612417],[93.36874012170719,23.932874907196044],[93.36540404257441,23.933569770171818],[93.3637147218799,23.938347019870427],[93.3593341940908,23.940932042126647],[93.36172793857105,23.943775819590257],[93.36025635971345,23.945067443685765],[93.35749716019438,23.945454906988488],[93.35602241071044,23.942337934642193],[93.3533406592256,23.941009114831235],[93.35076391534517,23.94164995335389],[93.3545234866978,23.943290062653084],[93.35315574236016,23.946943118657174],[93.35029584055556,23.946237121297745],[93.3485581489859,23.948050515229006],[93.34875619520966,23.949130450735908],[93.35111477928311,23.9482894073258],[93.35358039577095,23.951067456415828],[93.35284862440425,23.953524551289192],[93.35024735266151,23.95455267443498],[93.35201003709062,23.957286955968662],[93.35114369850582,23.961653428229013],[93.35012157630393,23.9626122705108],[93.34748867815405,23.96125632297655],[93.34671805221127,23.964417479538756],[93.34102802866909,23.96978721191776],[93.34401304492917,23.971243163758746],[93.34327978870367,23.97508391130554],[93.3366901464971,23.9758837993533],[93.33946585773768,23.98055660320048],[93.33327817090473,23.979064365867142],[93.33247634457057,23.980263464194362],[93.3350629284686,23.9826038892262],[93.33415117040545,23.98513451784785],[93.33155091788565,23.98397657265093],[93.32862338432938,23.985379651201242],[93.33750178439537,23.989665587951976],[93.33424197079223,23.99218184737044],[93.33429882669486,23.9977247035751],[93.33220732419099,23.999411625136435],[93.33449096359658,24.00470981299787],[93.33283218420584,24.007605195853454],[93.33349637508023,24.014440399245366],[93.33041084809659,24.01531154052644],[93.3296043617136,24.020438252919465],[93.3315721493848,24.021069991409554],[93.33509961871614,24.01902649141057],[93.33896286077531,24.02147766838371],[93.33778602873925,24.02559641416976],[93.33071150406094,24.027093683494307],[93.3318193335742,24.029972681213415],[93.32589778069728,24.02933661230524],[93.32870991452462,24.033797702894592],[93.33532384300489,24.03562782580741],[93.33238547928077,24.038020656123404],[93.33786565342609,24.039828811181955],[93.3370144388244,24.04144651013745],[93.33406087627544,24.040450613253647],[93.33159048866108,24.042614587671927],[93.32814919018517,24.042089941792003],[93.32593701903238,24.045966544030886],[93.32615536784,24.0519408295509],[93.32895024337508,24.053860523500784],[93.33211983751083,24.05313270174736],[93.33611193919724,24.060180560762344],[93.33852282714315,24.06155229550698],[93.3381213860421,24.06323208479389],[93.33604333990864,24.06340186620158],[93.33716028243184,24.06753949803244],[93.33322463915276,24.0701252076317],[93.33444829069744,24.074308790892285],[93.33056835965647,24.073213451959784],[93.3282846987502,24.07738230763638],[93.32854753043217,24.08115267030451],[93.33068262734638,24.081126919868048],[93.33085290129603,24.08535941392353],[93.33605847246686,24.09049072340492],[93.3445318801595,24.09174434912321],[93.34675369679408,24.090094347178482],[93.34715782843146,24.087567148602876],[93.3511512410473,24.090813953098834],[93.35380679833229,24.090533516608858],[93.3496646597323,24.095182300188082],[93.34679615521914,24.094450902653257],[93.34523375305919,24.097053754624007],[93.3428652319053,24.09723045150062],[93.34194251731806,24.101972815412573],[93.34512875056467,24.103689408163554],[93.3470324668606,24.102918388549966],[93.34856174819414,24.104794907948808],[93.34997347983766,24.101517712639634],[93.34843609178968,24.10123917733433],[93.35078034815169,24.100191445821054],[93.34829150586833,24.09889433397654],[93.35127025312832,24.09790429153883],[93.3544889200434,24.098893645002835],[93.35451448641035,24.09603641375543],[93.35938712503382,24.09393636128461],[93.35809289414117,24.091037656975377],[93.36455762049594,24.09211960427794],[93.36779605675358,24.090057887983054],[93.37293160586125,24.090759356647837],[93.38390366670926,24.085221369618818],[93.38481627931365,24.08672481484681],[93.3900542439279,24.082654102669373],[93.39484123328326,24.084089340459542],[93.3964407558834,24.082840732922868],[93.39898561690518,24.085176637971635],[93.4055181410305,24.079355594952833],[93.40721554457804,24.079702301526222],[93.40695436754405,24.076077241509058],[93.40957877462003,24.076571180770845],[93.41027090187508,24.073092743452232],[93.41154438218076,24.074296861752597],[93.41239413634989,24.072654500618874],[93.41409541491187,24.074066213626715],[93.41441540609621,24.072339715182366],[93.41694640487735,24.071407442217595],[93.41588247687953,24.069229993656954],[93.42166651200168,24.064031395675933],[93.42592629146556,24.050710976023908],[93.42500899904826,24.04535877039764],[93.42799715019322,24.04107451866101],[93.42759681404692,24.037210816119845],[93.42992316249241,24.03652532213438],[93.4285278716771,24.03566324776481],[93.42897863108846,24.032989459561712],[93.43326531523259,24.02712446754877],[93.43307067619872,24.024006294343273],[93.44079021037773,24.01471744496615],[93.44321236572873,24.013714704488144],[93.45024135109271,24.01528735194759],[93.45309234960511,24.01362041297995],[93.45310889527828,23.999496555936652],[93.45940899816155,23.99903960160045],[93.46200457116072,23.997445139495273],[93.4637907165565,23.991041887596808],[93.46264593938456,23.983640830424857],[93.46054163998504,23.980556151982093],[93.46350492220216,23.973374188313926],[93.46615670563678,23.973398402515073],[93.46631453036842,23.971479731510797],[93.47506619096424,23.961500044779182],[93.47681319201342,23.961510996533608],[93.48145832884505,23.957162744843135],[93.486137248266,23.95721592664841],[93.48641148650219,23.95577196719996],[93.49011643708667,23.954391758309445],[93.48967260173761,23.95114547576549],[93.49277089426904,23.950573613134495],[93.49493685665996,23.953457572487228],[93.4968207020191,23.951836008816496],[93.49537646567387,23.949621885754187],[93.49892447282888,23.945536440049665],[93.50256829358285,23.94475397640727],[93.50476027501381,23.9421866861003],[93.51041477888705,23.94331779536573],[93.51480399263073,23.942545976524922],[93.51949320788965,23.950623773922576],[93.52491739097239,23.956356814428208],[93.53000656653418,23.954547466307428],[93.53448659609066,23.95928347542723],[93.5392260944578,23.96076119253255],[93.54358295056376,23.96085815651452],[93.54546970676138,23.958419959605358],[93.55010773216843,23.959160928364284],[93.55007645844445,23.96166277597692],[93.55275835437416,23.961844502111187],[93.55123131830474,23.96359609687739],[93.55337161202655,23.964274974446692],[93.55360073137352,23.968967401031215],[93.5553013791034,23.970030331977195],[93.55407164000795,23.972175253776644],[93.55567063281644,23.974373813151168],[93.55481081618717,23.976316037157638],[93.55730334923777,23.97821587659434],[93.55744496418342,23.981415218921992],[93.55977306662811,23.98207125457444],[93.56202737090369,23.981071632461113],[93.56275762504028,23.978872271578208],[93.56480009698805,23.98024761102426],[93.56978759399537,23.97666813776796],[93.57094143923034,23.977499799428422],[93.57043700645839,23.9704623295328],[93.57370155403133,23.968930197159224],[93.57354588335896,23.966717684047257],[93.5763064102282,23.96678974179391],[93.57978800644088,23.962646529860127],[93.58251331317017,23.96240103496453],[93.58517282057062,23.959952512227773],[93.5916577204408,23.960590504868247],[93.59325880785396,23.96264857864031],[93.59252347408616,23.963798957073983],[93.5964150216799,23.965538704391278],[93.59743927646603,23.970197490669037],[93.59889909242418,23.969375166659358],[93.59895952163137,23.972391140669732],[93.60815824052611,23.97162062229531],[93.60896842598791,23.977621311061565],[93.60782910646762,23.9806264116359],[93.61378813170536,23.992269645791843],[93.6118554797978,23.99732043702297],[93.617242044627,24.007029312883628],[93.62335428993975,24.010919161369653],[93.62656572135695,24.011074286648533],[93.62899890623628,24.00872136235101],[93.63550352331151,24.01061097752023],[93.64245250619524,24.00868619958398],[93.65298034124943,24.00901926929037],[93.65431977418223,24.008201088027],[93.65341472590652,24.00624177677009],[93.65464568351952,24.002435708221796],[93.65955400245558,24.002871938248624],[93.66321691168588,24.001487553295938],[93.67164232058543,24.00235277713159],[93.67533500305325,24.005663185660662],[93.68206044948371,24.00715030237825],[93.68443128358243,24.00605889397913],[93.69090765139818,24.00850995541675],[93.70015253047414,24.004179498462754],[93.71740431922636,24.00044887967935],[93.72435960207683,23.997171051530444],[93.72769863158152,23.99903031461115],[93.73570279467428,23.999397176697915],[93.74038014379906,24.002181420774924],[93.7418016249026,23.9968242786797],[93.74409004643101,23.999374418171403],[93.74424614360485,24.002750689873277],[93.75420015337134,24.00542166702902],[93.75776931408066,24.00304320101751],[93.75939152898387,24.003663614772165],[93.75928239136523,24.001511561643667],[93.76137308551236,24.00002662388139],[93.76340626929672,23.994663696579078],[93.7621692925924,23.99120562828016],[93.76494847988035,23.990056533849824],[93.7647621758132,23.986276096098468],[93.76861877051518,23.98236082750509],[93.76788272865669,23.981353253117327],[93.77122864075722,23.976283953597658],[93.77052491103998,23.974483863192983],[93.77359159102231,23.971080750430712],[93.77173597735936,23.968920788268584],[93.78003579226025,23.96450217921154],[93.77946946508366,23.963011701340708],[93.78167760975349,23.961313974659344],[93.78518413694577,23.96170369528153],[93.79252833572257,23.951227251301546],[93.7976263802149,23.94767209487141],[93.79837412262809,23.941785660965696],[93.80084200156547,23.93829044901372],[93.79977492249088,23.932642043577466],[93.80738300502995,23.927075243318274],[93.81595865553486,23.92633464790778],[93.81966254836183,23.923704978935664],[93.8248063350056,23.92652885046815],[93.83327109457879,23.92734003379798],[93.83474238974203,23.930175371734503],[93.83998684809745,23.93201802632823],[93.85937009811367,23.93197180672728],[93.86979962320302,23.93835293895518],[93.87198798147192,23.941261088726456],[93.88288233026279,23.941823717884162],[93.8923136354075,23.9498080641651],[93.89370108150541,23.95313627916889],[93.90259079454155,23.94994626405527],[93.91948957452279,23.951725494088027],[93.92803582382578,23.9496195672361],[93.9304602525867,23.95025042627925],[93.94461895322043,23.94608854492792],[93.95091970533952,23.94052886278347],[93.95513934779308,23.934299445005763],[93.9544163093452,23.93245602241055],[93.96076062935248,23.928186630001008],[93.96409356204691,23.929644782817483],[93.97573370692821,23.924691112732038],[93.98069981175661,23.928748299029785],[93.98510836136248,23.92683530186254],[93.98875434666093,23.928224918638236],[93.99119626478553,23.927564949316327],[93.99131189438287,23.925946361043213],[93.99849713575996,23.92001930462345],[94.00526230034092,23.918949664892903],[94.01933652104398,23.911976019179516],[94.03314836554439,23.89723647754563],[94.04682321048196,23.888178968405047],[94.06217026169593,23.880566916885655],[94.0843045487708,23.88142688760189],[94.09534531934561,23.87154356844568],[94.10229407515101,23.85609817166395],[94.12067231994405,23.832848422707528],[94.12556220743983,23.833304281560782],[94.13314012896005,23.841487202105128],[94.13763455357746,23.85241702286822],[94.14081359470089,23.85383954544859],[94.15396903202513,23.853152368765606],[94.15696354766047,23.86351949423564],[94.16220082093085,23.91958029491633],[94.16535188004042,23.92964002823266],[94.17602806388604,23.933266343811795],[94.18685796240356,23.941281585532057],[94.1873415612405,23.96460237518655],[94.19854506155406,23.987910340376175],[94.23400256861532,24.039289043460364],[94.23446578920894,24.043063611560807],[94.22995320731718,24.055472185183582],[94.23068199949724,24.057420469970385],[94.23894587238355,24.057780610445377],[94.24273122453594,24.068538186594296],[94.25154041079291,24.081907823144],[94.25411678521138,24.092115130460165],[94.25488989029846,24.106561887392374],[94.25356068476103,24.124180838521365],[94.25518707789873,24.140635292003854],[94.25986506270311,24.162260498420462],[94.2617318530145,24.167107793190496],[94.27938212917098,24.17590642600287],[94.28318777065681,24.179349822041498],[94.28290756514073,24.203425988390485],[94.28420478320685,24.21235638072519],[94.29271339751055,24.2360188247605],[94.30378541999893,24.24016954240451],[94.31084038688347,24.245935968778156],[94.31532235585826,24.25267699669213],[94.32389929271653,24.27798061592263],[94.32485724748092,24.290957715295622],[94.32360316424214,24.310430385003915],[94.32716244153389,24.32766417783492],[94.32854184729476,24.32971528564204],[94.33516372453917,24.332354564891595],[94.34364415758614,24.3322459408166],[94.35400427506555,24.33447142177383],[94.35651441362155,24.345158778370557],[94.38011200159194,24.37463531738403],[94.38056929179255,24.378209353961573],[94.37404907902203,24.387379684064907],[94.36707089645039,24.392975643842348],[94.36713086208121,24.39461835029757],[94.37017513218323,24.397515192904844],[94.39763410497491,24.407286160476474],[94.40869379112183,24.437145178541222],[94.40766202317367,24.440167209099734],[94.40215602926905,24.445868965565694],[94.40130914425335,24.449483279654725],[94.40307612819693,24.475293774991638],[94.40679804972346,24.478767138954915],[94.42073991081114,24.48027964837489],[94.42520368348211,24.48612175143497],[94.43867287507484,24.510073977106476],[94.45724596829022,24.552405880186942],[94.46153978110445,24.557953392917636],[94.46657786261457,24.56153381842507],[94.48635116455701,24.570034616756537],[94.49224632933335,24.574633891583566],[94.52920722058313,24.618023636453614],[94.54445977005842,24.644901886715147],[94.55006582778836,24.65892821129978],[94.55310162264932,24.68275537080664],[94.55272126058735,24.68994466004374],[94.54827435529693,24.706384396603667],[94.54966357599184,24.712769789402355],[94.55530780360948,24.71483299034833],[94.5679025326367,24.71458076597454],[94.57275009291884,24.712930576374045],[94.57943168762407,24.72370843431639],[94.57819740184013,24.71171612928065],[94.58512448621146,24.705419956832085],[94.5915207588962,24.709513442464306],[94.60162624729827,24.70948369568288],[94.6029426549519,24.712153593417078],[94.60511779012394,24.712309349085892],[94.60735172265697,24.718053367348794],[94.60620829085924,24.72155945188031],[94.6094504188695,24.72483312809301],[94.60906398870195,24.728242471209107],[94.61106686024702,24.728821860186887],[94.61063752226919,24.733191652708868],[94.6132141244974,24.737003557534702],[94.61267350154904,24.74018192811113],[94.6293557046009,24.756969527784857],[94.62911608733633,24.76128394739628],[94.62696380604191,24.76397320330053],[94.62776684239839,24.76512847348545],[94.62446831174383,24.767777667395663],[94.62466345307139,24.769859130526545],[94.62249538589504,24.771214406693563],[94.62194306436264,24.775382327409094],[94.61860732518376,24.779795054380134],[94.61902080829712,24.784632317328697],[94.62213325736008,24.788420798559528],[94.62592853304227,24.79954462721194],[94.62965872842774,24.802966191507466],[94.62909597402916,24.81691460829485],[94.63264133677812,24.823396300462104],[94.63365686381304,24.835528894633743],[94.63185538118817,24.839455217128595],[94.64519197757213,24.849219178241547],[94.65045297027848,24.85522243219836],[94.64852977425332,24.860617905032623],[94.65295186427542,24.863350059579666],[94.65419810345891,24.867700681632126],[94.65728963614494,24.871101055923663],[94.65983004686382,24.872332747446098],[94.66296768790123,24.87064192824933],[94.66561375021251,24.87407368271358],[94.6739935615014,24.875089556974405],[94.67555289176397,24.88020458693516],[94.67951482580368,24.884341847206795],[94.68342542844984,24.88725940946253],[94.68794996888379,24.888055214784938],[94.6868490830368,24.89153479088272],[94.69077307807432,24.899089668171282],[94.69042538038471,24.903173995215198],[94.69322566702567,24.90585373630303],[94.69370496329086,24.9121047305949],[94.69657735549048,24.918126142421194],[94.70095100476892,24.922735737040455],[94.70193465885663,24.92937615507381],[94.71023704491145,24.928903691578387],[94.71340059299993,24.93437128816505],[94.70744046882298,24.942204452503496],[94.70603196104551,24.949745199572877],[94.70183919616136,24.952774645177648],[94.7016370726057,24.95584770669896],[94.6966525331549,24.959554083632682],[94.69659121840196,24.968470015722488],[94.70104717559366,24.97448797409127],[94.70264909845098,24.982463304350265],[94.70589700850105,24.986354256624512],[94.71370235312347,24.992489055392294],[94.72663415271008,24.999575956907826],[94.72658291850603,25.002401100808513],[94.72910578720366,25.00566130437187],[94.72772152931239,25.01016597608788],[94.7385835811339,25.023560977197292],[94.73764564454129,25.027649188400094],[94.7441558088904,25.037271804745444],[94.7421182230238,25.03884310609117],[94.74255103880485,25.04500268538488],[94.74422744261776,25.04721237516029],[94.74198497763749,25.05215493189015],[94.74468637981539,25.060025220477367],[94.74336620237449,25.062681189075516],[94.73785608568092,25.065428278456363],[94.74489006195273,25.08064179870032],[94.7396572579753,25.09231400056749],[94.74079167880738,25.103827952288988],[94.73619024459904,25.11032102380324],[94.74076055341709,25.120747411416176],[94.74051031572719,25.126348829643586],[94.73809324283651,25.12837332910806],[94.73700618771772,25.134220726766053],[94.72886212937465,25.134481260433212],[94.71894375051708,25.138430525631254],[94.71513948727723,25.138084662945744],[94.7077701913311,25.14417240554939],[94.70291042552395,25.1454181556884],[94.70062812863002,25.15100301232968],[94.69690753177608,25.15484113452469],[94.6917993140058,25.155940737874282],[94.6898593459174,25.15791871615944],[94.68454862482038,25.15142569991777],[94.67995013779509,25.14930225096273],[94.67756278315683,25.151347527539354],[94.67734191485904,25.154572862778636],[94.66903307896726,25.15758958724181],[94.66460008591767,25.16272298251095],[94.64829563428161,25.168284123560102],[94.64013534869656,25.166150874048977],[94.63476463334749,25.17199679862748],[94.62855141215773,25.175691806706798],[94.62004483196712,25.18666248780431],[94.61129357777325,25.182011048665785],[94.60583305983617,25.181291412674902],[94.60358483891204,25.186424171317118],[94.59193621152603,25.19282737979387],[94.58898937561834,25.202936323400323],[94.5817503526536,25.21108339321045],[94.57564007041107,25.21412376909227],[94.57852884410299,25.216225467182223],[94.58236873019084,25.22286824848125],[94.58264965261586,25.2274191834364],[94.58551678501777,25.229479766509414],[94.58512799860614,25.23913403891934],[94.58742519570049,25.245538315705147],[94.58574784330855,25.248820041809925],[94.58892016267542,25.253050951649286],[94.58944860585817,25.256984327301215],[94.58479409022672,25.266544445973913],[94.59193877630213,25.278141358284397],[94.59334313057572,25.285873159237163],[94.59856169381996,25.292682280210872],[94.60340800215607,25.30551242476477],[94.60601740152264,25.306356233484404],[94.60411772745945,25.30945010263032],[94.60621785437988,25.31456365781305],[94.61186682688083,25.32119014961581],[94.6120840369708,25.32411873233262],[94.61461622376899,25.324861195520434],[94.61827403765308,25.330449117439798],[94.62360985244152,25.34358480312523],[94.6224438564707,25.34604067200771],[94.62958738220559,25.34933880056247],[94.63124805893831,25.354390330244946],[94.6345530909656,25.357923015826678],[94.63240466933989,25.360684949920692],[94.63364029551911,25.37230249495811],[94.63195044071587,25.381624807388885],[94.63227313810691,25.389015902412794],[94.63460245834102,25.395006474763335],[94.64594704842806,25.40261984230795],[94.64896645342344,25.406422018859065],[94.65593660960027,25.404667497255794],[94.65957167151898,25.4058214457064],[94.66293406347799,25.410056980032515],[94.66273932334258,25.411862656409333],[94.66488143087534,25.412385278859585],[94.6697087284906,25.418252022397],[94.66980935726204,25.421497401462503],[94.67304458082891,25.425077370718956],[94.6711810695624,25.442859202361603],[94.67523579066008,25.445622388965766],[94.68117562943242,25.455332190510624],[94.6798962712109,25.45849528967944],[94.68195073193114,25.45939459120409],[94.68361892753697,25.466430226719563],[94.69285770295443,25.465560706225784],[94.70007594639786,25.468210393952692],[94.70298686814806,25.467931440840065],[94.70998107123302,25.471802706398492],[94.71658600991046,25.470945484376376],[94.71807727072927,25.469486357608666],[94.71964804928665,25.47223604790566],[94.7251118836668,25.47356763500578],[94.72830275173827,25.476561553767514],[94.7444746145549,25.481489932008696],[94.74705183634832,25.488647759686963],[94.7514205577494,25.493889678781276],[94.7576861943408,25.49136333257538],[94.76196038347852,25.481952190957873],[94.78345043074015,25.480400543062494],[94.78868549709719,25.489550872428794],[94.79637568265895,25.49175970571655],[94.80602737037245,25.491823464415553],[94.80799317714119,25.493293972668152],[94.80820885197564,25.49891937793793],[94.81240209767505,25.511254296193428],[94.81586852891418,25.516467390877207],[94.81933613347243,25.517491403143],[94.8254273735439,25.52375933910203],[94.82347318180379,25.533440754380415],[94.8257835982333,25.542545994587147],[94.82967237332312,25.543707188488067],[94.83426078052747,25.55257634899433],[94.83782747301126,25.55304840589907],[94.84095169065951,25.556888024325765],[94.84333358246842,25.55724250864066],[94.8459223084312,25.561938346147564],[94.85342428194784,25.564319402111913],[94.87202540818464,25.563920889501446],[94.8796848840697,25.562380543197534],[94.88502485174104,25.563523121400934],[94.88968680151204,25.56664464702109],[94.89850393134888,25.565327647499732],[94.89746669003635,25.570548599411616],[94.89137759097174,25.578218251528924],[94.88475624222094,25.584076165590506],[94.88162907706823,25.585076237794556],[94.88171373186835,25.59104907147571],[94.89246815998376,25.59738201558708],[94.89811817972507,25.596342296064464],[94.90076759416695,25.59738279610751],[94.90192585271323,25.599447361331258],[94.90958103980364,25.602647550053458],[94.91508900182745,25.60768089857165],[94.91632153013968,25.6214138190663],[94.92189514927935,25.634948926025185],[94.92120124166813,25.639866825979063],[94.92284329375046,25.64542379721457],[94.9253282751421,25.65011776069318],[94.93237659742458,25.657138852038752],[94.93597988375399,25.66761134549403],[94.95005465571704,25.673612097262797],[94.9521294554285,25.678381569166426],[94.9613526578687,25.685056150647004],[94.97063670544787,25.689133397191966],[94.97303884433217,25.69407875950339],[94.98868041289907,25.706554600939292],[94.99191675450362,25.719519639805],[94.99723365017705,25.72498005261201],[95.00806271160944,25.730905708832065],[95.01518449075675,25.732405326908093],[95.02309667015045,25.73174461666725],[95.02809055372421,25.737798386710093],[95.03986627773206,25.741170480199916],[95.04513435661903,25.75522583724817],[95.04896571879159,25.759355045748993],[95.04402970567537,25.773739848361544],[95.04663267620721,25.778936749427352],[95.04611571016052,25.784508290726897],[95.05000726587016,25.792912984374755],[95.04996599709455,25.799991162275205],[95.03330752449703,25.814237755376958],[95.03322838810558,25.823633447988495],[95.02946289160789,25.833081980388222],[95.03038731288227,25.83836595530456],[95.02306436397456,25.844782874857493],[95.0178575496312,25.860673236257995],[95.01254004511318,25.86311024087573],[95.00918643349367,25.866610201213348],[95.01027816482583,25.874495193525746],[95.01941139919234,25.881387410030925],[95.01887442101015,25.88547107589677],[95.01177407358087,25.897777459267935],[95.02654929660511,25.9134005636614],[95.02871152710682,25.91368178922387],[95.02822979900081,25.915354147688735],[95.03047796409443,25.917765799198722],[95.03268620078575,25.924922340466328],[95.03135204926905,25.931146109426543],[95.03597873044366,25.92674599744616],[95.04394445438594,25.926863167770406],[95.04673681432277,25.9284639094838],[95.04774407202119,25.934390512455483],[95.05405263506017,25.938097815466033],[95.05883193151976,25.940353791650637],[95.06238471028928,25.940111349600816],[95.06435593768823,25.942645892990832],[95.07307554942325,25.94177979315418],[95.08366306701335,25.949914632186875],[95.08949618217281,25.95048507103146],[95.09560817333848,25.95523848759206],[95.10381838418755,25.968665466224305],[95.10632906773334,25.97107757793819],[95.11016244890048,25.970506822589197],[95.11428758613613,25.97477699170228],[95.11698137788397,25.98495783423525],[95.12610701708493,25.985750997957833],[95.12740473072267,25.99055128332133],[95.13330789324709,25.995912533943304],[95.13488569400515,26.00086156577591],[95.14116616023583,26.008977537986205],[95.14523669820916,26.011030122125753],[95.1450661187664,26.014032451776526],[95.1493477611391,26.016200980110263],[95.15250747057141,26.021232073459334],[95.15906500316784,26.024925267538954],[95.16428726656653,26.04919386652933],[95.17656888117281,26.064130253422753],[95.18344518423189,26.06813025370385],[95.1858880876988,26.073099057320768],[95.18301459175875,26.075052760157494],[95.18195294417443,26.0783751835932],[95.1768270385937,26.08127212857523],[95.17602320147421,26.084060383014467],[95.17012126295981,26.08582387073526],[95.17099284453604,26.088335032384805],[95.16751131161202,26.089328340088137],[95.16533019020795,26.092108373885544],[95.15501126839537,26.0894450429199],[95.15030919086664,26.086451551965578],[95.14735471038038,26.087772752369048],[95.14200862348117,26.094435697051775],[95.13033464742492,26.094497846791537],[95.12266545832482,26.097243150621296],[95.11786895540784,26.10107738083525],[95.11555341951946,26.11284691817169],[95.11976567879263,26.116182861497215],[95.12153424555937,26.12319552471579],[95.12628285291657,26.128524149971135],[95.12592291497761,26.131257511664963],[95.1226626793754,26.133571069105553],[95.12145777466316,26.13869040694324],[95.11900539127359,26.14064545824827],[95.12344401119935,26.145015739002428],[95.11907251457912,26.148450963165622],[95.11962700318831,26.153523919164336],[95.11721367153584,26.158616532537213],[95.1176179717795,26.163918121293275],[95.12664851010801,26.177843872052474],[95.12315429511827,26.180415306474544],[95.12195509698792,26.185233131277716],[95.13173740123011,26.2004735473128],[95.14268026747446,26.211634223935743],[95.13303892290764,26.215346947921194],[95.12778647435583,26.22137896555929],[95.11990358001933,26.225508451218015],[95.11459852202452,26.232889378040444],[95.12004381592847,26.24192785071258],[95.12548260275861,26.24656560860889],[95.12459390831701,26.250165504684592],[95.12729752082305,26.25398066947224],[95.12350694183638,26.255880773200563],[95.11987484896576,26.263694661912425],[95.12076377520988,26.271555886993514],[95.12483312423097,26.276552082488728],[95.12438080261249,26.28627601255741],[95.12805702815588,26.29228246953409],[95.12862489906242,26.297027537822746],[95.12811880108774,26.302244700828524],[95.12248865497698,26.30743587641762],[95.12476423344584,26.312436272839097],[95.12606867927396,26.323538391063856],[95.12264942925155,26.325218051174925],[95.12290194197458,26.33051685915988],[95.12695360596886,26.334118438119706],[95.12834700301914,26.33964738220107],[95.12118205862649,26.34961831505365],[95.123176457157,26.35191560158637],[95.12264587039705,26.358090488946914],[95.12826446961427,26.36514309199141],[95.13213667504813,26.377841228292787],[95.12948220066856,26.384535208741973],[95.12562551549748,26.387779212753767],[95.12078003674155,26.386431091553963],[95.11700556150375,26.390816350681604],[95.1078936435809,26.39539943187251],[95.0997724307193,26.393731589358058],[95.09645011216395,26.40105039650442],[95.10310080782689,26.412438023237172],[95.10386290386006,26.420658682522102],[95.09490232923936,26.43107576993008],[95.09408221514434,26.43541571292586],[95.08428651251394,26.444559133395074],[95.0844522481084,26.447054900556534],[95.07668244614271,26.445861226530713],[95.07290261172739,26.447917140205018],[95.06613898261786,26.44177064769976],[95.06361585510388,26.44399947169495],[95.06199905885705,26.449718503851287],[95.06805181280691,26.462288142145752],[95.07160802479474,26.46401677066178],[95.07275653540745,26.4723828899386],[95.07673178870394,26.476447023084646],[95.0829765711033,26.479623298633207],[95.082456408765,26.482613547510564],[95.08460127399945,26.483321852262975],[95.08410394140994,26.485241871182097],[95.086284839191,26.487739571011396],[95.09648020203831,26.49276645396303],[95.09934039221153,26.497851528388818],[95.10024616291497,26.505793557942255],[95.10570222893305,26.508222012383218],[95.11453827438557,26.518510712816056],[95.11617042291327,26.52399707679295],[95.1136392524549,26.529194272639643],[95.11331649558586,26.535835335288603],[95.1077360837769,26.539587998107802],[95.1075453613466,26.541538110320296],[95.11353407339779,26.54752548475768],[95.12243019135866,26.551498024494492],[95.12295765965011,26.555518723124372],[95.12560229657788,26.558089068559795],[95.12958689113775,26.55861588509733],[95.13240471781259,26.55660277260815],[95.13891981772709,26.556564012159843],[95.13850703721245,26.56052151542511],[95.14137656097978,26.56507294484268],[95.14096008835054,26.567409119168452],[95.14727135644941,26.574779177661455],[95.14643090690257,26.57620888673521],[95.14786106823165,26.579144502135083],[95.15419426966652,26.583142395690032],[95.14656021587601,26.59305410447297],[95.14790243892536,26.597108321416716],[95.14661246745615,26.60100315648647],[95.14819965070306,26.60646494377238],[95.14727690264705,26.610333303420074],[95.14892756204776,26.61586720375361],[95.16321942299219,26.621663090746612],[95.16750279685816,26.627513648537207],[95.16686152898072,26.634439888433516],[95.17125844711555,26.635742721234813],[95.1806755156888,26.642756380029034],[95.18357505503414,26.64141012498974],[95.18762057944689,26.642796497789625],[95.19178110809524,26.641486014966326],[95.19911868946507,26.642460418349664],[95.20048678328433,26.64545251970149],[95.20959620968398,26.648846827469047],[95.21404603680236,26.654209045658256],[95.21402646397117,26.657049806335618],[95.21963734747246,26.660840036445027],[95.22188449793568,26.66617546947837],[95.22924380117661,26.673662312117543],[95.22946687588367,26.67610265605443],[95.23423149025001,26.68245593164293],[95.249174542852,26.683711200385993],[95.25680454713691,26.67656401007179],[95.25888351222318,26.671883533294817],[95.2569283003745,26.66787577909628],[95.25656721808477,26.661447728478226],[95.2590064961752,26.65553218228798],[95.27433137660742,26.658628660102433],[95.28160138188338,26.655890177728605],[95.2838954533285,26.656837077775563],[95.2919136873264,26.65250285714233],[95.29585676806926,26.65283933149479],[95.30288644246328,26.650822626854595],[95.31360948341792,26.6627015951681],[95.31708957523554,26.664724724992034],[95.32639240246236,26.664497809541277],[95.32730833422092,26.668620323444397],[95.33477689894997,26.672034641448167],[95.3357868929742,26.67448312658282],[95.3467129605997,26.675348578571413],[95.3514334901923,26.67200638462177],[95.35574502621206,26.672659642443964],[95.36053949971996,26.671037147174452],[95.36681114863494,26.675515361453293],[95.37381616984564,26.6841448544603],[95.3947671633401,26.6852919115055],[95.40112736840457,26.68930133323063],[95.40301220406691,26.694966076110155],[95.40923886325085,26.69573134062304],[95.41185060814787,26.694052718031887],[95.4175262364263,26.694196852086858],[95.4290808508027,26.700851009474928],[95.43138003311853,26.700698097796906],[95.43206086853377,26.716279581489943],[95.44620333460189,26.726849601375168],[95.45293984964383,26.733829807676507],[95.45909141128445,26.74388473159572],[95.46713552244084,26.744684506221585],[95.4739016820898,26.741168638387638],[95.48275926471742,26.747053400094433],[95.48199141225733,26.749988263034126],[95.48420943209655,26.757137902212218],[95.48987072913422,26.763500006157493],[95.49225935390058,26.772691028714686],[95.49533227046064,26.775428029170534],[95.49589297576424,26.778773007713944],[95.50502494961293,26.792535763231346],[95.50395928831881,26.794956779572797],[95.50741935222985,26.804524291933497],[95.50654264946249,26.807605967842875],[95.50829343089639,26.809477220320538],[95.51452923218405,26.8095130225445],[95.52228353939468,26.813499232557675],[95.52445441791917,26.822100679566084],[95.52866296383247,26.8252998513368],[95.53191727040948,26.827261869784692],[95.53601137436962,26.827232254329594],[95.53831138032866,26.831902681480287],[95.54312732853464,26.835375974972237],[95.55196937826885,26.83186029005123],[95.55687615263027,26.832636084723216],[95.55664704522496,26.829851957224946],[95.56476767654635,26.81943100357379],[95.57045274743959,26.815948568679875],[95.58635867586071,26.817229597012886],[95.59533853039454,26.81465852325703],[95.60001882491296,26.81147226413312],[95.60848871638929,26.812858823592173],[95.61263681448433,26.825079876866102],[95.62054862875125,26.831155808879657],[95.62725898833719,26.84301017516224],[95.6268128086916,26.847413672445715],[95.62953058229174,26.85773656864027],[95.62678139691636,26.861976231604807],[95.63415276447348,26.868006911035074],[95.63187553930584,26.873631385737067],[95.63732780397149,26.87576262119992],[95.64463734947807,26.876397961479896],[95.646724282045,26.88449507323057],[95.65100526636257,26.886815539523006],[95.65302229973548,26.891784649226786],[95.66066004039408,26.895447246617454],[95.66699781881574,26.902862264682284],[95.67512018653497,26.900931711048628],[95.67949749884043,26.895717573740793],[95.68615053081787,26.895537417010445],[95.69047724417666,26.892700929025708],[95.694812435208,26.89204750078353],[95.70644720049467,26.881935680727526],[95.70623619775017,26.880561188964354],[95.71363958293485,26.880143938740076],[95.71636814339723,26.878460009385165],[95.72414101600373,26.882204793870407],[95.73428751994295,26.893802602285934],[95.74064990287143,26.89387923162043],[95.74490551181046,26.896329940183286],[95.74668618409254,26.903857243135743],[95.75124136347883,26.908777346747748],[95.74666213718235,26.916307557555555],[95.74678691455307,26.922649284737926],[95.74990061401618,26.923592101189328],[95.74788968235393,26.925826760858772],[95.7555219389569,26.929570257597344],[95.75683993797422,26.93204022875416],[95.75615046893323,26.935118940010586],[95.76005265619438,26.93684718682522],[95.75962927951774,26.94541657501385],[95.7550008514065,26.953844934080855],[95.75905505312214,26.954636109211627],[95.76083964844878,26.95875196420378],[95.7602952301087,26.96391605769405],[95.76506816542629,26.968400271995097],[95.76810481671657,26.976516154003374],[95.78114831767554,26.97779003082012],[95.78343060383988,26.99012203307729],[95.79633604023321,26.99773527705083],[95.80221504247727,27.00648564524029],[95.80203048910487,27.014500649451456],[95.80365191189806,27.015554985554427],[95.81059654519734,27.013593923435018],[95.81206859223538,27.014609707276712],[95.81382360471568,27.01233557008197],[95.82269120944392,27.009592064344304],[95.82561618150605,27.01022688993906],[95.83006250449527,27.007477526575],[95.83584770769426,27.00922497610634],[95.84250473539856,27.01393820378806],[95.851004764343,27.01427236355046],[95.8576073345164,27.011849526070147],[95.86307299871113,27.01344250658964],[95.87007918668984,27.012702856399574],[95.87575848773072,27.014448569502445],[95.87590292348007,27.01925018758604],[95.87914723768544,27.022895771325405],[95.88657579171844,27.02610716596579],[95.8890771293159,27.023775281550133],[95.8949491291911,27.025960341226163],[95.90137303024473,27.032602678063054],[95.9042305151611,27.03874509151478],[95.91100398591443,27.03670245868472],[95.91776517044988,27.040931768576428],[95.9224918075888,27.041583969469958],[95.92600399849069,27.04492381651601],[95.93365179466527,27.045721236678556],[95.9385865142816,27.049076925115592],[95.94107018491127,27.048991819642204],[95.94281570501666,27.05121626864854],[95.94595616456172,27.05164781203127],[95.95351396883271,27.06632723430145],[95.95591386142343,27.077776807722092],[95.96501502421539,27.08693240643448],[95.96377927222797,27.092441355826246],[95.96749738742984,27.095469336393833],[95.96861844618458,27.099888401484368],[95.98570597798911,27.11311842443384],[95.9879661222475,27.11990462516241],[95.99203854097759,27.12281718771717],[95.9985646885014,27.134968950951258],[96.00782039560995,27.13944165817462],[96.01050925482893,27.142239633498967],[96.0099002828244,27.145467727105668],[96.0146640801958,27.15000073552436],[96.0160447874655,27.15793429879588],[96.01856348513309,27.160817600760847],[96.01968744605205,27.166412639636942],[96.01826874087301,27.16959377694669],[96.02296143982953,27.18008174191104],[96.03157776608064,27.186016528989533],[96.03982871619358,27.18760987707511],[96.05428098181795,27.19602924151017],[96.05714292812685,27.201244095745608],[96.06345766350235,27.203609010726943],[96.06405391816747,27.20585643664496],[96.07174875514036,27.205234784371473],[96.07741209596307,27.208354381595917],[96.0779894239594,27.210550284785434],[96.08275059147486,27.21288091766784],[96.0891854674467,27.219808656125686],[96.09061364287695,27.22332565828123],[96.0995728328108,27.22434825376546],[96.11192179392037,27.231750870658544],[96.12107742885757,27.231588585435066],[96.12457531949214,27.23549745881072],[96.13104540362589,27.236572340599164],[96.13684843953625,27.241370887001235],[96.1444692388287,27.24129440695417],[96.14950093917057,27.242970483969003],[96.1555554835429,27.248351353771728],[96.15806895242964,27.24738763109346],[96.18528886520821,27.248906645921316],[96.19357773799912,27.26152015578268],[96.20443778194633,27.25995028448779],[96.20638044976386,27.26148963938285],[96.20898836372604,27.261067276908655],[96.21081018470076,27.26233177951677],[96.21048054738692,27.26485486969801],[96.21396022463931,27.265519024667334],[96.22422249498752,27.27258034040505],[96.22799468726087,27.278683362768284],[96.23146810828139,27.276107193866885],[96.24537037167467,27.276418007474074],[96.24797082044287,27.272575705606467],[96.25557519705104,27.274701903707296],[96.25926210187507,27.272196386623374],[96.26107060946164,27.27317333481855],[96.27102090472664,27.271540279377003],[96.27546910594783,27.279457932699682],[96.27456900320092,27.283393027222363],[96.28391206697808,27.284713239344917],[96.28532227264407,27.28674275847279],[96.29116023202322,27.28820115442755],[96.29498304057562,27.291648185466638],[96.30727464140209,27.29427564992585],[96.31155005928682,27.291851165178507],[96.32308937774236,27.290581497943382],[96.3260871570768,27.28886728410184],[96.33032875479682,27.289675030380597],[96.33086749352314,27.287249207198947],[96.33966014181343,27.285033037798065],[96.34590783474809,27.285519789342832],[96.34916079867263,27.288524425216515],[96.3493359268086,27.293157878479004],[96.35247338204097,27.295086742789774],[96.35812613156892,27.290151514099165],[96.3672332875104,27.286825752989564],[96.36799202737652,27.289669128104773],[96.37021435482086,27.289974084523262],[96.37499809949175,27.285302985721206],[96.38232349412951,27.286782820980687],[96.3868388252739,27.284631882320337],[96.38780734997668,27.286045596527153],[96.39216014197204,27.286325044394133],[96.39624426123663,27.289715651398232],[96.40190674886186,27.291088091441],[96.40289357142474,27.293195963521377],[96.40494711516071,27.289426836198917],[96.40798713876077,27.287696083069804],[96.40964543577248,27.290635123209952],[96.41437951634487,27.2933101527963],[96.41575434339074,27.297350297508256],[96.42132956799394,27.301454705875162],[96.43549971778687,27.302364645051696],[96.44064501540582,27.306331231467187],[96.44410446568433,27.301860868746104],[96.4489804466528,27.302998587309435],[96.45083315427026,27.301424139175257],[96.45483042668135,27.302349206120425],[96.45715401778939,27.3064934957005],[96.46243741705801,27.306168574889455],[96.4703844234025,27.300683127333073],[96.47216048742852,27.301415253031184],[96.4809818773023,27.299309256208424],[96.488559600789,27.296284415084873],[96.48901105727855,27.301111318651763],[96.49058413735801,27.302628165299552],[96.5015495102024,27.298867974903633],[96.50814324454518,27.29912097985026],[96.50911560960256,27.29719527766915],[96.51229772884446,27.29670696777259],[96.5123301821476,27.292524208398028],[96.51574538090566,27.29035883228059],[96.51782795251167,27.285631528154678],[96.5189830518483,27.287056105276438],[96.52385143408777,27.28654589137321],[96.53140332731233,27.296604982928212],[96.5426870930622,27.30209754633872],[96.54254855639955,27.309017883102875],[96.55050379338722,27.312938807503002],[96.55121961602627,27.31845644239066],[96.55340448551216,27.31814028112042],[96.55527493035085,27.320377963157114],[96.55786464083755,27.31838400251851],[96.56407996572115,27.318451378446174],[96.5678354528659,27.3223112853014],[96.57067449056487,27.321976827338464],[96.57440393786504,27.324052899125064],[96.58406346096822,27.33410045874006],[96.58932299397985,27.335600790649444],[96.59571910124191,27.33386687930014],[96.59525514710897,27.34051181886062],[96.59104983232277,27.346311446850468],[96.59130221713077,27.348447813236785],[96.59520226260224,27.349984407136326],[96.60036088504532,27.354975376197334],[96.59926408403715,27.35597958408518],[96.60334584358301,27.359206662841682],[96.60530908172345,27.365548966137904],[96.62460527765545,27.366648400317096],[96.64767579337423,27.359162741603164],[96.65718102070329,27.361840305769185],[96.66089833912272,27.364283196177134],[96.6654715864383,27.361027382990198],[96.67019655393644,27.360929821891116],[96.67235895688937,27.356970538414235],[96.67527719614677,27.361250810996548],[96.69748682693516,27.357658723490943],[96.70205712401068,27.35973803937533],[96.70094943466727,27.362776603498588],[96.70269531560464,27.364960062503297],[96.70351999703117,27.372131646902645],[96.70488533929472,27.372040410326026],[96.71179454202642,27.37002696698613],[96.72136143263327,27.36342186740048],[96.72951558574235,27.36210291368066],[96.72985158327457,27.359418396913668],[96.7400904650571,27.357542816128912],[96.7457667056887,27.3582014115382],[96.74652329242772,27.356002394997823],[96.74928476297704,27.355686413605582],[96.75168801386074,27.352273473090154],[96.75666731903672,27.354441732191717],[96.7630754305899,27.354048400366086],[96.76691998833665,27.35705455272409],[96.77062325368833,27.355843530796236],[96.77438653429306,27.351705410234082],[96.78127110627925,27.35054826260882],[96.78761436981135,27.3478300521038],[96.78906158447286,27.345727348442654],[96.79666005708924,27.34562707266453],[96.8015155172696,27.339387427256433],[96.80511930231766,27.328936904184847],[96.81324293204793,27.32167379204049],[96.82242297914524,27.30822062638248],[96.83488953928958,27.302944029926202],[96.8380176844316,27.300323875714696],[96.83859360062166,27.297164173741407],[96.84798423853127,27.29027877329903],[96.84753117095379,27.28699133141892],[96.85018398904234,27.278252492604878],[96.84704711681756,27.27109807699087],[96.85097525037813,27.269677908475455],[96.85721608073992,27.262772627657846],[96.86299183815447,27.259504438485294],[96.86856996629159,27.258398818846047],[96.88474046943513,27.2596560395763],[96.88410128379492,27.25574483200313],[96.88672484899065,27.25344569382711],[96.88766193199335,27.246690955309084],[96.88223821963763,27.242841917078543],[96.88137563764415,27.23928931001285],[96.88208098067655,27.23645376163498],[96.88772440181371,27.235653027945784],[96.88503843444182,27.231557205623055],[96.88523367316886,27.226467601075573],[96.88143366744123,27.224884654976915],[96.87703272132856,27.220321200190494],[96.86720666239464,27.216958110642192],[96.86080380583601,27.210703998822865],[96.8547667162106,27.21024353378913],[96.85879905509188,27.203160213469285],[96.85920583447866,27.19761022527327],[96.85718196366948,27.195920093024316],[96.85683844544698,27.192957145032224],[96.86495668540249,27.188775403840584],[96.87441286238638,27.180682462783984],[96.88297177778558,27.17833334348311],[96.88903386762016,27.174048336698576],[96.901075835698,27.16873006387634],[96.908390073831,27.168682911266522],[96.91245424877127,27.16611232454029],[96.92202958898943,27.165361082522388],[96.92359909339903,27.163763013780194],[96.92749144916358,27.163756475383064],[96.93198604754313,27.16158419585187],[96.9391745371283,27.161899738739905],[96.94331797364643,27.163784908151094],[96.95271517159004,27.16224846594209],[96.95534241256462,27.164373118755396],[96.96397819897659,27.161348999864643],[96.96504040971844,27.158032285194135],[96.9848323461534,27.154298461790816],[96.99144562794436,27.145203590763707],[96.9933026311577,27.1399871928956],[97.00530981601119,27.140912629168213],[97.01969238576724,27.13291583593494],[97.0246638822743,27.131903263811452],[97.0260408008743,27.129477307542093],[97.03027090431381,27.131549284593692],[97.0359545584601,27.124334859762033],[97.03349254237227,27.11826943671747],[97.04064998719846,27.116226250077386],[97.04447944836691,27.112843076470714],[97.04458724534565,27.10788527791433],[97.04955562606582,27.105181947770863],[97.05219432942782,27.10615108990715],[97.05804069071611,27.100161237389308],[97.06221060760026,27.09856101931783],[97.06343882196556,27.091454844554736],[97.06694996032155,27.09151428134353],[97.07117601574491,27.08921519418322],[97.07666843469588,27.098656835520423],[97.08721179981187,27.094816534732512],[97.09631160855666,27.09589355708034],[97.09794046958274,27.09853510784766],[97.09489434805778,27.103451381932395],[97.10034507466355,27.108358633780682],[97.10642551831893,27.103891830898654],[97.11932083976588,27.103873904545154],[97.12456186158138,27.095658116262683],[97.13550655025708,27.093647453072734],[97.13851800965433,27.09104666994343],[97.14432134700228,27.099759662354696],[97.1443259278218,27.103360848431542],[97.14854958588853,27.10721453495432],[97.14811384928232,27.113215348720928],[97.1496572197374,27.116760897010412],[97.15665033175566,27.11855429624079],[97.16179390813906,27.122887818238674],[97.16113418902863,27.12887616582101],[97.16589747601343,27.13513523617516],[97.16385422420483,27.142239812840597],[97.15982326847347,27.14636216560679],[97.15092541730623,27.14980698869144],[97.15110559623237,27.153306274628548],[97.14666888463883,27.16490653101704],[97.13859272982859,27.164140072447058],[97.13259023025577,27.170171426639538],[97.12951487988832,27.17062660511755],[97.12451448110176,27.17428223939754],[97.12171811251862,27.183415116477544],[97.12208671256076,27.18989993887597],[97.1107153756679,27.19668763645978],[97.10766277665778,27.20115936907752],[97.09047581632866,27.213618018973467],[97.09268770392265,27.225991975479477],[97.0904780698785,27.228175550675118],[97.08850764319264,27.238212264767718],[97.07401591629149,27.24683633084635],[97.0737444950424,27.25152725318545],[97.06893147215914,27.25723990285403],[97.05493207529886,27.265709947307407],[97.05620924026191,27.27006182868277],[97.05478109984307,27.275121200490954],[97.05094698982037,27.275624835733463],[97.05107657038461,27.277460270921242],[97.04801939951882,27.28020900717936],[97.04106985459009,27.28218215269207],[97.03788105817495,27.28645337990359],[97.03497377645813,27.295068577518617],[97.02908920747225,27.301309599968643],[97.0298158090443,27.305235304748006],[97.0282667141232,27.30794383895941],[97.02515290613348,27.30640277587923],[97.02223570093349,27.307040927927126],[97.02009713751174,27.31029883087559],[97.01710813089386,27.31058482385686],[97.01531998273464,27.313073641145433],[97.0092097176087,27.310520869364627],[97.00799912939746,27.313427597726534],[96.99810643926934,27.318978624759147],[96.99525496867545,27.325268350510967],[96.99580204395781,27.3326099800764],[96.9927177738893,27.336247148139375],[96.99053511444798,27.343765833148495],[96.98852270559055,27.345114230079826],[96.98065409981801,27.34554233292112],[96.97845292656035,27.35657584964456],[96.97067978264292,27.366270596444473],[96.962125533165,27.373115275393317],[96.96748504850619,27.381514246191607],[96.9665413792063,27.38576728738018],[96.96026639730374,27.394332045951163],[96.96230620468138,27.40164912039862],[96.96055894183249,27.40408560132758],[96.95399263167211,27.40692782337468],[96.9444423319533,27.408613399686022],[96.94060603833873,27.413115159228383],[96.93439079654006,27.415767607302012],[96.93163973600062,27.419386775466577],[96.93170171230607,27.422972937228927],[96.93386723008103,27.426243878780166],[96.93261979141641,27.43090034299168],[96.92571647216482,27.43603884581422],[96.9163305186101,27.44637216690241],[96.90788802395494,27.448320588338397],[96.90324408158978,27.452726053144207],[96.90711227335058,27.47762033807464],[96.91053260043212,27.480869150469488],[96.91080318079105,27.48644800186214],[96.91782354723509,27.497090167213674],[96.92298431351895,27.502014130272],[96.92826698627911,27.511572175478136],[96.92982282316247,27.52418227529232],[96.9247267691805,27.533277904611285],[96.9130076672395,27.54388252843286],[96.91223114841883,27.580533171476812],[96.9011941555001,27.580096168053622],[96.89671205585684,27.58150370185268],[96.8967460932582,27.60926098249293],[96.8983827027994,27.614209233361155],[96.90711109166224,27.616430483958474],[96.91675878493831,27.625068916469438],[96.94172480817593,27.660740695915393],[96.98305687333547,27.6642821543194],[96.9978835707942,27.691812528754042],[97.03616235518108,27.742387048815775],[97.04260512555511,27.746624539333013],[97.05603590186169,27.741911415859892],[97.06442916278725,27.747250657466235],[97.06952457347688,27.7470052889418],[97.0772355757089,27.741129839768732],[97.08488135909683,27.738607232385725],[97.09078081720648,27.73832228223192],[97.09384709087763,27.74008846488368],[97.09882862339717,27.746787190965772],[97.10246419140768,27.757858211871888],[97.10184362677236,27.76530637893472],[97.10399842806598,27.76974868965979],[97.11342501429623,27.77431734225697],[97.11909191019288,27.7833750695454],[97.13254418936691,27.78774726445825],[97.14568787736249,27.804576524656788],[97.16462762448202,27.810593083796782],[97.16955731865208,27.816334792131464],[97.17312808352875,27.826210676370025],[97.1841252597535,27.834287621210255],[97.18847342862425,27.843646490648535],[97.21959985949167,27.863656061134463],[97.23303396949929,27.876156188277278],[97.24902118824095,27.899297119434134],[97.25791202378213,27.90364402293032],[97.27115912960755,27.90442492499084],[97.29425464085021,27.91189484512058],[97.30899593841183,27.91499112912377],[97.31323239990832,27.91382323009343],[97.31580779274795,27.903405519950688],[97.32530580181552,27.895992859488835],[97.33924912792916,27.89075049152735],[97.35707818115453,27.878851095474015],[97.36835305817313,27.878286082141926],[97.37359001647341,27.880177072130934],[97.37978315672156,27.897095852842796],[97.37732445496178,27.913491607227723],[97.38073841874211,27.924806430022084],[97.37640515561775,27.932920666647128],[97.37718971688257,27.94101725541189],[97.38240885417247,27.95104480771979],[97.3739283026805,27.961759827175985],[97.37297955229579,27.96802888016313],[97.39128877572021,27.988884825186197],[97.3926021489603,28.00102230904986],[97.41012100312487,28.00516576023085],[97.41251502815942,28.008873683649647],[97.41289651394186,28.01483654110687],[97.4099612320281,28.019530779316245],[97.40442374786758,28.0214845536341],[97.4038155732919,28.024625803539006],[97.39735488952192,28.029018529645125],[97.38714068535396,28.029531722439806],[97.37568260055663,28.040156116709433],[97.37531653607599,28.047113396368456],[97.38011944077107,28.054768598716993],[97.38094594616649,28.059273309170568],[97.37748107367396,28.059925578587453],[97.36076169312659,28.055738077509123],[97.32577652188922,28.05269839426772],[97.31747445190872,28.057896737717535],[97.31135496808808,28.06777140592528],[97.31043207962627,28.074516574100116],[97.31563638089733,28.08430696261802],[97.32260355614677,28.092095392915507],[97.33060222218121,28.099114362735097],[97.3422616750318,28.104275592995453],[97.34724292952693,28.110487091317644],[97.34614015331087,28.11437023633941],[97.3297548092506,28.12834574675694],[97.32439453473688,28.137464738326063],[97.32444246082541,28.142486608574178],[97.32790054364752,28.150209830156548],[97.34481743178424,28.16156898321159],[97.3565786281974,28.172466042680966],[97.35980490368985,28.18498496572687],[97.36384640607831,28.189089454755607],[97.37758915892157,28.188641274609594],[97.40280865768665,28.181873676569083],[97.40104241134011,28.19225011062252],[97.3895593277919,28.206941876972092],[97.3783683566913,28.21778995913879],[97.33660331590191,28.236381900870583],[97.31544006972314,28.24772045034619],[97.29526129572159,28.261877631665392],[97.28493709274176,28.265258705283465],[97.2720529733131,28.26661229947253],[97.25174607115568,28.265937777808574],[97.23945996396341,28.268215961402127],[97.23036024993154,28.273925121662472],[97.2267062026814,28.284629583142102],[97.2093284976462,28.287632898130674],[97.18367698998999,28.28362189190566],[97.17110345370365,28.28566898746433],[97.16449778849515,28.292448519572687],[97.15482781058145,28.31085794853065],[97.1404549819049,28.32758040361325],[97.1277782695941,28.33680421081523],[97.1056941413129,28.34695836968377],[97.08130958836715,28.350522216955802],[97.07530583780976,28.349614235833062],[97.06483555560371,28.341983582274917],[97.04788997348444,28.33896689889782],[97.02676777632587,28.32060036075085],[97.0118176981154,28.310309107503777],[96.99684629298362,28.304083536698325],[96.98761189171977,28.303325287711033],[96.97878878914639,28.314031531977278],[96.96322925927686,28.320264003565363],[96.95317723356604,28.32839167035323],[96.93655410496724,28.335153332382855],[96.92584325957972,28.33685224744524],[96.91380506046207,28.35702846900339],[96.90398872882675,28.369206943115834],[96.88967062771506,28.378485621071807],[96.86357039150717,28.371569963503397],[96.85118223512345,28.363296566357167],[96.83453698181398,28.360719961049384],[96.79732777844167,28.362438032878146],[96.77691924909885,28.364811266407695],[96.77028998703571,28.367028647890372],[96.76154076182299,28.374604083772027],[96.75680356892502,28.399931120632854],[96.74084618062116,28.413813016107724],[96.72726322526994,28.422084648845797],[96.70428333799481,28.426955581525373],[96.68179222377998,28.435626764038684],[96.65816024430215,28.452714998607792],[96.6411360463473,28.45778532350864],[96.62175580814035,28.4548292383762],[96.58690124860419,28.45566979996462],[96.57074762308079,28.452324111008267],[96.52689370526326,28.423183239171607],[96.50537920962371,28.410981004186468],[96.49345518360396,28.410549259002245],[96.4713039003287,28.41582548410186],[96.45712775786225,28.413815671790548],[96.434285340442,28.38731466297682],[96.42768739810961,28.375646253124593],[96.4245966079812,28.36382490723507],[96.42362386110042,28.351193886625026],[96.41737817782953,28.34094419106979],[96.395477851063,28.335916705583692],[96.39211800976128,28.338692585089127],[96.38826567830532,28.34722855426813],[96.36996267803735,28.363322904058748],[96.36825235585609,28.371526522196273],[96.36892981544689,28.378909747107535],[96.36258106530954,28.386356722811072],[96.31667737473677,28.377567696240842],[96.30721489716201,28.382515178632477],[96.30101815877818,28.392822036275803],[96.29057863693878,28.399722780663215],[96.27727135519721,28.403636345539653],[96.26080139515932,28.404096326361056],[96.25340629671386,28.407052418793405],[96.27756432223406,28.423946963590247],[96.31571844463241,28.444078216983325],[96.32549551906592,28.454658179528238],[96.34945470900692,28.467258798376967],[96.36208100760713,28.48034387917892],[96.36355547503018,28.487453029096944],[96.36011770919369,28.493817221608737],[96.35146333688621,28.50375265737381],[96.32946264901686,28.51712832577592],[96.31857799421562,28.525961517655723],[96.34475466414574,28.554007608602806],[96.35718060849496,28.55347404537306],[96.39169795820813,28.5558115825614],[96.40001364981767,28.55927718386698],[96.40139346419468,28.569497621549818],[96.39937241954397,28.576996268148555],[96.4020291957127,28.580945508851983],[96.4105243595164,28.582729276444955],[96.42484440952387,28.582108083006304],[96.42967292567698,28.59098300061335],[96.45545045881792,28.61113776133818],[96.47447068596388,28.621782087406128],[96.48731781457323,28.63341190782625],[96.48735636117253,28.63890870714412],[96.48247144334701,28.65322737622203],[96.46690126020893,28.67518435676465],[96.4706308565746,28.67884628650942],[96.49100396874061,28.684409110997073],[96.50736207906476,28.695643897337767],[96.5250218480155,28.701082299926263],[96.55566457696143,28.701163471348092],[96.579307012067,28.71158983696694],[96.59252717013933,28.72462819230885],[96.60423968333042,28.74442597672245],[96.61014008267308,28.766872441590834],[96.60898542464953,28.77983230495987],[96.60322921690124,28.792997025920933],[96.55687465094299,28.841426071639038],[96.52608511634801,28.882460508237987],[96.53010792227087,28.910247286192835],[96.50801794336572,28.95184689209124],[96.50938421227481,28.966365328076616],[96.49215919457413,28.959710832801665],[96.48122222856529,28.958515722209626],[96.46943796822504,28.971217811674325],[96.46467360339754,28.98313533073292],[96.46590050516994,28.99526976946953],[96.49088767854515,29.03337157710062],[96.50068812040871,29.05277737978946],[96.51279854050615,29.069691475487275],[96.5135847970366,29.07395831094373],[96.49847218523723,29.071274331414138],[96.47706809744587,29.063128117473617],[96.4622855679054,29.056602796772665],[96.45370407309075,29.04908999970472],[96.43557586012003,29.04103459450126],[96.4231419928666,29.037510215589748],[96.39993851523988,29.035882810583324],[96.35649694446153,29.037030554666536],[96.34139287522353,29.03433051308356],[96.32690615659921,29.028018358074704],[96.2940064158009,29.00814862945943],[96.27940560041606,28.9946680015809],[96.26768666807538,28.97915260526992],[96.22017167674258,28.92977288026809],[96.2113828178161,28.927990150820968],[96.2051241388254,28.92275557898141],[96.18191168016152,28.91034174755805],[96.16825166558775,28.898722479473566],[96.1608718851156,28.897834156733516],[96.15947358462783,28.90721211105791],[96.15542891527292,28.9178945583256],[96.13489786517616,28.93523304317744],[96.14044280696001,28.942411606692726],[96.14229197652611,28.95667264858414],[96.17179659083445,28.969786740831122],[96.1732467764115,28.991710200386308],[96.17147461989751,28.99919127964731],[96.14093220438359,29.058280072095716],[96.12880327139433,29.07048815578112],[96.12031027400775,29.074421939636167],[96.10205941642504,29.078994946753507],[96.12801546351481,29.086289651091665],[96.15605659919628,29.091821131426585],[96.17359182070832,29.09921750606208],[96.18235305566635,29.105304420186613],[96.1916312040833,29.115908789520745],[96.20074190677651,29.133448107437932],[96.2105150802489,29.148092034770198],[96.2324974498248,29.151951015006574],[96.24495311632435,29.165763494704766],[96.27407715616518,29.16573284233428],[96.31626722373034,29.170637497715663],[96.34201237394629,29.178382369414333],[96.35024535656788,29.184482008895188],[96.36530149651604,29.225170494169763],[96.37398321260763,29.23435527090554],[96.37912027850065,29.24345250206245],[96.38083135044279,29.254607531984878],[96.3790756889715,29.26710541766192],[96.36957553189937,29.28734005545974],[96.36381989633459,29.291647143828182],[96.35430451865182,29.29205331517535],[96.34652040861884,29.28927960920543],[96.34049703354549,29.274008358776644],[96.3094478856829,29.26433793652281],[96.29529402044878,29.254664585812424],[96.28956722235971,29.244634179799363],[96.28235755931907,29.242310697846303],[96.26298439798515,29.24169344663099],[96.25414493675767,29.239437166016888],[96.24379225564482,29.239393856781405],[96.23548460183521,29.241891998627523],[96.22373446421881,29.25122242117193],[96.19178401136512,29.290058143242142],[96.18645946759302,29.302461752117498],[96.1799190322351,29.3075105275184],[96.17524108211909,29.316781354423362],[96.1744875884832,29.32302301771171],[96.17852308578166,29.33718740069676],[96.1764996439001,29.345153556961257],[96.16972070505096,29.355943875297477],[96.15350504171595,29.37381119537533],[96.14056856357828,29.402050067400136],[96.13587441210123,29.406064634438156],[96.12075654287689,29.414089613519458],[96.10523986585186,29.43001051034965],[96.08925752468376,29.452635245418925],[96.08124798082792,29.46108161837482],[96.06731613727827,29.46594731369582],[96.05689252388291,29.464937843604414],[96.04275269973337,29.46073481072995],[96.03062879665259,29.45334444661141],[96.00881678888878,29.427715926048435],[95.99862904300853,29.420722536869114],[95.97670078784188,29.413482854420245],[95.9418087497875,29.38765126456268],[95.93272932922723,29.386102151449442],[95.91969153324035,29.38709790339461],[95.90352313171987,29.39084349412133],[95.8617461758286,29.39511832891929],[95.83843562083946,29.371195717999],[95.83098907559291,29.358829566874505],[95.81112723688999,29.359605040873515],[95.80270496346233,29.349424901207318],[95.79291741898466,29.344551432463874],[95.78212686338149,29.341388007917317],[95.78094502871502,29.355763169171308],[95.77688063150624,29.361652364709254],[95.76570872319256,29.356353181173503],[95.75950315547655,29.346801441281578],[95.75255794609271,29.344203758316585],[95.73722182597393,29.331898417475752],[95.72838107769226,29.318625454752137],[95.72099950759679,29.31269950647461],[95.70560100195361,29.304453239582493],[95.6889876277604,29.304610764831903],[95.68452941894111,29.29713841443652],[95.67153608587107,29.282348442267146],[95.65983389649269,29.271568345355888],[95.64444532039933,29.263315371213753],[95.63147990102429,29.259984760596865],[95.62484071483212,29.2523540584298],[95.61926347814456,29.249698547076537],[95.6079979562969,29.253228018110647],[95.59715504557187,29.259845539480636],[95.58302965190182,29.26061448654985],[95.57807119383396,29.25387414574124],[95.5722022698557,29.222806301268587],[95.56373631012255,29.216674187902157],[95.54090787979635,29.217525488803304],[95.52693259966021,29.215656528540467],[95.52697014520842,29.20514616560586],[95.5366669276798,29.169197608303413],[95.53071713697084,29.130485188699534],[95.51753664160053,29.133602089099792],[95.49673100462726,29.14225455798365],[95.4809898334563,29.143074131273284],[95.48108468069772,29.122290030208227],[95.47722701242466,29.087080156423383],[95.46645443088947,29.066455899561703],[95.44935361897315,29.04415164719593],[95.44029687349659,29.03660040848821],[95.42773507545542,29.041120602954496],[95.42122238766026,29.041358282321198],[95.41065362346274,29.03051613643626],[95.39872592748809,29.031188768916852],[95.3850553043388,29.035267867103205],[95.36825374104484,29.036353407440345],[95.34809084355656,29.0411411011388],[95.32243735226932,29.050661160142404],[95.30463967894363,29.059657582075506],[95.28792169396321,29.062641776031153],[95.27033142295981,29.058489166435027],[95.26007041048297,29.054075352879057],[95.2487161673053,29.061403598335254],[95.24201768088963,29.06355079572254],[95.2455920179892,29.076322972181565],[95.24172055575009,29.110615035160045],[95.1942772895872,29.1079801906431],[95.16630851765937,29.108954269552857],[95.10637501350072,29.118905374349655],[95.10194280535606,29.129327211867803],[95.09505459661389,29.13959406313812],[95.0673934024828,29.147703412705884],[95.03657239100805,29.152093284895553],[95.01643798397697,29.158266179425993],[94.99276775375726,29.170764015488707],[94.97981912929185,29.1733471027925],[94.97296704353754,29.16593426156192],[94.97528041235925,29.156543243757227],[94.98159331791561,29.15155575195202],[94.99949155907272,29.150239057921606],[95.01213421699813,29.146947939276952],[95.02244648076964,29.13394267865287],[95.01357757332421,29.130181803361896],[94.9883264277755,29.13747874208173],[94.97740708930617,29.14285961118743],[94.9666519810909,29.152055176708593],[94.95840574227975,29.156389999524773],[94.93252482875677,29.15557837839001],[94.91577890659543,29.152072692518264],[94.90753074496423,29.15640469674466],[94.89393275536919,29.169270436231972],[94.87866855780074,29.175025220656988],[94.86376419143214,29.17646818677866],[94.84353532521888,29.174262199090848],[94.81063950379527,29.16195621672858],[94.80412874563518,29.162405321874378],[94.79964961397201,29.165893037738574],[94.79561149652793,29.173425949459652],[94.79352239898022,29.188537333270265],[94.79640728941618,29.198951255791805],[94.79300858572819,29.215298291900048],[94.78141316713317,29.23095316664448],[94.74130213199757,29.274736897480583],[94.72292292270934,29.291317694187903],[94.70966556194863,29.300093795901255],[94.68860579427547,29.317948021736953],[94.66318566793011,29.329250286432117],[94.64506942620724,29.339365573286504],[94.63097645589868,29.341236414801042],[94.62771303068708,29.334652993108932],[94.62253101371584,29.31428173499911],[94.60462671721588,29.28905094363668],[94.59732459392016,29.283546310037398],[94.5787190586814,29.27456898910386],[94.57391143665886,29.24964699663037],[94.56518358777427,29.2355889245909],[94.55071098226378,29.220750761196964],[94.53440719929843,29.214562560397056],[94.51310944874358,29.212821866221084],[94.48673145319363,29.213380201168107],[94.45913315277366,29.2175518642314],[94.43812228974906,29.223193496266312],[94.42981867731659,29.219620543507126],[94.41348464933886,29.20815986015935],[94.37487728652631,29.184952785893064],[94.36788031692555,29.1584159673365],[94.3624907689027,29.152604680933752],[94.35279991223877,29.14811292632006],[94.32961540975468,29.146401486885917],[94.30490887366888,29.1475957696981],[94.29365496062131,29.14535274430817],[94.27717423226049,29.125950694493017],[94.2577662530985,29.108598980605784],[94.2241019033422,29.087829588294376],[94.1860623790092,29.028730159877277],[94.17657840083406,29.007027400831294],[94.1701315834962,28.97162631534933],[94.16445814600672,28.95745672662684],[94.14985282975259,28.944014207427827],[94.07466551505654,28.890928795483713],[94.0536677066059,28.872636363528407],[94.03663309373503,28.85112822606853],[94.01336336050726,28.84507207324907],[94.00724331316871,28.840699639834632],[94.00254741743686,28.82267486208101],[93.98670429276754,28.803755464120478],[94.01050865860933,28.77875144050769],[94.01030081340701,28.772785817015798],[94.00658892578736,28.767392588127738],[93.97295441347627,28.743218110044527],[93.97117917465877,28.71531922234635],[93.96176148002458,28.693595803325596],[93.94673009485666,28.673932049889093],[93.93562864647933,28.666105798205855],[93.92140108930752,28.669827301561913],[93.90168378841436,28.67942489614886],[93.86168333580639,28.7062699214186],[93.85060106460007,28.70703601325928],[93.8384997912928,28.70161738688017],[93.83205188646754,28.69509623998436],[93.7841447779071,28.66336476980648],[93.75309162471217,28.682785861986027],[93.73987674748028,28.684553166586028],[93.68781645068752,28.674393078395198],[93.65616444203114,28.658457660565475],[93.61944740957077,28.65338796719068],[93.5888719039565,28.654131955327045],[93.53572786159535,28.660664812155126],[93.52241007423177,28.65907128579864],[93.51416450641533,28.68171887319409],[93.49614673850355,28.685966640863914],[93.48414377966472,28.6831444094865],[93.47795880456887,28.67564670088696],[93.47479897015201,28.6606734897842],[93.47049553464629,28.65265349713735],[93.4670353736824,28.654645328055494],[93.45275356913467,28.67504203917692],[93.44597333167724,28.67472221266845],[93.43986253878286,28.669609647668853],[93.41422037460063,28.654200187473066],[93.40601092285597,28.651284174606992],[93.37937449035572,28.64783389334049],[93.36215393971231,28.64225462574328],[93.3391695535871,28.643252299195474],[93.3333633349958,28.639083854821934],[93.32791947017319,28.628696979246474],[93.32785925937455,28.617233518440564],[93.3249201173948,28.609178566454133],[93.31464146082658,28.609409033176828],[93.3074922695439,28.60550841205194],[93.30162074988337,28.59895155835749],[93.30145673039627,28.593222691944348],[93.30673926790567,28.57925104845713],[93.30462061370471,28.571415986808887],[93.29512002357521,28.560879037613674],[93.2911235913023,28.55356320260306],[93.28612625035821,28.539581196985438],[93.28204706305394,28.510290718129692],[93.27773551144104,28.501309105934297],[93.26836481068767,28.495066837527435],[93.24372234063121,28.484143302603513],[93.22857410502924,28.47420305657546],[93.21842159290122,28.460474707034862],[93.20957135099648,28.451923120676398],[93.19559658136626,28.44505937101838],[93.18045103919884,28.434875104547704],[93.19338174815367,28.42360752068308],[93.20973610561536,28.418953250185744],[93.22012830809432,28.413710478917032],[93.22422235155346,28.405498876363303],[93.22280427043516,28.335293066929342],[93.21795753008043,28.326081331412915],[93.20649204994369,28.321552565585673],[93.18939430373635,28.31833923402577],[93.16080006586323,28.319193039760822],[93.12918076859674,28.3279893355799],[93.1221713001854,28.328376613139298],[93.11929248080357,28.32174810630453],[93.11039459535891,28.312140643872752],[93.10082969024108,28.307802595715113],[93.09051995452988,28.305868603722423],[93.07194224102014,28.307689778744834],[93.04967387663287,28.302656603735088],[93.02234264697574,28.310385818041496],[93.02289129326813,28.290067558236657],[93.02826955155794,28.268694272623833],[93.01970285408525,28.26098567055458],[92.99729842311378,28.229427663783806],[92.98413280512308,28.2523916256223],[92.97593261537081,28.258768975798617],[92.96270561451186,28.258557300964725],[92.94353571582144,28.24747313428588],[92.9228421307104,28.24000035958758],[92.91346366696835,28.23182384261348],[92.90568001052704,28.21190832060012],[92.89688002074783,28.205152751615557],[92.85263302664431,28.18260096472609],[92.83609885307904,28.179097132576345],[92.82558213859849,28.179060105812454],[92.81805698103597,28.19115014571403],[92.81852212279423,28.210254671101065],[92.81476538357178,28.211043155019325],[92.8060344497405,28.206909028305738],[92.78585532447984,28.186505751181485],[92.74608229668458,28.158103466125038],[92.70027174832408,28.135774059854167],[92.68794854480325,28.127397964685528],[92.67967329435109,28.119186197698504],[92.68036538041017,28.114156112887482],[92.67623013293506,28.09846186525614],[92.66533634217184,28.06998723522809],[92.66653978352967,28.06375308361908],[92.67024323236707,28.0608187334642],[92.68174323899858,28.05726465254317],[92.70039473904818,28.04856093195079],[92.7207091690195,28.030505160163752],[92.73533744488226,28.0113572243873],[92.74243231900243,27.99258696554928],[92.71356489870156,27.955366899703574],[92.68787314531436,27.926685205380263],[92.65771088711625,27.901902981301987],[92.65013333470829,27.89988901788422],[92.62670378417833,27.89863657359941],[92.61531446413154,27.894538160142545],[92.57106416205463,27.839638542808],[92.5562108087484,27.824364230752032],[92.52770587330484,27.848515589995426],[92.51596341671241,27.85254055933026],[92.50335717683849,27.853950617305696],[92.49252949746503,27.850550059401538],[92.48376052378555,27.84281247381881],[92.46602322487703,27.817780077847097],[92.4562696725143,27.81411983600795],[92.44740829884678,27.814506656051588],[92.43195485420074,27.820976504438566],[92.42301850930842,27.83068296272961],[92.41629557808211,27.830554671250052],[92.38976450873815,27.82142963993104],[92.3853770395119,27.8171994370392],[92.38783314021731,27.80592784167141],[92.38510007051627,27.800629717880383],[92.35811531123619,27.79828266757407],[92.31921554051937,27.78814802004191],[92.31277332029151,27.78848854829319],[92.30202472126332,27.802039810024315],[92.29118867675426,27.82491123089942],[92.28483743650808,27.84364940069726],[92.28223791304329,27.861850904886662],[92.27754015082853,27.869092549109148],[92.26845652036339,27.872100479972815],[92.21866064280572,27.86951490249324],[92.15867905372043,27.839582206718294],[92.10947560267618,27.80947053594651],[92.05142792208207,27.76393293942796],[92.04334960497907,27.76285069132913],[92.00267836690588,27.77225266290439],[91.99352554422786,27.771182325283934],[91.98081171103857,27.76429966735919],[91.9715220292498,27.756902266714853],[91.96979323399692,27.749995352418434],[91.96390133469963,27.7510301363004],[91.95768042280656,27.748484525453055],[91.94997281397507,27.73735545306223],[91.92770463826865,27.722594230005125],[91.92127677807834,27.723634372547796],[91.91253456790893,27.73091766362004],[91.90369345303739,27.73222740464115],[91.88828756240257,27.7262130786727],[91.88239614310952,27.727244609627146],[91.87785098039926,27.728497662062885],[91.87553082806498,27.73450157329416],[91.87129228131923,27.738140188981784],[91.86218545554779,27.739689767664565],[91.85900897992863,27.742597633239733],[91.85855976696364,27.748099574803252],[91.85202881778483,27.759652450143633],[91.85067986204996,27.77615795094353],[91.84459660096233,27.782208505870802],[91.83631450834613,27.78517979226719],[91.83079743392209,27.793134319162586],[91.82857132105588,27.805348899311507],[91.82414630913762,27.814484230669738],[91.82067566446764,27.81596100337304],[91.81243934701516,27.80483189618028],[91.78776128208852,27.807762730903356],[91.77886902427213,27.806197960293726],[91.76130681976308,27.7999577169111],[91.70983112235253,27.807973329334462],[91.70130654504423,27.81309028741118],[91.6722136270304,27.84568235683945],[91.66317784145714,27.85295323669151],[91.64036066891786,27.855360114005304],[91.62940018654656,27.85978298744519],[91.61725710913737,27.85657187062157],[91.60623286336195,27.860133893220464],[91.60227523617937,27.864069793664274],[91.59365445430748,27.854120934970638],[91.59076052285016,27.855117283211175],[91.58861742135748,27.85988369096926],[91.58485770106273,27.86218138817237],[91.5755372983493,27.864293342554408],[91.57374863348309,27.855889201150028],[91.56988803101073,27.848014171679555],[91.56522259111811,27.852741745398824],[91.55627037641291,27.856206121253116],[91.55359236861526,27.851360369775204],[91.55402152770648,27.846301823361216],[91.55705305494484,27.841837243884733],[91.55994167276991,27.84044905786777],[91.56232134484816,27.82995582159859],[91.56703248600758,27.825947444261875],[91.56666687155546,27.817936731203904],[91.57262897301925,27.816695386609045],[91.57629788749836,27.811863636725118],[91.58102733567618,27.811992749534088],[91.58584618000117,27.81732209875393],[91.59184950335037,27.819105468265807],[91.5977398433975,27.81801108988671],[91.60036148609055,27.82269321216487],[91.60755305983052,27.823890520866335],[91.61464458598574,27.821850009179013],[91.62027905268727,27.815605249808183],[91.62830732421813,27.810887609341727],[91.63507550183068,27.802944916266508],[91.63378277493467,27.79604040739234],[91.63732331731167,27.79407089604063],[91.636448243167,27.788094053084095],[91.63784619674476,27.780276237809122],[91.63996480999943,27.77402059558535],[91.64506763291638,27.769448995006137],[91.64540461203951,27.763376735700554],[91.6430729354412,27.761031051223643],[91.64190116551407,27.752276692813115],[91.63745342125935,27.74979097496898],[91.63462811219348,27.744997045668562],[91.63889259319777,27.735805740488097],[91.63738310084601,27.730440976158825],[91.63151680972341,27.719808445467883],[91.63191565290062,27.716794211458396],[91.6268470899539,27.71580357551357],[91.62998137838122,27.708620506653276],[91.62854768505359,27.699426997186396],[91.61966694494389,27.69384908631414],[91.60722044698363,27.690812472866757],[91.6042523844886,27.683467526606268],[91.59619004906595,27.679776740810166],[91.59377834171684,27.670053568664517],[91.58713979128463,27.66693568903532],[91.58252348807409,27.662536137337778],[91.577453312104,27.66257437080913],[91.57307366311957,27.66069112546872],[91.57060697154418,27.650804483285725],[91.56406937871887,27.641402871606733],[91.56217777079137,27.631853371709937],[91.5671433883221,27.622786882676973],[91.57308754236885,27.61959877149784],[91.58437425243454,27.608222539207446],[91.58261732176477,27.604609870042747],[91.57017759171376,27.59448662172638],[91.56603236657699,27.58389767325473],[91.57188590184141,27.579581709521005],[91.57283474697864,27.573715005105743],[91.5807746252983,27.56898363603488],[91.5834251547601,27.565454179558348],[91.58215060587534,27.556764847980354],[91.58849567683959,27.5522955887166],[91.59508007196108,27.54121424209408],[91.60195443439136,27.540632129992417],[91.60405142904506,27.54231057745171],[91.60788146677092,27.541892347111943],[91.61229278196107,27.54369250588351],[91.61194595544933,27.54117696897525],[91.61449658352166,27.537173546529175],[91.61390845055502,27.531814103203256],[91.6221146357736,27.52017362711306],[91.62403075081929,27.51414839455906],[91.63420878523971,27.508521999991874],[91.63774485205522,27.50424532579366],[91.64496037762784,27.50200499693481],[91.65245214446911,27.48304127206999],[91.65922718345334,27.483471859254905],[91.67217052261692,27.493173450305775],[91.68486528715283,27.496954416758193],[91.68480561086002,27.500439778828643],[91.69505915650764,27.50532766515445],[91.7019549405691,27.498850981807557],[91.71356267968295,27.493480473803185],[91.71459034463794,27.487267969580095],[91.71775042358921,27.485104131891507],[91.71462317942039,27.474539347869896],[91.732742027304,27.469352611724634],[91.74707631972626,27.472555154202382],[91.75224294044204,27.475681135502608],[91.76298129905474,27.47497968304909],[91.76808015235376,27.473740285568255],[91.76588760640273,27.470674622242292],[91.76697175978435,27.464755438454457],[91.7807657458155,27.466044469696673],[91.7886965389827,27.470103393227255],[91.79584465528993,27.470948478719308],[91.79815232010347,27.474290417825532],[91.80114873172757,27.47233943620894],[91.81365336316685,27.474377448935748],[91.82089879876787,27.472029822522256],[91.82525392169111,27.46785277647922],[91.83093499864715,27.46987602251456],[91.84159159215176,27.476826529708248],[91.84860474575957,27.486456290214154],[91.85510342836918,27.482136800682415],[91.86083206688008,27.484763617788783],[91.86437922200788,27.482886152948076],[91.86905126647962,27.47909643561568],[91.87159623255616,27.470801875037],[91.87618773908193,27.47116851488892],[91.87950715871801,27.474545320208385],[91.88767784955749,27.476174479072565],[91.89788768969946,27.471216186908126],[91.90827821321781,27.4728645061246],[91.91222250471417,27.471782352257215],[91.92311869033145,27.47404472437152],[91.93142154090305,27.46590239079359],[91.93722182558342,27.465056841239146],[91.94364438175562,27.459736307920107],[91.94681521069545,27.461804742235405],[91.95336998025955,27.460032310296377],[91.96154250415684,27.46067569074085],[91.97282288244027,27.467215767905632],[91.97888329378044,27.46333831051303],[91.98907914210973,27.46751947249552],[91.99467778209038,27.478486866775025],[91.99695632899439,27.47776041112761],[92.00032166896229,27.479041425788424],[92.00701665441703,27.476588766343628],[92.01083333843903,27.479719921023342],[92.0148936973369,27.478868258336682],[92.01630977808425,27.480772135347912],[92.01980558393153,27.4773813098553],[92.01888989647459,27.474316547313396],[92.0233899454705,27.46197138706246],[92.02216645682658,27.448020492475443],[92.02643105925449,27.4427352006547],[92.02680183543671,27.44011689041839],[92.03234047484683,27.440570727253185],[92.0330046224909,27.438585038344257],[92.03727793533302,27.438950129611726],[92.04253527257035,27.435229040855553],[92.04201550451711,27.43101803253939],[92.04422949426632,27.426715812720396],[92.04248079557871,27.41854242093336],[92.04369377125843,27.41481127029227],[92.04896790160653,27.407043774874584],[92.05374545212298,27.404031959819868],[92.0545252357254,27.401049610523657],[92.058469863036,27.399707469534547],[92.05480884654675,27.39605789895984],[92.05439762540448,27.382838155379858],[92.04898570626489,27.376758881211668],[92.04824120209919,27.363132422167542],[92.05011051998673,27.357057167365014],[92.05502578254567,27.352703443750496],[92.05277242932345,27.351289124209607],[92.05961202852876,27.34656331091612],[92.06252108226428,27.342210994378597],[92.06458382131208,27.326979370671257],[92.07814913986815,27.313043867289114],[92.08812135632749,27.305127998942154],[92.10220356369398,27.301225057494115],[92.1201669154187,27.290313082549364],[92.12281559506916,27.287356104369366],[92.12497536642621,27.282018260819754],[92.1245759127627,27.27801766490716],[92.1199494376461,27.271796606922102],[92.11313334069547,27.270064525159455],[92.10945081769874,27.270847343176065],[92.10347304493652,27.268664929695746],[92.09881765922553,27.269010418166626],[92.09450819135051,27.271261144077762],[92.08690112791935,27.26927384869874],[92.07379244561643,27.27848136276052],[92.07030810858485,27.2762356906941],[92.06663971350619,27.277003954856166],[92.06130492074062,27.272528962452622],[92.04564175688284,27.26885226159054],[92.0429270899726,27.261603492074013],[92.03774787086486,27.25744384236326],[92.03874783592192,27.254352129961056],[92.04016877832358,27.25581812986222],[92.0459094875002,27.255591977476975],[92.05920225233923,27.25179691893352],[92.062506200916,27.244103682604887],[92.0673701149539,27.242027987710696],[92.07257126988473,27.233105977638495],[92.07055613350074,27.22759696683822],[92.0692779757166,27.213727129834272],[92.06242591699353,27.20893096190768],[92.05837835824777,27.19030945405716],[92.05210743402822,27.18491858490942],[92.03708560224581,27.179298119722784],[92.0357505706927,27.17506823192968],[92.02672187082993,27.168278959632964],[92.0287265097495,27.15732217231471],[92.03239795664105,27.15277353989244],[92.03218282695495,27.146052097324507],[92.03564079202934,27.139616438242935],[92.03351696476669,27.126724458198712],[92.02313361936022,27.109551919883597],[92.03016763340672,27.099799603011416],[92.02960836486183,27.094928745407604],[92.03194780614149,27.092024687923914],[92.03051725461947,27.080957329480203],[92.03763978608058,27.0703255642628],[92.03680961588474,27.063141637636956],[92.04325271030397,27.056634496174105],[92.04412406966473,27.051362379126914],[92.05615644545017,27.05142477157341],[92.07052341285738,27.043983942721237],[92.07302355125734,27.04451652146274],[92.07644912520207,27.041585354859812],[92.08174568539981,27.040815569148013],[92.0830826328285,27.034084755097794],[92.07889907718888,27.0287161132192],[92.07841545535831,27.01736137898432],[92.0950746325901,27.01230488333576],[92.09478481155406,27.009237176217436],[92.10354610258992,27.00397727177016],[92.10417839905868,26.998644950924618],[92.10824679064697,26.989791318480286],[92.10497249136482,26.986640464546394],[92.10475753700608,26.979910612426107],[92.11811391649573,26.974372924842076],[92.12098332228577,26.960360209524936],[92.11354974941212,26.950494829388706],[92.11568080634227,26.944993301555144],[92.11861332446217,26.942278522504342],[92.11817120490517,26.93860278814639],[92.11515728539695,26.934206910623324],[92.1168539278577,26.925471306520848],[92.11521042592013,26.913754235952002],[92.1177748756472,26.90889856704984],[92.11674722101971,26.897488103081006],[92.11604659413237,26.895078528317832],[92.10191841821464,26.881057872449357],[92.10265183451226,26.867168389052114],[92.07819539169189,26.855537412103143],[92.05672471862874,26.84738503722482],[92.01713316813976,26.85000706342233],[91.98350144825939,26.858191602950754],[91.97047494454296,26.8706560902225],[91.96420530496107,26.882526598040496],[91.943598516943,26.89499256554045],[91.89173635296262,26.919062682808413],[91.88493984480941,26.916666351586386],[91.85911185373644,26.913338829889412],[91.82414674086228,26.864043453464504],[91.72062298735878,26.811742281063736],[91.70458770856325,26.8129535876229],[91.68979670188132,26.806451491669627],[91.625524308486,26.82086583429899],[91.59242351905905,26.80519142495127],[91.49510696869677,26.79120586429579],[91.46395036828555,26.802352247387574],[91.44555484318354,26.812224586598642],[91.40764718663037,26.83960256126247],[91.37600584202414,26.795227688372666],[91.33724792627872,26.78086090678411],[91.29662854519101,26.78696753831421],[91.27708875858421,26.800312822933066],[91.23688719154319,26.812002621880612],[91.19212817209775,26.813424092271333],[91.14585438622831,26.810873379393158],[91.09756274504171,26.821992879396678],[91.0540604461577,26.78098543494138],[90.99187447411717,26.790642259197945],[90.95928237563399,26.784483293484698],[90.95692341912118,26.781620987065793],[90.95649856401194,26.787770265686014],[90.81642595131508,26.775984121389065],[90.74235867938806,26.77483090306391],[90.71727757192589,26.76826844932683],[90.69325765847968,26.77063983813267],[90.67597876651851,26.78409468682374],[90.64657420885287,26.776580424077643],[90.63444320876023,26.79381032514692],[90.58455144845938,26.8037423102084],[90.54661291873605,26.816639782582428],[90.4174840922722,26.904529501798706],[90.35724286353583,26.900708810435308],[90.3502719555661,26.88912937190197],[90.347786300386,26.875294817648268],[90.30029840216645,26.848220357782157],[90.28328756447127,26.852826292308585],[90.24878068560467,26.85903942199726],[90.23050001220622,26.85890672173353],[90.22519922656181,26.85475657784571],[90.20076954195761,26.83529015430734],[90.1876690450199,26.806811864176115],[90.19452293626887,26.77327133700098],[90.13987973539201,26.75361852409574],[90.04956506631784,26.730368412782877],[90.00824349706245,26.732153457492732],[89.96706420070849,26.72347092934531],[89.89841927349383,26.724274963465128],[89.86291655817095,26.737066879036085],[89.85894780493358,26.734917835722044],[89.86449058742454,26.730023750667012],[89.86206893472955,26.716454062990277],[89.8655194016592,26.70551342340564],[89.86308355712491,26.700560978901155],[89.81234850718317,26.710629560089316],[89.8065865977555,26.710593047309533],[89.77137167017248,26.70100426946398],[89.76666915577141,26.704113296427035],[89.76159731389427,26.714135771783468],[89.75484361494783,26.71748745658487],[89.75515729150295,26.72188001194747],[89.75804109967724,26.724566421394016],[89.758678031844,26.728829038560196],[89.75280468200248,26.735313000616248],[89.74883695423391,26.733653785067975],[89.74473094270441,26.728819794131983],[89.73917675904914,26.729346286280727],[89.73214912921294,26.724724105302265],[89.73119473802751,26.725606552885935],[89.72408387897285,26.72228838368651],[89.71846072462601,26.72734530927268],[89.71790996039077,26.729757865517797],[89.70770024223803,26.73118364560714],[89.70027498356274,26.73734347761651],[89.68990036576514,26.733067806167345],[89.67684909186589,26.739676931941798],[89.67175549726815,26.739809586385157],[89.66975330213087,26.738736829949534],[89.66942538343054,26.731750539992767],[89.65787419010593,26.718652948569407],[89.64995227351514,26.71733784389153],[89.64800469319597,26.720537884249325],[89.63968551810937,26.72236597751836],[89.63513285209356,26.725007253879436],[89.6311022316524,26.718827708522713],[89.62942933995178,26.719519623446892],[89.62740400087792,26.717546011677598],[89.62377905069462,26.718448907762074],[89.62310809185689,26.723452313421923],[89.61844648046954,26.72658489642576],[89.61744849567118,26.729306894239407],[89.62188159507274,26.73492371283457],[89.62241674087987,26.7389459921412],[89.63339775393092,26.745623479188406],[89.64003920551248,26.746540223749317],[89.64352240170864,26.748541214946354],[89.64571557966701,26.75275947161252],[89.64388771891055,26.760340642778697],[89.6476541862322,26.761670072167796],[89.65016637466637,26.766657172508566],[89.65326781588924,26.76688062475402],[89.6498689134193,26.776738559181304],[89.64669584489445,26.77801517076003],[89.64684633244657,26.77688730347147],[89.64395764847598,26.776976300098596],[89.64073448333164,26.781493325161104],[89.63475717748294,26.781382458915637],[89.63182328965668,26.783055425612517],[89.62330170114728,26.779817004049114],[89.62091545585605,26.777506345578278],[89.6189357963514,26.78179806968666],[89.61396050711456,26.78604585603684],[89.60720165012293,26.787636135054257],[89.6000346895554,26.787268583084934],[89.59390630033165,26.7921006290396],[89.58747391244286,26.791950547909952],[89.58088166598615,26.795376445049744],[89.57602563320854,26.79568647348392],[89.56874963063437,26.79940988718346],[89.56590098904422,26.799353426592194],[89.5654859366499,26.803084932304753],[89.56207741277947,26.80608733201946],[89.56016942459316,26.812860154747508],[89.55095906758508,26.81209665301754],[89.54828401551234,26.809252486324464],[89.54329904484716,26.812268739241283],[89.53900949669702,26.812153049022953],[89.53387402801043,26.814734173912992],[89.52670744250587,26.81253093683076],[89.52440363802256,26.814243720504397],[89.52560633506852,26.814911902966102],[89.51842825413323,26.812328936793378],[89.51221831576235,26.81431937541684],[89.50093604525948,26.805473821045343],[89.49463473885336,26.803170175265535],[89.48600806758125,26.80296448597445],[89.48249166702307,26.804572976011443],[89.4812127190785,26.80173507031892],[89.46952633198612,26.802692963710623],[89.46103767093025,26.806080128517497],[89.4500673020387,26.817986627780126],[89.44897250769738,26.82640494711587],[89.45035021319737,26.830809991303745],[89.43947919361867,26.840335188403856],[89.42285090003324,26.83603846831702],[89.41382362919322,26.840336915729086],[89.3897707823289,26.84185405235458],[89.38363789462989,26.859076571512162],[89.37898177000716,26.862178266802594],[89.32680978585648,26.84322955229289],[89.32312340783925,26.851114971693065],[89.31849532672771,26.8513199898795],[89.31212589422749,26.84589097633822],[89.29534547890937,26.83959693965692],[89.2810873233026,26.830964085370322],[89.2785517808764,26.826574761623018],[89.27631413299873,26.827845765255823],[89.27307707535665,26.827365455183006],[89.26420336105315,26.818130738461836],[89.26239526180015,26.813777934070163],[89.2393594622344,26.818688482408465],[89.23043075689598,26.818343200517297],[89.19351472661863,26.810782582949816],[89.17629537731618,26.819140585625654],[89.1344834910622,26.80763888329199],[89.1240881879646,26.821991991377423],[89.11537359266205,26.82420980641207],[89.1028660276112,26.84159715365737],[89.10069402025084,26.842526213529197],[89.10624903826232,26.86035245929733],[89.09251015077828,26.872597762451967],[89.09569882964358,26.891673151557605],[89.07962837046284,26.897005835578536],[89.06944651453021,26.90368810843597],[89.0488584800713,26.89911450763096],[89.0508959548842,26.915969949726687],[89.0407641074797,26.922950372077345],[89.02998645900315,26.923121850935328],[89.02157248725149,26.940685890467268],[88.9918064090073,26.92187059559151],[88.9803462152234,26.917185946179135],[88.9439238248253,26.93414734819411],[88.9491395904693,26.937883268135458],[88.94759672399383,26.94204160507692],[88.95361157232277,26.947339513053763],[88.9546565743451,26.95789909793901],[88.95217990701184,26.96312166786703],[88.95247525798327,26.968406944856216],[88.92168375750934,26.99392723576622],[88.91168526704674,26.986706549764257],[88.90865281093437,26.979458868130454],[88.89781082157533,26.968946731323488],[88.89687661824694,26.9657697685686],[88.88501510199119,26.956312670255063],[88.88352352495092,26.948133706417472],[88.87713217225696,26.944359153119727],[88.87488599376148,26.948667423965514],[88.87415293757485,26.957602904874353],[88.87174040300833,26.959211268290822],[88.87110510045707,26.962524247419612],[88.87350914476404,26.96694209837364],[88.87248794694248,26.974862537875754],[88.87448362536485,26.98256573410719],[88.87028012459777,26.995745682151348],[88.87189885400699,26.997449070666768],[88.87358434152237,27.009664474318782],[88.87539778126086,27.012328480175615],[88.87613481210845,27.027468806222412],[88.87820814698046,27.03456510017029],[88.88103112437128,27.037714323421394],[88.87686449294507,27.041993373865935],[88.87635642684624,27.045040664934145],[88.87910991221071,27.048991920282216],[88.87873122718466,27.05940357581999],[88.88117187979731,27.061996613916683],[88.87987405058391,27.06612086725846],[88.87502703556139,27.07040132448804],[88.87698916108606,27.073622839259915],[88.87423071959584,27.07859728364639],[88.87404172969521,27.08658689102154],[88.87564118286,27.08964481987051],[88.87385187166032,27.092408120052223],[88.8733869737894,27.098444142778995],[88.87110122182187,27.10138204585781],[88.87004663787063,27.109812170433045],[88.86770770924909,27.11244262005886],[88.86661096939199,27.110363817785956],[88.85049524140891,27.108039118018894],[88.84723967674363,27.11216835447321],[88.84247907630417,27.111152680363727],[88.84279278867976,27.11411783792183],[88.83985868221882,27.11635762312046],[88.83363521992955,27.115622740387806],[88.82615462308735,27.121716618987662],[88.81965610523407,27.122128305232597],[88.81169551844876,27.126866761315156],[88.80406139183177,27.138834865375383],[88.80203326536098,27.139495204492206],[88.79234627463742,27.13546983222123],[88.77374047845429,27.135266547231492],[88.7642142059664,27.140195742360902],[88.7546479638209,27.141187991577546],[88.74605916297674,27.144259954474805],[88.74929863863966,27.14744067579403],[88.7568848731007,27.14819513269324],[88.76039993590527,27.15270151363955],[88.7572120475861,27.1586656729722],[88.75719102371369,27.16538701070297],[88.76460813876552,27.17701750085758],[88.77336506705107,27.18216725941032],[88.77885036221613,27.183529513834273],[88.78676036901855,27.1819860079055],[88.7879581764024,27.184114703379784],[88.78909263367491,27.19382529316054],[88.79880671205703,27.207583281574905],[88.80326808095717,27.21999790335784],[88.80204885608147,27.227768563899467],[88.8042001932976,27.236477353089267],[88.80309608291157,27.24783621606393],[88.82815989364663,27.257236383037714],[88.83142830977756,27.262184877927016],[88.86658565752931,27.264631975743676],[88.87910881180841,27.26113860564522],[88.88165621740521,27.264960480514908],[88.88657477792421,27.267962317272755],[88.89767798212198,27.27019295690471],[88.89972792095203,27.274194876931116],[88.90328924042404,27.27258612889272],[88.9077375122386,27.277040307955904],[88.90843424964135,27.28205415353562],[88.91356479992221,27.29009080319033],[88.90877308732522,27.30395657602909],[88.91926028861786,27.320618833170403],[88.91920237689006,27.327966081501582],[88.91569129290052,27.330527015774514],[88.90578222128315,27.328592216681],[88.89962164108442,27.332772242268195],[88.89505425377864,27.332182107007824],[88.8914719666804,27.339108206548],[88.88401515482772,27.342515219725374],[88.88202560712034,27.346248022013768],[88.88536556092284,27.35114584571424],[88.88193690008902,27.350977543729666],[88.88063372011106,27.35254431760535],[88.88109391758991,27.36040561620239],[88.87620326385448,27.360213080956427],[88.87461592838973,27.362708138756904],[88.86675471532985,27.365813884904895],[88.86280733405412,27.36981554872512],[88.86428475924771,27.378654015245218],[88.86095047069254,27.3865374961208],[88.85662799633089,27.384397242283367],[88.84575033189832,27.38488057796059],[88.8376707322703,27.379156049077505],[88.83139321390561,27.385826493902442],[88.83051198848635,27.389968000762593],[88.82330993485974,27.390582362173735],[88.82095602870311,27.398576164081504],[88.8184343328446,27.401463855242362],[88.81659179620814,27.402336298822355],[88.8125819678552,27.401248932696785],[88.8061956779568,27.406796973309117],[88.80747565240934,27.41126367754644],[88.80485904529183,27.41542257326713],[88.80904198729388,27.42340295925461],[88.80081931056992,27.422586616764125],[88.79986815260541,27.426436185085567],[88.79556625919521,27.428257419109446],[88.79165785596182,27.438432727621027],[88.79429297008025,27.440477560417467],[88.79450334239604,27.445533137873266],[88.79633934945846,27.447310579323048],[88.78929445571568,27.4468125039942],[88.7825483629426,27.44965459509463],[88.78442078108263,27.45864729200712],[88.77976890766068,27.462029534277047],[88.77699017006675,27.468455943490518],[88.78371544730498,27.474754445367576],[88.7806188254288,27.481200027151072],[88.78656846654492,27.488167341267133],[88.78331585181085,27.495494080764246],[88.78331591042348,27.5003999021355],[88.78693494906574,27.503671637484604],[88.78563439408946,27.506540674311587],[88.79058582140944,27.515803220138974],[88.78838427888363,27.522142589352903],[88.7927700912578,27.524743796104797],[88.79281532045468,27.52889858008102],[88.79095192054305,27.531558416285645],[88.78517045503952,27.53073956088592],[88.78331556737777,27.52918202001263],[88.7773313517383,27.532562788346574],[88.77309672993118,27.540757531586273],[88.77517564969033,27.544520138987323],[88.77301042463178,27.548955398563457],[88.77393054872303,27.553794102823165],[88.77173145216331,27.558071676647963],[88.7637670953508,27.564849986015677],[88.77000316580846,27.571259757326917],[88.7813892032451,27.569922788901636],[88.7844443315014,27.57328416025535],[88.7912947198463,27.575103178444728],[88.7908257287353,27.581157640863196],[88.78836708700403,27.58492970368967],[88.79468745864187,27.590253251279375],[88.80472989818739,27.594363742731204],[88.80902652797468,27.602534026287035],[88.80632931005086,27.60891651255516],[88.81165559705966,27.61838531796613],[88.80490778244236,27.62350750523992],[88.8086825199254,27.63444281011354],[88.81118763389048,27.63654017830199],[88.81526016771019,27.646092926637667],[88.81602717566389,27.647121902359764],[88.81946251880717,27.646394274098625],[88.82277810696644,27.643525615361057],[88.82794784808786,27.644259324528228],[88.83550744003018,27.650344245774562],[88.83571716064186,27.653620613945517],[88.84309411032795,27.6599100060014],[88.84838624659979,27.668007916841013],[88.847588037731,27.675444267358337],[88.84456710385928,27.677088427675052],[88.84438258660923,27.6796517556099],[88.84191813514924,27.68219711898411],[88.84765618658977,27.693555528108842],[88.84263161115615,27.70287813565712],[88.83827365169418,27.70378781376378],[88.83798351651623,27.706287315034523],[88.8397905576896,27.711226505886376],[88.85630406424843,27.716548356552245],[88.85423565099684,27.720119687326147],[88.85751160002698,27.726816564714873],[88.85668588047015,27.73167203995864],[88.85941660907108,27.738112829620032],[88.86517176468689,27.742736028149626],[88.86161006493793,27.752490315682476],[88.85839196579549,27.753935759128463],[88.85609419221501,27.752289136552097],[88.85327863494119,27.76448282707348],[88.85356305340937,27.76916767769213],[88.85591243019337,27.77076947703923],[88.854922429462,27.783497530639757],[88.86145425980688,27.796985152825464],[88.86022568388196,27.802947546678045],[88.85810197499956,27.804197835855824],[88.85833947935818,27.811099013084615],[88.85583007011762,27.815332197624976],[88.87170786551829,27.825588875433173],[88.88045136475994,27.829184477337837],[88.88269251353668,27.83426847773575],[88.87993923081684,27.840083565025406],[88.88129664408439,27.849752692302427],[88.88767375925985,27.856179888932243],[88.88505179546284,27.861543579809837],[88.87937284960621,27.86715538966568],[88.87781346455012,27.87576161447334],[88.88263280235445,27.890772409289237],[88.87181427009033,27.89851616319627],[88.87217022752706,27.901187963568972],[88.86917996773613,27.907588867791347],[88.87001863446514,27.91560245959388],[88.86369841712968,27.92134426065845],[88.86040736897833,27.92715448852593],[88.85265375245359,27.925782368833826],[88.84358322291591,27.92881017608318],[88.83693675618589,27.928780435346724],[88.83870727523585,27.942727539993232],[88.84134191223531,27.944150649717013],[88.84288598597006,27.952780439890414],[88.84239570125317,27.963633385143513],[88.8408402730353,27.9663353374912],[88.84299306639389,27.975263805432693],[88.84139979704908,27.98174264422804],[88.84381017933133,27.990424225687637],[88.84370558062483,27.993250624815406],[88.83797640326183,28.00048843424762],[88.83627832747395,28.0148145259063],[88.82263327101103,28.020858033600035],[88.81687511325768,28.020676204940084],[88.81359480895219,28.02243659348549],[88.80307391756374,28.03180549917511],[88.79757549731895,28.040943262697574],[88.7938537172788,28.043400714571195],[88.79288149410233,28.048639875760493],[88.78740779833072,28.050381672118462],[88.78377584736553,28.053947816791645],[88.77760442436157,28.054122927805047],[88.7741527307955,28.062304129371448],[88.77092791163297,28.065873316599596],[88.7562864410044,28.0759731718586],[88.72042078103462,28.07433117316869],[88.70955172149861,28.07763982570226],[88.6972012561819,28.075928821022476],[88.6934387091674,28.077627811953995],[88.68681082728011,28.077944246178795],[88.68135381747543,28.076913899352654],[88.67843749566445,28.071459916481313],[88.67206385417256,28.07234096432216],[88.66668232873458,28.076103441984277],[88.6643385493578,28.087414281804826],[88.66135261717244,28.089644534233834],[88.65686417398437,28.09004395679753],[88.65440864993775,28.09465125307737],[88.64595326772377,28.098749067959552],[88.63435337900744,28.119574841557014],[88.62764065098715,28.125093590880603],[88.6099610461252,28.12869131526871],[88.6085764333433,28.122600154781082],[88.61770033528305,28.117772335782483],[88.61934447790577,28.098076248683462],[88.6115975897215,28.099054408591694],[88.60522507390615,28.09760251498924],[88.60213711827774,28.092048874856705],[88.60258817835224,28.08917023097379],[88.59123340113909,28.089260983988044],[88.58400381619578,28.08331223980141],[88.5749405193002,28.084616667464296],[88.57070962510048,28.088793598248788],[88.56627090229031,28.090326876335624],[88.55970463374459,28.08392892921782],[88.55254617523035,28.081416116357097],[88.55621574639648,28.07348490811798],[88.54870392475448,28.046810835306538],[88.55080433383594,28.037571690906265],[88.54363956246739,28.03325457624549],[88.53270667831939,28.033316534735025],[88.52752826047056,28.037766994670577],[88.52351398035675,28.034985787201983],[88.51967518245229,28.043553828008147],[88.50962080185637,28.04119432568825],[88.50447715409629,28.047817245733466],[88.49561890108525,28.05393137987426],[88.48805029004751,28.04448223718927],[88.48036494986113,28.04253581572873],[88.47444016625596,28.033870711124486],[88.46781649417304,28.017135056940887],[88.46238204673998,28.016153458085824],[88.4607907459288,28.014548669010534],[88.4563807192451,28.01492138333671],[88.44375112249745,28.00937823067188],[88.4305932815084,28.008086764135903],[88.42461208844428,28.00160099304063],[88.41823211058244,28.000820626581834],[88.41470229877251,27.998882455041173],[88.41222323613087,27.994501678940818],[88.4107746418917,27.98328354910924],[88.40680310396273,27.981730917415778],[88.40301974395348,27.982630778601482],[88.39906563464234,27.978036794326275],[88.38738849002802,27.979440992042235],[88.38617795762015,27.98141881829236],[88.38090516548856,27.983067586337256],[88.377014313388,27.989873199696753],[88.3717717906223,27.99108437118296],[88.36957800873576,27.98933158392441],[88.3622662321239,27.988703457068514],[88.35226590761806,27.989948470876055],[88.34565638637316,27.985017002456296],[88.34133527969246,27.985559160518612],[88.33672166540582,27.984150559358625],[88.33039713729562,27.973182636691924],[88.3259661886906,27.97623933418331],[88.31791921474363,27.978795147915935],[88.31320408420174,27.97084241412845],[88.30820631105273,27.967109163573127],[88.30346903593647,27.965807468934166],[88.29994810106095,27.967276613173286],[88.2933402297429,27.965821698251133],[88.28603915976497,27.96626202311716],[88.28055677968958,27.957052005253797],[88.27563872396634,27.95469701041399],[88.26623608099115,27.957299794256148],[88.26111501482423,27.94713046401378],[88.25409590088293,27.94527503049708],[88.25108464801116,27.9423509995726],[88.24150510335849,27.957149730107886],[88.23717377049259,27.970847933590075],[88.22915444917393,27.965897182582562],[88.2250534383333,27.960423728709095],[88.21274572128533,27.964274967239152],[88.2079603500752,27.961659797131457],[88.20556167347053,27.95571029269387],[88.204948310186,27.948400322338877],[88.20660448035756,27.941947286483973],[88.20533936143177,27.941563285498496],[88.2005904178223,27.941689602706425],[88.19533811393329,27.94415931303243],[88.18546534787025,27.94348507348116],[88.17907239963084,27.94918827387921],[88.17056409676887,27.9524460962291],[88.16389188504874,27.95768441762338],[88.15429724676015,27.957403192413572],[88.14521402937534,27.964084733479847],[88.1343406225322,27.95132344119009],[88.12939117252228,27.949371643446565],[88.1355998476725,27.943990749659328],[88.13786256844125,27.937154477014605],[88.1320693565498,27.93286535356184],[88.1306535402968,27.92575203594468],[88.12124792319436,27.921969400065297],[88.11958089448743,27.9160045562315],[88.12340685752307,27.907138017044897],[88.13082617985624,27.898915991316798],[88.13430494235313,27.89704804057252],[88.13990270804966,27.889147967185224],[88.13501398400483,27.881619917726017],[88.139921005591,27.877498736121378],[88.14407902643441,27.877948764041836],[88.14899379720524,27.87640533337835],[88.15448300116479,27.870839962619495],[88.16492884899841,27.868304003865838],[88.17406794174741,27.86266151050419],[88.17895098884851,27.85648152513918],[88.18320642601408,27.857000508828378],[88.18901002451837,27.854383918410765],[88.1963933262097,27.85378726924299],[88.198603022121,27.845326102007306],[88.20200592967831,27.842224364694694],[88.20220453800579,27.83708528879024],[88.19563321211524,27.835302404212882],[88.19254817595329,27.832961626637147],[88.18800598519461,27.825456114850635],[88.17358413880756,27.820296982873213],[88.17408963373855,27.81737487710055],[88.17926936647864,27.815449399234502],[88.18561111943427,27.810580232606664],[88.18742316217633,27.801097247959213],[88.19397201911877,27.796412225957585],[88.19717192802415,27.791172327423048],[88.1952936647378,27.786260543201518],[88.18546445797614,27.777141673206064],[88.18220296290875,27.77577351320818],[88.18179207170672,27.76940607510796],[88.18365982052406,27.76669902523003],[88.1822849355541,27.762624434161015],[88.17766821800214,27.758441547729802],[88.1783697133107,27.746184624875948],[88.16991000427133,27.741139602169095],[88.16287122938077,27.73977149307803],[88.15848338047087,27.740573685647288],[88.15617447139617,27.736110255809905],[88.15447061620824,27.72854028812934],[88.15537306844762,27.717353578280786],[88.15280284765942,27.71171548714926],[88.14902657117953,27.708146090979],[88.14756873721264,27.702798813474264],[88.15415140046161,27.691800050328613],[88.14693765813178,27.679342360186414],[88.14469098843821,27.665354647188845],[88.13850236659384,27.658333931815694],[88.13214553125083,27.656197955783547],[88.12021197496658,27.645247781716847],[88.12062663063661,27.638431911008542],[88.11698386487258,27.629805855967316],[88.1199058631329,27.627651332245428],[88.11661322766301,27.62404343730365],[88.1169737087962,27.620169300019562],[88.11266537446242,27.61499722661338],[88.11385208325491,27.61030679436776],[88.1063752144421,27.60270622370796],[88.09302078233532,27.59788251324632],[88.08183179517471,27.58422090815996],[88.07910711131761,27.57908588670501],[88.08055483696243,27.577527659679294],[88.07548439618262,27.571567124925657],[88.08113618099333,27.5651450630791],[88.07861812538843,27.560408417381066],[88.06905509392001,27.554913984249307],[88.068803407276,27.546255062368015],[88.06120003036182,27.54029446578094],[88.05865288188213,27.534821098478023],[88.05953585645099,27.53190166321361],[88.06550028077636,27.529468075707154],[88.0662649370784,27.52733287358779],[88.06101223764458,27.52489642441826],[88.05841661710157,27.5204223484541],[88.05809827076091,27.515716440478403],[88.06186883720623,27.51217361081278],[88.05785567426368,27.509200816857714],[88.05514625353054,27.50444262005229],[88.05058047992894,27.503927389682264],[88.0466215707802,27.500949728440432],[88.04408432240669,27.495810703796295],[88.04416124103986,27.484177085520212],[88.04554038341482,27.481520962702994],[88.04413969200557,27.478100399353732],[88.04859267286687,27.472419672693828],[88.05713622753505,27.466906851975672],[88.06052471989796,27.460772676787013],[88.06686076018599,27.457873004195555],[88.06435052779258,27.453652875210658],[88.0672497061784,27.449475541012173],[88.07244361852942,27.44581849922076],[88.06782075921718,27.438343750000204],[88.07505689364115,27.43322268587095],[88.07314843336222,27.43078054934993],[88.07408930541484,27.426807833307944],[88.06778750448787,27.425332067124536],[88.05818548305395,27.418449867117126],[88.05558676986804,27.4182869248064],[88.05071357253593,27.412984657683545],[88.04963105945835,27.407245724697056],[88.0468041340255,27.40593228569249],[88.04842272390559,27.401030033691047],[88.04474902788739,27.38992926510135],[88.04484062973714,27.379867607023204],[88.0415732802009,27.372931077075467],[88.04182848405955,27.37028728632097],[88.04900082371097,27.360051134806938],[88.05762050238813,27.35621422786644],[88.06130153580257,27.34476161412517],[88.06362018504306,27.340853113280303],[88.06485825303206,27.341138739742913],[88.06692781438163,27.33577475670912],[88.06345545041867,27.33432543955683],[88.05974352459945,27.328343559329642],[88.05230340140547,27.32422047173063],[88.04937737749206,27.318285980049655],[88.04879443089,27.31281392904661],[88.04154443799614,27.30407841775422],[88.04086743492113,27.30136826895253],[88.04460839210323,27.29324829078585],[88.04314906858787,27.291497457954737],[88.03852440598764,27.291879056452192],[88.03204663585701,27.286390214707012],[88.03280855778227,27.28037637264524],[88.03043261465332,27.271942732113054],[88.0318821063666,27.264904105493947],[88.03068621770129,27.26285318767088],[88.03088505765979,27.249911686379484],[88.02782605820643,27.249467228812428],[88.02430695555663,27.242075172517474],[88.02463490328309,27.237623132363588],[88.01938738471927,27.235883157777064],[88.01889943892223,27.22497906966876],[88.01715270052144,27.225495670795624],[88.01233168263859,27.21592840681089],[88.015562872462,27.210462279473767],[88.01164162319306,27.2034467600914],[88.01530604888035,27.200000478735284],[88.01609737388318,27.196102783549353],[88.01314053947007,27.18781245330223],[88.01243745478072,27.17787036896911],[88.01922224014568,27.171051014034553],[88.01143966898633,27.166237959720597],[88.01132056499154,27.15906869828721],[88.00936362671597,27.157066880203285],[88.01026834912615,27.15449610857488],[88.00730254771668,27.14316087879023],[88.00089533310039,27.140432662349202],[87.99897734541061,27.13373096498374],[87.99126001194257,27.13071054541305],[87.98895574572596,27.12072381578014],[87.98683048026109,27.11903642151247],[87.98843033516783,27.118713476900414],[87.98982352694115,27.111331399745108],[87.99150881231782,27.110264470742877],[87.99111105597315,27.10511444339734],[87.99527332127647,27.10352833902543],[88.0025862673062,27.10459306570646],[88.01143975052675,27.09717850483541],[88.01527717222287,27.08894965149853],[88.02102123480866,27.08782910974265],[88.0205488857901,27.082683836341122],[88.01582622837178,27.076907970025044],[88.01607619485365,27.073682224377453],[88.01815595010245,27.07024883673911],[88.02120397347247,27.068609558983244],[88.02302562141871,27.061306138670655],[88.02585056300079,27.05767711856472],[88.02586536044281,27.053950307118143],[88.0303571093133,27.046772087591798],[88.03524717051418,27.043347624337486],[88.03784521633504,27.036322954407844],[88.04557520892958,27.036877979948127],[88.0519321101812,27.03333920898675],[88.05773150020927,27.032154215942576],[88.05947224201424,27.029419047496884],[88.06999488370441,27.03171202885969],[88.07343897584825,27.034449399334857],[88.07768601406428,27.0354221510964],[88.08308649226916,27.029143910206113],[88.0840839196642,27.022352229195082],[88.08883804730723,27.016050120990865],[88.08838825080089,27.008288374932285],[88.09214284201424,27.00469557601562],[88.0988059298113,27.004216412772045],[88.10414551461132,26.99764934075774],[88.10886131964952,26.99490290605602],[88.1092495022153,26.992282004176257],[88.11674711785807,26.98778500591578],[88.12833228824078,26.987695565803826],[88.1344040897635,26.98623990625709],[88.13454007422219,26.98373381030625],[88.13043389052473,26.980520759329917],[88.12439189082119,26.971736281336778],[88.12497857927993,26.96896174185479],[88.12219236619218,26.963986278568715],[88.12342839196002,26.96009546281509],[88.12013473954616,26.950707714213493],[88.12885262315469,26.93919605088256],[88.13756681136577,26.933635853909212],[88.13922629188289,26.928785585613802],[88.14470390672918,26.92247795696069],[88.14384132465803,26.917281416301606],[88.14496339459544,26.915142918572393],[88.13635761456086,26.89852014314928],[88.14581381347709,26.889308968947507],[88.15263805061406,26.885073012892384],[88.15725050985101,26.885116054247213],[88.15753737078612,26.88320809223499],[88.16362987629863,26.878172320134553],[88.16641439759498,26.870129953843065],[88.1718387466285,26.86928592960409],[88.17396633218794,26.865316832120275],[88.17218979996493,26.86079998142243],[88.17446081898322,26.859383976222855],[88.17353803253624,26.855450180746796],[88.17479548040833,26.853149614995967],[88.16761737827105,26.849740210406814],[88.1676858083192,26.847517164613073],[88.17056163473201,26.84478808778548],[88.16769499217375,26.838057763126187],[88.17345316801129,26.834540814938666],[88.17219764580965,26.825965881575208],[88.17897487070282,26.816229421653492],[88.1771736483088,26.804768101445497],[88.1809849965005,26.796136342520327],[88.18294246998595,26.782143030598963],[88.18785161526439,26.771805897594234],[88.18604669368109,26.756684827178645],[88.18716764652604,26.74867822134279],[88.181624813194,26.71943377661892],[88.16708360878468,26.699295806436382],[88.16775462204438,26.683963148854797],[88.1641407132135,26.678474647201163],[88.16494069301746,26.66978049660903],[88.16296668903163,26.645971109131846],[88.15789074690503,26.63993124285256],[88.1602994003243,26.636439053888136],[88.15805051902285,26.63580823956346],[88.15721067499487,26.632724307507896],[88.15444516446607,26.630382521469695],[88.14700337666048,26.629574195837804],[88.14209847543273,26.625754654277138],[88.1392130393799,26.606747238671673],[88.13527255720624,26.605584537000425],[88.12991456175486,26.601301527203876],[88.13190666260884,26.593243490870993],[88.12941931292501,26.58749225943615],[88.13003372676678,26.584881364232526],[88.1273360514928,26.58193739359639],[88.13001965300766,26.579491237575834],[88.13032356634704,26.5737109001884],[88.12866296296716,26.572726190407273],[88.12500084325166,26.577738245692647],[88.1231501214919,26.57698150643832],[88.12532155578089,26.5746363910635],[88.12361416492259,26.57258808689347],[88.12084858559244,26.575973879894043],[88.11775901373528,26.57454396225262],[88.11909145599107,26.568304754902513],[88.1146308262131,26.57053867174883],[88.11405836094175,26.57262516434627],[88.11257806349181,26.571809061374573],[88.11177765853277,26.56496129902308],[88.11438511015626,26.566915634461658],[88.1151072693151,26.565456315605637],[88.11073022208672,26.56203187127221],[88.11350619157528,26.5586884990239],[88.10953475911751,26.557122458175172],[88.10765493076941,26.5605446607034],[88.10546141805726,26.56105402041851],[88.10532399111231,26.55078234950341],[88.10763037877476,26.550633503786113],[88.1115608257375,26.54511538532927],[88.10694809262623,26.541367552692495],[88.0980228542435,26.537868542063862],[88.09897170593344,26.534761590667486],[88.10367694198692,26.53607099625657],[88.10245718319175,26.530599470308736],[88.10472806524591,26.527756671195256],[88.10300313223783,26.518252948335128],[88.09510304480776,26.516407165293316],[88.09579361899722,26.510264051919936],[88.09024129283245,26.507252548123397],[88.0923324692142,26.50469528030125],[88.09857057521495,26.505913602616566],[88.1001669665094,26.49416789074511],[88.10547737550824,26.489302694860122],[88.10141086776267,26.484548950017917],[88.10020525296932,26.48025149670016],[88.10620572608708,26.477187314582956],[88.10696178330981,26.475015014904812],[88.10452360573981,26.472123415176213],[88.09780703909884,26.472499013665423],[88.1037050023948,26.468174714896733],[88.10292516815888,26.465571310818397],[88.09208430841738,26.463307454501802],[88.09700882075823,26.452170950461998],[88.09560287695436,26.439082424685225],[88.0858742065979,26.43181959281845],[88.08370901503962,26.42590586539229],[88.07774621816696,26.41923852512138],[88.0695942771018,26.413654424070252],[88.07129638504242,26.408140440554902],[88.0687319796842,26.40791042297909],[88.06675941390601,26.40963026013366],[88.06418947396409,26.40817256283506],[88.06316675624818,26.41046680125735],[88.05992163842457,26.409580171026825],[88.05685982054078,26.40778860537853],[88.05767307312318,26.40668537103205],[88.05554062348001,26.402600665844812],[88.05440436915036,26.402814800578817],[88.05560787191958,26.400528887086363],[88.05266599535514,26.40139599977786],[88.05184946598446,26.399166444252092],[88.05140477429612,26.400587157946855],[88.04758023269255,26.401060679595037],[88.04529386844764,26.39970159054401],[88.04650708949691,26.397513724967894],[88.0438818682743,26.39676069376457],[88.0453789138695,26.396308527404642],[88.03790709111502,26.39377807137066],[88.03666147091164,26.390117233178188],[88.03449892762073,26.3919103953298],[88.03463561282119,26.38825734320023],[88.0320559592605,26.38790901408128],[88.03096865937482,26.38232415280767],[88.0301590468095,26.383217693249318],[88.02724329291355,26.3816124924012],[88.02839516973128,26.378841350715884],[88.03160476453154,26.378049501592876],[88.03073351746193,26.37588910523742],[88.02915512067447,26.37622934449367],[88.03007448910112,26.374047864131416],[88.02750596308853,26.371026124217632],[88.0277581872112,26.369122667244053],[88.0311172635377,26.366605413836147],[88.03050431003268,26.364922205816544],[88.00657951978316,26.36099635949078],[88.00438692618532,26.364381328082953],[88.0017169872111,26.365200682036374],[88.00276934205698,26.366262834348262],[88.00001161740506,26.366561384801873],[87.99800846717778,26.36494764182091],[87.99263774862715,26.369388259496304],[87.99191961400194,26.392562878986467],[87.96598004986654,26.397194017579395],[87.93229013833077,26.418001763497525],[87.92694196073603,26.417801203738655],[87.92582670214496,26.428063351618988],[87.91806942222523,26.42987260490494],[87.91599011671816,26.43183294696408],[87.9176043991969,26.43486346540436],[87.92453355699242,26.43846990821374],[87.92514272501302,26.444838657248194],[87.92405407066785,26.446681902692433],[87.8987393851946,26.448709595485553],[87.90980831623236,26.457563215557517],[87.90020647371203,26.477297650565674],[87.88829370576023,26.486759761275916],[87.88598018743171,26.47641335948331],[87.86333064549643,26.467946563431767],[87.86280689454352,26.46458100840703],[87.85843272108714,26.463902433239266],[87.85963762380665,26.459533446347052],[87.85823788521148,26.456593626580005],[87.86259992921265,26.453107616704457],[87.8609316282263,26.45121907982582],[87.86142506510883,26.448881882175975],[87.85102688842017,26.445282093274695],[87.84882840620605,26.43646348449021],[87.82832750231572,26.440003701511788],[87.82973182918154,26.450019852247113],[87.82313571863638,26.45353894494385],[87.81723805722956,26.45918170805869],[87.79359153781239,26.468570353020805],[87.79194419781304,26.468923713540025],[87.7908699196967,26.466609325199983],[87.78951460990098,26.46943127605388],[87.7864125237465,26.467528977979573],[87.79010607003089,26.465785542399683],[87.78911841578433,26.464321537187413],[87.78651639545954,26.465823171180862],[87.78631940513412,26.46302846547914],[87.7888287214328,26.462098458081307],[87.78831933361121,26.460745023716843],[87.78483418747099,26.45862962657927],[87.78278087538992,26.454068926221584],[87.77795585412304,26.453732607384218],[87.77898089160773,26.450619299143476],[87.77401484397669,26.45035727432386],[87.77691682882559,26.447611892147673],[87.77561381382827,26.442793687710296],[87.77790561717812,26.44223333831706],[87.774415415559,26.440423927308505],[87.77301051789082,26.43599333800458],[87.77497439398064,26.435284956409305],[87.77640302505816,26.436854931724216],[87.77790814012195,26.435663569457642],[87.77592529090174,26.42947632082407],[87.77402652486431,26.431107535803786],[87.77265066346025,26.429965025185105],[87.7754173308789,26.42696048471279],[87.77046712157221,26.427519109753806],[87.77335952075718,26.425255028502114],[87.77605842283894,26.425186986983345],[87.77298095156274,26.420216538432598],[87.77617045857292,26.421829935996648],[87.77502905251828,26.41985954827846],[87.77326084710354,26.419230704955694],[87.7712585684343,26.421551185612557],[87.76738788452643,26.418148209475472],[87.76819000270567,26.41483922616366],[87.76559297728889,26.413164509358907],[87.7673149807757,26.411164183870497],[87.76475988038334,26.40988214220366],[87.75387794598183,26.407973408504713],[87.74843896231812,26.417951734535293],[87.73931685953069,26.417593118152958],[87.73393997266203,26.40761062066874],[87.72308146912667,26.412527393978838],[87.72398606287332,26.41561758161014],[87.72230068273574,26.41950425905557],[87.72126374410128,26.418748268906878],[87.71816929441457,26.42242044738767],[87.71393034057805,26.422827182119875],[87.71367918794381,26.42518292759967],[87.71107347276994,26.42747625542634],[87.69829775632364,26.428342664984807],[87.69230554794176,26.43566219305016],[87.67755794619687,26.4354560956256],[87.6781278538007,26.415834722308638],[87.6502026136781,26.405957279865913],[87.651877374955,26.393424877396974],[87.63259541512801,26.39368776452558],[87.61735039245647,26.389959204118764],[87.61234129882503,26.38100162917577],[87.61040446388824,26.38077746414556],[87.59241389819451,26.3816458715563],[87.59299188730866,26.392207246226985],[87.57870601608421,26.395821392610827],[87.5671044586975,26.401233787082017],[87.5650296127835,26.400026129230287],[87.55301374817232,26.405663103804763],[87.5477041906464,26.418374857513427],[87.53439403827127,26.42162333621823],[87.51654502732993,26.430788737768598],[87.4917396887804,26.436251426748004],[87.46675236898416,26.440190969948564],[87.46377165528587,26.439509239725464],[87.44347735736201,26.433130453066237],[87.42785953981834,26.422371567258903],[87.41907283104393,26.42267610243435],[87.38855205316264,26.41909573795339],[87.37618957216952,26.407023590731534],[87.36889286571018,26.407937655422998],[87.35638840415756,26.387927036450336],[87.35352138310444,26.37202224345018],[87.35840548855741,26.36105398706223],[87.34109251312596,26.34751915550797],[87.33700564875866,26.351602756700082],[87.3221107523365,26.36005741396011],[87.31358277747292,26.36763582334937],[87.31253370418638,26.371568726580882],[87.30159269091193,26.36612046225665],[87.28954922999833,26.37372029308301],[87.27263530322352,26.372539220869744],[87.26601523477706,26.373875004665386],[87.26440793784899,26.387677931166845],[87.26588854546613,26.390539458424687],[87.2662558266481,26.405646843610654],[87.26105184680537,26.4092699157429],[87.2561768948656,26.411071765462818],[87.24986780887733,26.409509768514322],[87.24696300191911,26.414125031254844],[87.22882447116017,26.413586468636815],[87.2262154209478,26.410740073476727],[87.22656096696186,26.408989756786692],[87.22397197717733,26.408714606021782],[87.2238881075706,26.405819722159105],[87.21912578345068,26.402835277352175],[87.21713146812742,26.406560741448157],[87.21109065809978,26.409193016712383],[87.21242243093522,26.41304675773195],[87.1857944146398,26.414209293086678],[87.18920157570021,26.405337528664692],[87.17298927454087,26.403341675589477],[87.16256152219991,26.403895255978345],[87.13930946504243,26.41479473766613],[87.09165094385635,26.45029224760683],[87.08050194574298,26.52140125253595],[87.0761187384449,26.53740798949855],[87.07281977227211,26.541955025566157],[87.07317710205406,26.577323631087758],[87.07182249393837,26.585813894207266],[87.0446740398506,26.58723407626528],[87.04254943852754,26.56833338633412],[87.01535972751553,26.532043804658603],[86.99087912545059,26.52308018205468],[86.97940976823844,26.525145754165784],[86.97530719873154,26.520053783448386],[86.96134399205053,26.524041289159356],[86.95952543414504,26.520393803373203],[86.9464638587618,26.52078090735792],[86.9445715116121,26.517299550659285],[86.93215913075866,26.516954037688794],[86.92868843919506,26.497563711199955],[86.92999453136159,26.489684066124504],[86.89369303605807,26.48799520067436],[86.8939997739174,26.48658773246738],[86.89167627345894,26.486188956056044],[86.890156256804,26.481760501994025],[86.89286293206186,26.477605921466047],[86.89189624124434,26.476372363554827],[86.89363569938995,26.476474660685334],[86.89224053487436,26.47553367880215],[86.89357002274771,26.473733937889964],[86.89273505478032,26.471994385155718],[86.89384230125579,26.47213640119659],[86.89252751489212,26.469150042729783],[86.89467452406228,26.469249216472864],[86.89526915885727,26.46739232771561],[86.89423019339637,26.46192695771567],[86.88462739665998,26.461395849742086],[86.8794403774248,26.457092897234897],[86.87529937809443,26.45751038578246],[86.87593568539093,26.455424386426632],[86.87337177252878,26.45404974345113],[86.8707876352331,26.45548510388391],[86.86656415169973,26.454740422410225],[86.86663168783048,26.456294183174236],[86.86482210740246,26.455907897452466],[86.8653074235213,26.457621824326324],[86.86141390280636,26.45794622070614],[86.86173295297881,26.45636404666661],[86.85985945030382,26.455992656616356],[86.85591676773187,26.44864825550478],[86.84586059408383,26.44830351118701],[86.84688858632403,26.44194909667509],[86.84459680569658,26.44280210061549],[86.84222060158523,26.440205456083138],[86.83920897678767,26.44065872092712],[86.83987343028902,26.442107036875452],[86.83780916294486,26.442597232356757],[86.83671079761453,26.440073256903876],[86.83499453482085,26.44112247448131],[86.83376935323756,26.439098169881387],[86.7975732352932,26.448208874390602],[86.76649648805831,26.459440822751464],[86.76273603297702,26.455806182995037],[86.76409292651908,26.451550040377303],[86.76033724475245,26.451846739430074],[86.76019980169926,26.448140632204602],[86.75405254933487,26.446785891512786],[86.75274966089034,26.445501271316935],[86.75337069807853,26.442395466247042],[86.74976502321833,26.441350980459955],[86.74755469158477,26.4362027377567],[86.7439699583285,26.435611104609183],[86.74476372894318,26.433978866987445],[86.7472870495772,26.433744933188414],[86.74722153915353,26.42817750616221],[86.74375281640312,26.427600080482957],[86.74086309374776,26.424758055487892],[86.73785212702862,26.425829181564087],[86.73751861204276,26.42342796606464],[86.73298054126697,26.424650582780927],[86.7313979900915,26.42261631369824],[86.72965969914443,26.4229373762438],[86.73072531710505,26.426389289738164],[86.72903081325795,26.42699021833674],[86.72751052896191,26.425038650413107],[86.72551320698541,26.426318292321398],[86.72026763580453,26.43485678396001],[86.70031092652629,26.43723984239336],[86.69859437415036,26.442755194974477],[86.6955709996539,26.444696677513917],[86.6963863667026,26.44884974088761],[86.69322533025249,26.451198207395322],[86.63802789841232,26.46332713730229],[86.63695838913688,26.466066502245486],[86.63402525485067,26.46578647859438],[86.6334498073654,26.464317946662128],[86.6299482761492,26.46856573841165],[86.62946625210462,26.466390044978233],[86.62693746767494,26.467026015172486],[86.62952350340613,26.468928817651346],[86.62596955978098,26.469328911579773],[86.62731421243586,26.475422223071238],[86.62959645122159,26.477629235328834],[86.62808390826166,26.47880257541955],[86.6269304043837,26.47694678098996],[86.62605140130498,26.48038841117723],[86.62183134244225,26.48168656099849],[86.6210890972155,26.48415151682952],[86.61808065066263,26.483697728936082],[86.614021391517,26.486967215233044],[86.61156468491369,26.48562798075513],[86.58828070621573,26.493476753191096],[86.57025070193014,26.496563180053904],[86.57072378920789,26.49776647740652],[86.56926184285007,26.497486996307668],[86.56374100191081,26.50350493245152],[86.56145974152183,26.50982800797716],[86.55442267326488,26.516102789808418],[86.55441789059829,26.518800314825068],[86.55602412548092,26.517844535511447],[86.55566555908548,26.52184490445158],[86.5550016098818,26.52422613025476],[86.55130562073103,26.524572736196976],[86.55094600593065,26.530184961123393],[86.54808745117846,26.531411602767918],[86.54154944278464,26.538722629230957],[86.52335418062171,26.543608510388236],[86.51550779859487,26.539219594852895],[86.49863400811235,26.542096239070712],[86.45593804460702,26.56797092399712],[86.42993295453672,26.5731390208326],[86.39521927365246,26.585062388030835],[86.39710368905001,26.593321627404105],[86.35632927833714,26.6042903238689],[86.34149700580306,26.605937067425856],[86.33907533150845,26.60893444889238],[86.34081948977229,26.6118966760383],[86.34217016831468,26.611436908888923],[86.34483645666889,26.61691316007777],[86.33289028587528,26.619137374109393],[86.30785418582907,26.61996275657222],[86.29304435857746,26.613106079504522],[86.2758645052485,26.617280380153236],[86.25310460919498,26.614682368706685],[86.2526875780539,26.617108084126542],[86.24790688303224,26.612387784090387],[86.24922220515106,26.609001915663676],[86.24645817108633,26.607352204071173],[86.24421325277527,26.608918638073256],[86.24431883966942,26.606073711964005],[86.2423840474183,26.605721193785037],[86.24320435454949,26.602947349357482],[86.2405428037091,26.60358881545782],[86.24001817411904,26.601465479916975],[86.23740644725589,26.601693852843212],[86.23752685294009,26.599533270132262],[86.23477734350621,26.598127032324005],[86.23436446169676,26.590695291301195],[86.23124064585697,26.593212098109984],[86.23081993796559,26.591504421070415],[86.22372591612532,26.591451832807856],[86.21767685060185,26.588479756290745],[86.21272029998234,26.59269786161426],[86.20788959336478,26.593005979258674],[86.20547504167487,26.59664562439582],[86.20180257124399,26.594578423229116],[86.20060162431875,26.597235638332464],[86.19828617592151,26.593484083564174],[86.19629974118169,26.59394328518341],[86.19698686316106,26.598037315681722],[86.19492613572798,26.59850783211885],[86.19673709026588,26.601190715173445],[86.19581261640013,26.607619153022465],[86.19064764628331,26.611805573135346],[86.19202142883246,26.612485496100092],[86.19345949398407,26.61118217882119],[86.19437872466513,26.612215294950147],[86.19224048045945,26.614841259257126],[86.18286133966468,26.613918187668563],[86.17593434552288,26.615488722617645],[86.17421366114712,26.6138966798176],[86.17144494308747,26.617043477559257],[86.1676493040901,26.61408227443317],[86.16159563497325,26.614911718184576],[86.15533134657778,26.60988588026286],[86.14566129525797,26.608599493235843],[86.14261586527645,26.605156346050983],[86.13633011212356,26.60633577158945],[86.13975182769293,26.616743987342893],[86.1410538461519,26.61679947827453],[86.13876408326745,26.628848759763255],[86.11957641423045,26.630061656887978],[86.07404852431232,26.649744486189398],[86.06980182935708,26.65734002936478],[86.02758034153386,26.666787180258012],[86.01890321244224,26.661138848568243],[86.01210786601759,26.65986253695346],[86.01161644612601,26.655171323328933],[86.00394029646858,26.65613004942046],[86.00053236843374,26.654827291817245],[85.99042256613018,26.657335685960092],[85.97581222885138,26.658451444038306],[85.97361467424406,26.65507773299804],[85.97006977814674,26.655042851439106],[85.96744798301414,26.65172058438441],[85.96469498719813,26.652562128352383],[85.9632962869979,26.650212719219592],[85.9601220877473,26.65101083212185],[85.95980039060599,26.64944039732244],[85.95658461127645,26.64871798092025],[85.95334221383231,26.64365841721653],[85.95398401690049,26.63900231173838],[85.95259353120333,26.637106687537475],[85.95563803130558,26.63086095839301],[85.95152935219869,26.624384507301322],[85.94945591137953,26.624938703392235],[85.94642863400186,26.621836809541044],[85.94817938092903,26.61396195480825],[85.94078639736037,26.613565806750277],[85.93808764412954,26.616592376252687],[85.93277442413338,26.613931230951557],[85.92910351958982,26.6168149940731],[85.92708012170809,26.609794447069305],[85.91385472350734,26.60883717277675],[85.9128883762967,26.60448372692316],[85.90918982063155,26.60458902926084],[85.90054668777785,26.60046583228212],[85.90072091875501,26.59502797500799],[85.89617041190861,26.59375519178307],[85.89199221927204,26.594711768740083],[85.8874821930565,26.582972923023767],[85.87974300496678,26.5841214121764],[85.87885803129166,26.582029622908284],[85.87322346946715,26.578973789858814],[85.87085784504191,26.579837670138613],[85.86861789825963,26.57529844107757],[85.85865139974385,26.568940299599415],[85.85838522943445,26.571629628593136],[85.85677775640134,26.572258035559884],[85.85185104121348,26.56859865483487],[85.84920907350441,26.568998387693615],[85.84859140650863,26.576981602150113],[85.85808457838566,26.58988296166503],[85.85125989889723,26.60867733699616],[85.83119529736355,26.611541342847076],[85.8306189927092,26.601622775869984],[85.81773942217673,26.602799665855876],[85.80359545008311,26.614960477652023],[85.80176817743951,26.624270415711653],[85.76982358939233,26.629869753335033],[85.75932977325432,26.63641922078729],[85.74859746383696,26.638850125927462],[85.73565808938716,26.65158789710589],[85.73417979810395,26.650760453836448],[85.73546924000948,26.652668876765713],[85.73224706553978,26.653862494727633],[85.73230814730344,26.655611677599207],[85.73499886116039,26.657381996687196],[85.73670981238858,26.664164078289737],[85.730240613328,26.665844901407294],[85.7306804252983,26.667806817917416],[85.72912463336793,26.667391502297118],[85.72563723298705,26.670654773960248],[85.72683050223365,26.673949802275835],[85.72362865281691,26.674248954591015],[85.72488112918376,26.682244231909905],[85.7235204033724,26.68322879328718],[85.7254648682064,26.68487970035647],[85.7233893317529,26.68682641266401],[85.72529967497918,26.697324738051886],[85.72331904910672,26.69982273393149],[85.7247983900434,26.700331918916596],[85.72432935122771,26.703402137267446],[85.72647791821922,26.70673554229214],[85.72498987802354,26.7070954372978],[85.72478422534115,26.709893967098385],[85.72803071816377,26.717575101677745],[85.72579945304344,26.720935073486284],[85.72807395517805,26.72493445234689],[85.72946544781324,26.725016691031666],[85.72804634787089,26.72980797215153],[85.73132759662629,26.730535539115657],[85.72960125813464,26.733951763989687],[85.73065206766056,26.736114460399026],[85.73398055201639,26.737133114209165],[85.72872311024388,26.749842509147598],[85.73514023223139,26.77798182939062],[85.73447904933052,26.795872497043078],[85.7287640064825,26.80287084560492],[85.72877529835326,26.808337625564974],[85.7211305851416,26.820357631079727],[85.70431739106822,26.832292502851892],[85.68103302096118,26.843217499021744],[85.64242295038622,26.853269073397787],[85.63455417919226,26.87221166264126],[85.62390423937967,26.87378100293476],[85.60707875493966,26.857531629097487],[85.58566484995481,26.8473587728455],[85.58633827631229,26.852785211162928],[85.58387181264176,26.85813054676124],[85.57826486920511,26.8567513280105],[85.57864479900203,26.85914600873015],[85.5755574581004,26.86099254530403],[85.57237028049225,26.857442205906153],[85.5659833374418,26.841102225208765],[85.55782517726824,26.844308111883954],[85.55364789107261,26.834518190551094],[85.54328826773995,26.838381989159966],[85.51971269742387,26.814553584801406],[85.50713233477283,26.81668180319864],[85.49769817628422,26.81190104089944],[85.49891734484504,26.810405755629958],[85.4968645628826,26.809203500044347],[85.49795493784495,26.807756778768024],[85.49547918402482,26.801557015022382],[85.49679777559014,26.799250129151833],[85.49564320655519,26.797033183770964],[85.47918337868393,26.80214698243031],[85.47790065776915,26.792882852421034],[85.47347618785047,26.790169912260797],[85.46530208160293,26.788005853294997],[85.46416490146937,26.78889023744424],[85.45456231214158,26.781784149848118],[85.45191352072348,26.78137730030872],[85.43266858105478,26.790086857026637],[85.42997156315161,26.78676522578604],[85.42618177621033,26.78608242443275],[85.41843004114783,26.7903368915002],[85.40773796458696,26.791345862931255],[85.40291245527705,26.783136787172737],[85.39812255036152,26.778857018187452],[85.3924362419655,26.775397432374824],[85.38443663050298,26.77426497259899],[85.37510903747254,26.760910546682716],[85.3708267231784,26.758361574992268],[85.36816146310106,26.758646590807224],[85.36401461404185,26.760193858474437],[85.36174749034866,26.76279688643371],[85.35538695399767,26.76013429596651],[85.33451094275148,26.741667877436086],[85.32288880166482,26.745221552098027],[85.31917350024308,26.749274257386197],[85.30710412685757,26.751935811695493],[85.26055677071737,26.755382681062173],[85.2399943588673,26.761958276477475],[85.23249485104367,26.76240010515051],[85.21262061005538,26.757997843451903],[85.20473088929342,26.76272998711517],[85.20106299579857,26.768662041422953],[85.19726054181852,26.769670046628608],[85.1914999584536,26.782068037540004],[85.19467300429173,26.784296107467448],[85.19292477615008,26.790399474140735],[85.18655672629686,26.790895967293388],[85.18599448282374,26.79556229420013],[85.18058005813056,26.795584145397772],[85.17938082894779,26.7982680736279],[85.18247731053418,26.800719948573708],[85.17673592874776,26.80962247060554],[85.17703375618136,26.814961750311053],[85.18470136855481,26.82197253347725],[85.1912132350903,26.830815870888426],[85.19281334840501,26.838512735167104],[85.19097316483264,26.849952804795983],[85.19313202624896,26.86332207595579],[85.19084225550294,26.869824437250244],[85.16513117150136,26.86860701405455],[85.13995330306895,26.871120835639182],[85.13497168608954,26.867728118147653],[85.12380631941734,26.871412486415437],[85.10538494661915,26.87169607262566],[85.10511462509872,26.870698348255022],[85.09987857779277,26.871063286931562],[85.09602626749043,26.866941774729334],[85.09024591526334,26.868882934426992],[85.08646425811949,26.866806121401975],[85.08620789111731,26.863495756255716],[85.08987339938561,26.85965541982455],[85.0870138830679,26.858906124298457],[85.08753303280406,26.856444538982466],[85.08388044369754,26.85353256133846],[85.08365095752073,26.85627626191005],[85.08160598295069,26.85519992026115],[85.08170411159676,26.85682611994585],[85.07993447358756,26.85637462943744],[85.07821637934671,26.85865765041872],[85.07698944333907,26.85815917068974],[85.07810976289989,26.85550154199815],[85.0765732064802,26.856680774002026],[85.07613446374846,26.855490741660056],[85.0666000987293,26.853731798515366],[85.0660149830911,26.85058743793849],[85.06412523638295,26.849534751581025],[85.06178568291209,26.853510799783965],[85.06507652155828,26.85632905358455],[85.06268194218197,26.856384929884527],[85.0633138833699,26.85818135865218],[85.06140969806093,26.856794483959217],[85.06277622168304,26.855547082929075],[85.06103539612337,26.853955093818396],[85.05801126086494,26.85585514168777],[85.05750790461614,26.849050425541108],[85.02397020486434,26.85437725390345],[85.02382609019237,26.855444539592277],[85.03080856341997,26.858527348262257],[85.0304800307212,26.86184794839105],[85.0272400203371,26.861134821485546],[85.0266820450065,26.862409507061393],[85.02885443368203,26.863369774384374],[85.02853671732204,26.866433759161893],[85.03206026049521,26.86698815841221],[85.02983738839035,26.870244133960725],[85.03085823301176,26.874363944196613],[85.03685346982796,26.874057877987326],[85.03869052583549,26.877489941176634],[85.0426668618469,26.874131773396336],[85.0426580377971,26.877246010105438],[85.04442064288878,26.879173314668204],[85.04703848861475,26.87813917195218],[85.05338958737553,26.880587474366845],[85.05353011489407,26.881991023116793],[85.0507860422358,26.881828932519916],[85.04932578549095,26.884563099466416],[85.05183825531161,26.882932703200506],[85.05483078658183,26.884309047437466],[85.0561896269463,26.881061490163717],[85.06119730736587,26.886585247537056],[85.05937666756692,26.884931817761192],[85.0524027349849,26.885942361173292],[85.05369117651067,26.888914574495864],[85.03855325443243,26.891163588116285],[85.02271043912373,26.89160533269073],[85.01974639260726,26.89310675994411],[85.00495649649632,26.894737462711632],[84.99283546605534,26.90300281660209],[84.99310005565096,26.905628093274387],[84.99542170030598,26.90646205560855],[85.00226848720257,26.903727305805955],[85.00006286144087,26.911877283927844],[84.9680638385242,26.916144636941258],[84.97100829250216,26.91723032886714],[84.97042609019826,26.919999911764837],[84.97195848795265,26.92160561120827],[84.9696275503842,26.924757223207184],[84.97206396771168,26.926186468817335],[84.97033368170248,26.92895254653363],[84.97690918319606,26.932275902239493],[84.9784055348922,26.936137270734836],[84.97516925805785,26.93925776608095],[84.97850816603717,26.940086030212612],[84.96532874910554,26.95657694329077],[84.9662103920859,26.958096994687892],[84.96471577214422,26.95794607696044],[84.96257975998967,26.960526502695906],[84.95357433572262,26.96002549881371],[84.92984567366803,26.968690697796024],[84.92403037930042,26.967567514241992],[84.91688166473259,26.969078937871565],[84.90926711605408,26.968091042904195],[84.89896110562489,26.970141350099876],[84.89655657763687,26.97306355501539],[84.8919844677303,26.972777069083683],[84.89265494285465,26.969649756769915],[84.89157572619945,26.969675146739238],[84.89060834470777,26.97452544159003],[84.88801454663556,26.977621440251827],[84.86475965668092,26.984243507621308],[84.85879052007638,26.989169264351638],[84.85570876627152,26.986387204549693],[84.85744628477352,26.990451523838363],[84.85505531630656,26.99339233404796],[84.85761121463355,26.99259604252369],[84.85669239559492,26.99634857878675],[84.85777507251686,26.99762494959887],[84.8537853596262,26.99887719356153],[84.8496196052975,26.997703006138604],[84.85271797597981,27.001182245740676],[84.85133390412216,27.002294198875877],[84.85206695301368,27.00562660933555],[84.85504731127925,27.00768754433583],[84.82540156344695,27.020913246896022],[84.81674117623697,27.02058273762953],[84.8133391233277,27.01817899938251],[84.8117511611633,27.020479283064834],[84.81207806468754,27.015666490880427],[84.81055289189091,27.018412622177806],[84.80853548419408,27.018063572479672],[84.8068414297448,27.01414925998492],[84.81080179825997,27.014428851058486],[84.80983352439031,27.010900846165065],[84.8080161447505,27.01209310954678],[84.80697896134127,27.010817729616903],[84.80684589726866,27.00800335393991],[84.80805976899113,27.007621425309],[84.80152318978652,27.004948645907305],[84.80046573469961,27.00088131974406],[84.79725278962272,27.00422335727345],[84.79356053279633,26.995838222961925],[84.79057923766537,26.997219777600087],[84.79195184889961,26.997906519626046],[84.79117200485817,26.999583710848988],[84.78857586326167,26.99693703524684],[84.78830639040919,26.9986791378442],[84.78619995399379,26.998505241146745],[84.78899320091804,27.008912275772317],[84.78678873906335,27.00903504691368],[84.78574244271147,27.010939807028098],[84.78479775506567,27.00758054007165],[84.78273715024682,27.01411202631893],[84.77342089235948,27.01773611966224],[84.76489067709568,27.013151962518155],[84.76038448615833,27.005056558451955],[84.75674021827157,27.002845995319067],[84.73304208599387,27.014231600009904],[84.72149193581049,27.01405227309657],[84.71875713964846,27.0175353467667],[84.71728793905956,27.01722562890143],[84.71669439956223,27.019723486791396],[84.71468463514036,27.019604875031423],[84.71327827479804,27.02175262103382],[84.70961542269973,27.021317503303855],[84.70126691389703,27.026996822086844],[84.68171615872731,27.031534822070643],[84.64339421079374,27.04614447120763],[84.64290171998516,27.0485949573105],[84.64449123137021,27.048946509561038],[84.64308336595516,27.05062565906277],[84.64647216316264,27.05205525313334],[84.64441507473734,27.05637776997748],[84.64575383315257,27.058517132840535],[84.64285960775231,27.059432376714284],[84.64537336477842,27.063828051288866],[84.64310790076223,27.066005375073765],[84.64742132519834,27.071050444258514],[84.64615993451874,27.075647087406544],[84.64716674188486,27.07642596587377],[84.64858779343568,27.07468822868974],[84.64926183122712,27.07713765538285],[84.65194426033999,27.078459804497854],[84.65293445573452,27.077547619711225],[84.6528506679406,27.080688254348665],[84.65587491249514,27.079208051248784],[84.6584513151706,27.079860738338162],[84.65832047356339,27.081041528755023],[84.6540981288154,27.081812442191595],[84.65464440021286,27.08388236111052],[84.65757831984067,27.082697120700544],[84.66267931590718,27.08701414091347],[84.66471935900803,27.08631619114851],[84.66304223879605,27.0893603125233],[84.66596002829486,27.08759300311283],[84.66656885993672,27.09054476015206],[84.66883876682986,27.089679229091537],[84.67042175316593,27.091180787163395],[84.66802723733338,27.092737425849762],[84.66379394664472,27.0923802818036],[84.66437845105526,27.09459172570804],[84.66716881569117,27.093374744916154],[84.66979416847599,27.09818204977489],[84.67282106580645,27.095384725719548],[84.67449035242667,27.095905735602166],[84.67561802159278,27.103805332571174],[84.67347209286496,27.106070470011502],[84.67485983076945,27.108863268789698],[84.67059726999535,27.107180201240286],[84.66976923497272,27.10955473878865],[84.67239895293258,27.113975623323164],[84.67684095384146,27.115186668020957],[84.67542027846748,27.123048458789448],[84.67860622662295,27.126256422812517],[84.67933460008878,27.132245734031986],[84.67759239513607,27.133163765499667],[84.68384420950537,27.143548345144755],[84.68343764937475,27.15047763004542],[84.68049301266926,27.15175490642911],[84.68263757306768,27.152410588964944],[84.68677730080103,27.158366810424642],[84.68460365700167,27.160852860828538],[84.68177141126819,27.15923785239638],[84.67710654677012,27.162626844579318],[84.67759984202551,27.166390608829392],[84.68116115989746,27.16889011473913],[84.6798845087525,27.170440459013438],[84.67617371023232,27.169345452425997],[84.6756506518023,27.171237499083812],[84.68342881183429,27.177491947693124],[84.68189778798312,27.180247655734572],[84.68571730550497,27.181049170043842],[84.68349486668805,27.182301823243844],[84.68395491954611,27.184297609301506],[84.68113405683516,27.183880662552966],[84.6818334489136,27.18583420719898],[84.67968866519864,27.185170043207773],[84.68200520544677,27.188320631422055],[84.6835060427917,27.19624892954088],[84.6802607533147,27.200139824944475],[84.68557234363549,27.206159773276337],[84.68565168567144,27.208591841475364],[84.68717653585794,27.208902101968377],[84.68469809588257,27.21284643919963],[84.68689099683067,27.21329990928586],[84.68753567951714,27.21520892964412],[84.69114438087007,27.2148219712066],[84.68973343978716,27.222661241141804],[84.68683679303162,27.223889446767885],[84.68499543767489,27.23136476670726],[84.65125472519486,27.292352544161716],[84.63566511643353,27.318078264924438],[84.62189321936538,27.336927334565218],[84.61845176329345,27.33773038769218],[84.60642969655447,27.33566810911203],[84.60142838448654,27.338649054465378],[84.58656107346766,27.341060594677803],[84.56638778659425,27.34724888510825],[84.53347344313711,27.350117582369723],[84.52043966869115,27.353676171808985],[84.51840572464349,27.35209513103761],[84.51384017474184,27.352673608369958],[84.51054906522259,27.354336818955606],[84.48569504643649,27.358271835757655],[84.47635683434144,27.36231581762595],[84.47249106769827,27.355440201600874],[84.47034159262053,27.35471081235742],[84.46618325310924,27.35654317417555],[84.46490286644668,27.35944811863077],[84.46136201370642,27.359438118272923],[84.45786778927835,27.362033734075375],[84.44687980021878,27.36350807207405],[84.44422515426628,27.368381575119518],[84.44044263711248,27.370480269914577],[84.43574031449391,27.369160677968477],[84.43093860458681,27.3712428528176],[84.42840438232552,27.370528182527057],[84.42443966599961,27.371821500360912],[84.4208781473961,27.369685032859422],[84.41354421708961,27.370742769993136],[84.4098623741135,27.368494657281808],[84.40592339823147,27.370429145215045],[84.39926144587432,27.369221705905918],[84.39655486422832,27.37045514226483],[84.39188490379424,27.367988181465105],[84.38810040756478,27.371926462055402],[84.37360587255777,27.376600499498185],[84.37012253116075,27.374225391866332],[84.36429091385685,27.37318778585022],[84.36303244905324,27.37447428605246],[84.36079854910203,27.373441593418143],[84.35713739738264,27.374772684520252],[84.34744232323611,27.374608437430094],[84.33792203838715,27.377840581340486],[84.33310702846634,27.37726539947916],[84.32807308822031,27.380655037231612],[84.31751605357634,27.3819017273652],[84.3121143356028,27.386209657964873],[84.30495166063957,27.38785950984735],[84.30049419444677,27.3906563658289],[84.29730049796692,27.38880570375326],[84.29536655790152,27.384889028410868],[84.29238247421709,27.384811550793454],[84.2855516533642,27.3910612032022],[84.28310586716299,27.39652546134458],[84.27691467670253,27.395754727760913],[84.27587316074762,27.401477900190397],[84.2795632450143,27.406659978968122],[84.27750321935213,27.409140840018658],[84.27833899986057,27.41580760833398],[84.2733182298366,27.421510931309452],[84.27305182780871,27.428456256902333],[84.26793114101164,27.432025058091416],[84.26683303364223,27.434573765870443],[84.26181327630465,27.43553032688685],[84.25851717436393,27.43919458665661],[84.26008735109845,27.445574555857153],[84.25554687055933,27.44908070412924],[84.25426095605842,27.45404975220822],[84.24607019934693,27.45306654741559],[84.2423357126601,27.454704200443896],[84.23969832221833,27.452451852332413],[84.23083390050758,27.456284799479494],[84.22683102486714,27.451132425853267],[84.22512744295732,27.45138334563069],[84.22063417188525,27.448106871183864],[84.22071303944365,27.44117539714131],[84.20892742631092,27.442600146299696],[84.20613532984044,27.446715894759862],[84.20770157917426,27.44902274798159],[84.20678304120725,27.452540046881325],[84.20800226035506,27.456296414189943],[84.20421773311217,27.459463995626418],[84.20946518804608,27.465606392780384],[84.205424970285,27.470427081946987],[84.20174254514777,27.47050854597139],[84.19951399168542,27.473110493286445],[84.19497859064163,27.473539721751756],[84.19144507820495,27.470018690128313],[84.18689690896409,27.470092706714908],[84.179500157929,27.47578827393192],[84.17576086917687,27.47414909584835],[84.17100008319443,27.47541386245509],[84.17090212196176,27.479231114689437],[84.16692110327055,27.479839669152692],[84.16691134279559,27.4818695783705],[84.16287157361919,27.48415774007692],[84.15427935065726,27.483978016144274],[84.15216204386462,27.486612117490516],[84.14912963129503,27.485908328950583],[84.14743750538467,27.49388454029448],[84.14456165438655,27.496404160752935],[84.15021446592725,27.50089890557383],[84.14843776526564,27.503035766940624],[84.14979836370775,27.504301002673515],[84.14943734979808,27.509052725860347],[84.15185924821408,27.510437693067896],[84.15008737421141,27.51267945982888],[84.15137255247454,27.51667294973951],[84.14861754805804,27.516631227796008],[84.14585675180017,27.518657655552992],[84.14363924182338,27.516939885811333],[84.1387226656036,27.517738506697782],[84.13012985196053,27.511787181218477],[84.12418814327137,27.510842447140515],[84.11725832887201,27.513394159243134],[84.11684444817153,27.519165487234147],[84.11062188138561,27.519531502908464],[84.10870893700042,27.521777475151758],[84.09769672753654,27.51709274791906],[84.09985423273213,27.510448383553825],[84.09867576311801,27.50529950895032],[84.09713418997326,27.504903722455992],[84.09869189180412,27.502566555985968],[84.0948378560224,27.48901914261985],[84.0913092031925,27.489075763987454],[84.08950415985603,27.485935627115815],[84.08490780701747,27.483356540009332],[84.07797789347248,27.484225147322913],[84.07452687115637,27.482474900586652],[84.07447836129931,27.480457992838044],[84.0716869907274,27.481583518615228],[84.06969225691832,27.480797634385958],[84.06630023765092,27.469329356163342],[84.06165579820828,27.466687877223627],[84.06240464279232,27.464283237077524],[84.0590845722456,27.4615739054899],[84.06012680360493,27.45795455375078],[84.06209618917443,27.456710653844244],[84.06013922994704,27.45437235957452],[84.06115633092261,27.452713350173678],[84.05523597532826,27.44988018746888],[84.05156277641026,27.442632341460488],[84.04353951298975,27.443405255746786],[84.03703587258858,27.44227822692559],[84.03634864844234,27.44081105995386],[84.03188573166385,27.441570434572146],[84.03121472908745,27.438591837614737],[84.0274158385604,27.439675710740705],[84.02574268946252,27.438192550592408],[84.02740835196478,27.43583758233932],[84.0269271447456,27.43354075526184],[84.02187421186,27.433334502491675],[84.01961926376887,27.43616329105767],[84.01581279127183,27.434878143937464],[84.01240863632533,27.438502866998654],[84.00882400928019,27.438006366546187],[84.00841019418135,27.44026949385719],[84.00548544413839,27.439824044017254],[84.00528236553389,27.442457706948908],[84.00244569165169,27.44240184768181],[84.00135089793979,27.440028674527337],[83.99949192097496,27.442256675753082],[83.99837753124845,27.44105288135347],[83.99668681211627,27.446050377387028],[83.98745689070594,27.443319171352517],[83.98460387088116,27.44384136378171],[83.9780845330807,27.439688772055195],[83.97770021302873,27.4418927293172],[83.97549009936567,27.443056449523965],[83.97342832627677,27.44187377465772],[83.96731418872278,27.446097695686074],[83.9470785937922,27.44075052984255],[83.94513858823663,27.44139416553722],[83.9409317218172,27.44844649781604],[83.93463628186299,27.448330590401323],[83.93347595222589,27.450471187610944],[83.91387879468924,27.44089950331487],[83.89122757930774,27.4388674695746],[83.8754930542239,27.435389511000295],[83.8648208550458,27.43865389446335],[83.8556807417642,27.445808547419073],[83.84829349336543,27.44635604689328],[83.84299230290993,27.441712663401372],[83.83729623897138,27.43160919074386],[83.83307312051163,27.429320012737715],[83.83311248167085,27.425082514428127],[83.8430416142954,27.414185073430207],[83.85602661478458,27.404883334167412],[83.85990104186135,27.39483561057225],[83.86447041211365,27.391233435016378],[83.87566581371355,27.386720960025702],[83.88316535496733,27.376560388436296],[83.88020685905877,27.365335523741248],[83.87201260989112,27.357784136347576],[83.8637894391331,27.34700792880771],[83.83084256985632,27.369788698349208],[83.61425345090417,27.469443319183387],[83.38817515478175,27.479755211281915],[83.39180522213587,27.477936018224362],[83.39222654899257,27.475914989848807],[83.38966937696127,27.474591500391195],[83.388263012276,27.470778415508853],[83.39530421300036,27.46963739191109],[83.39509267486555,27.46660766480279],[83.3976199987261,27.465524975160044],[83.40108358319927,27.467310877868297],[83.40242499272665,27.46618605070733],[83.39951604430219,27.462954976872947],[83.3999911823603,27.45907863956361],[83.40173927931377,27.45753906602844],[83.39761540917043,27.448246932029804],[83.39531263109183,27.44650187804175],[83.39078205722606,27.446422767687412],[83.38350786690802,27.442241934465496],[83.38615220703502,27.43909045342696],[83.38391045380442,27.436276617228472],[83.3915972699034,27.429796950783377],[83.39291348183835,27.424830204113753],[83.39544580159594,27.42251688958211],[83.40092620643141,27.420917750804325],[83.39970689146244,27.418993622266267],[83.40496395615234,27.418854508013172],[83.40684812057873,27.41534928030523],[83.40917262082806,27.41489552023367],[83.40934186039904,27.4128060521868],[83.40598785754646,27.41136707520172],[83.4053917829488,27.405425029169578],[83.40231625431281,27.400875632160762],[83.39647659223819,27.395984876271463],[83.39279182294041,27.395886919021375],[83.38450991307201,27.39016729515004],[83.38481438421387,27.385701844833925],[83.38790415686725,27.383268023954436],[83.38627158091806,27.38051608309836],[83.38768243504292,27.375617957252857],[83.38214475179112,27.370514444614763],[83.37463615502038,27.369996801699482],[83.37212608033788,27.364613570556763],[83.37376249610891,27.357215117590744],[83.36903658926433,27.357794556361277],[83.36802452328651,27.35571068325037],[83.3640707017657,27.355467867251196],[83.35789207252358,27.350717781616453],[83.35923388073289,27.34326157872854],[83.35397852443063,27.344032335761998],[83.35086563192932,27.342265509281827],[83.35224305488104,27.339928217702912],[83.3441119629496,27.33826953280691],[83.34303012112656,27.33505213633502],[83.33716809603453,27.332632847760728],[83.33502379785975,27.333830335565832],[83.33181729868686,27.332839734103548],[83.32930997848761,27.334541208604907],[83.32723378012767,27.334173476704326],[83.32500720509697,27.336611408397136],[83.3178390059133,27.33741580991371],[83.31884752400863,27.33611171053618],[83.31565090875536,27.33292110558234],[83.3175875176092,27.33016364176863],[83.308473769438,27.33362535620355],[83.30486455332354,27.331302502614136],[83.30064171799953,27.334504432153526],[83.29487765238984,27.333313650490958],[83.2944069426946,27.33492685822495],[83.29162787009052,27.334925150204302],[83.29291506510191,27.335996838544084],[83.27242714732597,27.352628147103648],[83.2653168615393,27.365367567203627],[83.27215158228876,27.383348648681967],[83.2399623863305,27.406408997326643],[83.22573070216919,27.41168324907636],[83.2188305508898,27.416220196207124],[83.21110562557493,27.423493732548636],[83.19590944599935,27.446386655201856],[83.18794799528999,27.45431551939095],[83.16571592855554,27.45746008663494],[83.07722103928305,27.452703415303553],[83.03457411764566,27.44872299122185],[83.01896211731425,27.45390903043531],[82.96664247168964,27.464102451097173],[82.95409237740448,27.467732553344607],[82.944622196687,27.47693435867342],[82.9395733197873,27.49103943072669],[82.9292879938328,27.501189849501518],[82.86584615641796,27.498558061349247],[82.84786087585326,27.499433704808833],[82.83251045547587,27.501938695663405],[82.80144020897143,27.49639850863133],[82.78502264359197,27.499996222658265],[82.73554694044985,27.50235207381607],[82.73508697367485,27.507990892423752],[82.73764261968857,27.50862701072919],[82.73678727211019,27.517891339862683],[82.738716435534,27.518548756627556],[82.74316906339102,27.51651613513312],[82.74189990458756,27.52073348658664],[82.74508624673659,27.519704964031185],[82.74630061562445,27.52066643470903],[82.74717771928599,27.519267757553703],[82.74964769741098,27.522567730661233],[82.74746007127833,27.52281156393922],[82.7493102376828,27.524512965809098],[82.74795210582725,27.526839460382615],[82.7462271958931,27.525617965165196],[82.74704109004819,27.52772501330914],[82.74513698269949,27.528699717700526],[82.74716198011946,27.531294344277207],[82.74434287390288,27.529519779213047],[82.74552660422167,27.531351699428075],[82.74195723559127,27.53165488078897],[82.74451407448785,27.5337141406598],[82.74393127234784,27.535594801662125],[82.74067065872411,27.53629892947199],[82.74324184318141,27.541146693663137],[82.74172771608453,27.540992028415573],[82.74122743609132,27.542653898198992],[82.7427321422053,27.543031163183223],[82.74065491474491,27.544375999842128],[82.7419747775922,27.54606025375294],[82.73900949156635,27.544834071887042],[82.73776509711398,27.54655576327078],[82.74096422137453,27.549952024418047],[82.73880922886532,27.550055812009997],[82.73828242883823,27.55187229626893],[82.7401332385163,27.551319116522176],[82.74119716693357,27.553438169805975],[82.74530811701861,27.553937925279193],[82.74694957715037,27.555559071559365],[82.74351647443505,27.560291661328755],[82.75084877691438,27.564912284877842],[82.75080881921232,27.567687321682307],[82.74742091542758,27.572520921378814],[82.74921726668737,27.57403122564948],[82.74865535932318,27.57641190921281],[82.75088734332722,27.576976400087513],[82.75234716013975,27.58519531344556],[82.75576695321419,27.587799188287963],[82.75039269890385,27.593686202830003],[82.74504328984833,27.595494353405826],[82.74567490043067,27.600763682857213],[82.73511538183314,27.609932898743843],[82.73666190379502,27.61218505974324],[82.73370923190436,27.618714739976767],[82.73651653866983,27.622424354281332],[82.73112299162996,27.623850928559637],[82.73666857472807,27.625960851409186],[82.73404174745015,27.628761797127208],[82.73837719727013,27.63248894152784],[82.73516981006918,27.63592541668422],[82.73766841661644,27.637419258436527],[82.7366016274058,27.643452775677545],[82.73344594668141,27.642922768596634],[82.73348688821568,27.646445416442056],[82.73044073368602,27.64505722707792],[82.72886557656291,27.645792855428645],[82.72916691370482,27.647534894941646],[82.732106192096,27.64914199791798],[82.7257497547463,27.658376948741584],[82.72332497418193,27.659235120163483],[82.72018622718828,27.657534922266763],[82.7189523436758,27.658897827774755],[82.72022164973895,27.66182281620917],[82.71447950440633,27.66259745124451],[82.71150068678845,27.665290109023466],[82.71557508087139,27.667633966252964],[82.71296846002866,27.670847714497594],[82.71589519460079,27.67290507950344],[82.71595492617872,27.675868876061646],[82.714192841853,27.677157976467253],[82.7183399413059,27.68736075856744],[82.71574352161026,27.69177683739368],[82.70973653792855,27.695575473199945],[82.7060751036305,27.7016974484051],[82.70540249772885,27.710262290102126],[82.7076528448363,27.722916407878117],[82.70508888634934,27.716627096690296],[82.70208653985596,27.716150033099378],[82.69912611298194,27.72195250218248],[82.69532745418394,27.718163255500272],[82.68904244961755,27.715129892613596],[82.68089459923777,27.713905991648286],[82.66580041781646,27.715943360464777],[82.66431759418298,27.722638672102132],[82.65524108456272,27.713457420909148],[82.63806806220286,27.70911366391041],[82.62734603935712,27.711437182374734],[82.62741332338933,27.70926265800275],[82.61886912100606,27.70233073192939],[82.605193056348,27.706068287230295],[82.6002861712222,27.704352028519047],[82.59407857261809,27.697373111995795],[82.58509464232837,27.699050665682527],[82.5546527727496,27.688529026692375],[82.54989101455195,27.688880011320784],[82.54128245869946,27.68569937982742],[82.53931570000884,27.687756027448266],[82.5313830115044,27.68651991670169],[82.51660877833773,27.69055789165158],[82.50083700889289,27.685126877327367],[82.49224246943396,27.68436705223847],[82.48988805517915,27.681652233846062],[82.48430822179346,27.681068343602075],[82.48203999389376,27.68316000315174],[82.47330804467067,27.67667349627105],[82.4486703122036,27.679315057073072],[82.43661701259158,27.685980204149093],[82.42710790301646,27.689156377943323],[82.41287493159652,27.699047203105703],[82.40172418881554,27.703723008589286],[82.38272833510291,27.720760093166863],[82.3677155082173,27.742918939257194],[82.33668700935965,27.754608637234565],[82.30345723815701,27.772833245684616],[82.25271121734075,27.810352400422765],[82.23043807384322,27.821135220127715],[82.20830675107344,27.84357880328645],[82.17662845812124,27.855480287510577],[82.15400769327702,27.866808033119693],[82.15023721530059,27.858463167183174],[82.14846990068378,27.858368713810016],[82.12138236443037,27.865846270901542],[82.11392092162392,27.87822445547395],[82.1005617952782,27.88611512563269],[82.09109115634935,27.89454540609934],[82.08978781997469,27.899314564754373],[82.0805025351684,27.908862515025582],[82.06996083774078,27.923645819395624],[82.06214106875312,27.921694451813426],[82.04467858434623,27.924604553829372],[82.02512502659323,27.925103308189],[81.99130408227634,27.929164100506423],[81.96832425065615,27.929120762994103],[81.9617858852187,27.923322645660818],[81.9593931835766,27.91648479237535],[81.95092795430614,27.91035912686144],[81.94750265588121,27.90334010247137],[81.93821578686206,27.893984220094364],[81.9380260816626,27.887881868648634],[81.92983768493048,27.882653023103025],[81.9252289880597,27.87532785695263],[81.92584984415961,27.859831336711803],[81.90011690592178,27.853576404477568],[81.8849584918323,27.856950582216143],[81.87761937202083,27.866116960249496],[81.866260270374,27.87482001370524],[81.83957412897018,27.891372939815692],[81.8340933053033,27.897228826563264],[81.82502337878158,27.90065595696913],[81.82105922437776,27.903677493496424],[81.81339980509195,27.9044323596933],[81.80494004051978,27.903320397362037],[81.69844070533496,27.988191085257256],[81.64375639604364,27.993617640178595],[81.63884834160075,27.997335635281914],[81.62729564029068,28.001934044968394],[81.62652391982978,28.000907424211952],[81.62398513676233,28.001601001013917],[81.61806674532468,28.009455902831746],[81.59603522221067,28.02127419519239],[81.5844825543812,28.025472585262712],[81.54742461111414,28.049302973594475],[81.48777121212221,28.07706069441684],[81.478276328548,28.082713169546608],[81.47981160123356,28.110295608974926],[81.48400523282066,28.118565967159228],[81.47367853617749,28.125453528864227],[81.46768888098528,28.127235497122125],[81.44993367679433,28.140850619562453],[81.45023212214602,28.150888927676988],[81.44608299726734,28.15589575264466],[81.44668362943605,28.161015665618578],[81.41768646093811,28.17374379946136],[81.39060716631055,28.173732294123276],[81.37351487648401,28.177300702169834],[81.37228190674118,28.17655074647294],[81.37448727170332,28.174897702445907],[81.36771261209046,28.167543436813048],[81.36701820876006,28.163092517279477],[81.36958113483853,28.160341553905287],[81.37635768021696,28.159136868121102],[81.37758002773592,28.156623958923827],[81.376228335876,28.149963454445807],[81.37107632428416,28.14349157791672],[81.36716797153535,28.141493364406553],[81.3423560080701,28.139617932256108],[81.3347743553902,28.140285856251474],[81.31803071345358,28.133671646329354],[81.31535796808282,28.137219836058332],[81.31825703587678,28.145193045909352],[81.32805946350332,28.148081655200635],[81.32038387054769,28.160283917482086],[81.31205987867548,28.15589795950447],[81.31013496314377,28.16038772069831],[81.30200419006589,28.164762662250354],[81.30267845226567,28.167681889743317],[81.3213471995664,28.168885656216766],[81.32466305194593,28.175287008909415],[81.31844195269333,28.18251487082815],[81.32094381780092,28.197554311144124],[81.29946711318989,28.220089868785056],[81.29197753803813,28.22292086157346],[81.28601397824191,28.228716898552882],[81.23263861656226,28.289148133655186],[81.23448227993235,28.324738624341734],[81.21914194444835,28.345467692363865],[81.21329237116227,28.35851140880511],[81.21059687760692,28.360833495936912],[81.11632199120608,28.377129196547664],[81.07973896619029,28.385059652078755],[81.04698668543975,28.41042641702555],[81.0356733690091,28.413577411676062],[81.03383359321859,28.398898357024915],[81.0175317702115,28.41547259252627],[81.03420343795167,28.4281791651284],[81.02942435059074,28.43879462414915],[81.01928319655605,28.431466987985065],[81.01260932942449,28.43781974888886],[81.01675713764794,28.451288842901555],[80.99888701236506,28.45305950380475],[80.98894885917903,28.441535889230703],[80.9776458139662,28.442422256842995],[80.97883414440376,28.43415188226969],[80.96496921194122,28.43791368726336],[80.96786741347258,28.443032028882865],[80.9646434613492,28.44483768316133],[80.98016738569511,28.455241628352635],[80.9669947889709,28.457153561329324],[80.96416078233284,28.449616589727047],[80.95172675215137,28.447640152384025],[80.9514296942182,28.455780863633766],[80.94437266318089,28.454928523027764],[80.93202126538675,28.458890655403557],[80.94554942968405,28.466259640749097],[80.9425680083223,28.46888969919278],[80.93236772646901,28.46349212308813],[80.93051753117687,28.457774754063543],[80.91721654273846,28.460045000255302],[80.9195428731295,28.46422520962599],[80.91414818078732,28.468427711482814],[80.91541461107474,28.45763715131725],[80.9055559320117,28.46636749524618],[80.90153391632374,28.486105927256993],[80.9067311247668,28.49014300550873],[80.90874012504227,28.49810953361127],[80.9000537562601,28.501094132616924],[80.89609396698526,28.507019421944804],[80.88542157755144,28.507739602512647],[80.8754347570765,28.51070820465505],[80.86152161840135,28.504393573875696],[80.86594896566271,28.48958385812923],[80.85563094216951,28.497560485950146],[80.8445370251907,28.495754256539637],[80.84386276206574,28.499782097384596],[80.83003387640616,28.51210263686107],[80.81544599189424,28.52070907690933],[80.7996829801853,28.5212330001982],[80.78919453355925,28.5245187193646],[80.78460805113778,28.529360600965976],[80.78960010901692,28.543387796552988],[80.78285468917925,28.546691989121705],[80.76971067479734,28.549946958072855],[80.76860067118457,28.56590716967306],[80.73830037995714,28.574826603617215],[80.73846258246452,28.566388134902382],[80.72440278914512,28.575293454877887],[80.7145326748802,28.568404828796833],[80.7036261795851,28.579222213653544],[80.69044598896438,28.587595895131347],[80.69575067967943,28.60348574247584],[80.67746681010637,28.60444599120282],[80.67974137941638,28.621089304967068],[80.67084151868032,28.62793666960285],[80.66762539846827,28.64218933348161],[80.65129740779446,28.634065915303033],[80.64141791056299,28.643322952989955],[80.63329066427214,28.637477942811884],[80.61161263122891,28.63952120596942],[80.60619746535077,28.652431145008606],[80.58944836695821,28.64803716733994],[80.59742509461356,28.656049132734875],[80.5802447299111,28.661459255036682],[80.59051998920725,28.680036686383286],[80.56865746310439,28.688132554683364],[80.55026184795423,28.69174187266926],[80.53952968033015,28.690756411744307],[80.50612772133603,28.671179971849305],[80.50337842658138,28.665142932685473],[80.51137845490153,28.623229925417927],[80.51476878183354,28.615850665099654],[80.52153659298034,28.576746935514517],[80.52555696488453,28.573190831343364],[80.52982883700139,28.57491405808356],[80.53059534214542,28.572620836994705],[80.52277854698559,28.552998261365136],[80.5197406195101,28.554484820214306],[80.5176237860362,28.551960232200013],[80.51501021131087,28.557544116474592],[80.50575510791026,28.568487805817522],[80.49961061872013,28.56972799633756],[80.49370469287294,28.576555294993277],[80.48382255015422,28.582279597927617],[80.4814434765047,28.58531528905003],[80.47421544860246,28.583121886344397],[80.46867720330933,28.583530216418858],[80.47110665357927,28.584811656171983],[80.47203643006993,28.591040614437134],[80.46030108453178,28.614391502027352],[80.46151006003403,28.615501512866686],[80.46345499667977,28.614548567914877],[80.46369583306056,28.616083134069964],[80.46253327434226,28.617585160717624],[80.45943477029586,28.617709950199945],[80.46139331232052,28.618972679682553],[80.46065471890594,28.620432466365397],[80.45084485396642,28.629539628723883],[80.4427179371656,28.62880590617824],[80.43599434425225,28.63665051675293],[80.43133008112295,28.6380533669565],[80.4233361787921,28.637767860335586],[80.42291212364952,28.639607670872138],[80.42081659458194,28.639891683722077],[80.41433713651479,28.639465097835846],[80.40434620018719,28.63495161021872],[80.38581970348534,28.63009172229991],[80.37885319171968,28.63035795276877],[80.37635300207823,28.628942813693723],[80.37432513587235,28.630367934773332],[80.37081542807593,28.629555525608456],[80.37086083223763,28.63245266966911],[80.36741240903923,28.63491917541149],[80.36099535912437,28.635262687239827],[80.3570876548969,28.64149024425134],[80.36027471280838,28.64581500980095],[80.35592785840687,28.646860240531172],[80.345529098443,28.65532130971458],[80.32572698221313,28.666477585471696],[80.3250893314373,28.67228258646059],[80.32113599953924,28.681612535175216],[80.32271640255361,28.686914916893443],[80.32101195470511,28.693999238036493],[80.31712168819959,28.700142962449227],[80.30795970375473,28.704996960473373],[80.29918351240056,28.70671856086397],[80.29786299653642,28.70971418474795],[80.29348164343426,28.711741520220418],[80.27915106904227,28.709715589901606],[80.25651912289032,28.72924844814236],[80.26255030882851,28.732907593383842],[80.26557322099266,28.743605650134178],[80.25658072402808,28.754251766818783],[80.25104802117363,28.757517464539326],[80.24347136241987,28.7557855583165],[80.23692463382378,28.75714327457751],[80.23476770612318,28.759432400674516],[80.21598577659896,28.755568213156437],[80.17068685557896,28.782819254683456],[80.13819362185885,28.813834576623567],[80.1180516223278,28.82897980878087],[80.07481909319127,28.824486821141345],[80.06477571286044,28.83766353045531],[80.05846925094444,28.91662610044723],[80.09631948707778,28.975737122276765],[80.10054704906713,28.986903835625366],[80.11792428264246,28.981547500115045],[80.12668715979873,29.006106377610813],[80.13541855309555,29.007396071831586],[80.13624842924712,29.009587264741665],[80.12450460515387,29.013069494139863],[80.13124250734728,29.03049939414325],[80.12636867400659,29.03193903392728],[80.13718460713697,29.060469317176086],[80.12941543173683,29.062721425569787],[80.14286790423245,29.09952308287979],[80.14688904341511,29.104454198613325],[80.16509235485738,29.11848197822456],[80.1674983875293,29.125760748477138],[80.17800951765284,29.128882515913247],[80.1831903601782,29.13718471883438],[80.18689224312756,29.13667053119961],[80.19720225223334,29.130581628337477],[80.20308911227957,29.129687944791304],[80.20969287495431,29.121973758685066],[80.2330435663196,29.118487504154828],[80.23867789035342,29.121245036418248],[80.24341923820221,29.126561051453788],[80.24834703045408,29.128029668432387],[80.2553422575039,29.137348521060602],[80.26012726227843,29.139801932945414],[80.27205233100042,29.141296262134656],[80.27171222346624,29.147143413655886],[80.26517104660827,29.15350710788215],[80.25824939229484,29.164772686906737],[80.25773772142595,29.16938487256501],[80.26010577012693,29.172484504451944],[80.26043243287553,29.17644491530121],[80.25797232191022,29.18467860525581],[80.25873451998257,29.187025184071576],[80.2405377627548,29.202542969189963],[80.24453676937554,29.2126722497032],[80.24773432014636,29.21628430881647],[80.24879729416516,29.221228483002843],[80.2530499334809,29.221389473658448],[80.25739787892788,29.21797763087487],[80.25804430249515,29.210646108109223],[80.26039049487062,29.206913275255435],[80.27566984542709,29.206658657835906],[80.28146347122049,29.20204386995568],[80.28595003646903,29.195846114695392],[80.2894800555221,29.19532094523474],[80.29298431995436,29.196997674487342],[80.29737552632241,29.204926396980788],[80.29404576391033,29.211821453982513],[80.2960803346446,29.221248922335203],[80.29057222918944,29.231561974952612],[80.30018945708159,29.241638601758932],[80.29854692015597,29.24951928506672],[80.30008459567138,29.254648531994686],[80.2993090095518,29.261017619808438],[80.30465040212651,29.275182125102237],[80.30416214345014,29.2846841848694],[80.30706405390119,29.28968777298217],[80.31101261653977,29.290898253299208],[80.31839219942852,29.302326239697177],[80.31599836331458,29.30843881187261],[80.31688103378542,29.315249090911717],[80.30919364558609,29.322526541261556],[80.2957607943531,29.324526397028492],[80.29092462389009,29.331116801872202],[80.29114077731491,29.336040655237905],[80.28474852325222,29.34034818671073],[80.28005758543556,29.347023470596717],[80.27995614285923,29.359067873986064],[80.27301702504295,29.362438122698627],[80.27137381168272,29.364688770110416],[80.27158048439283,29.373780410044134],[80.27915891109858,29.37883945517448],[80.27308974463486,29.38620756018429],[80.27579278693364,29.390939825925813],[80.27511661572748,29.393009368638022],[80.24820140576749,29.40618901357526],[80.24215147554105,29.41137606808518],[80.24598379893513,29.415829040374774],[80.2441602541184,29.424004252490988],[80.24763400238979,29.4355912571572],[80.24224020799763,29.442875812306937],[80.24498179349233,29.446792005679782],[80.25481378400634,29.44799138033307],[80.2573105453326,29.451738023689423],[80.26609778940691,29.449267351461945],[80.27436714705956,29.450123294208755],[80.27451530563938,29.452311101284067],[80.26920638847251,29.454160350700565],[80.26906882267397,29.45553905556083],[80.2756726844122,29.45851698366609],[80.27928299054892,29.45783903604046],[80.27891186331652,29.45386845119851],[80.28083109285238,29.4515988239163],[80.28813379460112,29.451237487947996],[80.29443933727754,29.45394923562339],[80.29750457173368,29.45173060242462],[80.3017842765306,29.45277611540873],[80.30236416827563,29.455085621930877],[80.28715525507882,29.473567061992046],[80.2869353117981,29.476976731357524],[80.29351895336173,29.479581247508293],[80.29666080454315,29.485262688675267],[80.29621545004146,29.48775050252829],[80.298732263452,29.49060837370988],[80.30116056455508,29.49028888711789],[80.30470172911068,29.486229040038793],[80.31306170502322,29.48481485044169],[80.31462360316048,29.490386345786536],[80.3131318474791,29.49611412530091],[80.31422247953293,29.49943148038763],[80.3292019947907,29.5057506761776],[80.33212614612746,29.512937418497195],[80.3417080133252,29.510284268542296],[80.34966954308949,29.519208459635895],[80.34862723084844,29.524358229456013],[80.355613690056,29.527949323186416],[80.35788160920677,29.53276741038049],[80.34856609746588,29.540439192223978],[80.34152261778779,29.540543984132025],[80.34562707158564,29.54860532143835],[80.34247042132417,29.55277349212311],[80.34867233640341,29.55534973938606],[80.36358395020332,29.556361990516116],[80.36219361720319,29.560322250992773],[80.36306811910855,29.563934271361873],[80.37848556469449,29.5610532855787],[80.37910625933797,29.571576125612964],[80.38805274749302,29.571465009669634],[80.39100701747977,29.581158350759345],[80.40277316499694,29.589289757108126],[80.40793903305078,29.595971862765325],[80.4089349158304,29.604228888931413],[80.40597943111541,29.613296410551357],[80.40809263980367,29.615206229547614],[80.40817987088812,29.620662989915044],[80.41098323968494,29.625429708566937],[80.41824502102418,29.626702194495767],[80.42087475953005,29.629851236272],[80.41933185268465,29.633713126384915],[80.42025791187869,29.63833330392955],[80.41432097451407,29.64351302674291],[80.4158479745209,29.652577626734494],[80.41394482659622,29.654306873590567],[80.41011781125307,29.653796749866697],[80.4060150242967,29.659859821076655],[80.39942876930841,29.658549393952836],[80.39799724344833,29.659791341055044],[80.398797372695,29.662106263140195],[80.39039850395697,29.664505759099367],[80.38986783206917,29.671207755601163],[80.38416981782576,29.67509042928172],[80.38486300744799,29.685468470829548],[80.38022935256883,29.68958846640958],[80.37942700180764,29.700890122334496],[80.37669718479776,29.703496841192553],[80.37449781845727,29.71307871674672],[80.37207469840762,29.715487802902093],[80.37587165644865,29.72004505405258],[80.36825123632592,29.721953146680843],[80.36563621370328,29.72637796248392],[80.36664096635872,29.73123629387265],[80.36960491208477,29.734000865217666],[80.36431508129205,29.740145117783722],[80.36586612700214,29.74841529875921],[80.36906644405397,29.75104589314437],[80.37178853914396,29.749401831964185],[80.38527364453172,29.750457067004046],[80.38576809857253,29.7590572622214],[80.39038372936866,29.760491566777894],[80.39425324189538,29.758268964444905],[80.39737336515968,29.758908218571122],[80.39626907310239,29.765283738637336],[80.4006711898609,29.774581904527],[80.40474912803109,29.77800069582263],[80.40368084095596,29.781924321209637],[80.40724467300542,29.78408722642213],[80.4069474609262,29.794740769889632],[80.41269821961404,29.791649938967144],[80.41588433302364,29.795635284355967],[80.42867198827308,29.797847186753394],[80.4350278614002,29.80597352541365],[80.43708157797307,29.80589179558311],[80.43947229740131,29.80183894900338],[80.44347329798642,29.799258112169223],[80.44830878147393,29.79904503727355],[80.45320616978258,29.802169481156533],[80.46432462519732,29.802378672716344],[80.47998815026949,29.79539286511267],[80.48308851133325,29.796439740907022],[80.49385650496936,29.795804935437655],[80.49431159346422,29.798749513834828],[80.49260875010768,29.801730736302112],[80.4944915944242,29.80189543430977],[80.49574300648281,29.805025737021154],[80.49989028669485,29.80821119618607],[80.49754460946818,29.811113001128724],[80.50108734819597,29.817387958802584],[80.50464004227905,29.81947992867133],[80.50667699496904,29.823020302882114],[80.52194997618763,29.827431729729554],[80.52375781013302,29.82947701087109],[80.5235984772914,29.832453198803098],[80.5277900882592,29.833619592437994],[80.5313766294918,29.838686330491974],[80.53566260194194,29.838899505797734],[80.53872699725319,29.84749839384315],[80.54388906731599,29.846679048381358],[80.5482337905769,29.850364397750145],[80.55162165805497,29.85001838712798],[80.55312165812701,29.851335842345055],[80.55138264211669,29.85636172459103],[80.55426660327173,29.861640725004655],[80.56126600252405,29.86644549721186],[80.55677669137062,29.87035833131773],[80.5655461285168,29.87926727172777],[80.57238547633433,29.894888743679275],[80.5697064972575,29.908745077072037],[80.57410987448279,29.924037693312574],[80.57788226954949,29.92772603857239],[80.58133174459157,29.936998606598248],[80.59112175016868,29.949603258814168],[80.60184825192465,29.958126873442534],[80.60454954997431,29.95932576017238],[80.6086832489912,29.958799769521278],[80.61917893928097,29.96359069736598],[80.6295669005462,29.96542605665074],[80.63702430377931,29.963479685923293],[80.64056250526123,29.9596712331792],[80.64878620509893,29.955734017751475],[80.67454792638358,29.95721467587673],[80.68243445552929,29.96239495403732],[80.68397989358863,29.9669967717699],[80.6904125063156,29.974624388372064],[80.69718631407578,29.9797849090473],[80.70000111523149,29.97966498061206],[80.70531907424993,29.986266659998066],[80.71227360390408,29.990612657987562],[80.71896496702355,30.000578597334734],[80.73700239124206,29.99936359743502],[80.74455545502842,30.003852904207637],[80.74953636392277,30.009014457185064],[80.75391033305253,30.01983898853005],[80.75772213559407,30.024199090787157],[80.75806825903659,30.02830196830794],[80.75562453445343,30.03158236814538],[80.75588880373049,30.039851082631355],[80.75912627184974,30.042694166095306],[80.75849213038465,30.04511804256835],[80.76103175383797,30.049516989228305],[80.77213231604608,30.05409772039728],[80.77650891132672,30.054404172518883],[80.77953996507739,30.056805873545564],[80.78932064705772,30.069580345874176],[80.78988251806598,30.07329457153685],[80.79962292949577,30.080932041674014],[80.80561403408286,30.089989309172758],[80.81373000465376,30.093093334288206],[80.81449964854195,30.095815496589463],[80.81918892233813,30.0968271375008],[80.82071343301857,30.09969269353498],[80.8258370672936,30.100108127210277],[80.8291913940156,30.097292808364475],[80.83976575298229,30.09871194272568],[80.84601459492927,30.104384816433118],[80.84586213562869,30.10696779954351],[80.84188691682579,30.11117057837108],[80.8447234483562,30.1162265929027],[80.8542499093369,30.11907857741447],[80.85496019638438,30.120469026398062],[80.86253844656083,30.12105210672838],[80.86844640332218,30.126192315625143],[80.87477166360854,30.12648564521241],[80.8768308345738,30.134386301495837],[80.87145360687926,30.147592262465672],[80.87039611297753,30.159189402246607],[80.86716864714134,30.170302535834743],[80.86776400369092,30.1738658117404],[80.88197345393623,30.183695829496223],[80.89096050631595,30.196426046558024],[80.8956097519404,30.208386966644404],[80.90273266705701,30.215380752427567],[80.91971866840905,30.214195647653067],[80.92170371433366,30.205169835682707],[80.92131010127322,30.198336757596646],[80.91828113879103,30.1898344286897],[80.9444234057243,30.178687891864204],[80.96004733549181,30.178992384428653],[80.99469787302088,30.19136489433476],[80.99961096874553,30.19252345653235],[81.00745217693485,30.191828335307285],[81.01315610886688,30.194102793906207],[81.02903356536795,30.195755210820828],[81.03503362708702,30.19814579348651],[81.03625409779683,30.20162949419817],[81.04327618778787,30.20455868438733],[81.04660553683375,30.210873549852177],[81.03105073710125,30.220154233447243],[81.0300226673592,30.221841782712186],[81.031398669999,30.226100205512783],[81.02710021689167,30.228455013322076],[81.03320801831158,30.246389546460218],[81.02980351978826,30.248867926433995],[81.02147672440783,30.250472183965645],[81.01242880082866,30.254946658444755],[81.00554528723224,30.263092169653135],[80.9883932624108,30.265417181629445],[80.95749187940888,30.27509705648499],[80.93306365915588,30.28009528447932],[80.89625584559116,30.294000506108908],[80.86272118941169,30.2994727849402],[80.82157082373175,30.31555756520214],[80.8006971049179,30.32964841178603],[80.78733076953782,30.342612909668166],[80.78462030069207,30.34987257321334],[80.78565041324639,30.354142999681176],[80.78358527718457,30.35784863688727],[80.75196889019604,30.39350388754807],[80.7457237821644,30.397372932369677],[80.7236946591738,30.40370384632243],[80.71352276488368,30.408168650860674],[80.6780747666139,30.43744665163306],[80.65202407149368,30.444291136983942],[80.63785822176285,30.453693274333894],[80.61609020712798,30.465151471261336],[80.59800884154507,30.478766267700138],[80.58556252638739,30.482143994235425],[80.5802035782025,30.480931663478742],[80.57659399099005,30.478191632244414],[80.56984868422062,30.46662418950649],[80.56006247581152,30.46636841857279],[80.55553945763361,30.464862569768137],[80.5514235617602,30.460892020238884],[80.54760503078222,30.448588786469028],[80.53907844162086,30.449196884864616],[80.52458627212518,30.462647130720494],[80.51710421460174,30.47317574547863],[80.5095030214444,30.475517980838244],[80.49833080146446,30.484173434071046],[80.45596056671437,30.494222396014575],[80.44769166019356,30.497650115551338],[80.43132925494263,30.50718401410328],[80.42916736995687,30.510956568359454],[80.41947702414474,30.515183289257582],[80.41557934702699,30.52533452272552],[80.41273400889688,30.525196897024294],[80.40686125626625,30.520503298809448],[80.39831473764119,30.51675770919664],[80.38559198207717,30.515049869168372],[80.38283445134671,30.516142955196017],[80.38142437665489,30.520057901036218],[80.37833426701735,30.521876049637033],[80.37389844102083,30.521451688989117],[80.36061236768265,30.527349063399896],[80.31885921546392,30.55937948669222],[80.28306715758188,30.57219338992645],[80.27702594386204,30.56583001022696],[80.27359245335421,30.565039094466375],[80.26623038815748,30.56664477225146],[80.26170713319131,30.565058658862235],[80.25776006998986,30.558835943861464],[80.25325423972605,30.565434194610187],[80.24890851720819,30.56870024093399],[80.22683022187981,30.578944968572298],[80.2288016859271,30.60349453846481],[80.21708871888627,30.6083629634505],[80.21167076278928,30.62241994591847],[80.21192614301674,30.624809490897533],[80.21871602847857,30.628638763065382],[80.22182310952417,30.633341812723145],[80.22116854458638,30.641815642394093],[80.19715833833263,30.6620922402516],[80.19761242968222,30.680008397298657],[80.19971188930975,30.683047101302144],[80.20407151964427,30.68485196125274],[80.21253247354349,30.68426184580633],[80.22979719194397,30.687279624976554],[80.2345748060239,30.688286551731007],[80.2364221414411,30.690383765679737],[80.23687436401075,30.70747147504367],[80.2476215178045,30.71780955768609],[80.25051071194947,30.73713692143192],[80.25043763705726,30.742349954149702],[80.24290225185649,30.746633017816873],[80.2410663029292,30.7507625570762],[80.23966351910539,30.7620588586786],[80.23018467962088,30.75917659885376],[80.21977340693823,30.750358279712977],[80.21490913993526,30.749061571651904],[80.20009769172283,30.76471858788739],[80.20027849732152,30.77268202092117],[80.20321939990443,30.77651536088558],[80.19836017617271,30.778838003252847],[80.18756096748342,30.78985472791691],[80.18446958247631,30.79724231944066],[80.17777080733697,30.804054575658686],[80.15814899484488,30.805884581484378],[80.15596719600667,30.804873215216652],[80.15419950873925,30.79973511717533],[80.15737195652875,30.788728402708248],[80.15376460770197,30.787428764431084],[80.14353734020855,30.78975469639078],[80.13774497991055,30.784100917553744],[80.13002848139942,30.78198369422918],[80.12633561648093,30.778608173815837],[80.12242151546522,30.777356314264345],[80.110908484916,30.77929511127673],[80.09571338818729,30.790887822993906],[80.08900733385688,30.794076918912815],[80.08498916786465,30.804020877292224],[80.0767498172328,30.815498795820552],[80.05746588598231,30.82940524591266],[80.05872797904821,30.837367264320765],[80.05601755137941,30.841506236786646],[80.05322143566316,30.841989743586268],[80.04460635247305,30.835622446062402],[80.04203392189565,30.835816163489618],[80.0250728895764,30.848092908539904],[80.01746755795968,30.85555741006544],[80.01224796949846,30.863535971497853],[80.0037456411418,30.865080534472025],[79.99729040030083,30.86908738997233],[79.99249934240223,30.876938716165387],[79.98962466205774,30.8785914879844],[79.96966132767996,30.882445838300978],[79.9645497609346,30.886026098161796],[79.96215289739087,30.8900200331917],[79.95368992560063,30.88505921810574],[79.94490551390405,30.886158439499923],[79.93564434964634,30.882436055726895],[79.93085385013485,30.881332171101363],[79.92909648297447,30.882433359571074],[79.92509728956783,30.893175329158417],[79.91349661043611,30.907575607786],[79.91038712944454,30.915067839374565],[79.90191854671367,30.91754215754721],[79.89025578792416,30.918636613955243],[79.88704862681702,30.931718633179287],[79.8886393943111,30.939294600229417],[79.88496175082763,30.942184254050247],[79.88239246380189,30.955403629972388],[79.87582830710959,30.967517864294372],[79.8627145480691,30.97535708246823],[79.85615922941814,30.977417141073797],[79.83858261216808,30.973957970213675],[79.83554408741595,30.975332074960352],[79.8227608017215,30.9733907699957],[79.81636702565312,30.97393458103727],[79.80724460044549,30.981773660554033],[79.80277325030247,30.979289547362818],[79.79861695063335,30.979697623645958],[79.79541707049783,30.981621608162058],[79.79188916548999,30.98836491758063],[79.78086146780053,30.98752428804376],[79.77462507139457,30.988892909417523],[79.753007531924,31.00786502777394],[79.74710241191781,31.003036423448524],[79.73803180306672,30.98374324072454],[79.73547920410712,30.98153577530474],[79.72669111062292,30.980281948536522],[79.7171110960765,30.975996618197367],[79.7079953422938,30.978321717628376],[79.7016149931226,30.973077142744188],[79.69796444932452,30.972502562616214],[79.67489657162196,30.983492350731275],[79.66498822141143,30.982921535106023],[79.66339978069742,30.979337797609553],[79.66486522196884,30.96956318916407],[79.66359506272765,30.966530853749305],[79.65849106587308,30.962939667465438],[79.65034474430459,30.96154529855906],[79.63326984485555,30.95338254161347],[79.61985337157165,30.951286123867064],[79.61412308386089,30.94424890920343],[79.60550900919476,30.93982121604484],[79.60345524426252,30.932654533948902],[79.60185484365715,30.933477004673158],[79.60167386307117,30.939949648208437],[79.5967047199027,30.944757794740855],[79.59014190925018,30.9481845382192],[79.5829461659421,30.94968129098507],[79.57176462176395,30.9485506379384],[79.56888302371101,30.950058004351884],[79.56454297269873,30.957207943693113],[79.55559357732827,30.957321601007713],[79.55254720162532,30.9600676651268],[79.54595350173746,30.971204502069604],[79.54034365083963,30.97545796349601],[79.54064664164689,30.97986560400697],[79.54701884956818,30.98552949647311],[79.54844255470037,30.98952699246426],[79.53812397534986,30.990190115750092],[79.52419760432156,31.01445097909177],[79.51903486928126,31.026705986154816],[79.50693155144678,31.032078684308626],[79.49160610644142,31.033544732896395],[79.46858885039482,31.033471476869998],[79.44559636392559,31.028046979230115],[79.43061461277962,31.028624724988497],[79.42476036854084,31.03049198621694],[79.42248286781776,31.0484164868961],[79.42568661187343,31.06635947487706],[79.42456785439263,31.071074484322118],[79.40772734328772,31.076991473702112],[79.40402309371856,31.087044478537564],[79.4021213553203,31.102136483353682],[79.39880309729328,31.10778647410358],[79.39294135289481,31.110281242202408],[79.37976910268023,31.112433715812628],[79.33252536014882,31.127346494885085],[79.31748135791956,31.136720734302436],[79.30942610139697,31.14743972227241],[79.30719512028053,31.1577759760804],[79.300955101489,31.1678074736001],[79.30316486704388,31.190374234967518],[79.29990060449303,31.205733496515688],[79.29262284951493,31.221218236697986],[79.28436535451175,31.232387974436936],[79.28017061110887,31.23495547131422],[79.25706634451285,31.240167968639838],[79.2518658476771,31.243017480669423],[79.25026660071693,31.258237471682495],[79.25239260164555,31.266004223929855],[79.26987611297521,31.278580232198514],[79.27185560312218,31.28318572597299],[79.27149934117313,31.286774985922257],[79.26577335311305,31.293213230164156],[79.25183711381636,31.301768733723687],[79.23921284880208,31.314206729596968],[79.23935660736849,31.317941989889942],[79.2465048470777,31.32529997877745],[79.24647535399815,31.33003947173106],[79.22500284979776,31.338700733629263],[79.21156610952853,31.34639248588396],[79.19928285653872,31.356529980094955],[79.1922118620483,31.362814225037148],[79.18235335937594,31.385168979592073],[79.17374586162306,31.39546548764206],[79.14356660318234,31.425466492688145],[79.12742310647748,31.434858729188356],[79.10847886484612,31.437628731525123],[79.099560341128,31.443323737287518],[79.09000160766283,31.444994223066267],[79.07788434574378,31.45268022596738],[79.07045735191056,31.460104725933363],[79.06424459474755,31.46207948133945],[79.06173762064756,31.46134748329882],[79.05592459764217,31.45499647766946],[79.05247036681334,31.446935977562056],[79.05084985326418,31.440034483349574],[79.05265736274922,31.423100983327014],[79.05151111992188,31.419791718871398],[79.03502861620305,31.407920719850292],[79.02373661130629,31.3963659734466],[79.01763011248063,31.385558977026786],[79.01191686321232,31.367716987011136],[79.01083236182367,31.357082979934653],[78.98991312812034,31.3452997205008],[78.96698049071864,31.33689360689213],[78.9582961726593,31.33044904900658],[78.94759144478887,31.319515146320065],[78.9442246204017,31.307931873665087],[78.94166313657107,31.274212827299444],[78.93706960980987,31.26061661173069],[78.93269269835834,31.252941605382176],[78.91123825367487,31.255260421901788],[78.90376921288963,31.25888918179382],[78.89879370856484,31.262722068664534],[78.89702630819764,31.27687964635969],[78.8924126188005,31.287893388432952],[78.87271140079048,31.30914354086264],[78.85464742367856,31.3234577177048],[78.86380671089282,31.346414495355102],[78.85876762230687,31.366373921335992],[78.84793203735195,31.379203602709506],[78.8362447878219,31.38489377457443],[78.82356796332503,31.386426402473347],[78.79200595308373,31.395544158314305],[78.80034441327945,31.403302890887012],[78.81093320317737,31.409167768138815],[78.81658575045871,31.419281380537548],[78.81871172979797,31.428854216900376],[78.81809893896016,31.440363279660183],[78.81277826649423,31.449737425878574],[78.79550765626313,31.462698105668373],[78.77357378869192,31.473939933808964],[78.76663397297953,31.48642209109845],[78.75737239328036,31.48765011073676],[78.74314947790936,31.48039799511141],[78.73623940927854,31.480572218415343],[78.73428418995555,31.4849839848186],[78.73522480045877,31.492963319546945],[78.72838662321911,31.51476748092745],[78.72898054116175,31.519807109933346],[78.73595317464377,31.52853744259949],[78.74704821671178,31.538607544320325],[78.75740107103297,31.542377285497153],[78.76980908300241,31.542573745481185],[78.77840077957474,31.548191790249255],[78.78385925165695,31.556627295472154],[78.7907170253016,31.56103830162339],[78.8029519833326,31.563028071249676],[78.81891365642917,31.572244861205313],[78.82934201992995,31.584912811264907],[78.84581092056384,31.598325509116957],[78.85334150709463,31.607426412443306],[78.85199057479876,31.616879189637984],[78.83994243475658,31.628114706628455],[78.80699232963455,31.647109183103233],[78.8003352826569,31.657871002528708],[78.7982194545857,31.681814889622473],[78.79483167616354,31.68253350632659],[78.78691677441849,31.678553698135566],[78.77581408629612,31.676971316775372],[78.76270402907404,31.67938029983229],[78.75401918070877,31.68564765982117],[78.74485286851093,31.700441232362834],[78.74134146768306,31.721109381827812],[78.73142999392537,31.733844588843258],[78.72839171104535,31.74174343710115],[78.73326637309329,31.74938376123042],[78.7406935772347,31.753409444186417],[78.74119036727016,31.757609190604786],[78.73195051934174,31.759255328156257],[78.72015768856787,31.764514871015283],[78.70985362961429,31.786615139415087],[78.70991467067391,31.79976174360585],[78.7142990783438,31.807445159455632],[78.72168493882737,31.81529421103996],[78.73202339203193,31.822888385032],[78.74020750111808,31.837456024794335],[78.74584004541408,31.8556377667396],[78.74512111919863,31.87054922778799],[78.74764275525371,31.879241291538875],[78.75276959510938,31.884738558415005],[78.75013791738192,31.90448221861892],[78.76157331010667,31.91282894474347],[78.77069852904692,31.922647372353943],[78.7781555771545,31.93515530169549],[78.7801539092027,31.951953800585763],[78.78615157474225,31.97307350584811],[78.78855243595785,31.9932315515373],[78.78555309661448,31.99730959545817],[78.75810499990872,32.00095341121601],[78.73535956430932,32.02327825879769],[78.7189052243636,32.035724001871856],[78.70777128940567,32.046862215972766],[78.69619428481548,32.06270392769384],[78.68342569207415,32.07270679031303],[78.67396104277468,32.08539531059057],[78.66592623760828,32.10177887107988],[78.65660321486627,32.11148386901462],[78.6212194061322,32.11152904150274],[78.61766581133709,32.11522499724749],[78.61401270629852,32.122323011837764],[78.61480084054858,32.133285649125796],[78.61139323483965,32.14248371280388],[78.59978981029228,32.149832031579166],[78.59677681216925,32.153905525814814],[78.59623236985594,32.15776958026736],[78.60788267258724,32.16781045089514],[78.6137577857423,32.175371606043335],[78.61256928652435,32.1949863973527],[78.61469130088697,32.208805274320135],[78.60841496184523,32.21909493489616],[78.58795243826539,32.23610087905448],[78.57346801764047,32.24453782241085],[78.55947839332917,32.24868917759816],[78.54588752802715,32.24771501147073],[78.49628068441555,32.23746641863951],[78.46316529084,32.240241491269195],[78.46083985072084,32.24170848540192],[78.46349821667299,32.247424244825964],[78.47375967144008,32.25844173067064],[78.47997070540528,32.26894963980029],[78.48341139415848,32.28138615690134],[78.48478779165251,32.349136264998826],[78.49674362162273,32.36170771070034],[78.5057932036795,32.3664629677143],[78.51478947625988,32.3750396391094],[78.52174839209043,32.39184619239199],[78.5334117271723,32.41037798207291],[78.53350546167249,32.41546018239738],[78.5228021506948,32.42229787730271],[78.5029979431558,32.41971773272216],[78.49576495534357,32.422020408031656],[78.4897535973891,32.434824260913864],[78.4758629237672,32.448710564018945],[78.4655491992483,32.454661814046474],[78.46087946628306,32.461837850614174],[78.46002691101012,32.46742282335657],[78.46209875834768,32.4723396579943],[78.46724185273372,32.47784841814056],[78.46687759496626,32.48763411212682],[78.46124808708433,32.503797021776265],[78.44299498265056,32.51040763984785],[78.4349167195976,32.5098075172656],[78.42862704454775,32.50736169438397],[78.42530264914383,32.50891041205387],[78.41749643842743,32.51931374140089],[78.40726791429164,32.52610031745124],[78.42766294140719,32.56336113061002],[78.45128282411055,32.57759855285173],[78.47556322224895,32.579175218921826],[78.50341521022622,32.587049605298986],[78.5153262675987,32.60405570411384],[78.52430758382344,32.60810413429973],[78.54284114815493,32.608949895809296],[78.5655138027286,32.614845958313616],[78.58770507131173,32.60457485047309],[78.60525920715041,32.59109024508645],[78.61459381187004,32.598103444012224],[78.62933582666867,32.620862960577796],[78.64836957967607,32.64385770741251],[78.65679932893912,32.64914461287128],[78.68026249700314,32.655554595083444],[78.70871136072573,32.6561337410867],[78.72199807845354,32.66640450344616],[78.7405754852634,32.69122753699093],[78.75069655205874,32.69276303309924],[78.75321434057246,32.68414441275704],[78.74974819155088,32.667034331250676],[78.74333982023319,32.654977708317304],[78.76219592760577,32.62875379041873],[78.77545521312402,32.62101402254446],[78.7823634003845,32.59581052831272],[78.75915778442328,32.56778926108718],[78.77011406880058,32.52903336170404],[78.77483220161287,32.50536800404754],[78.80455201433503,32.45583890453729],[78.80670178532401,32.444248133981965],[78.82244718751126,32.433884896813794],[78.83940369008677,32.433619791446],[78.85994436824807,32.41022968325365],[78.90287951092863,32.38488748935342],[78.9467068426225,32.36125156068056],[78.95875623714925,32.34398707812954],[78.97118501662311,32.335693587770095],[78.98334421259148,32.348436190137896],[79.00354542119736,32.37488102116408],[79.04540841868356,32.38740639262479],[79.09367983195565,32.37713438011157],[79.09923758674299,32.38204594762226],[79.10386645268656,32.39664710385726],[79.113398242322,32.41081324475075],[79.12975597589273,32.41716689176073],[79.13516531665724,32.432298560681296],[79.12136243804743,32.45814389517218],[79.12504496894444,32.46502265410724],[79.13201112424123,32.469808316181435],[79.13894407236299,32.468591836256955],[79.15347136604898,32.47150318837743],[79.18208627272834,32.473757321924765],[79.23022985362967,32.513291080524894],[79.24093252457044,32.51953838647965],[79.25975137682455,32.522654213375795],[79.2813258040195,32.547740008083345],[79.29357121526601,32.57186152059034],[79.30525553639549,32.585823290140496],[79.31186708408066,32.587629695838054],[79.32496983890063,32.58464606080443],[79.3394547026582,32.57012494439714],[79.36237136818457,32.566249593812586],[79.37299037205185,32.56048243667832],[79.37902611947077,32.53530990945264],[79.38453337000831,32.52279768159947],[79.39662269741471,32.51749499977302],[79.4165468537482,32.51808479603843],[79.42929013029953,32.52353082112039],[79.43865984630781,32.535890656615095],[79.45149561020415,32.558745372689415],[79.45878881530129,32.56588785768556],[79.47472490528114,32.574041732327224],[79.52525735006664,32.630680067611706],[79.53748727355969,32.65959143439247],[79.56724132248772,32.6700695397527],[79.5723431312175,32.68762094109431],[79.58020531063165,32.693504193323136],[79.59240957164593,32.711000886837255],[79.60962296690494,32.72322819625509],[79.61186084698117,32.73503605665822],[79.59794248373511,32.748335848192085],[79.59440544704721,32.75947512968113],[79.58814623174251,32.766059453112824],[79.5703505888446,32.76589650807215],[79.55707671853595,32.767718214746814],[79.53836340928133,32.78605230517708],[79.53394527826016,32.803480459280124],[79.51770928891699,32.82659222782327],[79.46549285053646,32.88001242433438],[79.4460644196049,32.91181075131902],[79.43335061424791,32.923776390433716],[79.42095899132661,32.932708268842],[79.41394773531226,32.94475478545063],[79.39760399007747,32.96184920575558],[79.3771036073993,32.96310128037598],[79.36895323911722,32.966239081269066],[79.3717191638478,32.97679936945641],[79.36817105598617,32.98252436468478],[79.35808230252978,32.98163231222223],[79.35337681975307,32.98385786917295],[79.34622927320113,32.989305729688596],[79.33998345038094,33.0018782675598],[79.32993970369675,33.00698492356225],[79.32490312238659,33.01224153676765],[79.35673947275657,33.01598373578081],[79.38032263276042,33.02766984108646],[79.38714523734177,33.042067561387015],[79.36815630090494,33.08341540372683],[79.37321698760148,33.1063798385598],[79.42280122753479,33.16495932360411],[79.4430446111725,33.200360784907645],[79.45177298217395,33.235002164339924],[79.44611257180766,33.257734694979796],[79.39392513275428,33.27445837019366],[79.35558101403964,33.282110542600606],[79.33112367320383,33.27529718709565],[79.30012858897379,33.273266898302005],[79.26133734332697,33.28873528523067],[79.22368286816459,33.2962846329426],[79.14903151160301,33.293880150761574],[79.10769133123047,33.28911202688021],[79.08155943715921,33.29740684590591],[79.01604057086584,33.32833929892491],[78.98703453895294,33.33086046903597],[78.97842196780265,33.336409652172065],[78.97180415458395,33.363993713440024],[78.95537249080144,33.381622148667454],[78.93997590631993,33.41356308118619],[78.9270779724671,33.454288014513686],[78.92747003079553,33.48666346599124],[78.94123941768267,33.51128354106016],[78.94377379075841,33.52606909118818],[78.92324694647839,33.56024608318362],[78.90625981387397,33.57370954615543],[78.90735220276382,33.58261762208712],[78.91452461707311,33.60600632798933],[78.90286043522407,33.62201120145986],[78.90948663895873,33.6292437358212],[78.9271609244349,33.62712438346658],[78.94033498988514,33.61758845448836],[78.96424756289382,33.61372582309932],[78.98945497514646,33.61454780059929],[79.03081934567798,33.62416563421851],[79.0660853472426,33.61929705579068],[79.09537379342272,33.61253988921062],[79.1001506140405,33.616324027732496],[79.09038256544132,33.635784336580144],[79.08170808993815,33.67555489205958],[79.07799577200421,33.686081917301124],[79.04631867830881,33.67383453867122],[79.02200456309582,33.68614847880804],[79.01610614175894,33.70226392408028],[79.01978465078814,33.7145483434014],[79.03798036379317,33.7453784757609],[79.05872345350343,33.75617997259117],[79.06409860626604,33.764714996587955],[79.06045450203011,33.77583472685512],[79.04361268560983,33.779098141450575],[79.0303519674523,33.78805018733435],[79.0131859264613,33.7829356257823],[79.00960840616658,33.79464753544476],[79.002326383645,33.805479241052595],[78.98672617811502,33.83623158618998],[78.9453388425284,33.92620352878016],[78.9226991744941,33.95274631221094],[78.91831709829638,33.963921795831446],[78.9256496373632,33.982494069327544],[78.9532093256544,34.01313125013682],[79.0011489413555,34.03360822483652],[79.02482780099909,34.0327649524043],[79.08035096871504,34.009953661941154],[79.11265090497781,34.00894457181399],[79.13823049531196,34.017515962188064],[79.14666540433062,34.03298252304097],[79.14800750876714,34.05506943487258],[79.17292876664253,34.05829151121152],[79.18685344953944,34.04867006176918],[79.20599154566949,34.040389529368326],[79.21841329312346,34.04169878111434],[79.23207607108783,34.04709877179573],[79.26040217638595,34.03740046154567],[79.28294375557034,34.027606742964906],[79.30050628016733,34.02965369630526],[79.37366769663076,34.02675412527795],[79.41550566006605,33.999005971455496],[79.43744996917572,34.01264765727697],[79.44287700976211,34.02116539836939],[79.4298505599569,34.031937797197855],[79.41452918077961,34.04171328039399],[79.4211131207025,34.075939795823196],[79.42750847923098,34.080769833160275],[79.44697227156496,34.086229318182774],[79.46603320483119,34.09412335946649],[79.49595424144735,34.124448995763295],[79.49096202025675,34.147108675856956],[79.49368608402796,34.184680746357664],[79.50372238788013,34.195182910130086],[79.51314184673335,34.20093783565822],[79.53242099966683,34.19920002606391],[79.54005834405311,34.19130732209021],[79.57101301042177,34.212520949732614],[79.59213872620728,34.235820116695336],[79.59738897775841,34.264758807370306],[79.59696180926274,34.278003937797614],[79.57960117308907,34.29998556638974],[79.56851109545818,34.32019671505306],[79.56997688209863,34.33687124705701],[79.5613569204808,34.38146675445634],[79.568936974975,34.400589779815434],[79.56669791847888,34.40559363481913],[79.54332921763665,34.40409957559845],[79.53162878906619,34.40875415916932],[79.52755084654865,34.41632328130806],[79.52802826650647,34.442088067173536],[79.52145558994148,34.4582832180246],[79.52215475550535,34.46362185065819],[79.54035415938895,34.46978755036427],[79.58353278341743,34.478498764659925],[79.5983927545618,34.486758983573736],[79.6148004729958,34.47927219326994],[79.63350061900819,34.478177539331405],[79.65338798606508,34.48057365672164],[79.66286434857811,34.47551057656606],[79.68180661546188,34.47078523125434],[79.72588293815446,34.46976374100643],[79.74442467845535,34.462063881226946],[79.75380900320903,34.46720697684234],[79.79143873084915,34.466753603305925],[79.80384960082922,34.472815641760235],[79.81610383549831,34.483093383616406],[79.82104480432605,34.51445548009951],[79.8091060159118,34.52275871828291],[79.76977587542392,34.537777807501314],[79.76881540591879,34.55227248125673],[79.7770938262632,34.56531945194904],[79.7943756532912,34.58054060419384],[79.78991373926598,34.59055468206197],[79.77549094098221,34.60208236207046],[79.77660426282955,34.610383780962124],[79.82936395268324,34.63554919704165],[79.85823862143847,34.66650300892951],[79.87514374349719,34.66794355609583],[79.87825965397698,34.67485900528168],[79.92155698732354,34.67265131807398],[79.94466249615762,34.66090085898293],[79.97371578210213,34.6768077203089],[80.00427093317084,34.68236256611891],[80.04327843928581,34.68591812331699],[80.06531123639259,34.6928577457792],[80.06932380244147,34.70088653263299],[80.06921253128831,34.768738880117574],[80.07499516334303,34.80541788310842],[80.08976434824658,34.828045266951726],[80.12723516230297,34.87254927333094],[80.17142418157215,34.965036507560306],[80.18689509400906,35.00799859376606],[80.18805454048537,35.052910680142794],[80.18503256934859,35.13062827777867],[80.19916369838134,35.153304324574094],[80.22623175836955,35.179558201855976],[80.24265702387109,35.20801550973245],[80.25120732971749,35.24802046794371],[80.2839195695081,35.31394281865288],[80.297475549336,35.35286837764613],[80.2961609046829,35.39020266855502],[80.29848467263419,35.416988317016134],[80.3212065071938,35.437636584465594],[80.33978235779837,35.44967389070767],[80.34508361147005,35.46117218167006],[80.33459435207708,35.49577591274312],[80.3268258276625,35.528918331750006],[80.31462835969839,35.53607617558547],[80.31346349776233,35.54338729650126],[80.31793852613771,35.56456477195421],[80.3117119721394,35.587956126272296],[80.26858888941884,35.61543344356281],[80.21308208520459,35.63865726659028],[80.12889651619594,35.65673282800038],[80.11215989928543,35.68948359859601],[80.10052005617763,35.70616143150587],[80.07750565904314,35.72569240869521],[80.06213934004865,35.76849966894348],[80.04261370146426,35.80269042872138],[80.01569235268929,35.82616357856605],[79.99969744276834,35.827636653543976],[79.96769554738373,35.82518118135548],[79.93834122775108,35.80988352954876],[79.91537570381642,35.792796802264355],[79.90453509563518,35.778197167934934],[79.8989594817988,35.77510864093628],[79.88708822652373,35.774393254512205],[79.82846699761588,35.78692242556435],[79.75109058971526,35.796918989833735],[79.72837965901753,35.81395178576557],[79.68230547849731,35.83247490972975],[79.61925070690947,35.845300318808796],[79.56237975852355,35.86593667265996],[79.53622797068893,35.87963863128427],[79.468042053565,35.88744541635176],[79.44019981293208,35.89408335785389],[79.4302747122987,35.908136228370026],[79.41035345555176,35.985977349983166],[79.40093204604959,35.99279116838346],[79.35803111216836,35.99173278685317],[79.25170090672304,35.98475294572021],[79.23089883918777,35.9721641863176],[79.21313120877574,35.95451947665795],[79.20449494995927,35.92770244577786],[79.21275983387461,35.87786556934347],[79.18164429901391,35.85357390250911],[79.16467252908289,35.83818619934387],[79.14242428047602,35.83476107521923],[79.03224771557693,35.84771722167681],[79.01314779584725,35.85951404896625],[78.9823900960498,35.889659687172504],[78.96920489747421,35.890168998473186],[78.95210778367553,35.87722862822104],[78.92512110715964,35.867510212292395],[78.8722256345015,35.86234297135875],[78.83907085574955,35.856116085241474],[78.81999049401331,35.8565012100398],[78.78622026967768,35.86887834233578],[78.7489206017305,35.86476800966135],[78.72830783124328,35.86466687985344],[78.71052921047342,35.857742610953984],[78.69523581834181,35.85899643929526],[78.67331106271781,35.85420353692476],[78.665219498797,35.83630074602993],[78.64643064161206,35.821067133887624],[78.62167949110636,35.81110738579078],[78.61003270802782,35.812054995407856],[78.56026961406329,35.777767551660254],[78.53416402004916,35.762512781396424],[78.51254448463516,35.77204199534464],[78.47543240147974,35.77502807588221],[78.44267157831341,35.78364277086837],[78.43024090802588,35.77805097479887],[78.42611623367601,35.76820180451471],[78.4159430896428,35.76302706955018],[78.4124057721995,35.75193302597891],[78.40906801652804,35.74860690966534],[78.40865564352713,35.73905948081461],[78.40386366145309,35.735849330071034],[78.33795537011562,35.71893864973133],[78.31925616129183,35.72221657632692],[78.29792775696997,35.728094320911595],[78.2876965438174,35.72231621478599],[78.27695029295126,35.71837413963103],[78.27551980595558,35.71249972623632],[78.27718960726688,35.677042760106175],[78.28450706408206,35.66449021830407],[78.28270164654661,35.66163895633058],[78.26867518641586,35.654387254736626],[78.26561150631585,35.647419330308324],[78.25588273187206,35.64579080980126],[78.21204885930617,35.66599957635748],[78.20698896425354,35.660408958641625],[78.20770390986509,35.647779720642035],[78.19592485566174,35.63493168013064],[78.19743751896743,35.62283850864352],[78.1759861312011,35.62751047388552],[78.16982508598278,35.624998211375],[78.17341306323974,35.60555847532299],[78.17063945409419,35.59439913234105],[78.1595993913086,35.58149027581764],[78.16045937313639,35.570046845739846],[78.16491206701309,35.55173612985944],[78.1572352542272,35.548743173386015],[78.14907378763519,35.54159624091346],[78.13676575056144,35.53656839685654],[78.1315808271745,35.54236124084391],[78.10575353249342,35.55335150380779],[78.09285812534449,35.54956274428058],[78.0843516987731,35.55201862644002],[78.07494303215204,35.55933353641564],[78.05556140089793,35.58178741029458],[78.03688107839496,35.58502545268548],[78.00139710208083,35.58236907632936],[77.99070557152068,35.584986212872906],[77.9578084560947,35.60486753160105],[77.95376712910377,35.60158484230186],[77.96793558629085,35.571765879687874],[77.96346462243821,35.558339222152895],[77.93751582237553,35.517220288870675],[77.93926583546329,35.506909042336744],[77.9603159434024,35.486139895730076],[77.9705421656887,35.46679571065914],[77.98600127489908,35.45483151958932],[77.98525189910846,35.44830296336838],[77.9772734518322,35.448915872974446],[77.92931592630772,35.490307500120984],[77.92099466430727,35.48794938546213],[77.91889598736948,35.46955020986244],[77.91207715534868,35.46109003464737],[77.89375491979897,35.4672756885289],[77.88612793583646,35.47743486489285],[77.86949065503113,35.47271252214657],[77.86257128314226,35.476231046219716],[77.85262826123343,35.48536621691662],[77.83799267177773,35.49186236305686],[77.82924083215508,35.5050955113339],[77.82204904318725,35.50623755916484],[77.80963098212823,35.49999156251475],[77.80347924032299,35.490877655953064],[77.78631851474873,35.487980226014976],[77.76738924350494,35.49538972394588],[77.7491223073214,35.508732338952086],[77.73586585791692,35.5210982648362],[77.7261567373741,35.512846216520884],[77.72877176653125,35.47733448188651],[77.70778893411766,35.472917306351775],[77.68575348346695,35.47216676804195],[77.68515861321984,35.46682393549716],[77.6733500413697,35.465907566565015],[77.65309523187697,35.48118008962288],[77.64702550216371,35.47923644300438],[77.63713214189764,35.469196391115226],[77.62862370063739,35.46503854729373],[77.55663909704373,35.47573724268673],[77.49613500821066,35.47777672690862],[77.47425863500395,35.46500956525302],[77.443663675066,35.45945584246845],[77.41884080164462,35.46664282968716],[77.38523907287187,35.47386032711133],[77.37676238243199,35.4834481222462],[77.36322430798374,35.486817269152816],[77.3546800743606,35.49580970290833],[77.35292504172631,35.50670686522792],[77.34548695924546,35.51920897374889],[77.33008171168846,35.525699971679295],[77.33204428357898,35.530346073360015],[77.36197147654934,35.54315526077576],[77.3886583934601,35.53943739806071],[77.4118139145538,35.52340307772226],[77.43052180172994,35.51367047935135],[77.44299597920855,35.51396233770676],[77.45816545899467,35.5188444726865],[77.47341595389437,35.51773471779388],[77.47980815659201,35.522654952057565],[77.48276395456142,35.52962072393615],[77.4735014838551,35.53867345100202],[77.46522216970726,35.55004742067436],[77.47560831135768,35.57143263365809],[77.47188083054746,35.58427018988375],[77.45865397174154,35.59061725444306],[77.44655612445823,35.5938890433872],[77.44012627078428,35.602134106757475],[77.44173967184268,35.61697607207093],[77.4410258947268,35.63737154784338],[77.43793594670831,35.656143670474435],[77.42807494107907,35.65984908575469],[77.41155654082546,35.656256622366385],[77.40280771408793,35.66346953747475],[77.40182713295982,35.681489123609886],[77.3853272863228,35.69165227566695],[77.37800640028578,35.70534091770454],[77.36586677366749,35.7151871888495],[77.34374854595896,35.72096140716278],[77.33554901345919,35.71975389119631],[77.3325985449405,35.712786289626855],[77.32106790992937,35.701048099437195],[77.31239765087713,35.70226583289496],[77.29907758775045,35.708002197431014],[77.28743720385607,35.72259053616722],[77.28031320926534,35.71771379971099],[77.27638534865541,35.708421953915334],[77.2583448555342,35.704320183904336],[77.24191936110209,35.7084762899754],[77.21301340371501,35.73325194867624],[77.19164467123063,35.73236671755182],[77.1796796851237,35.730218488121345],[77.16903340836721,35.74053741349428],[77.17635571773279,35.76813460389191],[77.16207529479126,35.764951090936066],[77.1521902190962,35.76863520794945],[77.14578218176065,35.77745779523856],[77.1350412377691,35.78000419954209],[77.1323365523332,35.78916472140989],[77.12700730766275,35.7943220232754],[77.11565988152363,35.79810513035284],[77.09111198627724,35.79503218999382],[77.04521642151174,35.777288304716166],[77.01047619057387,35.77490661015019],[77.00100395085256,35.77556010476613],[76.98243788394537,35.78760323831867],[76.95699244694144,35.78994938213112],[76.93561244441094,35.78902238351359],[76.92504737098902,35.79333290020831],[76.90379524308922,35.807939028063345],[76.88739419125946,35.8126438699947],[76.86114806078122,35.835952568768725],[76.82352959316363,35.84148807296309],[76.8074801427322,35.849745566425696],[76.7987659435416,35.87962823487991],[76.7829946850251,35.905200339049316],[76.75778315787076,35.931999287985555],[76.73938981049812,35.94638072187309],[76.7321364481425,35.95463610086389],[76.7328557871598,35.96176134920455],[76.7362569932546,35.96631648258049],[76.75900147141856,35.9803382781197],[76.77036468454367,35.998108124587056],[76.78769954411592,36.016671809186334],[76.81040958251367,36.022916739908005],[76.81344968812279,36.03108078189682],[76.81368762214149,36.040628777781265],[76.79819935516271,36.0619928316341],[76.78375022649615,36.07192793634441],[76.75217568533431,36.08001737441453],[76.72009158232953,36.09769526800673],[76.71525816480866,36.10817680327428],[76.71644460167715,36.12722251212007],[76.71111692784878,36.14012669836729],[76.67030453217977,36.173905461661285],[76.65592379861026,36.19218419121971],[76.64468217805918,36.197705448165905],[76.61691221640969,36.178019758283334],[76.59409381825067,36.17832092520254],[76.56539212507526,36.18617251532237],[76.54928672051143,36.20216021588342],[76.51031694204379,36.21066695563998],[76.48098103284535,36.21973462172431],[76.46825160977708,36.24027173928697],[76.44819676351256,36.246342523262385],[76.43678302976892,36.25782946787869],[76.44566078607492,36.265622786409224],[76.4485003073841,36.27201167859844],[76.43749990926166,36.31035342354019],[76.41339385152163,36.328026613783734],[76.37979627708192,36.34689667260622],[76.35392723348228,36.36944723487807],[76.33992321418901,36.36973832943318],[76.32099826478097,36.36496381233896],[76.27440442426521,36.3565544303155],[76.26650195845232,36.35884296342589],[76.24409475895028,36.37159639374584],[76.23026433419012,36.381420447574406],[76.20072914902897,36.3969996680906],[76.17672137237123,36.40088183898656],[76.16395310401363,36.40645164510091],[76.14462149751738,36.428549215359254],[76.11171795769992,36.45965941453894],[76.0916902941359,36.47462395237551],[76.07115386304494,36.48424232307085],[76.05333125341194,36.491303113702806],[76.01006281390285,36.49513371783974],[75.94503801322209,36.511605775368366],[75.89077778274694,36.5327728285069],[75.86679821720035,36.54554700704255],[75.85243243150163,36.558341235116146],[75.8070215397644,36.56342369040052],[75.74442368631186,36.607697649871604],[75.73466228993476,36.622593351125936],[75.72053111472002,36.638340106161316],[75.6628101672999,36.72166247784656],[75.61272425552023,36.77527024657635],[75.58552584040395,36.786377878969375],[75.48802012889662,36.81638878823975],[75.46326656331844,36.83031329438917],[75.45834214507981,36.841924332028896],[75.44981846801076,36.888929102185585],[75.44182938069595,36.899517523214946],[75.42967842777169,36.90497063548142],[75.41764704159625,36.90325871427721],[75.40877812334625,36.90375470499197],[75.4069208416304,36.90803344751485],[75.41106076241881,36.921519616822636],[75.42488175680131,36.95235557875248],[75.4184478726948,36.972395898735094],[75.41368226409436,36.97743315461151],[75.40368630395864,36.98216574529426],[75.37924441062026,36.97458205312014],[75.36888844418112,36.975157595031966],[75.35442738877961,36.988482856663715],[75.3484078139945,37.00491679848846],[75.3503739990408,37.01911915909941],[75.3465731621489,37.05272103854355],[75.34131369736147,37.060763155030955],[75.33628346635358,37.062829801335994],[75.32078391579051,37.064281103756194],[75.27653575008044,37.06015362437183],[75.2109562495656,37.05001680543298],[75.196927470563,37.042430729093084],[75.1772115496968,37.02024519499456],[75.15296056991149,36.98816484054288],[75.10915168266693,36.961898978648854],[75.09125028640655,36.961068218768446],[75.05519450809392,36.97431875840988],[75.03708271109188,36.988993290621806],[75.02321798744065,36.99211244245532],[75.01567141310831,36.99072294948752],[74.9540178777689,36.954618912776894],[74.93412726834157,36.93837002269698],[74.91557906681324,36.92025947443956],[74.90975939109138,36.92175527368844],[74.89650254149863,36.94152391876778],[74.83478585084926,37.00526426923562],[74.83346736271078,37.014723380592514],[74.84087392359626,37.03214312486391],[74.83890181962664,37.03584345422338],[74.83582846961048,37.03799361455846],[74.82919991460635,37.03902729455846],[74.80477375869928,37.034982113057275],[74.78331018268949,37.0409953006453],[74.769054813293,37.041221919521185],[74.7601925587793,37.035970925165905],[74.7531840252729,37.021884493459034],[74.74942400549027,37.01938689441235],[74.73817230734318,37.02678410437218],[74.72635677135104,37.038500001721964],[74.7159106894413,37.05365248154854],[74.70885759679935,37.07331373037516],[74.70739054437104,37.08728835088196],[74.69012295773597,37.088140591545184],[74.681170492994,37.08671380889106],[74.65237400887774,37.07008674633465],[74.6337990508995,37.06370306650411],[74.60479382397325,37.05924970586285],[74.58940793305827,37.0591621147386],[74.58166883991792,37.05757460321962],[74.56812173497065,37.05176000870548],[74.57496012360016,37.04956214115442],[74.57790608163256,37.04579841757707],[74.58041834827746,37.02101185159488],[74.56913688168287,36.97030108175808],[74.56410133942394,36.95789724941937],[74.56054386863185,36.95719753216441],[74.55106793477142,36.959065039674876],[74.54255070567164,36.96135483413861],[74.54033383360951,36.963316323821054],[74.53728757289218,36.97736862159856],[74.53430992901417,36.98323579293455],[74.52295745889889,36.995128726995006],[74.51382921825049,36.99648096866016],[74.45683270033194,36.99829275879822],[74.42642432229636,36.99569289070924],[74.41714653756523,36.99343340374924],[74.4126888368638,36.98451558523932],[74.40818186739664,36.98155582264198],[74.38866400694201,36.97346641716784],[74.37568884952587,36.9733786307663],[74.35080322130352,36.96006889922726],[74.33643793878032,36.94702905266284],[74.32913021653518,36.93814601901464],[74.31482133441185,36.92733222753131],[74.28260894838175,36.90918570227276],[74.24897082292055,36.893605664108776],[74.22109524370543,36.90271407272014],[74.1557502586249,36.91050768035198],[74.14419906264654,36.89092406221518],[74.1353009278135,36.85012786394901],[74.13345904913862,36.847903451058045],[74.11631455854715,36.83572792757983],[74.08882687081186,36.84214335207068],[74.08551677989843,36.84150731913885],[74.06868252778918,36.83130340807745],[74.04652144827176,36.81082176010729],[74.03969222664402,36.81511245157805],[74.02777986411051,36.82611208610473],[74.00837677791677,36.83377385520241],[73.99542147443796,36.834171320849734],[73.98195635645476,36.82957673530759],[73.96149925408766,36.83926671939755],[73.95722909595867,36.84337713034956],[73.95055713359297,36.845776582318095],[73.94126921065119,36.862109713779745],[73.91490226436605,36.88298262322395],[73.90675213423819,36.88382635544188],[73.89302041328614,36.87546052638494],[73.88259161907774,36.880981615843496],[73.87049739755886,36.89420623593731],[73.85926115450113,36.89731861029615],[73.838411818939,36.8994667065046],[73.82044278967696,36.903091027736814],[73.8101686436266,36.888580973085],[73.80071991632362,36.887495871335766],[73.79960642368157,36.89359147773563],[73.79410212625491,36.90015755776119],[73.7869314377376,36.900154007540216],[73.77358125266076,36.896300009820166],[73.76554548107033,36.9051926019847],[73.7587606209263,36.90528458221219],[73.7513224944502,36.90968651369516],[73.74486262360577,36.90890062914955],[73.73351494295416,36.89893935471373],[73.72872508972712,36.89799025225206],[73.72055011947273,36.900697901346696],[73.70345129895225,36.91208537988705],[73.69723902328165,36.91430672632211],[73.6710933052826,36.91169833616333],[73.67135863209722,36.90448526030256],[73.66771574503358,36.900353395874106],[73.66528812588444,36.89182029426598],[73.66700745523815,36.88088069587852],[73.68250182204096,36.873438288862886],[73.6872617000807,36.869942342746015],[73.68942324047147,36.8659081313875],[73.70618722410377,36.857953284795926],[73.70696679826612,36.84642234591956],[73.705509598582,36.837811561228335],[73.71178530517473,36.834368942774255],[73.71983520154323,36.83632498266302],[73.72529739319813,36.83507574710639],[73.73202320481992,36.83098159600749],[73.7366324586516,36.830146083405474],[73.73865962402206,36.82599469566337],[73.74909209638845,36.82736769236365],[73.75439938374132,36.81888683766838],[73.758835975677,36.81615486531598],[73.77396772978219,36.81502604988286],[73.78812928204573,36.818974795415556],[73.79757326802647,36.818197917851506],[73.7963605906093,36.802481300969525],[73.80040592898818,36.799289614266996],[73.80151307063001,36.794215121427484],[73.80639783274347,36.79083057273615],[73.81479025145633,36.78901502546963],[73.83158827365178,36.7952772331027],[73.83698687316488,36.79513383734184],[73.84010650592631,36.793687277682814],[73.85322856097011,36.776027560062765],[73.86798889062072,36.76631694209065],[73.88221866582623,36.74846966004375],[73.8841008341396,36.73919551131839],[73.88305132755603,36.733043178686124],[73.88529327529234,36.72989687581354],[73.8736394420014,36.72059322847406],[73.87865064141248,36.70709052922766],[73.87177612299574,36.70140052871767],[73.848659245887,36.70236830645452],[73.8124875253683,36.71477100269392],[73.79555117018378,36.718841696168205],[73.78445914876802,36.714555678852086],[73.77985325431528,36.710388435895375],[73.77478392803617,36.702089623188414],[73.75673309615266,36.70633951351388],[73.7367050793492,36.70884854734759],[73.72706713112437,36.71328519946508],[73.71720913983263,36.711708041552654],[73.70985361271534,36.71233334749391],[73.70361876637779,36.70521380031478],[73.69497975757353,36.6991192967058],[73.69222117265907,36.68912120145877],[73.68311052586114,36.68656780960117],[73.64835798392807,36.69309443857822],[73.63800384363566,36.697945428427964],[73.63481496966507,36.69816304087783],[73.62525284827834,36.69136380632411],[73.62158150669728,36.690340120066196],[73.61559883816514,36.69112278939921],[73.6068221902286,36.69491738249168],[73.5927136612032,36.692843829067606],[73.58654205714468,36.69940217972645],[73.58555718369438,36.70948700079034],[73.57930167434063,36.72238069841328],[73.55433492954074,36.709562449796664],[73.54982073996194,36.7160690057781],[73.53420202110262,36.71137728559966],[73.5198978388524,36.71029177161009],[73.51247665980576,36.72169435361206],[73.50983830980425,36.721930117967226],[73.49763291916162,36.713135596025396],[73.47931084329586,36.71946013635647],[73.47910016860244,36.72312237548481],[73.46856622074608,36.728512438894974],[73.46640583816807,36.73243535754268],[73.4619718866578,36.73504994090965],[73.45865961021876,36.73259071718965],[73.44671333373854,36.728918463721136],[73.4338821092438,36.73099518559943],[73.42795665465555,36.73310811677479],[73.42531570980441,36.74290647716826],[73.42144221228962,36.742983287174205],[73.4164438398475,36.74101595568966],[73.41017422838395,36.73477459857834],[73.39894660092364,36.73301675716896],[73.3944208566478,36.73006559351983],[73.38987788249374,36.72978276860687],[73.38416910115203,36.732903362921526],[73.37377572538908,36.73106420553231],[73.35157584695027,36.73500408432184],[73.35211077449857,36.728240317483454],[73.34833322688671,36.72197972174867],[73.34783175615833,36.71639960916537],[73.34461473410934,36.71472010080661],[73.31079162112852,36.71431949040043],[73.30394501860425,36.70627160895402],[73.29411981942596,36.70422666297937],[73.28571902007285,36.70379306837243],[73.26679036105362,36.70617969287234],[73.2555611905032,36.704523415178954],[73.24611641647921,36.70538242343496],[73.23801431080757,36.711520654961014],[73.22880491841578,36.701487177252915],[73.20954703241458,36.695512261731146],[73.20139620751115,36.695529223336386],[73.19228524908603,36.6977331744095],[73.18669045951586,36.70118604906322],[73.18549895072624,36.70492159666404],[73.1865570382367,36.71030198629884],[73.175043089232,36.717972779719354],[73.17067141294149,36.724030819212174],[73.16788080874679,36.71302149456172],[73.1625443418313,36.707585019717776],[73.13808873556538,36.69850678259919],[73.11644082005387,36.684195427828435],[73.10584035995294,36.68589137275261],[73.09522078478882,36.68335855124137],[73.0676456532567,36.70062256271169],[73.07071230232249,36.67983002031607],[73.08042920542798,36.669979744931965],[73.07802119048566,36.652861801433275],[73.07984534316967,36.63880325801406],[73.07410571151847,36.62878386682929],[73.09629461050557,36.613527033601706],[73.0978944519709,36.609917972124194],[73.09716682702542,36.60599429130779],[73.09395141409668,36.599857715713455],[73.07950033985377,36.58559671915295],[73.07801720699999,36.569177002759986],[73.06194673220674,36.5611928016058],[73.05250160164411,36.548684226936615],[73.05366503577608,36.54093848498222],[73.05194534829769,36.53296636709232],[73.01767142136683,36.52502987625517],[73.00016716722418,36.518093974146254],[72.99915791923682,36.52005672848314],[72.99028972835055,36.513046578327604],[72.97791320784376,36.511525012218875],[72.98276048668919,36.50148273210751],[72.97474849796883,36.49433496221719],[72.97422973112096,36.47537312244091],[72.97476696104957,36.47351766136528],[72.98230208163491,36.47467439072832],[72.9874865501346,36.47283526358045],[72.98791775871987,36.469268996137025],[72.98264808879044,36.465643912697544],[72.98246818965396,36.46171163153463],[72.9793589796754,36.457319995203044],[72.97344742569614,36.45383921963163],[72.96344840995793,36.45838495408943],[72.9555772939397,36.459261611253595],[72.94970793372002,36.46192547625657],[72.94606150414661,36.46621499223473],[72.92859325290337,36.45492630335979],[72.92360989258655,36.45352938293338],[72.90814949500563,36.460922109899876],[72.90460941640163,36.46009538765305],[72.88658016669741,36.444341678585154],[72.85966942977754,36.43556049525023],[72.85915491457952,36.433661903849654],[72.87460927746214,36.41961554526737],[72.87583313607561,36.41693451368897],[72.87066546168151,36.41177289762774],[72.87008957315747,36.40748183595213],[72.87180131856331,36.40038235122789],[72.87554436013926,36.39456073751137],[72.87411529232001,36.39040518696588],[72.86406827576641,36.378897079791244],[72.8586068353433,36.37508795219457],[72.85096522186797,36.37238415492083],[72.85366629353224,36.36634879521647],[72.84821313426707,36.36578337877388],[72.84009413978266,36.367327681337144],[72.81608189899255,36.35643561530073],[72.80861461222412,36.35100494242171],[72.80334737141058,36.33080912485833],[72.79994127375333,36.327936028827054],[72.78887186054787,36.326111485465404],[72.7782454676118,36.31730307985327],[72.77390135210415,36.31592728396282],[72.77032410333963,36.30911841971972],[72.7659371425893,36.3084236943125],[72.76090323397118,36.30462788501518],[72.76094167139364,36.30070148205007],[72.75917766219797,36.29857863107304],[72.75651789126967,36.29727237231207],[72.74825078624038,36.301197510653104],[72.73113673429495,36.29826287317524],[72.72655401502465,36.290727275374024],[72.72112686169937,36.28981702251183],[72.71974825655036,36.28497701946554],[72.71406747827679,36.28473908722556],[72.7134075172118,36.2785626082714],[72.71123486043813,36.27625109414527],[72.70755695176948,36.27438881736824],[72.69264195287202,36.27342097348203],[72.68543183118899,36.27072645177145],[72.6805605011091,36.27103386370023],[72.67416563335432,36.26222382198089],[72.6834325546099,36.24929008280817],[72.68483394089199,36.24388259667907],[72.68001843450054,36.24333818090737],[72.6702300944772,36.25454184680069],[72.66509428006628,36.255691777944705],[72.66219539276155,36.25813174750514],[72.65453516776552,36.259174778538195],[72.64446053081576,36.25840711618417],[72.62396089662626,36.26881252640941],[72.61886809048943,36.269279636262695],[72.61168265334143,36.2694868607013],[72.60511640262371,36.26339985491877],[72.59867295295865,36.26192988124921],[72.59421129569446,36.25917750770165],[72.58769069903398,36.25889957598274],[72.58071676516278,36.25262308473532],[72.57694310540347,36.24255361549664],[72.57273741461927,36.23912799122262],[72.57237384558647,36.22852015456866],[72.57394614350454,36.223803593314585],[72.56486210360902,36.214359800068415],[72.55750311367437,36.21404468822294],[72.54731437031104,36.205406497049914],[72.5505036262886,36.198537740355626],[72.54564742466599,36.19542457599403],[72.5424884524513,36.1824731765538],[72.53577643214905,36.175520293567686],[72.53592130611607,36.173304980380266],[72.54913284936782,36.16464432848655],[72.55124673863634,36.16131714129593],[72.55071975149839,36.150015127383156],[72.55346371968075,36.146714767682944],[72.56122835967822,36.14397139324711],[72.56170494997332,36.139890004078204],[72.54780737579016,36.130064414370416],[72.54037735957533,36.12769414634887],[72.53414615986543,36.116657913073055],[72.52761512305746,36.11022323459882],[72.52081177821465,36.09830628105426],[72.51668047148199,36.06733485634096],[72.5259177193022,36.05977458375038],[72.53574004465328,36.047291272965516],[72.55833216697486,36.04611147284873],[72.56435169077736,36.04723022699825],[72.56875932378773,36.04462277619039],[72.57939545981505,36.03582843707572],[72.58269046386657,36.02994605557681],[72.58459509351785,36.02507964454956],[72.58163467131027,36.021725986745125],[72.58352529663152,36.017073964960616],[72.5808570172264,36.01330239971813],[72.57111500341746,36.00836700662813],[72.56776670946712,36.00284473031087],[72.56878185666315,35.999445857970656],[72.56797942607363,36.00143921383903],[72.56728802548619,35.998132182898104],[72.5593220586116,35.99357985487436],[72.56225725350706,35.989131140184845],[72.55996380227799,35.98695711330203],[72.54882741588939,35.982353379603836],[72.53932479769844,35.9862244304525],[72.54241106814514,35.969535841986456],[72.53582847485386,35.961070355788785],[72.53488634937413,35.95063852403985],[72.52635419253934,35.95028952601162],[72.51307732713134,35.93867301567696],[72.51276254451186,35.936429948734954],[72.51689216583226,35.93210179925727],[72.51502669667853,35.92669225912274],[72.51847361744166,35.90548266954138],[72.5316078524546,35.90309688066559],[72.53953392035088,35.89573827594727],[72.54303024094493,35.8944900063019],[72.55823539249407,35.897664742684206],[72.56056950430941,35.889372212756456],[72.5654223515408,35.88759304455432],[72.57047514808579,35.88210352692887],[72.58002491091787,35.86438069597185],[72.58510091898125,35.85937260895076],[72.60994155722167,35.861559401246915],[72.61880147636806,35.853357287552406],[72.62516974516407,35.85780189296882],[72.62813964821547,35.85785793195723],[72.64967207828495,35.838899553329085],[72.67792363357269,35.82372246303596],[72.68438379242461,35.82252516019242],[72.69986874448335,35.83098734404891],[72.72336818764654,35.852201728202],[72.72657914344697,35.853051952433326],[72.74293650785926,35.844730957211226],[72.76143859711046,35.83230394788602],[72.76484654560242,35.83314607254421],[72.77519184187837,35.84146457696351],[72.77940748476762,35.84259891582255],[72.78428867157486,35.84145437026219],[72.78652182480718,35.84249991857054],[72.78742865705969,35.85534906312156],[72.78914097198488,35.857701833930825],[72.79659613399883,35.86016630848314],[72.80343438408084,35.85862731224578],[72.80820783151303,35.85909615928063],[72.81253942980511,35.86586117215794],[72.81570266996614,35.88007617128576],[72.81915767277704,35.881720315557196],[72.83931703257377,35.867128353482464],[72.87278322119164,35.87474352781708],[72.88271852134437,35.87550055478819],[72.89112688130389,35.8737373951567],[72.89356659899327,35.871391775566735],[72.8890434919313,35.85433022780331],[72.88932769506197,35.84884440653371],[72.89244750217223,35.84454085967997],[72.89836632632529,35.84077661053745],[72.91844227966982,35.83905731457333],[72.9295854211588,35.84024839770831],[72.95826630684566,35.84721685390187],[72.97764333234696,35.857432068557486],[72.98707777434,35.859810612648786],[73.00022845378564,35.85777084930463],[73.01230493382157,35.849293776710965],[73.0242654275848,35.84674028333375],[73.02882438082679,35.847058073728334],[73.05803889278405,35.86269099131048],[73.0681504310488,35.87770298955816],[73.07425780761099,35.8785754220501],[73.08388280952663,35.877462645527785],[73.105873326066,35.8575064998695],[73.12028791824467,35.84782427617435],[73.14076084266011,35.838272040350425],[73.1486640722499,35.831183366663545],[73.14791424958057,35.82874816189471],[73.1411891521666,35.825069076672385],[73.13720918401384,35.8191868587186],[73.12650045357903,35.77622682939989],[73.12641650740474,35.72101582591832],[73.12810822951641,35.7163891614411],[73.13291516498802,35.71077731410987],[73.13795948826822,35.706634925912695],[73.15360490354807,35.700348897127526],[73.15766790562559,35.7000652657646],[73.16239899077593,35.69322255118219],[73.19432271124205,35.67371436410005],[73.2126157267444,35.66891768717532],[73.23118463759474,35.65116445490601],[73.24959839583283,35.638468197235895],[73.25989395262316,35.62893167069391],[73.26867792421199,35.62438607466387],[73.29972998666453,35.611170906377225],[73.32735490349594,35.60622415914696],[73.36348210006436,35.59722367077875],[73.37323406836835,35.588932240980554],[73.39184090259361,35.56769894696111],[73.39812355026356,35.55708280294217],[73.4773608056838,35.571901673248775],[73.4810925009741,35.5712516942288],[73.49591895407276,35.559901075949355],[73.5015052518051,35.557569449499155],[73.50726239424834,35.55794284282466],[73.52211959486951,35.566191620668484],[73.52792425038069,35.5673018830563],[73.53673492680099,35.56347574371621],[73.55024715146705,35.55057142725297],[73.55679828823602,35.54683994345781],[73.56159722271661,35.546388670646344],[73.5866737187784,35.55394733771196],[73.6017202800573,35.55564433674033],[73.6092755091407,35.55815538543146],[73.62212294265757,35.567835950976985],[73.62838840451502,35.569045233106046],[73.63795438059884,35.56296003879938],[73.65181630577207,35.55101586294448],[73.65883845469241,35.547628563846615],[73.67343037409306,35.544651405974705],[73.72125591060947,35.549219523759476],[73.72436051291109,35.543657582865876],[73.72529082184795,35.53486164969027],[73.7296141539802,35.52949253412728],[73.77850494301593,35.522894258630664],[73.78127846408265,35.512412575212046],[73.78541708432637,35.47708247555059],[73.7920385809283,35.45421966514868],[73.75240151627499,35.43599843169169],[73.73958690061112,35.429041265310026],[73.7270230948012,35.41898866923238],[73.71486314636702,35.39436437127019],[73.69828298649604,35.37572891822421],[73.69543898998955,35.369070274662846],[73.69289214299873,35.35080522582986],[73.69514085506823,35.332206474072684],[73.69484255499293,35.318405774279356],[73.69851427377388,35.310104472337606],[73.72497501591351,35.27304851337677],[73.71906267937051,35.242472151509254],[73.70798409678125,35.222483589441865],[73.7202335927212,35.21441989556968],[73.73352517857398,35.208529230168935],[73.7411547434435,35.21485309872293],[73.75656714434078,35.22292863547577],[73.770508421141,35.23600194441338],[73.80832785427829,35.23949640587754],[73.83480645429928,35.2262200866637],[73.84537425344321,35.2246344207473],[73.85278431664142,35.214061612437696],[73.86118917004225,35.20714414481628],[73.8662345744657,35.20617600700219],[73.89696814530397,35.21169155884586],[73.91520885327333,35.208024079196285],[73.92454905511718,35.203897024907555],[73.9417010411024,35.18645800385175],[73.95684471119618,35.16804498404287],[73.9777026648778,35.18064189967304],[74.00029954442913,35.17998633622422],[73.99962938665944,35.18278324487149],[74.00282805906394,35.183647823768474],[74.00498277653146,35.17747283661288],[74.00476195949808,35.16772572897548],[74.01655886669924,35.16322085620581],[74.02536124530927,35.15268644968077],[74.03381399014178,35.146862275394454],[74.04410294444422,35.14978913661953],[74.05116156298887,35.14651420537515],[74.06341469474411,35.147046508740374],[74.07213372189092,35.15317447649108],[74.08005979335746,35.149489104187815],[74.08517321660551,35.14888103117079],[74.09105544195074,35.14160853924674],[74.09581403540679,35.14074051284431],[74.10662877708096,35.14796449206996],[74.11227211696617,35.14852713349626],[74.11398797257493,35.14421157608311],[74.11364442157505,35.13769162156009],[74.10707462173599,35.13026829632312],[74.10586095009793,35.125722497762624],[74.11098562411347,35.125296909165606],[74.11901801250437,35.118381727684245],[74.12793511672534,35.11611926192294],[74.13367186643981,35.11004802343399],[74.13238874459952,35.10292786254292],[74.11914670137469,35.104198193584644],[74.11139659030272,35.10069727898291],[74.10143039160393,35.09914150832093],[74.08839862322924,35.084103909477356],[74.0819145711764,35.07943706096234],[74.07989653944188,35.06811598433396],[74.07116689736166,35.05849048618407],[74.07358440596177,35.05460253111454],[74.06673749066996,35.046269369970084],[74.07341990029585,35.0457720464905],[74.07796364558772,35.03865397643069],[74.08943336729601,35.032959418127966],[74.09487798187023,35.033992205367205],[74.0982216236577,35.03217757455461],[74.10587840293648,35.01837477681296],[74.10974695698536,35.016074678787376],[74.09749525508215,35.01048366966165],[74.09482407680557,35.00425667343487],[74.0896088015635,35.001779743487646],[74.0655542402817,34.99779419472425],[74.05932483511707,34.99267553202211],[74.05977272643592,34.98701387223064],[74.06329114482088,34.98328045854835],[74.06103441261861,34.976939605549894],[74.06222219757204,34.973890901807735],[74.06095740549073,34.967733764551575],[74.06441944487905,34.9631970222117],[74.06414616297643,34.95722361376096],[74.07117044847148,34.935481569668205],[74.05366517240395,34.92490500687091],[74.03886700063781,34.92110712222721],[74.03720021091037,34.919227871430216],[74.03472284105491,34.90149944178208],[74.04196707426797,34.89103009763473],[74.03079864136106,34.88303236230092],[74.02991569962653,34.87628112842554],[74.02043383347021,34.87246349945513],[74.01503697508329,34.875247554977804],[74.00568148763864,34.873264997376026],[74.00050770469093,34.8752321839777],[73.99909373077323,34.86885083394471],[73.99272252309926,34.86591730046447],[73.9766107646327,34.86361259344415],[73.96743558823702,34.863826206474755],[73.96640531370252,34.854300445977955],[73.96117645529237,34.84307475034386],[73.96099754378679,34.83855928193292],[73.95798570670956,34.83554212802626],[73.95134949515456,34.83363876118162],[73.9304681422848,34.832389831836295],[73.92576767433508,34.8175615977534],[73.91937364142433,34.811647824696],[73.90491219623443,34.812835854994574],[73.8993157135363,34.818772509413776],[73.89499176627254,34.818969932228384],[73.88224056467548,34.81523804995967],[73.87677922834645,34.81559186806751],[73.87093733169682,34.81406914576226],[73.8629851295504,34.80959117779661],[73.85666319081977,34.80851042548811],[73.8431441782981,34.81427755422655],[73.83771233968638,34.81315560185808],[73.82177601495013,34.792098792560985],[73.81802641458731,34.791321004265676],[73.80078113607412,34.79472687134832],[73.78372842968362,34.791389105481876],[73.77230683471313,34.79610808559371],[73.75630313806126,34.787354823329565],[73.73710186182879,34.77253518426086],[73.72994218105808,34.77222199272995],[73.72235653831936,34.763406359712626],[73.719218133873,34.75239453098071],[73.71184854522224,34.74293748944794],[73.70462827976216,34.722006692516814],[73.68458109871302,34.707532443418295],[73.67896682121142,34.69357768525021],[73.66831415784213,34.688365477011594],[73.66645235501889,34.6831872434835],[73.65905374734886,34.67309720539301],[73.66025917144515,34.66610095379231],[73.66351183482705,34.66322284216826],[73.68771573125228,34.65552941712396],[73.69291882260522,34.65330084500148],[73.69500029475964,34.65005273785323],[73.69467654494159,34.647016073992056],[73.6904750307597,34.64109968451687],[73.66773060622684,34.61800968493182],[73.65375516460202,34.60052805029602],[73.65412690317652,34.596408625443324],[73.65985575079036,34.58458406464124],[73.65979942315136,34.579746897279044],[73.65026361755304,34.56196425249193],[73.63732715398044,34.5605322623589],[73.63300918265155,34.56261501028033],[73.6251888639231,34.57558194520462],[73.6111498437274,34.584821364372715],[73.5849640093978,34.58511780348665],[73.57227892546416,34.58366830995837],[73.55613150035963,34.58983646459266],[73.53871020226967,34.57375418485309],[73.53217693297808,34.57098407948885],[73.5171636269121,34.57089170415588],[73.49324004586923,34.57475481063592],[73.47021130461364,34.56847611923916],[73.46393756521955,34.57189846568582],[73.4538387323017,34.57106412028386],[73.45046286117307,34.56994463803033],[73.44825170986766,34.56709260207929],[73.44347339603365,34.55561743795831],[73.4462990702756,34.53961251722078],[73.44086914647978,34.52784904093902],[73.43080691138648,34.521330589870274],[73.43726694932525,34.50653971601708],[73.43516777645688,34.48485090330119],[73.42194229025634,34.466051004667136],[73.4218004337876,34.463742428752596],[73.42578301459415,34.45620994928011],[73.42773753169202,34.42603761657881],[73.42323379351303,34.41886294030229],[73.41617488224401,34.40106421820358],[73.40915149259804,34.37758198488084],[73.39912497021216,34.375478582671924],[73.39609684516441,34.371607697994776],[73.40301201849653,34.362268679906826],[73.40430222889549,34.35432331139511],[73.40786069190496,34.350280583714756],[73.41662351777434,34.350437428512755],[73.42133930764403,34.34666112233],[73.42994302877047,34.346297677414995],[73.43072550323197,34.34458112368881],[73.42467119800592,34.33894483009782],[73.42507417374189,34.3372443319649],[73.43310918379511,34.32764546575857],[73.44180245857682,34.32464687751243],[73.44451785505535,34.321375189859275],[73.44719498625268,34.31337014972941],[73.44554959184723,34.303128338799205],[73.45223613496256,34.30052964965686],[73.46040757488926,34.28913397620571],[73.4606507929026,34.28691395014403],[73.45558407069602,34.28081604896963],[73.4567092816511,34.2764540557094],[73.45986338123868,34.276214677641576],[73.47199422844912,34.28380023573712],[73.47550299892613,34.291331909486814],[73.47854414000878,34.29130736131678],[73.4808359685113,34.28942071500628],[73.4844829932131,34.27463872460206],[73.47594375828515,34.26774288109093],[73.47304190424302,34.25976434318306],[73.47283366150826,34.2523021939937],[73.48202303629289,34.230864384150685],[73.49853890292005,34.21121605418372],[73.49860898412122,34.20826659480834],[73.49274717909098,34.20157261643118],[73.49438383518444,34.195293856066684],[73.49110641850545,34.18533204883988],[73.49357080591695,34.17607124813552],[73.49083957962512,34.170821411452664],[73.49237164682475,34.16286327332089],[73.4913003899935,34.153753839835005],[73.49355443124117,34.14723792302989],[73.490933412001,34.13966813027799],[73.49719348704323,34.13245412756728],[73.49443337181317,34.12467983428798],[73.4983473332441,34.11230440618542],[73.49763260222487,34.104863218708914],[73.50129469091316,34.09660260850089],[73.49922712967778,34.08774611843365],[73.4996745631141,34.07457195440941],[73.50779731507224,34.06485631519123],[73.51139147822836,34.04944155281906],[73.51135646237545,34.03260420184237],[73.5178895693038,34.021798222185076],[73.51645362676985,33.99882632033693],[73.52606809202695,33.99141784453642],[73.52778337325005,33.988146703146434],[73.52909789906302,33.9822952669534],[73.53219843166443,33.97816486918163],[73.53254335010897,33.97215547677955],[73.53642604393924,33.96519364061032],[73.53779232919557,33.95634247773515],[73.54540292618124,33.943823546528584],[73.54760974943387,33.93693385740301],[73.5500528841766,33.93383045435244],[73.5577180031831,33.92990053199925],[73.56312042512364,33.92047353582079],[73.58443644835434,33.9049562683244],[73.59091583453082,33.89747899082345],[73.59354571060703,33.889770270599335],[73.59333355234702,33.87878877147685],[73.5877888721412,33.874435319842405],[73.58716316345179,33.86067415846089],[73.577951772616,33.847488125834204],[73.57470496526365,33.822450551991345],[73.56970623580662,33.81527478839488],[73.56683542849797,33.80001246126185],[73.55992250378655,33.781329071086375],[73.56383212940366,33.77496352767719],[73.56963622014553,33.77211228536428],[73.57482665225479,33.76329225789328],[73.58395768199364,33.76009498679228],[73.59464599355572,33.751232997663784],[73.5987032929108,33.735866418727745],[73.60302247501399,33.72848206757958],[73.60313598839916,33.71508701448182],[73.59715033533924,33.69976147434275],[73.58841763725535,33.69015203161898],[73.5786820991438,33.683583738588425],[73.56745869998029,33.66848606781111],[73.56788890041376,33.660073387542404],[73.57729037947527,33.64227460493406],[73.57774324783851,33.638057760222196],[73.57601419442634,33.63333688211512],[73.56902028303215,33.62464930763847],[73.56715499790067,33.61773581843554],[73.57541826134265,33.616175095263436],[73.58548618018611,33.61673313688252],[73.58826991634476,33.61541182308387],[73.5953800024483,33.60690520029344],[73.59853987327715,33.600170787460044],[73.60089663515694,33.599667389874625],[73.60914530722852,33.60550000006396],[73.61190324544859,33.60377953866328],[73.61171503080375,33.600789862769425],[73.60498348719481,33.58869479872114],[73.60604890709928,33.58664922020528],[73.61078669115093,33.58604072257855],[73.62191581301087,33.58075280572309],[73.62870634121815,33.57105881376259],[73.62526997453969,33.55821921795761],[73.62736050098972,33.54973218730559],[73.62408924485146,33.54328107664229],[73.62441448784256,33.54086823301303],[73.63073933080021,33.53519186152937],[73.64102240214102,33.531738135251224],[73.64177270335303,33.52850685927537],[73.64110769346443,33.52553822896628],[73.63029804403057,33.524418210694314],[73.62045194158465,33.5158593793079],[73.61144706050733,33.51305905635792],[73.61213559671323,33.508831323549714],[73.61941008796929,33.49931581201469],[73.61868329889246,33.49535041654691],[73.6112960597361,33.49927440486583],[73.60539835228246,33.50033403680487],[73.60294412707653,33.49924296378944],[73.60206774370984,33.49668321688654],[73.60508546210856,33.49155335364769],[73.60424673854104,33.485793950889665],[73.61094463796807,33.48230049277189],[73.6104684202112,33.47092853375966],[73.61265905940498,33.47163133105542],[73.61437438365387,33.47615275823923],[73.61633987244068,33.47706531895536],[73.61866819692698,33.476162915528285],[73.6201323571988,33.47290014232618],[73.61995555973857,33.462514274778805],[73.62824124229611,33.46154798295271],[73.63053133471162,33.460047385373755],[73.63207023228476,33.457980393345935],[73.63189207688976,33.4475944723289],[73.61592371213122,33.44770154784518],[73.61313252902339,33.44122883292667],[73.60936587030577,33.43819709045444],[73.60399770093306,33.440033004680224],[73.59606436715917,33.43898349894092],[73.59594038406411,33.42939475845657],[73.58939701490168,33.42768401026504],[73.58614455698937,33.42522863563628],[73.58670810495838,33.422805304766065],[73.60173372642907,33.422943155951664],[73.60316012508578,33.41908250913214],[73.59911956686229,33.41546292869678],[73.59087593420479,33.4132275809041],[73.58908744044693,33.411307484052],[73.58850063246572,33.40573664140862],[73.58190932378788,33.40322816010204],[73.58108982227766,33.39554909996243],[73.57331747445015,33.391824565181444],[73.57058989848225,33.38435462301485],[73.57114021444075,33.37936107238258],[73.56513050347165,33.369324383053],[73.56515453635173,33.36625132282688],[73.57187822675594,33.356649975951164],[73.58146774148958,33.35848755072738],[73.58376853191984,33.35567573667982],[73.57048791411444,33.342977176456564],[73.57110534930457,33.33906483412405],[73.5753151823998,33.337524647318205],[73.5772030974861,33.33500211449945],[73.57841981679394,33.32862378119831],[73.58026759338472,33.327187210475905],[73.58306918211261,33.32896144419989],[73.58746301909349,33.33554471755193],[73.5935585301034,33.34006504610551],[73.59550215944012,33.34016008003107],[73.59802802007889,33.337518733962476],[73.59935641409439,33.329508806252214],[73.5976335044521,33.32777769568707],[73.59015392828046,33.326932784889976],[73.58929589376933,33.32353706010798],[73.59420011463214,33.31762850254648],[73.59564235306159,33.30283676859682],[73.60108705995374,33.298711130707815],[73.60828195368579,33.2967668060255],[73.6141718538786,33.29289194485872],[73.6055261704238,33.285413172121444],[73.60651435540268,33.273713277832705],[73.61520759099156,33.25796760036068],[73.61319727810735,33.2482074269637],[73.61941138632935,33.24612494224296],[73.6217858809946,33.235989674524035],[73.62372695484903,33.23436744426465],[73.63631131824796,33.23272417075492],[73.63756334361737,33.230409457657714],[73.63780436507095,33.22569994078468],[73.63173188474556,33.22316870481527],[73.63451776417425,33.217894272745795],[73.63354983171776,33.20763605606818],[73.63530917282888,33.204846965058294],[73.639512227245,33.20502142589089],[73.64266595980597,33.219248626360184],[73.64762171374447,33.22282309592242],[73.64952874239015,33.22237665539018],[73.65562831709613,33.21171290959642],[73.66418465406916,33.207625860163866],[73.6680089318829,33.201857302824564],[73.66263781029824,33.1917062294548],[73.6664241836936,33.1818623853104],[73.66190678537708,33.17329903275494],[73.66448202074314,33.16134611634197],[73.66024008910162,33.15882482314914],[73.65184961505419,33.15865735147158],[73.64989198559351,33.15657595315924],[73.64868765723007,33.13747236285207],[73.64402527045071,33.13677662869755],[73.63629823430995,33.142000507971986],[73.63360905907454,33.14193945200997],[73.6312011234289,33.13951636530662],[73.63127379022299,33.137254029203305],[73.6392924157096,33.12813176827282],[73.63893082334927,33.12579838774313],[73.63132474432724,33.11755229428912],[73.63301808466032,33.10690423816402],[73.63185955978312,33.09529865841959],[73.6377385090139,33.08464481216046],[73.64194093530907,33.08319238313953],[73.649438722429,33.08634199379345],[73.65567835273339,33.08542066362157],[73.65686898875528,33.08311830855884],[73.67284371568998,33.08224248970003],[73.68157185287421,33.087473792316665],[73.68538808963571,33.08746304658329],[73.69133545291729,33.084946526265455],[73.69972889800685,33.084890045945464],[73.70969260457927,33.07943436619329],[73.7157229174916,33.078821456300446],[73.72906399503745,33.07072381101238],[73.74283089151952,33.066153763513505],[73.7498601587198,33.05799943587],[73.74763875312253,33.035957796956936],[73.74910670455422,33.03362002634753],[73.75600562486898,33.02978606631856],[73.75800725193399,33.02526637177351],[73.76273671944276,33.023347618855965],[73.76442922833223,33.02031807780909],[73.77303383586934,33.01788152729072],[73.78077641915351,33.01253135808716],[73.784345150411,33.007258148028626],[73.79451094844673,33.0035912071862],[73.79831610777376,32.98894215789077],[73.78994466843638,32.977625225414194],[73.79043084640419,32.966809252537615],[73.79758377270893,32.96593705196163],[73.80931057612196,32.967575376641605],[73.82597043622121,32.977239446735815],[73.82774192037607,32.98795163966551],[73.82566292545627,33.00401144207406],[73.84565182175685,33.00180102007318],[73.8694398752063,33.002802891269916],[73.88053547017587,32.99746518418084],[73.88792294216331,32.99747198470189],[73.898743850062,33.00222793556061],[73.90826402120044,33.00143263207186],[73.91628006787727,32.99360532601277],[73.92326368195191,32.990647982142704],[73.92498633883278,32.988375346065936],[73.93229797597405,32.98724328668302],[73.94144644265731,32.98242971702894],[73.95386333053425,32.98456334758254],[73.95797823283769,32.98699974846927],[73.9646446893038,32.98712369487312],[73.9677890774439,32.98434492653085],[73.97023944994365,32.97739030683522],[73.96949247863886,32.97084972880959],[73.97237063246858,32.96720658989618],[73.97928849305528,32.96644102630496],[73.98950992654147,32.96218670593207],[73.99508663238336,32.96314973651566],[73.99834017532761,32.962030840181136],[74.00618429031627,32.95490681382771],[74.0062146966233,32.95069670688521],[73.99870574842355,32.939479681923316],[73.99968100782758,32.93540005827548],[74.0050999184821,32.93558094899184],[74.02446456867644,32.92974862558009],[74.03917176717171,32.93044916010041],[74.04995727349967,32.93466786332413],[74.05816284784957,32.9345376055703],[74.05995517722732,32.93182112176642],[74.05968326357741,32.92008455989761],[74.0635241401365,32.91691894398788],[74.06343053476625,32.912451549809006],[74.06895239903633,32.9095557441726],[74.07354414559899,32.90828274859005],[74.08337839405662,32.90921229310386],[74.09046844635712,32.90799365100547],[74.10613344719222,32.90294044056239],[74.11678826027972,32.89760191446896],[74.1442553310563,32.89495281158835],[74.15631163927746,32.891910168732934],[74.16563357857257,32.886895366042104],[74.16870947870963,32.88779736773623],[74.17276878265606,32.88637127524469],[74.17440508131634,32.889009639353034],[74.1788037193454,32.88949593893067],[74.19072088011232,32.88294909248327],[74.19245758048163,32.874971707853405],[74.19425554327974,32.873918877421545],[74.19996267077286,32.87530479201336],[74.21126446722897,32.873433730768454],[74.21415808311558,32.86268051422858],[74.21984740727152,32.86231253712778],[74.21800704756745,32.85223086464384],[74.21964100399488,32.84881799725417],[74.23444657179817,32.84808730492462],[74.24408772331742,32.84629513556896],[74.24410627650657,32.8450664970193],[74.26342978200681,32.842091696024966],[74.26629800480937,32.838529143423095],[74.26772884366663,32.83223166846479],[74.27672235692084,32.83160911146785],[74.27665564129235,32.833629444044455],[74.28051623070512,32.83387578365306],[74.29399715025184,32.832063842538915],[74.29430108406467,32.83047012925269],[74.30339774533218,32.82984050885726],[74.3128315146055,32.8221775042664],[74.30827643636539,32.80758440920677],[74.31514149558457,32.80478526067709],[74.31447969772628,32.796837810744194],[74.32722701617674,32.7905860502103],[74.33367065995368,32.78035242805134],[74.34223113535235,32.77808035962721],[74.34740078747625,32.77483834864868],[74.35133164849735,32.774640364453255],[74.35504814748047,32.76699844439773],[74.39100329858543,32.763163396253496],[74.39423482137032,32.77212065830893],[74.40292916525307,32.767381853424105],[74.4070533133123,32.774276315086254],[74.40759626729646,32.77898472805281],[74.41001908858283,32.779475487274986],[74.41526113411658,32.78455879478227],[74.42463145383806,32.78346770800131],[74.42610738121843,32.78523428265198],[74.44446517902588,32.783507883668136],[74.45940890506236,32.787742365363485],[74.4645801801521,32.77590004404869],[74.47596461304177,32.77540342023323],[74.48427807015703,32.76831026784034],[74.48607576626655,32.76444633246478],[74.4966817245321,32.76468948475471],[74.49790773101782,32.7658542070341],[74.50463266896456,32.76410399444758],[74.50531403999909,32.766349262983695],[74.51161885671605,32.76453264665753],[74.51043288745873,32.76248888859724],[74.51524541838943,32.75583740561818],[74.51407021258194,32.75107412223843],[74.5100183686399,32.751020367244934],[74.50943003476111,32.74719153855037],[74.51159108559025,32.745501115431686],[74.5270463451665,32.74680658805713],[74.53185103668675,32.74436486607071],[74.53386000683157,32.74487469091493],[74.53588244834198,32.74985704071464],[74.53918683952045,32.74819453093743],[74.54212020617193,32.74856854786195],[74.54194797823567,32.7519105122336],[74.5433430870294,32.7525397723737],[74.54405307890212,32.748029632389375],[74.54822259619941,32.74684821218963],[74.54702758152764,32.75182214425315],[74.55425170815296,32.7583758539585],[74.55881460188229,32.75831389984072],[74.56289085168956,32.760119076693776],[74.57033665437332,32.75973113119588],[74.57623367244618,32.75661676117894],[74.57659744946261,32.75449267002754],[74.5740224584804,32.7505045224335],[74.5768423213508,32.74790142487809],[74.58051880228713,32.74849890970875],[74.58238936522118,32.75278687464949],[74.58991330853964,32.750639384611596],[74.59604872254069,32.756458360528114],[74.61347184399112,32.757650396592126],[74.61361955549268,32.759660081544936],[74.61919672774638,32.760683009627186],[74.63425835603185,32.74954060367172],[74.63531779277305,32.751239139843776],[74.63803841032704,32.75153443848031],[74.63824440460719,32.75573395457798],[74.63682895910729,32.75624708429666],[74.63835372127836,32.75862282198213],[74.63035632379147,32.76842936531459],[74.63293396792027,32.77381980940718],[74.63229336522839,32.77639725935506],[74.63966804244679,32.78206139290149],[74.6540130640533,32.78086643306506],[74.65835744930914,32.78765434711072],[74.6454329913653,32.79544125276031],[74.63462640767065,32.80662387022179],[74.63521368973306,32.81176813263821],[74.64052170345741,32.81894448260018],[74.65562280258733,32.832095158261666],[74.65904448585763,32.83200227279357],[74.66348114492963,32.82597873124991],[74.66787910471646,32.8250445675336],[74.68350226994707,32.836761091602334],[74.70477371094205,32.84194785926661],[74.70543750587576,32.82577251952971],[74.70395166247292,32.81699200166081],[74.69748759984556,32.809704024845566],[74.68415823556384,32.78409606144337],[74.68182869791411,32.776500405665345],[74.67842104841966,32.77255826761477],[74.67490755982357,32.755990308444595],[74.66457226655152,32.74259023552705],[74.65944755023551,32.730843901599734],[74.65591339695821,32.72796055257772],[74.66186367637391,32.72703202249746],[74.66371115025913,32.72395190704475],[74.6579675601788,32.71504523355717],[74.6578898287088,32.70697930015327],[74.65349777417467,32.696685252207715],[74.66135711337564,32.68653304058267],[74.66695457511919,32.67527194714837],[74.68239229224588,32.67226055042078],[74.68255268351973,32.668830961920634],[74.69526405282878,32.66543626359101],[74.6952686915331,32.66131314480465],[74.68886734943682,32.65191646472521],[74.68072093270808,32.652524539847015],[74.67126258021179,32.645219127433336],[74.67038369064933,32.63894988434384],[74.66778256206796,32.63882455852708],[74.66232188935479,32.6350786498282],[74.65509975040005,32.63695199547709],[74.65603558800298,32.63277970364],[74.65309909947521,32.6309174408268],[74.65700363875928,32.63044779888229],[74.6550159119935,32.62458802290559],[74.65494498268815,32.615205800783954],[74.63904570117718,32.61464222980697],[74.63946710517428,32.60347971104074],[74.64158987069881,32.60275363088827],[74.64184182442214,32.600547353835225],[74.64660971196675,32.5991551863353],[74.64681629674685,32.59774076253261],[74.6542999258529,32.59945039740213],[74.6587707526457,32.59684539046168],[74.65711267852622,32.592634870891715],[74.64889436933629,32.587981799075145],[74.64983007593258,32.58240599271741],[74.65468718635238,32.580833301203164],[74.6521139643916,32.56982898817804],[74.6525398512607,32.56296428944789],[74.66272932873342,32.564880993925605],[74.6693402370386,32.568828877175115],[74.6738352667336,32.567976359026986],[74.67449024665937,32.55443251000804],[74.67327130031829,32.553356831273746],[74.66274134085413,32.55382754071552],[74.66170932898753,32.54967162322144],[74.66288244365896,32.54452164465974],[74.68249980922621,32.53532228705476],[74.68879840391237,32.53507502472202],[74.69060917597575,32.53296104174408],[74.69073441318834,32.523480325849846],[74.68423415502298,32.515404819338684],[74.68256949673184,32.50970365830828],[74.68565569771853,32.50664466236345],[74.68481553895748,32.499496093197465],[74.68210070317664,32.4935876236649],[74.68791721780177,32.48687437817566],[74.69358089855615,32.48648504132876],[74.69594618911756,32.48767485805474],[74.69608232739122,32.489509796005166],[74.7002580818037,32.489988970758056],[74.70109724953033,32.492926824662646],[74.70367400527842,32.49138579088209],[74.71018302172492,32.49261737302169],[74.71367268217908,32.48804473742302],[74.71117937618484,32.47817736576628],[74.71419477282991,32.47836713891594],[74.71449660602316,32.47685968887306],[74.71676533962406,32.478142002463315],[74.72745868315731,32.4758153012546],[74.72834532787127,32.48076816048437],[74.75155066143076,32.47829501374641],[74.75462807312026,32.48207728442315],[74.76548293210011,32.4805281865225],[74.7711280122932,32.481276779302505],[74.7947731805753,32.47640321874868],[74.79953663242125,32.477812324446894],[74.80049741143112,32.48232222802511],[74.8128185644672,32.47963686467516],[74.81377174783204,32.486779006276656],[74.81875336357051,32.497913610469716],[74.82423216098266,32.49507199096556],[74.83552240468903,32.49516010848278],[74.84707690594772,32.48917934989487],[74.85863867824578,32.492847567315906],[74.86528662256819,32.486343214287636],[74.87074333525803,32.485957169677505],[74.87728132046277,32.49296900367551],[74.88353955742222,32.490871613573184],[74.88389503971332,32.48874653605729],[74.8791357847998,32.4819885704273],[74.87925160175666,32.476718232713615],[74.89745612453328,32.4684379992669],[74.9007903128742,32.46737751344759],[74.9065972344547,32.472936567789866],[74.91394827804875,32.46621521797288],[74.91928302285505,32.4642544629465],[74.93099639745466,32.47124165256881],[74.93793505448777,32.47129726207807],[74.93619679693415,32.46753286200511],[74.94163202367984,32.462845747056974],[74.94704172891745,32.44842094389802],[74.9512123133825,32.447488244632744],[74.96071298398373,32.4552970630871],[74.96857889716728,32.45933547923847],[74.97128505948606,32.459536243302466],[74.98324150846054,32.45088771067459],[74.98651833511515,32.45044222407794],[74.98874132482354,32.45242427126085],[74.99187454692964,32.451460199838856],[74.99927230050426,32.45745310243767],[75.00329090089934,32.45722906292609],[75.0118980492828,32.464118986215496],[75.01930160159004,32.46616216525504],[75.01974663232261,32.467892111369956],[75.01655643594164,32.470790337863605],[75.01681658145925,32.479462134631426],[75.02802275309212,32.49708580117323],[75.04163555994258,32.48711067819067],[75.04535221231211,32.48830616325527],[75.05476914453618,32.48163569352702],[75.06781816365519,32.477743385113335],[75.06959071227796,32.47790686337603],[75.06994054570649,32.479729787989996],[75.08403352836895,32.472003968628385],[75.08553852762894,32.46876027293901],[75.08713211431436,32.470600739721334],[75.09075271070009,32.46925570325358],[75.09268310205904,32.470111895789216],[75.09897607138915,32.477741171507056],[75.10135327701107,32.47769454014635],[75.10794149213025,32.47196940430633],[75.10776850418833,32.4605722430286],[75.11927297977917,32.45421704796258],[75.1185975881398,32.444339971929054],[75.12445314882187,32.43461891800842],[75.1284014563383,32.43351732105211],[75.13322685855468,32.42780288420277],[75.13301344945602,32.42641104786092],[75.12725204392743,32.425509827537155],[75.1266323953734,32.42028016689404],[75.12753087322342,32.41724573832038],[75.13165627306094,32.41446672884339],[75.13142076565357,32.4088642550537],[75.13325366059654,32.408496850525125],[75.14110938244887,32.412349785978364],[75.1526625581497,32.42108105176978],[75.16012448065285,32.41863739686619],[75.16385565960996,32.4226364727846],[75.16762573233736,32.42321100069391],[75.17679077480543,32.42137108099398],[75.1803295116894,32.42423996452296],[75.18976564347014,32.42580586429478],[75.19200228868321,32.42401047086431],[75.19174624391347,32.42209461927063],[75.19884546403422,32.42159992179074],[75.19957882646173,32.42041709188603],[75.20039526468102,32.413788896800426],[75.19915657428132,32.41122740844865],[75.19749358973064,32.40983101222069],[75.19244783164751,32.410120273939455],[75.19241176213913,32.40187372931909],[75.19395484778225,32.40046901174483],[75.20756049601401,32.39468644351612],[75.21186504060377,32.40066954277258],[75.2150167221484,32.40127815238943],[75.22097801502258,32.39821493484355],[75.22293577520988,32.39424113153327],[75.22739400300685,32.391790597941466],[75.22861734484675,32.39286092231205],[75.23081937526271,32.39194426777638],[75.23552814913421,32.38746065082617],[75.24155085598534,32.38518260611616],[75.24482402060049,32.38473038550566],[75.24757495605834,32.3880816893625],[75.25203893672094,32.389578854655824],[75.25594392229782,32.38926534164303],[75.25718398729796,32.38796505456697],[75.25535947116435,32.37683793447334],[75.25709529610589,32.37656202538294],[75.25812933852545,32.371412403389584],[75.26011065905092,32.370332445169524],[75.26503484484749,32.37241676777302],[75.26786059207353,32.37155104402638],[75.27290455757313,32.375119985931164],[75.28495590416709,32.371963559832906],[75.28974831277573,32.369842267689705],[75.28735476051439,32.360679100252355],[75.28830236045023,32.354481047626834],[75.29887332054356,32.353515293435564],[75.29964660811855,32.34644966502107],[75.3021595605999,32.3442849388668],[75.3113350682846,32.34269723542983],[75.32267035712296,32.34352776015121],[75.32683349168155,32.33494745088127],[75.3277714375277,32.326116685253396],[75.33315591131472,32.32611603325166],[75.33770518065279,32.32184097462703],[75.33785148568859,32.319726724061454],[75.33661328617997,32.31661366231393],[75.33275102657862,32.31602974664619],[75.33006915506144,32.3125556360317],[75.33498969962415,32.31090453371737],[75.32404226955487,32.302514510209214],[75.32049648771635,32.297389977792086],[75.3502380716318,32.289858682620824],[75.34371039388807,32.278551990688364],[75.3714750333295,32.27960798873723],[75.37787556895847,32.273534992023855],[75.37858147560974,32.27030780117539],[75.38185508485911,32.26895411930095],[75.38069465819186,32.26602582507134],[75.37434442307722,32.26588679583008],[75.37083818927597,32.2575621441651],[75.37049761427858,32.242464005743344],[75.37418612112603,32.241429418183294],[75.37212624328414,32.225381925673595],[75.36859646715762,32.226225109602346],[75.36583678053627,32.223921025001594],[75.3654744036391,32.21993574745964],[75.35739091205818,32.218062977802106],[75.34212928938273,32.217030809052986],[75.33670806822883,32.21954565711521],[75.33137684468176,32.219577847174484],[75.3241780382789,32.21109218190361],[75.31958843931324,32.20822644442369],[75.31638085595891,32.208036949874995],[75.32011722523784,32.20411366545793],[75.31194443275108,32.199378491368265],[75.31033026626284,32.1946046908677],[75.31368250093033,32.18937928987742],[75.31843999307989,32.18744267170587],[75.31636544266891,32.181048026848686],[75.32242012596534,32.179498517710385],[75.31390865892476,32.172112419641394],[75.30678225683049,32.16900683121994],[75.29958942832933,32.15658870021719],[75.29940151961377,32.15331481360757],[75.28781647144432,32.1528268645364],[75.285354606194,32.15149473493815],[75.2772631243882,32.13697391435496],[75.2834496203203,32.13188783838963],[75.27888544200923,32.117310708257214],[75.27187167373307,32.11269988800246],[75.26273084735558,32.111852416339566],[75.26158635783565,32.11051879407649],[75.26612731708012,32.108919641205475],[75.26645466107574,32.10747901390209],[75.2621765809154,32.10209488815705],[75.24573069831754,32.10006550852762],[75.24027979434288,32.091065462788904],[75.23141719213102,32.09161055254312],[75.22923672024511,32.09329819784421],[75.2347260240436,32.10390111427209],[75.22695958623298,32.10678400690748],[75.226197395491,32.103414108111714],[75.2231949633907,32.10241365910392],[75.22370379968653,32.09816263123354],[75.21773247106775,32.10340747587562],[75.22026326990303,32.10773369455046],[75.2158266801029,32.12110392562237],[75.20245773155803,32.120237380682056],[75.20567709046149,32.10254939425561],[75.20405108383633,32.09666843827866],[75.19789203044978,32.098606140943026],[75.19677128808965,32.086043214516835],[75.19849736027312,32.08267098815359],[75.18916369038091,32.0821821085095],[75.17928260597584,32.07622852679922],[75.17424345677061,32.06746861448015],[75.16620461521678,32.07154437383297],[75.15767409721332,32.08175368314302],[75.1446795666719,32.08139772076889],[75.142416144238,32.08015929673186],[75.12290531239697,32.08138206434424],[75.12026006892496,32.07856528097692],[75.12084089589221,32.07536939163371],[75.11747498891106,32.07542669585695],[75.11315086241876,32.07186273417612],[75.108571422135,32.07162248811446],[75.10667607178526,32.06958099520086],[75.10890564636972,32.06472838251147],[75.10489529354425,32.05856970923768],[75.10170895876698,32.05944680110854],[75.0976650224815,32.06622179206506],[75.09120661477426,32.07183915612384],[75.09021593022474,32.06944084129126],[75.09158302302015,32.06583421259547],[75.08403138193572,32.06003450099467],[75.07300558251403,32.05968184274572],[75.06890237632894,32.063516224413576],[75.07150107350454,32.06557951224878],[75.06870131864595,32.06719096559486],[75.06413130270181,32.065593137009294],[75.06801093655137,32.06238213095147],[75.06200812358347,32.05527249947149],[75.05873158166688,32.05278329253311],[75.05376124828155,32.054321578994234],[75.05055964607804,32.05279262126748],[75.05190123457321,32.05142257342821],[75.04069822980927,32.042675936628086],[75.03625755230195,32.04512395659559],[75.03390608688133,32.05066575989156],[75.02385254544465,32.04766542860607],[75.02157266543905,32.048587212953976],[75.01888569797944,32.047028580444554],[75.01787295070743,32.04190802984923],[75.01661696287441,32.04290656283816],[75.01236452990402,32.03574542134554],[75.00477931869848,32.037574968989475],[75.00276531896897,32.04361003161889],[75.00111410533232,32.04116268654621],[74.98524083284208,32.04241701669781],[74.9828951370445,32.040252476414864],[74.97159430351154,32.04261714484795],[74.97805779099409,32.047995474792124],[74.97390602587014,32.05347768199381],[74.95284430889454,32.06020647900932],[74.95192604425772,32.05832830100257],[74.94820502410738,32.05935323650321],[74.94940697571131,32.062314602347634],[74.94808941652673,32.06308381535548],[74.92795787771726,32.0664597563188],[74.92519003051176,32.066454346772424],[74.91892443392568,32.06251544543571],[74.91755690796306,32.058122208067054],[74.91257542218177,32.05634642646514],[74.9127428887452,32.05402946252339],[74.90476831989444,32.05022104163104],[74.89157519947716,32.05507594120559],[74.8898789923525,32.05520605562492],[74.88856309270597,32.05260459628257],[74.87954987905353,32.05379683818734],[74.8754715036289,32.05087105498673],[74.87268870830344,32.044040063414585],[74.868920895917,32.04160983817831],[74.87258225654877,32.04168942777733],[74.87640377272716,32.03423885647437],[74.8799780170084,32.03203976640097],[74.86897215310447,32.02203477611567],[74.86922165834869,32.02797942716267],[74.86556672539591,32.030439041983485],[74.8627033588372,32.02953404016915],[74.86562229590047,32.02322003544499],[74.84835323324741,32.02047497623125],[74.8531979308728,32.01356033512863],[74.84678383910662,32.008319908353215],[74.83896938223214,32.008442574918],[74.82887294159269,31.998616662247784],[74.83136083179538,31.980850169019035],[74.81910005671051,31.958749484204432],[74.81502185386061,31.960510456386984],[74.81094395710655,31.959414284259683],[74.81033382284156,31.962353376296583],[74.80616047143135,31.96284946206209],[74.80237670445989,31.957842223800164],[74.7947871380243,31.95823092813216],[74.78148073984704,31.955706487976453],[74.76842319397544,31.947673124958417],[74.7595794594435,31.954476356236558],[74.75559337077411,31.955754205063222],[74.75657217832277,31.943699869316337],[74.74320861418416,31.93958747348053],[74.73430030573567,31.945147049216214],[74.73088289910355,31.940960550549196],[74.72717892239665,31.942564142219926],[74.7258813267536,31.94166954629064],[74.72242283958828,31.942722586773446],[74.7201650373409,31.941427898696702],[74.715266397373,31.936173109222697],[74.7140499860163,31.9323073390201],[74.71923899012936,31.923689700199827],[74.70773913236447,31.92303835548647],[74.70647974417197,31.92110380317678],[74.70071351645194,31.923464437630166],[74.7006139746394,31.925801609281123],[74.6986040224675,31.926283517010344],[74.67719995075998,31.92613849725827],[74.67432238471656,31.918612328452525],[74.6732531310786,31.92093090293463],[74.66670525897808,31.922734470069095],[74.66834564836161,31.91787440868554],[74.6663305306695,31.917394641865595],[74.66767770970368,31.916515054726137],[74.66335260919703,31.913177646216326],[74.66259280296084,31.914319530825363],[74.66040093320119,31.913540735371036],[74.6584405249295,31.910282575998874],[74.65763544226637,31.901881982546783],[74.65429941976251,31.899578202933917],[74.6508925917789,31.902182687698193],[74.64516549342947,31.894249808166542],[74.63965412401,31.889961620704934],[74.63630900451959,31.884221787503996],[74.63257395115392,31.884214758569858],[74.6293580773663,31.88212426058627],[74.61583025937489,31.889670182372324],[74.60786214786275,31.890385962709637],[74.60735547301039,31.881998873682814],[74.6081596000439,31.8788579817991],[74.61006254050393,31.878522261972318],[74.60663414414162,31.868527823249824],[74.59720779463757,31.867381942200122],[74.59222552633032,31.857997977660702],[74.59071445496508,31.848548014942992],[74.58331852265697,31.85188993820734],[74.57316333230284,31.83839955178312],[74.57212738112578,31.83882122574046],[74.57070160794477,31.83694341149109],[74.57044213279455,31.828117539010456],[74.57122478772962,31.818957778657293],[74.57307438585522,31.81599700418144],[74.56531214441114,31.80852079561122],[74.55790579073921,31.8047697493666],[74.56711922807987,31.79639979973262],[74.55561463067706,31.791352059019342],[74.5552585519332,31.78617283559872],[74.55140516789449,31.778974938003007],[74.55695153337902,31.770548702829732],[74.55488699784583,31.766942373027696],[74.56179159130191,31.763304669795573],[74.55940688236323,31.757879837280335],[74.54732635185567,31.752157132246964],[74.54743346438798,31.749346984254224],[74.53092874067741,31.747790263241882],[74.51386706938082,31.740122979020768],[74.50888182033509,31.742248213451706],[74.50370384453456,31.740477622134065],[74.50516379428767,31.73999029454666],[74.5040735034347,31.740120620211407],[74.50283429419147,31.73335771253533],[74.5030734194153,31.728529221169833],[74.49062314390088,31.7237751120892],[74.48659647325043,31.714998933684566],[74.4993239366131,31.709460869364992],[74.49926851201745,31.70748156916572],[74.503423574543,31.702654272527575],[74.50190281977186,31.69578864258868],[74.51755776883697,31.688495223359475],[74.524111677386,31.686977428081235],[74.5349607493044,31.6775987191197],[74.53429820708119,31.673390053260903],[74.52943162908277,31.66921103105298],[74.52869555787393,31.66660666831466],[74.54024458910297,31.660083245845616],[74.53730135027328,31.653278003833357],[74.54105439405124,31.646737739840777],[74.54472641897334,31.6483948244394],[74.54665863394705,31.64566492967847],[74.54797224683244,31.639105853081865],[74.54633708552377,31.633068964156646],[74.55168070910672,31.623610779697643],[74.55106148868784,31.61762325539941],[74.55627207631963,31.611343401021603],[74.55531664299593,31.6078403922079],[74.56776538616873,31.60678749768315],[74.5753019870419,31.603785584714277],[74.57572221773417,31.600787568396647],[74.57850350558151,31.599627390219982],[74.57499887039518,31.597419249913813],[74.58080437786155,31.59419031297239],[74.58202318990811,31.5881164613209],[74.58090448768151,31.587270323518048],[74.5857757491207,31.58514051572759],[74.58687674379317,31.583502437884697],[74.58552423953608,31.58140089462025],[74.59174893078814,31.57687172283999],[74.59227967874584,31.574111132789632],[74.60153807420723,31.572784474034886],[74.61105909612813,31.5671395134545],[74.61560038618794,31.56898312495357],[74.61353192212971,31.567184252322548],[74.60887800117158,31.566624032724484],[74.60679470380208,31.562961030262812],[74.61108336314028,31.558959441004607],[74.61614886222885,31.557397898281913],[74.61865036711752,31.551619540517642],[74.6144492163511,31.55108623028667],[74.61497853713992,31.544234290046088],[74.61288379170611,31.543259277555336],[74.61271176681025,31.541083354729896],[74.61430191821093,31.535298057705024],[74.61223665520582,31.530598317907955],[74.61289831764432,31.527340456254997],[74.60402669642286,31.524088895141013],[74.59595877809431,31.52603087917624],[74.58894299736131,31.521630008671835],[74.58433187650964,31.52092218526435],[74.5824765727622,31.513378952154305],[74.58016303810543,31.511133319007516],[74.58364824781567,31.510265189149173],[74.58403583907513,31.50694881303592],[74.58192109171388,31.508049566877876],[74.58002607686075,31.507258801736384],[74.5871294357263,31.50401394742399],[74.58520348934208,31.500820155536623],[74.5815004141307,31.500637890211163],[74.58115317136854,31.4989839459923],[74.57969899544096,31.500550167397584],[74.57521291292896,31.50116598615684],[74.57786016896891,31.49856014046508],[74.5872842235731,31.49629101348287],[74.58866362938726,31.497243269558354],[74.5936631055946,31.496441025008348],[74.59470187918596,31.501549428439322],[74.59940849404744,31.49984698111928],[74.60310683553057,31.50055386325901],[74.60445257198606,31.49867572874186],[74.60976763508975,31.49987021956142],[74.61303611687777,31.49621734644927],[74.61501573909655,31.488348320323315],[74.61864171374854,31.485115697338806],[74.62230173416228,31.485103807447622],[74.62244035120075,31.481910375349994],[74.62382594945323,31.48333799335219],[74.62582591583181,31.48282853476195],[74.62518458779846,31.48596333011388],[74.63222870184916,31.48664959681241],[74.63647893507826,31.48476250888512],[74.63142568110058,31.481480005902213],[74.62929044421962,31.483852256096657],[74.62754639438138,31.476901790218943],[74.63610000248819,31.47759272708612],[74.63844710600884,31.472889663046406],[74.64767236261574,31.465596996600162],[74.65213787345091,31.457301198042106],[74.65314421109147,31.454500676934213],[74.65128079985517,31.451988119940072],[74.64222439914158,31.44964065223181],[74.63859514425373,31.444378084214105],[74.64302181630353,31.436753923190786],[74.65461026491235,31.42600820154487],[74.65190633853771,31.426419083957597],[74.6484288515835,31.42392850229672],[74.64322137932164,31.416043800808698],[74.63360600372458,31.41871922593982],[74.63138212267151,31.42547175703989],[74.62925752492596,31.42585120550437],[74.62743855011422,31.429373230478813],[74.62243223806362,31.430122443683477],[74.61925659115671,31.42001698156055],[74.6089329305998,31.423660077927703],[74.60713370098838,31.42052695348576],[74.60246003217844,31.420509456692304],[74.6014093217233,31.41986099384692],[74.60260936506313,31.415759064929738],[74.59662097257844,31.41623385550027],[74.59416888518392,31.40780269133664],[74.59057549587692,31.400997256543622],[74.58724780323162,31.398121823193556],[74.58630848970299,31.385853978753882],[74.58348208704093,31.379039044824186],[74.57816556657754,31.376143696153356],[74.57829383546604,31.374884792444774],[74.57307014285355,31.37403464496343],[74.57161413262006,31.371544938945128],[74.56753881618236,31.371948465396873],[74.55391610343996,31.36665853727581],[74.55165309863754,31.364352107873902],[74.55006180091074,31.358692178192886],[74.55295474000415,31.35605093905583],[74.54874534650385,31.344394056371385],[74.545931705191,31.340754999391958],[74.54886208574723,31.33482516821922],[74.54359192957796,31.33507193743085],[74.54166059407198,31.332544440155054],[74.53737404127324,31.330735780202904],[74.53741776833674,31.326758171049338],[74.5338581070085,31.324911102667023],[74.53435806709496,31.32195807619831],[74.53780742988765,31.319460016870757],[74.53389827631923,31.31603501130099],[74.53482670511349,31.313466333681],[74.529162302497,31.314046335346283],[74.52633454401179,31.311972755646796],[74.53415455520555,31.305081656993735],[74.5406518122393,31.305959952075717],[74.54202661242157,31.303774590251827],[74.53765078001574,31.300953433291852],[74.53119682370964,31.28434383177759],[74.52652143445557,31.276796021225074],[74.52119262206173,31.27208389304991],[74.52060281218648,31.268922218043546],[74.5239206752703,31.261282395783816],[74.53204555457859,31.252340673919015],[74.53273077962812,31.249690928187402],[74.52816202462539,31.240040544249382],[74.51917835187825,31.233595943806215],[74.5197093883691,31.23184647213708],[74.51700738178924,31.227919511163353],[74.5244954231071,31.22029504720352],[74.52362114551002,31.217993529867556],[74.52596332520714,31.21176657415659],[74.52373626147777,31.208112131811735],[74.52513245424764,31.203687831833967],[74.5215158913677,31.202584610733908],[74.52011209958286,31.194411708076526],[74.52156427017972,31.190506345368636],[74.51952025066628,31.183851358152726],[74.51243816549363,31.182708872759893],[74.51075794044093,31.181158215262688],[74.5100695384421,31.173729450354553],[74.51311059419582,31.16411096011787],[74.5109863909323,31.15806361456764],[74.5138912274457,31.155950150136892],[74.51317590871287,31.153585920356655],[74.51522646195282,31.15212516520588],[74.5137926896972,31.13933844170432],[74.51036333653667,31.13190095209279],[74.5247297965252,31.129152799895135],[74.5434304814416,31.121003115135917],[74.54835510039487,31.12192735835123],[74.54771841099945,31.114507370558965],[74.54973269229005,31.112667740827966],[74.54906589204614,31.101158173911628],[74.55096147592181,31.096788604941203],[74.55149659644535,31.086385185184852],[74.55824426077348,31.083131363380556],[74.57126867886436,31.08142183138634],[74.57381707349745,31.08575837255338],[74.58881380959619,31.087817359088554],[74.586587540628,31.091190381043674],[74.58909365493689,31.092481303833924],[74.590839706566,31.09245993415437],[74.59150026842985,31.088788293457267],[74.60080967896936,31.087997619319445],[74.59943595932104,31.093060101286444],[74.60430211872627,31.09322222518755],[74.60436439019553,31.09511273869412],[74.6073558064444,31.094921222821014],[74.61066736911715,31.099295957331645],[74.61003827673022,31.111727113183488],[74.60551162615593,31.11436394152563],[74.59649331780058,31.127584571594923],[74.60305052834893,31.133600875802127],[74.60490728969506,31.13266630237273],[74.60996113737419,31.13373340663459],[74.61832531440471,31.13132104486831],[74.6218758095591,31.133088712054224],[74.62652193222098,31.131073542192265],[74.63087718799935,31.132710347309786],[74.63229375651105,31.13132147488295],[74.63100566817266,31.12822339285105],[74.63235958676779,31.121498395084476],[74.63623178432019,31.118259048063287],[74.64034247387453,31.11971762322441],[74.64841719743889,31.12806860724022],[74.65293530865851,31.12943252113373],[74.65896841774386,31.13397115159775],[74.66695442629336,31.12431733406119],[74.6731872463219,31.123579809247676],[74.68231548572815,31.127104060101672],[74.68910331109151,31.12802073483333],[74.68977661272403,31.118294647812217],[74.69808360559841,31.11240845980974],[74.69725417376213,31.10260385581378],[74.70134366007596,31.09725533823702],[74.70231879446266,31.092353776270123],[74.69726471014644,31.084748232684962],[74.69063907000944,31.081494226616798],[74.69593050003515,31.074159652399874],[74.6711613429334,31.05362739522933],[74.65760847178501,31.05009718916752],[74.64996159602968,31.048959318912676],[74.64587564827939,31.04982444737155],[74.61832649888174,31.043942882523485],[74.6130061752698,31.044786902162365],[74.59679977131412,31.037662573935688],[74.59591108697153,31.042214086544444],[74.59008684051041,31.049954900901668],[74.5744155882956,31.05678472742003],[74.57042833199387,31.052994560443196],[74.5682338091524,31.054688965293177],[74.56143706601055,31.04865222814593],[74.55871672586332,31.03740736223011],[74.55754487322397,31.03825842197921],[74.54796828848598,31.032454509540806],[74.54247779896038,31.017368541265405],[74.53967122618073,31.008839054611315],[74.54404424325828,30.998007657846784],[74.5432607158412,30.996127076974254],[74.54615956199628,30.99241636795171],[74.51615277217786,30.97947184952213],[74.50872370778421,30.967441979876497],[74.50347027661343,30.96479212228461],[74.49788898246771,30.96432907217939],[74.49189694365921,30.974431997372946],[74.4896385641332,30.97250564997754],[74.48136093548473,30.970751019687608],[74.47968606965829,30.974283943351217],[74.45725987533214,30.964639515818376],[74.46640796362314,30.956868599795843],[74.45147038856756,30.95589464494756],[74.45526364002583,30.95139830589002],[74.44206271062117,30.951733071976083],[74.44194110327177,30.94600847425097],[74.4395439524569,30.94218939668408],[74.42892015745392,30.942501167729706],[74.41640488140315,30.940334604730637],[74.41775135151461,30.937689013634998],[74.41386535823945,30.929648730065953],[74.42368139356797,30.929557258505174],[74.42874679549625,30.931225518830196],[74.42353042890583,30.92072738697687],[74.41033544559507,30.923489434079123],[74.41105607283508,30.919636876969548],[74.41861386877531,30.919308785420622],[74.42441536721327,30.916029095689737],[74.42271799102055,30.907778716088462],[74.40979362708246,30.90957695600356],[74.39729051121034,30.909388101919085],[74.38294014969675,30.895514118163913],[74.37076489768046,30.895176962722577],[74.36590541531825,30.892932488990077],[74.36671035052863,30.8856955673903],[74.36076587852942,30.873703769423912],[74.38208903926693,30.860433952420593],[74.37792047823446,30.8584440843781],[74.37402184278439,30.859804431470724],[74.3694341368463,30.857417406950322],[74.3645243882059,30.85738088856447],[74.36852298028315,30.85184122509537],[74.36719920204423,30.849130087819546],[74.36335639297722,30.847251749922574],[74.35498382084174,30.84839135104521],[74.3540693665264,30.852704087402135],[74.34814793921981,30.85490575625692],[74.33876789057867,30.852669830990443],[74.34055528224178,30.84910114690292],[74.33238625792819,30.851033571733613],[74.32467292709029,30.849561813942152],[74.32038523462941,30.846626511749143],[74.32016156185057,30.842018272864205],[74.32205786163574,30.838669669046414],[74.3193108673619,30.832902952817243],[74.31982805748835,30.82740369179037],[74.31014201468297,30.8186278719627],[74.30245974175843,30.808042891570402],[74.30146112356168,30.803812331736367],[74.2994064154453,30.804577194325535],[74.29487555124997,30.794506992303926],[74.29828751237707,30.79368900957405],[74.30129925293112,30.7897526492506],[74.30681713138348,30.789197042559167],[74.30196721539863,30.779368809586074],[74.28982406469557,30.775175952722165],[74.28670335994954,30.77588230668997],[74.2744227760892,30.773481623729985],[74.26482648534912,30.777091956716095],[74.26017369538036,30.773095051788896],[74.26077374243656,30.769861582210723],[74.27369092679298,30.753463719057073],[74.27447983688317,30.744265224217315],[74.28646024302408,30.73569588316679],[74.28152926937257,30.73089164642546],[74.27483105904834,30.73711587744791],[74.27124724296365,30.732206699400034],[74.26843930035935,30.73440049114476],[74.26911916001605,30.73031790886594],[74.26696547812142,30.72621747921217],[74.26090188864221,30.723107270023693],[74.24841421402024,30.725971716428727],[74.24202332230718,30.726007609870955],[74.24540036828797,30.72452324254684],[74.2452725227768,30.722946521654535],[74.23265785815951,30.724556429892242],[74.22733514946086,30.718834510464166],[74.2276183271002,30.712865298174346],[74.22532223434031,30.713089223317404],[74.22346463163792,30.70994471690112],[74.21923729372487,30.693606841468885],[74.21205632625846,30.687762346309594],[74.20531686531201,30.676102422419042],[74.19796572958916,30.67078754042821],[74.19332162847788,30.66517431857509],[74.18181673146044,30.661506503005832],[74.17739797735797,30.65519785617163],[74.16936945102523,30.64872813122041],[74.16335629396582,30.648417487765283],[74.15953752273902,30.64171851775173],[74.1560820730741,30.640757926485517],[74.15322519323873,30.63505412716716],[74.1478201369037,30.631060568617322],[74.13770042607541,30.627481741901935],[74.12736185051979,30.63479639944105],[74.12861192822773,30.632323665142586],[74.1268607012091,30.624135829568104],[74.12128776512127,30.622596063477996],[74.11806563762406,30.60790636398032],[74.10511349937732,30.61927049535839],[74.09603699341807,30.611607235198345],[74.10195143200238,30.611098438915747],[74.10226982325119,30.60962557853442],[74.1014994275373,30.60333175194204],[74.09530747074945,30.60120997061021],[74.0987219330255,30.590589557022717],[74.09656673938831,30.58724251503483],[74.1021283799204,30.579231926258462],[74.07342036301975,30.554676851258673],[74.07999461007549,30.54847015734078],[74.09094792495418,30.54942151906577],[74.08135376711036,30.53347300412027],[74.07227991878541,30.52290965921652],[74.06353042943638,30.519233353740113],[74.05730646279102,30.518689710743114],[74.05156623521749,30.527679542457932],[74.05001097031436,30.537159982742374],[74.04777947047718,30.53958481805028],[74.03922041917556,30.542617387243812],[74.0379551869964,30.531608385439302],[74.0310100937781,30.52692693659693],[74.02384242875752,30.526069306715403],[74.01202679291019,30.533592490909214],[74.01108219118011,30.521100322870385],[74.01998903437173,30.51417029663442],[73.99268860672034,30.514263727977596],[73.98199123382085,30.504018453646797],[73.97594368833707,30.494120212896252],[73.96365797890073,30.48485221879444],[73.96962095737797,30.47830427313249],[73.96970898112299,30.475278235506803],[73.96412970130436,30.45647613680981],[73.95012680234652,30.46008412385166],[73.94688451819562,30.4638977635757],[73.94753361875429,30.468281144140356],[73.945830187713,30.468271336965852],[73.94771835758304,30.48389559586468],[73.93445389061701,30.490277129178438],[73.93104327948446,30.476199502954987],[73.93174363269196,30.467196252680928],[73.92774958541021,30.465900936324246],[73.93754163071432,30.452231289925223],[73.93729810191601,30.44506932936191],[73.92625874031998,30.438930277903484],[73.93684042119706,30.436453720385398],[73.94884349305802,30.436940068933094],[73.9601036852764,30.440870388217526],[73.96802272899578,30.440151545532775],[73.97185105813584,30.44410678571119],[73.97378803523203,30.44382443979627],[73.96627818599941,30.432581398503483],[73.96469810323804,30.424564076499415],[73.94865222004212,30.416745868941746],[73.93671032842086,30.402160474196048],[73.92221416366986,30.398091573168397],[73.91957106458656,30.39562560466827],[73.91413594310868,30.382711631962824],[73.90078767135967,30.37310314656334],[73.88405057745581,30.366996546547547],[73.87977595887493,30.359722015249012],[73.90265338750969,30.349079771122447],[73.91451160991282,30.33494686340563],[73.93086710870577,30.32006846505],[73.93997345185488,30.300538336713412],[73.95653388098935,30.276071123291345],[73.96393795831827,30.257218267735503],[73.97227776612758,30.197853267947483],[73.90970334011688,30.150417110477967],[73.82781571360499,30.09233394731477],[73.81992993718849,30.085290937704542],[73.80656041516231,30.068029040353956],[73.59700188022335,30.018977276930308],[73.39692523430347,29.945997697700037],[73.337018753001,29.74518455384792],[73.28209722938986,29.572031894776114],[73.08442852582844,29.23626562506862],[73.00435759044241,29.152954133848276],[72.945840499576,29.027947566812745],[72.7330852695148,28.948087888790415],[72.47939509596407,28.81208445933505],[72.40377008614732,28.782995983907327],[72.3907026366423,28.770357249902446],[72.35460192620377,28.733531300071995],[72.29923759914585,28.669754062980317],[72.28072285541877,28.608908382326057],[72.2341804782299,28.47872822618401],[72.2061306831162,28.39426882054276],[72.13224352223673,28.31309839432764],[72.00429031802994,28.21865661343733],[71.92736125854684,28.12174007644425],[71.89834425460971,27.961210443086106],[71.88290429366039,27.957626016746854],[71.66643338345202,27.877756409422553],[71.53172344351279,27.876012947005158],[71.48122715528855,27.8734077191159],[71.44726459726012,27.87418253986721],[71.38306322643355,27.872630067673004],[71.20553536628529,27.835417478710884],[71.15038990472351,27.81371313200362],[71.06198510192736,27.77408505435936],[70.98268589037866,27.742233523617703],[70.9631992688137,27.729377536019214],[70.95120238736122,27.72884943850704],[70.90611853583874,27.709592749088994],[70.8718394310662,27.705597885464872],[70.75931607291224,27.721265819643026],[70.75067443170549,27.733608159934512],[70.73976792447607,27.741921845971003],[70.73240858432686,27.760333228240683],[70.69818257261204,27.811183535833774],[70.68437192759322,27.82818580028618],[70.67848584646772,27.872427138024392],[70.67739918298312,27.921846194077325],[70.59854027977858,27.993149988515952],[70.58946000765594,28.010439695980523],[70.55431510395121,28.0263200905851],[70.50582063866624,28.037038001566113],[70.48874479102024,28.034582349597198],[70.43947089925098,28.0202391750308],[70.37219234913724,28.011832144856513],[70.29618493608346,27.936015539673498],[70.22701157338454,27.9013705803487],[70.20649248569984,27.879208724021524],[70.19765038588193,27.86722203605575],[70.14537474165704,27.82049877685409],[70.1323961959473,27.80595556294311],[70.12360669839593,27.78876354840602],[70.07224455965044,27.663139240409702],[70.02589969963186,27.56291993466194],[69.96629267092527,27.523508516320042],[69.9338909090434,27.497830759763076],[69.890925487737,27.433501918050936],[69.86248468008117,27.40180749867994],[69.78328411210524,27.342645368969265],[69.76013671682313,27.321034805705484],[69.71352478733047,27.292442204811447],[69.70271125855933,27.284315959242093],[69.64476650803672,27.22519582395245],[69.6279420073293,27.211056110711404],[69.60052889419458,27.194146819512913],[69.58641588971406,27.182646591220454],[69.51331289007925,27.00998351466062],[69.51371023288904,27.002129586712716],[69.49787009967676,26.868348794394024],[69.48848340013011,26.830244234286294],[69.48442566921284,26.804835289189867],[69.4861740782853,26.7980178647964],[69.51030972695149,26.74350376540097],[69.71970563845774,26.654695317295687],[69.73010649161037,26.648445264368586],[69.79189593090197,26.598311313432795],[69.82311901173331,26.589028990141866],[69.88676690254114,26.57887009837091],[69.93466292738934,26.58153419821806],[70.05623329344273,26.60056852266057],[70.11719641861363,26.586880575302416],[70.13844833325031,26.57162255298319],[70.15501665248016,26.563782642490093],[70.1741763788406,26.5514433702527],[70.17947908167847,26.50573549492747],[70.18350673436419,26.493771469541816],[70.1846204536779,26.481644520601627],[70.17690109008542,26.424009390814653],[70.1853627277701,26.374334459871093],[70.17907364489096,26.342707065921495],[70.16350941157431,26.29493085318553],[70.17504729751163,26.251528463014516],[70.16826525157457,26.218090102939318],[70.1414247160273,26.156215101738105],[70.08338721965676,26.083288985043694],[70.0997632278985,25.93826304739475],[70.17445481463425,25.828365832210306],[70.1971097388641,25.81548035312964],[70.22240801433013,25.793108196591614],[70.24724135070818,25.761605257256385],[70.25168815515757,25.75523887224732],[70.26272664978408,25.72021318861822],[70.26865201398137,25.71360020120755],[70.35855851978327,25.680111329690643],[70.38700215750764,25.673831536881877],[70.44860034560486,25.681956774029768],[70.50222171746857,25.684771293994128],[70.5301548625842,25.68348035061266],[70.59394591558221,25.710623680363593],[70.60885175503586,25.714973221168993],[70.6472601538383,25.712606681101118],[70.6600742516726,25.702152567242898],[70.67393366966172,25.675841858877074],[70.67355075200534,25.64466289775262],[70.67021035868426,25.63263437575114],[70.67134719363337,25.610992062273873],[70.66713607277403,25.53133864303439],[70.67845329463412,25.525196238230322],[70.67137934809863,25.460931854727804],[70.67279933024273,25.457139763453274],[70.67201074818816,25.420247797662118],[70.66481386113476,25.396882653078826],[70.68717763876562,25.375172967273325],[70.7367953407458,25.3325572863098],[70.75158096643474,25.277815449526475],[70.84219248515333,25.19060779681097],[70.8886705770974,25.148173493262565],[70.91121947747952,25.03084394248187],[70.91977867590884,24.995686664132297],[70.9376277597901,24.938558418810906],[70.9439598080417,24.925459516673076],[70.95699566422563,24.9104172707936],[70.99212421317004,24.8634436557515],[71.01801102353542,24.81923537685953],[71.02648014318741,24.808849393077598],[71.03384261532908,24.788042127563756],[71.06529909544294,24.71746093730006],[71.0963793693006,24.688540948065775],[71.0854326087544,24.671925779158652],[71.07473165777893,24.6619196805598],[71.06632586485654,24.659108978569137],[71.06379353040855,24.65571806679826],[71.04919729050049,24.648389851459136],[71.0094598013849,24.63542327582568],[71.00713019853569,24.628609901994896],[70.99882236770137,24.6218425606702],[70.98626123918147,24.595463622461185],[70.98943082554209,24.58482613006097],[70.99246183343628,24.563847112388192],[70.98735474419243,24.54342054107195],[71.00303213876903,24.530020393849675],[71.00520976704365,24.523020742100396],[70.99999980931318,24.486339232138608],[70.99603640841448,24.47501591673229],[70.99863820019976,24.472472154374437],[70.9963661467995,24.46589777827741],[70.99856518363603,24.444426756806365],[71.00425152976914,24.44569459100606],[71.01020961445616,24.444254591936662],[71.03753590286037,24.43193554666625],[71.04389497581154,24.434169027406778],[71.06756077963998,24.43691527122574],[71.10306730708997,24.43569636195817],[71.12552648574002,24.420078917981762],[71.12184387168497,24.405660752516273],[71.11967495536281,24.40248729830021],[71.10676568084756,24.396338153321114],[71.08431878474987,24.394451554436216],[71.08188923646219,24.39291160329164],[71.06668055084883,24.376890433403698],[71.05727035597283,24.361484333509527],[71.04948270119189,24.35597350527498],[71.0468314897303,24.356233944058893],[71.04205320897246,24.35387507670101],[71.04213371031771,24.35125242464811],[71.03992489051677,24.35327357098652],[71.02020485574141,24.347365906629967],[71.00354727034608,24.350955887205608],[70.98654247988618,24.364708941907207],[70.9553673682544,24.348610330483535],[70.94767983322699,24.348051732783908],[70.92365804670786,24.327733668522637],[70.92476921737872,24.325883177420938],[70.91865644985634,24.322917435730325],[70.91719143433824,24.32060604504029],[70.87866591196429,24.30139654380907],[70.88263413656645,24.299808820121015],[70.87715112749018,24.297999536192656],[70.8745050892673,24.29449034220997],[70.87574872051523,24.28023163529698],[70.88285117459807,24.27281925280452],[70.90920328437527,24.262831001724535],[70.9072577553181,24.25877915139458],[70.88449126987376,24.250482364645578],[70.87660856054083,24.245747276762003],[70.8522331646978,24.24507318106177],[70.83619198053997,24.23148673902816],[70.82654499257131,24.22682543148928],[70.80545966859978,24.22085410812986],[70.77494616935925,24.22032726271062],[70.75809353637275,24.218554812114892],[70.74020204500802,24.21903873510669],[70.71389960451778,24.215652864320916],[70.70053770606032,24.218662193156998],[70.69645639673098,24.217427266654276],[70.69842199048396,24.220265770103225],[70.66778982501084,24.219478714690304],[70.64443903826934,24.22460731457679],[70.58562271975339,24.24736022775729],[70.58277808071722,24.243915133452735],[70.58195943995732,24.247937169436025],[70.57122975731508,24.251734939701493],[70.5744006991889,24.26414554156094],[70.58482067165176,24.277984596358056],[70.58453131178517,24.29036247919919],[70.57944193679629,24.295290587605482],[70.58177358652843,24.304468613165813],[70.56271430657175,24.3499471030365],[70.56204197156066,24.354456479430073],[70.56356378142529,24.3562581886317],[70.58045325574824,24.363274500415027],[70.5989787145013,24.40596437451606],[70.60246854048115,24.408122716745094],[70.57312169401338,24.42236230794134],[70.56114694245993,24.420881687232555],[70.54967833033035,24.414403268524733],[70.54859531550662,24.41186132133605],[70.54744572036611,24.413382017782016],[70.53476012831565,24.407894921401102],[70.51533083627172,24.404063317001583],[70.47609529803904,24.38978631652799],[70.43870123695466,24.383315695202747],[70.41167501869329,24.375614674985766],[70.39836675957447,24.36711724978246],[70.39091459660384,24.35987758590898],[70.37641706867862,24.355526889538496],[70.36845917893952,24.350768959097543],[70.3630882710387,24.350646749829636],[70.35419876013461,24.35410819855553],[70.34559090485294,24.351578978354464],[70.32558535976045,24.351876357236936],[70.30521797418739,24.34683070370754],[70.26586035602912,24.333680701495698],[70.25949244664436,24.331048761014657],[70.25469353217285,24.3261607749554],[70.2506505930879,24.324419566468446],[70.21419885882004,24.32121196765702],[70.19905650573982,24.31448055234972],[70.16591066819258,24.303483320714992],[70.1393667210295,24.302901533396817],[70.10986838129493,24.294974709993856],[70.06681013005063,24.199159175692728],[70.05104682518387,24.18960027217635],[70.0386639341796,24.176461854023174],[70.02505731492079,24.17128491001089],[69.73121404843697,24.17105660523293],[69.5944460211529,24.29239846478656],[69.56367883542256,24.281487612704485],[69.54415900579019,24.27849926454],[69.52835977319482,24.273362041151305],[69.51070402074713,24.269711507073662],[69.49400610708014,24.267780141426737],[69.46973726154614,24.271119863367623],[69.4459924299246,24.280328457544524],[69.40497736259626,24.271201102866762],[69.37627827476601,24.26949348449645],[69.36685320417595,24.270143325948],[69.31273964036653,24.28160187367593],[69.19375350716439,24.236114447374618],[69.09475349044915,24.274494283482287],[69.0936658834009,24.27132510198604],[69.08789515565543,24.26931505229346],[69.0828687980696,24.265106539265545],[69.03390184134946,24.239548462516744],[69.03083283161526,24.235388973094395],[69.0161458960527,24.225669177799652],[69.00532841191097,24.223119658696916],[68.99362853839429,24.22430760065458],[68.98474127043536,24.22760970791153],[68.97324274382855,24.260174350224137],[68.96734247938987,24.271725451628786],[68.9452837838916,24.302492760135554],[68.90675031807909,24.279786041013548],[68.89749878222564,24.26368558729327],[68.8927995058175,24.25146624260619],[68.88990268519619,24.237887651643366],[68.88029183182843,24.21656756990274],[68.87492155173412,24.21232886292112],[68.86482148021473,24.212780055047922],[68.85740373258507,24.214309727859934],[68.84766755424467,24.239249572753106],[68.84387685542679,24.26007761074342],[68.84338514566917,24.277935794334674],[68.83070759529755,24.311861424846573],[68.82631168268429,24.317362932570404],[68.82041231302392,24.31234120499091],[68.80822979745027,24.313600436948914],[68.76470434658299,24.29584370759288],[68.765706101138,24.28770526212634],[68.76828626195169,24.282407401213977],[68.76934502104648,24.264387448448417],[68.76563572467595,24.207821394381586],[68.76251752700833,24.114310501746868],[68.75302599072913,23.971310423241594],[68.39737877815102,23.97047514562955],[68.38966023246783,23.96659376896315],[68.38580890849153,23.96951488258392],[68.38329915394895,23.97771316017299],[68.37894139697835,23.984141868570344],[68.37386099165336,23.98507191877869],[68.36648115888775,23.98386195769486],[68.3476846323744,23.974384207852847],[68.34001694845506,23.968473359071556],[68.336707742219,23.961673952744743],[68.33569731315664,23.956297033107806],[68.33831605983087,23.936398140780415],[68.33291688214312,23.925097221632548],[68.32409805093111,23.921288933773898],[68.2891838374428,23.93197740323544],[68.27985303082602,23.930816349206104],[68.27143487366905,23.92465774845303],[68.25799777229423,23.90301964950156],[68.25216519092692,23.89689812744687],[68.23083835683703,23.88573308652033],[68.22310027720079,23.88499343130828],[68.21689271640446,23.882491754230216],[68.2086499989026,23.87546309382096],[68.20663000046105,23.871960982328467],[68.20392188555454,23.858843404553806],[68.1995316538492,23.847094489658176],[68.19808241087443,23.836075382542223],[68.19904265588652,23.807687879963254],[68.20345259289827,23.78966825581357],[68.20263908150918,23.766671861849638],[68.18464308877127,23.737333610729483],[68.18165449355782,23.72163315782755],[68.18976262048015,23.717223786821517],[68.19178250369532,23.707345021040435],[68.1968202922601,23.702977167221825],[68.19848249355819,23.694606400601288],[68.20570194218935,23.680337904976867],[68.20653860991574,23.670333042603335],[68.176645,23.691965],[67.443667,23.944844],[67.145442,24.663611],[66.372828,25.425141],[64.530408,25.237039],[62.905701,25.218409],[61.497363,25.078237],[59.616134,25.380157],[58.525761,25.609962],[57.397251,25.739902],[56.970766,26.966106],[56.492139,27.143305],[55.72371,26.964633],[54.71509,26.480658],[53.493097,26.812369],[52.483598,27.580849],[51.520763,27.86569],[50.852948,28.814521],[50.115009,30.147773],[49.57685,29.985715],[48.941333,30.31709],[48.567971,29.926778],[47.974519,29.975819],[48.183189,29.534477],[48.093943,29.306299],[48.416094,28.552004],[48.807595,27.689628],[49.299554,27.461218],[49.470914,27.109999],[50.152422,26.689663],[50.212935,26.277027],[50.113303,25.943972],[50.239859,25.60805],[50.527387,25.327808],[50.660557,24.999896],[50.810108,24.754743],[50.743911,25.482424],[51.013352,26.006992],[51.286462,26.114582],[51.589079,25.801113],[51.6067,25.21567],[51.389608,24.627386],[51.579519,24.245497],[51.757441,24.294073],[51.794389,24.019826],[52.577081,24.177439],[53.404007,24.151317],[54.008001,24.121758],[54.693024,24.797892],[55.439025,25.439145],[56.070821,26.055464],[56.362017,26.395934],[56.485679,26.309118],[56.391421,25.895991],[56.261042,25.714606],[56.396847,24.924732],[56.84514,24.241673],[57.403453,23.878594],[58.136948,23.747931],[58.729211,23.565668],[59.180502,22.992395],[59.450098,22.660271],[59.80806,22.533612],[59.806148,22.310525],[59.442191,21.714541],[59.282408,21.433886],[58.861141,21.114035],[58.487986,20.428986],[58.034318,20.481437],[57.826373,20.243002],[57.665762,19.736005],[57.7887,19.06757],[57.694391,18.94471],[57.234264,18.947991],[56.609651,18.574267],[56.512189,18.087113],[56.283521,17.876067],[55.661492,17.884128],[55.269939,17.632309],[55.2749,17.228354],[54.791002,16.950697],[54.239253,17.044981],[53.570508,16.707663],[53.108573,16.651051],[52.385206,16.382411],[52.191729,15.938433],[52.168165,15.59742],[51.172515,15.17525],[49.574576,14.708767],[48.679231,14.003202],[48.238947,13.94809],[47.938914,14.007233],[47.354454,13.59222],[46.717076,13.399699],[45.877593,13.347764],[45.62505,13.290946],[45.406459,13.026905],[45.144356,12.953938],[44.989533,12.699587],[44.494576,12.721653],[44.175113,12.58595],[43.482959,12.6368],[43.222871,13.22095],[43.251448,13.767584],[43.087944,14.06263],[42.892245,14.802249],[42.604873,15.213335],[42.805015,15.261963],[42.702438,15.718886],[42.823671,15.911742],[42.779332,16.347891],[42.649573,16.774635],[42.347989,17.075806],[42.270888,17.474722],[41.754382,17.833046],[41.221391,18.6716],[40.939341,19.486485],[40.247652,20.174635],[39.801685,20.338862],[39.139399,21.291905],[39.023696,21.986875],[39.066329,22.579656],[38.492772,23.688451],[38.02386,24.078686],[37.483635,24.285495],[37.154818,24.858483],[37.209491,25.084542],[36.931627,25.602959],[36.639604,25.826228],[36.249137,26.570136],[35.640182,27.37652],[35.130187,28.063352],[34.632336,28.058546],[34.787779,28.607427],[34.83222,28.957483],[34.956037,29.356555],[34.922603,29.501326],[34.823243,29.761081],[34.9226,29.50133],[34.64174,29.09942],[34.42655,28.34399],[34.15451,27.8233],[33.92136,27.6487],[33.58811,27.97136],[33.13676,28.41765],[32.42323,29.85108],[32.32046,29.76043],[32.73482,28.70523],[33.34876,27.69989],[34.10455,26.14227],[34.47387,25.59856],[34.79507,25.03375],[35.69241,23.92671],[35.49372,23.75237],[35.52598,23.10244],[36.69069,22.20485],[36.86623,22.0],[37.18872,21.01885],[36.96941,20.83744],[37.1147,19.80796],[37.48179,18.61409],[37.86276,18.36786],[38.41009,17.998307],[38.990623,16.840626],[39.26611,15.922723],[39.814294,15.435647],[41.179275,14.49108],[41.734952,13.921037],[42.276831,13.343992],[42.589576,13.000421],[43.081226,12.699639],[43.317852,12.390148],[43.286381,11.974928],[42.715874,11.735641],[43.145305,11.46204],[43.47066,11.27771],[43.666668,10.864169],[44.117804,10.445538],[44.614259,10.442205],[45.556941,10.698029],[46.645401,10.816549],[47.525658,11.127228],[48.021596,11.193064],[48.378784,11.375482],[48.948206,11.410622],[48.948205,11.410617],[49.26776,11.43033],[49.72862,11.5789],[50.25878,11.67957],[50.73202,12.0219],[51.1112,12.02464],[51.13387,11.74815],[51.04153,11.16651],[51.04531,10.6409],[50.83418,10.27972],[50.55239,9.19874],[50.07092,8.08173],[49.4527,6.80466],[48.59455,5.33911],[47.74079,4.2194],[46.56476,2.85529],[45.56399,2.04576],[44.06815,1.05283],[43.13597,0.2922],[42.04157,-0.91916],[41.81095,-1.44647],[41.58513,-1.68325],[40.88477,-2.08255],[40.63785,-2.49979],[40.26304,-2.57309],[40.12119,-3.27768],[39.80006,-3.68116],[39.60489,-4.34653],[39.20222,-4.67677],[38.74054,-5.90895],[38.79977,-6.47566],[39.44,-6.84],[39.47,-7.1],[39.19469,-7.7039],[39.25203,-8.00781],[39.18652,-8.48551],[39.53574,-9.11237],[39.9496,-10.0984],[40.316586,-10.317098],[40.316589,-10.317096],[40.478387,-10.765441],[40.437253,-11.761711],[40.560811,-12.639177],[40.59962,-14.201975],[40.775475,-14.691764],[40.477251,-15.406294],[40.089264,-16.100774],[39.452559,-16.720891],[38.538351,-17.101023],[37.411133,-17.586368],[36.281279,-18.659688],[35.896497,-18.84226],[35.1984,-19.552811],[34.786383,-19.784012],[34.701893,-20.497043],[35.176127,-21.254361],[35.373428,-21.840837],[35.385848,-22.14],[35.562546,-22.09],[35.533935,-23.070788],[35.371774,-23.535359],[35.60747,-23.706563],[35.458746,-24.12261],[35.040735,-24.478351],[34.215824,-24.816314],[33.01321,-25.357573],[32.574632,-25.727318],[32.660363,-26.148584],[32.915955,-26.215867],[32.83012,-26.742192],[32.580265,-27.470158],[32.462133,-28.301011],[32.203389,-28.752405],[31.521001,-29.257387],[31.325561,-29.401978],[30.901763,-29.909957],[30.622813,-30.423776],[30.055716,-31.140269],[28.925553,-32.172041],[28.219756,-32.771953],[27.464608,-33.226964],[26.419452,-33.61495],[25.909664,-33.66704],[25.780628,-33.944646],[25.172862,-33.796851],[24.677853,-33.987176],[23.594043,-33.794474],[22.988189,-33.916431],[22.574157,-33.864083],[21.542799,-34.258839],[20.689053,-34.417175],[20.071261,-34.795137],[19.616405,-34.819166],[19.193278,-34.462599],[18.855315,-34.444306],[18.424643,-33.997873],[18.377411,-34.136521],[18.244499,-33.867752],[18.25008,-33.281431],[17.92519,-32.611291],[18.24791,-32.429131],[18.221762,-31.661633],[17.566918,-30.725721],[17.064416,-29.878641],[17.062918,-29.875954],[16.344977,-28.576705],[15.601818,-27.821247],[15.210472,-27.090956],[14.989711,-26.117372],[14.743214,-25.39292],[14.408144,-23.853014],[14.385717,-22.656653],[14.257714,-22.111208],[13.868642,-21.699037],[13.352498,-20.872834],[12.826845,-19.673166],[12.608564,-19.045349],[11.794919,-18.069129],[11.734199,-17.301889],[11.640096,-16.673142],[11.778537,-15.793816],[12.123581,-14.878316],[12.175619,-14.449144],[12.500095,-13.5477],[12.738479,-13.137906],[13.312914,-12.48363],[13.633721,-12.038645],[13.738728,-11.297863],[13.686379,-10.731076],[13.387328,-10.373578],[13.120988,-9.766897],[12.87537,-9.166934],[12.929061,-8.959091],[13.236433,-8.562629],[12.93304,-7.596539],[12.728298,-6.927122],[12.227347,-6.294448],[12.322432,-6.100092],[12.182337,-5.789931],[11.914963,-5.037987],[11.093773,-3.978827],[10.066135,-2.969483],[9.405245,-2.144313],[8.797996,-1.111301],[8.830087,-0.779074],[9.04842,-0.459351],[9.291351,0.268666],[9.492889,1.01012],[9.305613,1.160911],[9.649158,2.283866],[9.795196,3.073404],[9.404367,3.734527],[8.948116,3.904129],[8.744924,4.352215],[8.488816,4.495617],[8.500288,4.771983],[7.462108,4.412108],[7.082596,4.464689],[6.698072,4.240594],[5.898173,4.262453],[5.362805,4.887971],[5.033574,5.611802],[4.325607,6.270651],[3.57418,6.2583],[2.691702,6.258817],[1.865241,6.142158],[1.060122,5.928837],[-0.507638,5.343473],[-1.063625,5.000548],[-1.964707,4.710462],[-2.856125,4.994476],[-3.311084,4.984296],[-4.00882,5.179813],[-4.649917,5.168264],[-5.834496,4.993701],[-6.528769,4.705088],[-7.518941,4.338288],[-7.712159,4.364566],[-7.974107,4.355755],[-9.004794,4.832419],[-9.91342,5.593561]],[[53.82579,36.965031],[53.921598,37.198918],[53.735511,37.906136],[53.880929,38.952093],[53.101028,39.290574],[53.357808,39.975286],[52.693973,40.033629],[52.915251,40.876523],[53.858139,40.631034],[54.736845,40.951015],[54.008311,41.551211],[53.721713,42.123191],[52.91675,41.868117],[52.814689,41.135371],[52.50246,41.783316],[52.446339,42.027151],[52.692112,42.443895],[52.501426,42.792298],[51.342427,43.132975],[50.891292,44.031034],[50.339129,44.284016],[50.305643,44.609836],[51.278503,44.514854],[51.316899,45.245998],[52.16739,45.408391],[53.040876,45.259047],[53.220866,46.234646],[53.042737,46.853006],[52.042023,46.804637],[51.191945,47.048705],[50.034083,46.60899],[49.10116,46.39933],[48.64541,45.80629],[47.67591,45.64149],[46.68201,44.6092],[47.59094,43.66016],[47.49252,42.98658],[48.58437,41.80888],[48.584353,41.808869],[49.110264,41.282287],[49.618915,40.572924],[50.08483,40.526157],[50.392821,40.256561],[49.569202,40.176101],[49.395259,39.399482],[49.223228,39.049219],[48.856532,38.815486],[48.883249,38.320245],[49.199612,37.582874],[50.147771,37.374567],[50.842354,36.872814],[52.264025,36.700422],[53.82579,36.965031]]],[[[89.0055563981776,21.988381290147057],[89.00122623370562,21.98640363417884],[89.00451959258505,21.98573763319009],[89.00254545205959,21.98070395052898],[88.99368049900396,21.973171416820488],[88.98771499435144,21.97164472779226],[88.98388888521336,21.975968668947395],[88.98411816554875,21.98471052616166],[88.97620279347447,21.985537328780463],[88.9702495890487,21.98849395037421],[88.96869070168233,21.996193823320414],[88.97091750480656,21.999949409277168],[88.96934550913636,21.99379562485781],[88.983784569547,21.98910959671862],[88.98629084747068,21.98682322650578],[88.98902306136051,21.983406155632665],[88.98829317683116,21.974390947544514],[88.98937899991832,21.974264994018036],[89.00032264500283,21.98766792178369],[89.00700744565218,21.99208118507296],[89.0055563981776,21.988381290147057]]],[[[88.98972687558337,21.948019019888974],[88.98830928600229,21.951586365487923],[88.99025623516745,21.95902205555449],[88.99347944546629,21.96416758562067],[88.9971357833012,21.966910324654762],[88.98972687558337,21.948019019888974]]],[[[88.97112291484737,21.9005824603448],[88.93731097427248,21.914751598054696],[88.9174356833982,21.92875307569314],[88.91182028163146,21.930882338252772],[88.90843231352997,21.92434361531276],[88.89190119180314,21.917311720811032],[88.88475933117542,21.91649080259704],[88.87489286067458,21.919876475845626],[88.85969140647664,21.91271324288976],[88.84929728215423,21.912717641272938],[88.83860580282816,21.91780335875831],[88.82819851389424,21.9262710998991],[88.81974727847162,21.93060589443459],[88.8206219182651,21.923376287007294],[88.82542732560425,21.913877047610317],[88.83986936445385,21.90638958114668],[88.84963615204208,21.89647527786611],[88.85315497576453,21.888889718938344],[88.85450633957744,21.879678155286932],[88.85373921802045,21.866248717062778],[88.84297815007073,21.85554044395314],[88.83679970593246,21.843026301698366],[88.83739205570821,21.831925484253542],[88.84153024599038,21.815634448003205],[88.83902281158133,21.79443891076012],[88.83490580749144,21.78580405562877],[88.83505651075359,21.782792208786397],[88.85831671025059,21.781035333567015],[88.87334314859913,21.771964354433045],[88.87722031637787,21.766613411452752],[88.88026054309194,21.745860742835422],[88.87161424910848,21.7190873702834],[88.86964814492208,21.70416753933902],[88.8714509022314,21.69482925549207],[88.87491316001325,21.690844257654536],[88.84169444538367,21.691458756190997],[88.84042469249292,21.699268755344356],[88.84116452770009,21.716880046749235],[88.84506036387805,21.730345757234886],[88.85210562367621,21.74414755763998],[88.86313936142973,21.754840554815488],[88.86469530046271,21.76144254327069],[88.86374062892632,21.763587862015832],[88.83258232746337,21.76619630081456],[88.82454883848555,21.77437210312937],[88.82147623591774,21.781442505651157],[88.82242384587995,21.794258186767006],[88.83083257194937,21.808069530572514],[88.8222155292176,21.825981452220564],[88.8200665565268,21.83775840782585],[88.83253562154339,21.867003248841083],[88.83822465746333,21.876658841250016],[88.83980096815012,21.886360104307496],[88.83339498862594,21.896376503227017],[88.82763347471165,21.900056917289977],[88.81328061978343,21.903832146755054],[88.79904457908877,21.92210312637416],[88.79987450415962,21.926754524453834],[88.80434332572527,21.93269443353128],[88.80574902404925,21.938068562693424],[88.80944343848661,21.94074184825606],[88.82388330257025,21.941051099429675],[88.83078640950741,21.937445259732677],[88.84210957442849,21.924757776305672],[88.85824089829023,21.920363808413146],[88.86767265697642,21.92376934787682],[88.87536738754153,21.924329466506663],[88.88200236856974,21.92408557662706],[88.88668196968838,21.92170561990268],[88.8970497729913,21.924132989575423],[88.90436150889634,21.92789070492635],[88.90635493009053,21.93216184666721],[88.9056186953182,21.949573495608284],[88.9082867352275,21.968075534053497],[88.90809001898464,21.971468046859584],[88.90522697724379,21.974665401959296],[88.9031293549071,21.98079215604961],[88.90164840454322,21.996856196835544],[88.90246834588646,22.00385308574322],[88.90807697939978,22.009739516925023],[88.91510648271165,22.008462811271592],[88.91195733377312,21.99543820829053],[88.91600400434591,21.981741459932675],[88.91780602029094,21.980930740097637],[88.93292661457332,21.99079298638537],[88.93391943573116,21.992698983209234],[88.93064095702756,22.00052112788173],[88.93565095556828,22.011805583606982],[88.93817295765946,22.01185962151854],[88.94312833980435,22.00287721707176],[88.94425393677538,21.987097860794446],[88.93925796543682,21.977402074874398],[88.92686573741787,21.967886123266062],[88.92485525524859,21.9636465574635],[88.92966452405724,21.943740697020502],[88.93819365325022,21.934200886995136],[88.94547523874789,21.929298607080913],[88.96455089336206,21.925067307617653],[88.9776589158061,21.917248018988957],[88.97112291484737,21.9005824603448]]],[[[88.80864954830548,21.692070039352263],[88.8099326063032,21.704483913032263],[88.80687285409057,21.706654719769976],[88.79933484984409,21.70630367059565],[88.76870328703663,21.693687862720076],[88.7638420413177,21.69428516879263],[88.75946704454242,21.69701409532128],[88.75654855041527,21.70297269890657],[88.75758268002438,21.708703870853856],[88.76043031337178,21.71293248223689],[88.76656434189829,21.71710018835914],[88.77757327362194,21.7212834978981],[88.7759323033696,21.72536726233589],[88.75760914370414,21.728499420921956],[88.75235209328365,21.733299077717128],[88.75083657604904,21.737833076728563],[88.75318359591745,21.752039847734338],[88.75976631542123,21.761796474820652],[88.75349919205028,21.763105537569814],[88.74834104518058,21.76620981165253],[88.74552623798635,21.77324241423033],[88.76412059109157,21.789568682329843],[88.77022996061277,21.805449609617355],[88.77482517416165,21.81025260913421],[88.77403138339969,21.8167714914056],[88.77703987922578,21.825437549688658],[88.78114707517474,21.825167384828834],[88.77644473941956,21.816406848403872],[88.77770184813185,21.810519158941638],[88.77167223149395,21.801885701764885],[88.7656797109653,21.786360686563675],[88.7501327852462,21.770489607597167],[88.76218387418427,21.76753901378563],[88.76530948725153,21.766150829567806],[88.76720853291405,21.763307961384225],[88.76534470997103,21.75915052641777],[88.75714632344047,21.750882929705103],[88.75509780875429,21.744479577350273],[88.75586936010568,21.73531581437654],[88.77704173874892,21.732441262583265],[88.78142759194161,21.73533158946532],[88.78989789621534,21.737872494440914],[88.78408106479492,21.739822454880077],[88.78349648124272,21.741410468470182],[88.79049158109687,21.750034474088107],[88.79057179165656,21.746757204735243],[88.78605201120361,21.742851636922886],[88.78615467707981,21.741381803230013],[88.79145584053252,21.74008175601017],[88.79383448973473,21.737005474083713],[88.78090233422427,21.73196102235403],[88.78439250784918,21.723369734454526],[88.7839119504848,21.719070597457698],[88.78071586937683,21.7144266632939],[88.762659997185,21.704426598680563],[88.76270887076583,21.70197187715093],[88.76426018146242,21.70037454299786],[88.77079659961095,21.70132109406943],[88.78581078301697,21.711932367119854],[88.80298221509389,21.71752672013106],[88.80934061171897,21.71575719647923],[88.81459449537577,21.7107278519119],[88.8194231533276,21.70073115386203],[88.81812923200161,21.691894678811607],[88.80864954830548,21.692070039352263]]],[[[88.69971610523721,21.694085151679257],[88.69931724096656,21.695276544947674],[88.698256900799,21.71044516623875],[88.69483435564175,21.71860945183535],[88.69251088648808,21.720156182256716],[88.68758066685739,21.694309639869328],[88.59254981013382,21.69606757430557],[88.59242042982615,21.696184997897447],[88.58871546471873,21.7040529492438],[88.58841261862952,21.712820842355814],[88.58347082878593,21.71715733853029],[88.57968139758508,21.71738003379553],[88.5735519585398,21.72265998766046],[88.57205686298907,21.731998582113246],[88.57376512411442,21.74223914849048],[88.5726285835479,21.747844505113193],[88.56812088825204,21.755533272718996],[88.56160439621978,21.762121983809376],[88.56006997420232,21.767917549480305],[88.5617537614991,21.775920681553313],[88.56458911116717,21.779623600553037],[88.57404145752662,21.785874363378603],[88.573271222017,21.788492489697084],[88.56184191832217,21.80249419928633],[88.55697411531007,21.80477792833844],[88.5554089507558,21.80777651560853],[88.54226792931343,21.81144300698751],[88.51617151248831,21.787356731628748],[88.50781710616043,21.771210846432165],[88.50628552446463,21.75835875688614],[88.51323021312957,21.735663070925813],[88.51816816996825,21.73076648514289],[88.51858460046897,21.713409688019947],[88.52592022647255,21.6973001259591],[88.45962264281864,21.698526536089062],[88.45928360081557,21.70051873978693],[88.457441873498,21.703872907242115],[88.45491357969887,21.7051397423288],[88.45279555700813,21.71841154708872],[88.45582046658703,21.750027542430647],[88.45304983384743,21.751591069751306],[88.45526903436405,21.752443494330507],[88.45862511840053,21.763609065501647],[88.4582513745551,21.76941631458109],[88.46277442884238,21.782617709403354],[88.47143996703659,21.79246610960967],[88.4664218391875,21.793521026471034],[88.46221729118437,21.78885408854367],[88.45557424551446,21.789128350399142],[88.44712671783986,21.797364129730184],[88.44181713813363,21.80049360116146],[88.43456510185257,21.79812757697722],[88.4299913848547,21.799271578129623],[88.42739543469827,21.8011237944455],[88.42603948069555,21.809193616324666],[88.4198844764879,21.81154350780416],[88.41782884543305,21.810099041187904],[88.38706237470787,21.782775278334157],[88.38341676386948,21.777690870418013],[88.38493463065927,21.77421829442402],[88.38817365976166,21.7733375221361],[88.38860830817055,21.768510313390035],[88.39578100237638,21.761678888295968],[88.39656866318678,21.755847663278573],[88.4001695570247,21.75444287636889],[88.40315721506192,21.7561086966751],[88.4036499182982,21.75419397783825],[88.40531275681998,21.754473701138632],[88.40251379690972,21.750850885315497],[88.40114435957477,21.74469023541541],[88.4031732549491,21.73838156105339],[88.41162092410126,21.734460392755977],[88.42138438695112,21.720775672719085],[88.42662039507037,21.718422594391587],[88.42678053079679,21.71512504550917],[88.43248841827837,21.70438039284815],[88.43285965484381,21.702190156457867],[88.4309491776823,21.69905695403443],[88.42211959977475,21.699220288551196],[88.42755850691334,21.70105394663214],[88.42813877224326,21.702507843224073],[88.42061009492929,21.717343962376198],[88.42168317837827,21.718138409388658],[88.42000686838352,21.72003992843659],[88.4172378667225,21.720374823276885],[88.4078897105545,21.73459215657161],[88.40164577783203,21.73727550769758],[88.39897881013113,21.743525517675494],[88.4001836511379,21.751688365453177],[88.39582885850807,21.75463762902232],[88.38911791135962,21.735750568539643],[88.38392211411491,21.73230998822018],[88.3721343288306,21.72954653455346],[88.36876110438189,21.72697692627095],[88.37005162137682,21.72442563901124],[88.37253080111883,21.723843262827707],[88.3871984365579,21.72635362910985],[88.39593131177706,21.725300725663676],[88.40129028759007,21.721407549919014],[88.40423731028999,21.71662948601931],[88.40474363147845,21.711061562371633],[88.40153339334637,21.701904350045826],[88.3997304334095,21.699634455990168],[88.38162456219435,21.699969388617365],[88.38590658524787,21.70231684011124],[88.39185540721682,21.70784357380092],[88.39450898499406,21.713221512986916],[88.3939101270175,21.716039313561218],[88.38998147775719,21.718324592225855],[88.37640184491312,21.717002088676058],[88.37071213119111,21.71793169225961],[88.3673164948826,21.719616402595996],[88.36327588655982,21.72590641264673],[88.36547905054493,21.733167767774297],[88.37298963458126,21.73707862840449],[88.38301375170991,21.73807200910176],[88.3859283801719,21.740465115114244],[88.38709817360602,21.74342732743867],[88.38633650082208,21.751659531036278],[88.39011080484002,21.758544171692623],[88.38768455476234,21.762793564058725],[88.37811797757206,21.7664244800098],[88.37029279025364,21.763757943216948],[88.35987885329185,21.763316911950866],[88.34762985274398,21.76018136501645],[88.3436720719271,21.754829611440144],[88.3430202932522,21.75149692836179],[88.34853150482525,21.72254036512715],[88.34592276668744,21.71791588373647],[88.3386701416702,21.71389991516088],[88.33843884765564,21.71158335274909],[88.34522086632022,21.70064280473493],[88.33058131394745,21.700913615439312],[88.32452694577442,21.703061365241005],[88.30661085138834,21.705634832336514],[88.30596185190561,21.701369040146794],[88.2849246553104,21.701758198085717],[88.28331132210882,21.70388031995213],[88.28193117242242,21.706248674338074],[88.28378725070264,21.706960580216837],[88.2793517392251,21.71408343876468],[88.27484344832533,21.72739740757398],[88.27893242964147,21.749760403699035],[88.27929371283696,21.75715608559173],[88.27722732384672,21.75936072043294],[88.28171724576453,21.762266744463254],[88.27948002977222,21.76573284344516],[88.2818434438335,21.768810029609767],[88.28645554597485,21.783654110663196],[88.2829738638629,21.789456428796033],[88.28682829288653,21.791650233952275],[88.29054862687232,21.78690303502682],[88.29996476525515,21.78140972910383],[88.29910207404527,21.777072215701555],[88.30234560365616,21.76857083426028],[88.30948258175239,21.733854402252067],[88.3061459538819,21.717677991384953],[88.31107309342894,21.71173735495621],[88.32080181811519,21.708737971959035],[88.32907939713739,21.709043147626492],[88.32488132277527,21.71911182885963],[88.32544481911681,21.724639195250578],[88.32725499059931,21.726485156422715],[88.33112185172608,21.725067634837895],[88.33172459625509,21.71815645127724],[88.3338908813996,21.713930417521784],[88.33573201988371,21.71393085220225],[88.34429831694241,21.721035902922683],[88.33989590539427,21.73947236058642],[88.33977229271669,21.750382206077177],[88.33856367567508,21.751355993326396],[88.34007020079264,21.757425287858844],[88.34280530319283,21.761327415531134],[88.35531271320481,21.766894235264004],[88.37463247674644,21.768131444775786],[88.37616965436666,21.781398306788027],[88.37936550729006,21.787616378556834],[88.40408885570008,21.80009077305853],[88.41115442581513,21.80518755794933],[88.41757788576808,21.811715620807806],[88.41742356334134,21.81315613580047],[88.42588177353993,21.814522124230837],[88.42555207593628,21.811930227754086],[88.42753871822096,21.80956798354899],[88.4282279168765,21.803151041454377],[88.42992902402516,21.800599207260124],[88.4328495406536,21.800566672446994],[88.43316481933613,21.80303203741383],[88.4352916638433,21.801116696320694],[88.44516149808788,21.803027489092837],[88.45660138357657,21.793006778373904],[88.4603966235447,21.792440437654292],[88.46069333355699,21.795425093325342],[88.44863956614255,21.805879887051205],[88.44736652610082,21.812988023056203],[88.44910483481792,21.81754799920879],[88.45333378832237,21.821948830440533],[88.45550908110627,21.82395468844799],[88.4642270346511,21.825926161601572],[88.46886299748435,21.83436087305483],[88.47329003265646,21.83753428013942],[88.48420493364435,21.83830065977587],[88.48786301490686,21.840375351661915],[88.48878056663035,21.85090061205729],[88.48303528875692,21.872032754754503],[88.47506517227602,21.889842650648948],[88.45787716798962,21.89452558470971],[88.4541778770594,21.898537244177547],[88.4506635355756,21.904919330467525],[88.44038129097335,21.90569577879235],[88.4343106366196,21.8989698299903],[88.4213491208829,21.90303334590747],[88.41751081578616,21.899010967588474],[88.41804890964998,21.90260521724883],[88.421204308448,21.904076513420506],[88.43109861187332,21.901201573102323],[88.43455864411878,21.902202882124005],[88.43875553215125,21.90601250486178],[88.4495896125951,21.905664859639348],[88.4512827736673,21.904657163906553],[88.45327988621725,21.902213300558568],[88.45566763170616,21.89750691705653],[88.45993342128904,21.894235570999463],[88.47437662756508,21.893664211934684],[88.47549676255511,21.89433196710091],[88.47496200150313,21.89910568389756],[88.4795550710871,21.90666053565278],[88.50491726407567,21.919039274586556],[88.5111327802865,21.927561987706646],[88.51115409377151,21.921320278259582],[88.50815875334241,21.915199523310495],[88.51312200028399,21.91417929288862],[88.505158024534,21.904265197834082],[88.49873358172256,21.891689091690232],[88.4960484499407,21.883199887276657],[88.4964304590534,21.87713518496039],[88.50109585624082,21.873804738546568],[88.50094286445992,21.871722978645654],[88.51904509333723,21.85969271603449],[88.52537239953944,21.852611767906822],[88.52868862676895,21.85559858940206],[88.53023283105252,21.853969361396164],[88.53717254427168,21.856483983733092],[88.53919819041872,21.862472767428144],[88.53554708683713,21.864335610928546],[88.52928684195622,21.872211708194158],[88.51862714887544,21.87560540291359],[88.52972204448052,21.87249652284846],[88.53876465043334,21.86323562358984],[88.537697974752,21.867204187579325],[88.53921331988069,21.873260403044505],[88.54650070995646,21.878940219189207],[88.53746358611906,21.87855623515815],[88.53996881157428,21.87988063296557],[88.54702715592667,21.88042154085929],[88.54757786820375,21.88206096834615],[88.5460524915732,21.89307365735681],[88.53901847337823,21.899111920075296],[88.53956773855246,21.902959422057407],[88.54141033486557,21.904726050400814],[88.5410312613844,21.907421586577694],[88.56024096434211,21.898900613678045],[88.56525359738775,21.899471450941604],[88.56874527992669,21.90408310989257],[88.56742768471923,21.907514450893142],[88.56061197297402,21.912898959231093],[88.55263589751247,21.915166838993407],[88.54883436216517,21.920272218645902],[88.54859234381262,21.93814462424449],[88.54247325690108,21.948549883840897],[88.54055589108832,21.94955130803994],[88.54253981996895,21.95063606957266],[88.5412237425301,21.965988243184686],[88.53489514306231,21.968727764296553],[88.54121815709657,21.96715769943831],[88.54404197612567,21.973015837672772],[88.55398400694344,21.976362006706218],[88.55972805742452,21.971302517564812],[88.56751215204046,21.960766331442137],[88.5708090215972,21.95971988367104],[88.57448253480888,21.961585965995617],[88.57409895236265,21.97789588928829],[88.58413633577466,21.98971135377269],[88.58089048969255,21.99552645473516],[88.57124328176585,22.000439537155184],[88.57758719507542,21.998614181563184],[88.5811642621779,22.000041838997856],[88.57966943959667,21.998109023467823],[88.58527878871273,21.990352884004455],[88.5881739641828,21.990827691577998],[88.59503521187753,21.98872041355673],[88.59940670952678,21.99183237382406],[88.60243191991792,21.997246982254957],[88.60896552391127,22.003859787024975],[88.61283821484452,22.006402625175447],[88.62350519730349,22.01145908842845],[88.6316980607181,22.011685089148113],[88.61869182335661,21.998596857578118],[88.61693380738726,21.993405116689523],[88.63187619268218,21.988284388568978],[88.62802143121317,21.96559049257281],[88.6278955261639,21.958857869300726],[88.63071753273734,21.9543603120732],[88.63824416382077,21.949370315106616],[88.64389323524328,21.952386177641433],[88.6568224057732,21.953653135752436],[88.67231482676763,21.947454277136007],[88.6786201628835,21.943094888572222],[88.68962475664281,21.949724400351883],[88.69066940731531,21.955684551543012],[88.6934540643031,21.955655860536357],[88.69558233619193,21.951338672008795],[88.6942259626752,21.9659649539808],[88.68956112012917,21.970175225103723],[88.68964721098232,21.971632785554192],[88.6941749107108,21.970697209247387],[88.70267479564946,21.986831904752457],[88.71019916194385,21.995954095115433],[88.71367251906004,21.99873381136629],[88.73327592685943,22.00666321665566],[88.75146465535829,22.006230923507793],[88.75188443774586,22.00093965245298],[88.75039131366384,21.997568691303712],[88.7408380178431,21.98796120074261],[88.72549429466524,21.979543107137708],[88.72274562009764,21.93215453972088],[88.71656231010753,21.92070353768431],[88.71587310959144,21.903550008132115],[88.71325309071489,21.889914265741346],[88.698877394864,21.859066329051238],[88.69604321123535,21.84258665291641],[88.71114804653887,21.806887302065412],[88.71234295297903,21.799774621888893],[88.71127659490138,21.786982386395817],[88.70481367686227,21.77165054075734],[88.6945949312351,21.753438996543295],[88.693759745361,21.74530785675945],[88.70490078554778,21.718263283588435],[88.71043114605656,21.693886938805125],[88.69971610523721,21.694085151679257]],[[88.61091806845043,21.70477465990774],[88.62756492032423,21.729308984486057],[88.62987520247309,21.736141150596843],[88.62974506953753,21.751470491486394],[88.62768116907931,21.76140948864136],[88.62526892536896,21.765554861868043],[88.62568458623271,21.77119940385542],[88.62152190344928,21.78116076868476],[88.61861131081636,21.78348618182424],[88.60840007997332,21.784587187641524],[88.59468438181348,21.78368817617294],[88.59044457829806,21.7807775598894],[88.58882615737124,21.776593478243676],[88.58738584246123,21.757209834919866],[88.6025270258916,21.74811938315117],[88.6156697496584,21.745722959989454],[88.62172635984038,21.740047132555375],[88.62320550329613,21.73309300815799],[88.62027685047119,21.728039985727843],[88.59705723839372,21.71567803421326],[88.59796147363033,21.712919156567146],[88.60353890857495,21.707767625256118],[88.61091806845043,21.70477465990774]],[[88.28500700038205,21.750279615804367],[88.2813814290648,21.743418292420206],[88.27975820308743,21.734923467105393],[88.29189316001478,21.712062783733582],[88.29192448779507,21.716307511936762],[88.29596412433632,21.7169192170949],[88.29928522233597,21.714924876620387],[88.30088406635865,21.725397405584097],[88.3049594681794,21.732457183476136],[88.29780641941949,21.768094522357256],[88.28911279579532,21.778751627439156],[88.2866048595597,21.76900551326694],[88.28500700038205,21.750279615804367]],[[88.58586029316075,21.76718899263835],[88.58388526749465,21.77617907207265],[88.56928746518979,21.77013728221943],[88.57085992895335,21.766678859696555],[88.58252859719867,21.754494651340725],[88.58458473441648,21.74843189878435],[88.58366973977077,21.736853535165633],[88.5790233910468,21.72709844600787],[88.59353326292789,21.720423316308036],[88.60395171550962,21.725559409381894],[88.61355424030039,21.728342089574006],[88.61760412704328,21.730938907223052],[88.61968211245988,21.735102409531056],[88.61888437848799,21.73919358815277],[88.61367871155825,21.74228647465123],[88.59844764847502,21.747082914164327],[88.58726119630187,21.75330374631744],[88.58406897018145,21.759733192930437],[88.58586029316075,21.76718899263835]],[[88.46760430334871,21.820749473172324],[88.45188826223757,21.813636246371594],[88.46392607128946,21.800214487560254],[88.48067265797754,21.800529124454073],[88.48545679491019,21.798860573791117],[88.48782883759922,21.802417294874306],[88.49989801869404,21.811330713004978],[88.49815326715508,21.821119198100632],[88.48778092123501,21.834283922708753],[88.47512368212088,21.833980377001044],[88.46760430334871,21.820749473172324]],[[88.55876894377744,21.8295046175663],[88.56473567242716,21.843861962677916],[88.56411435053641,21.84891925297221],[88.56514806809922,21.852003721285676],[88.56533707270813,21.851181976617426],[88.5647337835376,21.848264676648704],[88.56621438729832,21.847077687348598],[88.57395492892255,21.856057272259726],[88.57505446598486,21.87898773000642],[88.55873075531775,21.87962752894334],[88.55405438802862,21.875674394707044],[88.55390006161583,21.86808396462605],[88.55997268670392,21.851509574150025],[88.55825506863582,21.8422519003156],[88.5518805414972,21.83243226481869],[88.55668542427247,21.827692985705223],[88.55876894377744,21.8295046175663]],[[88.64456489306063,21.787937833906113],[88.64486229744615,21.80768458932637],[88.64886395260542,21.82464921479586],[88.6515879251361,21.859766600672877],[88.65463656370899,21.865112575547066],[88.65278992339779,21.87249135866998],[88.6566723017308,21.884434330584426],[88.6700679622721,21.912418800386924],[88.67009175062522,21.9142180697479],[88.64858805687074,21.917859749226295],[88.63851776159419,21.922204787796744],[88.6366404843616,21.92177531682956],[88.63117117749232,21.91014866805716],[88.61702763517825,21.896046283216528],[88.60305737688762,21.87448309090856],[88.59185827096118,21.852530873088416],[88.5848128860895,21.84498369397321],[88.58020668234404,21.834727531874996],[88.57682697727054,21.817928517238084],[88.57822122831091,21.813490100161005],[88.58630997951448,21.801521337238434],[88.59197312800879,21.797643767743732],[88.61551226216737,21.797882184472094],[88.62109098205262,21.796644857312586],[88.63140429333578,21.79101837043252],[88.64456489306063,21.787937833906113]],[[88.55776536875315,21.844843651619748],[88.55854097670314,21.850009158384847],[88.55242354824277,21.867356034936655],[88.55297502594259,21.876676411397238],[88.55873958520546,21.88139316268294],[88.57434248404624,21.881100760796997],[88.57615122001887,21.883061151812623],[88.57559301875988,21.888055164634537],[88.57042567933081,21.90049384777667],[88.56170783760767,21.897239400216773],[88.54506903678102,21.903806661224504],[88.54143114046586,21.90218832215276],[88.54144272692392,21.898982199459596],[88.54878199134,21.891968730615158],[88.55046760081,21.879380097141212],[88.54151342438666,21.86954981891753],[88.54436292329706,21.86089039405505],[88.54325888316583,21.854595080351586],[88.53089486691746,21.8476524674272],[88.53356180131985,21.83734946238397],[88.53791787562393,21.83228988221134],[88.53913871370457,21.83694155145355],[88.54238268744128,21.839110718071378],[88.54400082383987,21.842990419118095],[88.54269706563497,21.83925988307497],[88.53950639338352,21.83664827071295],[88.53960464816655,21.834250522833138],[88.5388126365425,21.832326429397433],[88.54483160825122,21.827908808550934],[88.54877373333811,21.817867975270584],[88.55199517989908,21.816623136444516],[88.55417090098902,21.817328594250057],[88.55441417122923,21.824115644446263],[88.55027017081443,21.83215150619653],[88.55776536875315,21.844843651619748]],[[88.48917824498976,21.90663265730433],[88.48219601517084,21.900881740650654],[88.48200220157422,21.898859664781526],[88.48560427125831,21.897153279193923],[88.49279985987413,21.903861736190535],[88.49336633830387,21.90662570259832],[88.48917824498976,21.90663265730433]],[[88.5765491227196,21.89339289545988],[88.58362352805335,21.89164283124883],[88.60158615658722,21.9054957392404],[88.60919121731125,21.918456354755147],[88.60997929657975,21.924710480994303],[88.60597605361818,21.93166846990434],[88.59994949881762,21.937312048266175],[88.59099203596438,21.951475631582905],[88.57535461405291,21.959527127453764],[88.56795843349398,21.958481631284474],[88.56342619227988,21.961442054655873],[88.55630460462595,21.972904084179678],[88.54942521313464,21.97311775053631],[88.54437721711504,21.970857595951543],[88.54266973030506,21.96027685805451],[88.54484471636975,21.949165186140185],[88.55079571477656,21.93586985199825],[88.55009633590618,21.922381553016084],[88.55213021187078,21.919799647404787],[88.56678688138952,21.912359473423493],[88.57297880487162,21.90499188557218],[88.5765491227196,21.89339289545988]],[[88.61027312857702,21.93272047439186],[88.61290654459911,21.931624093060336],[88.61449870050903,21.93376007477444],[88.61018228034823,21.93410020076713],[88.60950190932107,21.935330968615045],[88.61368054671713,21.935679107938604],[88.61503075813324,21.937508018558535],[88.60619112071376,21.95074216099825],[88.59860774065953,21.96757946711038],[88.60317856047403,21.991182727189923],[88.60710017764151,22.000046738124283],[88.60299351556034,21.997450224463694],[88.59963917221181,21.991498270036388],[88.59580990997863,21.988585165256843],[88.59383464082616,21.988322840997665],[88.58811115403635,21.99045744318191],[88.58620845432266,21.990077630277924],[88.5842485251756,21.986758315778815],[88.57807701564668,21.98208750736872],[88.57582781550641,21.97637924178507],[88.57599901875938,21.971448318931472],[88.57780158233865,21.970670472164617],[88.57636265835171,21.969696388954784],[88.57648690605203,21.96064283765107],[88.59196975252645,21.951548079829312],[88.60056890230919,21.937858508854685],[88.6045091006641,21.934589857939585],[88.60813096231846,21.935326554134146],[88.60978193826435,21.932939048392182],[88.60875380566753,21.931192736572456],[88.60748119535667,21.93158285555741],[88.61002232173226,21.929266643013513],[88.61118870233051,21.929781602721505],[88.60934655974663,21.930843348057767],[88.61027312857702,21.93272047439186]]],[[[88.21293870559582,21.703089834822375],[88.21127395119106,21.710865024915652],[88.20697126260588,21.715964772961403],[88.2036565718435,21.72584208358033],[88.19234821782516,21.7163369539279],[88.18602874626285,21.708053182208467],[88.18233849220523,21.69956043034128],[88.18222145539798,21.698747035050634],[88.15265929359155,21.693768583345737],[88.15259686992974,21.695034017648453],[88.15749438431752,21.708255096890035],[88.16532593276943,21.720910822574226],[88.1671221013036,21.73223115333469],[88.17060792657627,21.73632147937768],[88.17125190345112,21.74009635073813],[88.16765491417495,21.753728702881762],[88.16882528454603,21.755643031573577],[88.16891023269271,21.781553706050737],[88.16560196797077,21.794825867391516],[88.16725303040444,21.802949077257068],[88.17100246487847,21.809315116825676],[88.16834462511368,21.81358117939579],[88.1686598901982,21.818441808545153],[88.1669300374826,21.823702902414173],[88.15710486943912,21.832095015832973],[88.14500239030957,21.856173943188512],[88.14093939125883,21.85864881553752],[88.14115255163,21.861836859608037],[88.13710905081331,21.86973490372879],[88.1361273768778,21.875180695635137],[88.13180715560267,21.873573397709833],[88.12099504805094,21.86271792799058],[88.11728066642966,21.851442364545203],[88.11387539764978,21.850733150191257],[88.10179572487866,21.83254744196772],[88.09610246447062,21.813179114068262],[88.0923461136714,21.808969790141212],[88.0849616104534,21.794030458251434],[88.08402773971714,21.784080636012256],[88.080023919158,21.78220273786851],[88.0768104647944,21.7774197909733],[88.07340888474502,21.759031032648064],[88.07649069049549,21.751757330596078],[88.0716578081943,21.749408955177852],[88.0699551074993,21.740277781286306],[88.06344584549245,21.737448626735276],[88.06271691864649,21.73546597917824],[88.0655878837053,21.735462523300065],[88.0657803554238,21.73337250881569],[88.05994043655457,21.729960280569465],[88.05521334144376,21.720945065958592],[88.05392763467826,21.711859054215765],[88.05623767393938,21.7115709854012],[88.05692954686651,21.709715376245875],[88.05501728919864,21.707104515556853],[88.05425233610818,21.7002945750168],[88.04976505387336,21.688231134547504],[88.05100700729595,21.687617554243925],[88.04633528381429,21.686965128108838],[88.04334972973197,21.678009105850094],[88.04517226352256,21.6759689111503],[88.04135104908009,21.675556058687782],[88.04140942737509,21.67503341472846],[87.4165016324211,21.56979505978128],[87.41656085461973,21.569999707426657],[87.41835692828346,21.570536665708],[87.42495546343513,21.582334475897053],[87.43009873005667,21.586207425887114],[87.4248406195929,21.585716780219983],[87.4189965121721,21.578723528807537],[87.4136493133912,21.569314711536446],[87.37857902559254,21.563408657194895],[87.37929436149584,21.564441875492435],[87.37831972335873,21.56574777072514],[87.37979900498645,21.568981421389097],[87.38584385654045,21.569123741137037],[87.39654699150383,21.573324043028695],[87.39859273772595,21.577721999522346],[87.41098877339326,21.58329301830823],[87.41074663222086,21.585938246837138],[87.4248065409627,21.5918651726057],[87.43536928512422,21.59401364776844],[87.44875805872874,21.60048366026412],[87.47289428006485,21.60678514184908],[87.49762193779299,21.61610116543084],[87.53282158083596,21.62512575381927],[87.54783782746571,21.63138324632356],[87.55172079787766,21.631547664266957],[87.55355773337546,21.638046510366053],[87.55658749863785,21.63497716774356],[87.56417538759155,21.634366049193673],[87.63195237441508,21.64780293153697],[87.64393317640949,21.663105772333036],[87.64657525119885,21.660436735947055],[87.6436525287622,21.659253908281798],[87.64046393716971,21.65481980237158],[87.64149736859136,21.651961263549357],[87.64482039163501,21.64968054895248],[87.65140874025218,21.64850565236753],[87.67396256665002,21.652528724924476],[87.71268571203444,21.665328690508012],[87.73313720350463,21.675463580388943],[87.73954282742996,21.680973046416778],[87.73180681011073,21.67963240565542],[87.73129645408154,21.682084779173785],[87.73260968337026,21.6808240198647],[87.7372096546315,21.681520974701908],[87.74381198072031,21.684799347208735],[87.74770096088315,21.688901528016782],[87.74803519383399,21.693444566197286],[87.74372661602624,21.6963022640251],[87.74721635432373,21.70006437352809],[87.75746121630132,21.700229561384724],[87.75181802294622,21.699543612276006],[87.7567961619247,21.69811124973311],[87.76017065146695,21.701780368932113],[87.76169096997019,21.697929562184544],[87.76967610242095,21.69416432245057],[87.78546155064016,21.694196372218965],[87.79598288696913,21.698189129021344],[87.81030049126935,21.707375893082464],[87.8131163721573,21.710321172329653],[87.81514258999664,21.71841400425586],[87.81824863235413,21.721458669094357],[87.82684871438067,21.727661480672538],[87.83398473580186,21.735105267403583],[87.86077291163569,21.753324848239235],[87.86190855310367,21.756246523898398],[87.85552356229529,21.752461759762344],[87.86253190967103,21.75761934720498],[87.86664016848111,21.7668495838491],[87.87238301500471,21.772553127478496],[87.87704337516082,21.774829085113023],[87.88353157454442,21.781977135082688],[87.88551915302033,21.789992318984268],[87.88326654918292,21.79334983474203],[87.89443079506623,21.795785072884698],[87.90296095868223,21.800778273544974],[87.90632154317711,21.80115700293333],[87.906756488921,21.799991854591806],[87.91189215551263,21.80204997588067],[87.91325118195901,21.803174059501426],[87.9092422795198,21.80196475790347],[87.90883165522906,21.803486529410772],[87.91195083997017,21.8048406002427],[87.91207618253813,21.803323379268605],[87.91693163357826,21.805828348039707],[87.94061904831617,21.82345439984701],[87.94781453045096,21.83197688060404],[87.94516116447573,21.835743951060614],[87.94835208563858,21.833367444032188],[87.94922379452876,21.835701655420216],[87.9533501332872,21.83719888869315],[87.9555145968329,21.84170445462359],[87.96808393141617,21.854770635208695],[87.97065777820794,21.862964948061734],[87.97762774064438,21.86863688064011],[87.98550354091688,21.881618686327887],[87.99717584979241,21.896534425286827],[88.00163294417166,21.90532910855698],[87.99999776983897,21.90546145938434],[88.00366463075899,21.90599895127453],[88.00182373835226,21.906314835747473],[88.01198056228841,21.920919741486028],[88.01367488051997,21.93250784519643],[88.01661630676723,21.94021332355646],[88.01565191160063,21.9418788495147],[88.01198837086149,21.94128933328384],[88.0107964682643,21.942846384224538],[88.01349311869528,21.94200383232639],[88.01813343917152,21.943768047768877],[88.02565679215579,21.961857508222344],[88.03214198200139,21.97135295378265],[88.03600315085093,21.9821788864445],[88.04960727355633,22.00081404961648],[88.0524219669537,22.007322232272386],[88.04996881183361,22.0137551189007],[88.05569287825807,22.020181446066484],[88.06307731124375,22.01331419614181],[88.08299200695346,22.021715041977853],[88.12580719523571,22.0498342948146],[88.15193186762266,22.062398906910882],[88.17664062167508,22.085724617706983],[88.18341259165199,22.09445082884948],[88.18943166002089,22.108080734141737],[88.19010883875329,22.11626696117364],[88.18116674640537,22.12573908190642],[88.16883352721172,22.144829442116517],[88.16094399958347,22.15059296041289],[88.15798351558853,22.15552889832798],[88.15613178846726,22.15543896990214],[88.15721765303692,22.155863228887412],[88.15584627521311,22.158130228888183],[88.13588614175164,22.184778034595855],[88.13203664956791,22.186367555873723],[88.12164156375808,22.186769443082603],[88.10337166332212,22.192195414887298],[88.10102527969211,22.1905650009293],[88.0951487028945,22.190988440250077],[88.0912467388701,22.18666235349605],[88.08781912719593,22.185563808055335],[88.0737047432492,22.187131218344796],[88.06668830275959,22.18884015242578],[88.04971955757979,22.204767810047205],[88.03477680431884,22.20893233649357],[88.02927377258364,22.207777725077865],[88.02700854277539,22.20187919720393],[88.02341709418268,22.1996870258996],[88.01744336260732,22.19952961442327],[88.00674892179805,22.20262867268721],[87.9977686701406,22.208427565992572],[87.99186156615445,22.224497572757492],[87.98326845372904,22.230554941751873],[87.98225920580875,22.22913828641731],[87.98621407048837,22.22720831738544],[87.98198424056314,22.228665695348578],[87.98169619421452,22.231887826882975],[87.97522517716209,22.233399196653384],[87.97617176393653,22.22366909176737],[87.98127651861776,22.218986195616935],[87.9838679203889,22.218433061741834],[87.98388600071597,22.2140698340519],[87.97340301172729,22.222794357312484],[87.97301776547361,22.233821178118443],[87.97107546183105,22.237755169482476],[87.96526766115937,22.242057119266082],[87.9588908198067,22.24447162957003],[87.94764313047264,22.2547541832292],[87.94786348457069,22.258799859177692],[87.95593189499427,22.269732295352473],[87.96835951675338,22.264728944990857],[87.96810627400428,22.259963700230013],[87.96985127783354,22.256172835129654],[87.98649030105179,22.23825894379033],[87.99612090337548,22.238281531084706],[88.0001367130401,22.242964111102687],[88.00693610699649,22.23914010673556],[88.00650443359925,22.233423342598506],[88.0221768590682,22.217765849220793],[88.05301337276744,22.211465641906166],[88.06057129430413,22.20577053189274],[88.08298886836705,22.236396846533935],[88.08312100647785,22.25635197616162],[88.08460597907091,22.25634207156796],[88.08811314456784,22.253331103298365],[88.08767732524286,22.242421546793533],[88.08436229873922,22.23368353133589],[88.07008616989147,22.215585980018563],[88.0690492175077,22.213504048296716],[88.0702382465885,22.21120613675528],[88.0727799115933,22.209477612727134],[88.08778869145956,22.20784281189574],[88.10036707778713,22.210021700862548],[88.11680126899346,22.209445555454543],[88.13373431557982,22.20161605566996],[88.1413957182205,22.201994846536575],[88.16858250599186,22.19716759869563],[88.18271430740884,22.190950157978726],[88.18613604079742,22.18774305062048],[88.18801256189151,22.188031347266676],[88.18947977260969,22.183768282340907],[88.20530857760505,22.164539240993847],[88.2038200746407,22.164025244676147],[88.20538113878196,22.164200601602666],[88.21043303509703,22.14894501015183],[88.21189917756554,22.128552609134534],[88.2162378170721,22.122481534332742],[88.21688050644934,22.112036982358493],[88.22084399622587,22.103983688342034],[88.22441030050385,22.089915968574772],[88.22315689689916,22.070685349732837],[88.21609639157089,22.051891482945486],[88.21473189602834,22.038594126435537],[88.21055061716575,22.0279533269995],[88.19264307848388,22.00080533002894],[88.17799073195219,21.987135806865947],[88.16808110720673,21.974734481117274],[88.15338127480939,21.96432027036521],[88.14975429158761,21.956883756305736],[88.15093967981143,21.953903319959508],[88.16689871778634,21.936271511895278],[88.17105386560378,21.92856241403439],[88.17360852563354,21.911809055122863],[88.16460284797637,21.89295439257998],[88.16344403753621,21.88367071699807],[88.17434405577109,21.868987548352592],[88.17748617080397,21.86156321499489],[88.18103610977884,21.85973774440395],[88.18403805996752,21.854602533774106],[88.18611329100968,21.854764398218126],[88.19724652583295,21.841023583691488],[88.19240581937358,21.832184043356495],[88.19236084584239,21.82916317230673],[88.19555495027275,21.82354445678228],[88.20187681750306,21.817835182407013],[88.2006989557653,21.810889458204656],[88.20229272416404,21.80708214682216],[88.20392273975061,21.807921301162125],[88.20660524120672,21.796865800755693],[88.21155719853803,21.789805427757432],[88.2152921986725,21.778031249276772],[88.21396165771208,21.768418173752448],[88.21565166118023,21.757308837531337],[88.21121447393497,21.72472303419801],[88.21307121149378,21.718260146292184],[88.21948704291245,21.70783007317267],[88.22026032577944,21.70295439535888],[88.21293870559582,21.703089834822375]],[[88.04441039993756,21.69880883412252],[88.04292596814015,21.69234617841946],[88.04594300289406,21.697387100269705],[88.04542962542494,21.69939638283249],[88.04441039993756,21.69880883412252]],[[88.05133115660081,21.69622913063184],[88.0524103080251,21.702321262292323],[88.05007284172535,21.700008167983455],[88.04941380459638,21.694489713826854],[88.05133115660081,21.69622913063184]],[[88.04231546831329,21.70344081938795],[88.04364113520005,21.700592071702996],[88.04470325021452,21.702285994716245],[88.042766511315,21.70896820115559],[88.04231546831329,21.70344081938795]],[[88.05217710120569,21.70490866184596],[88.05318307328761,21.70305314992803],[88.05574963669184,21.71139468412468],[88.05371071659334,21.71087900465453],[88.05217710120569,21.70490866184596]],[[88.1950128306404,21.724382729607264],[88.20115133742097,21.72833673851156],[88.20475098543771,21.737628631384187],[88.20750999864109,21.75476613031552],[88.20648312224738,21.759760945512983],[88.20441752931312,21.757020908668544],[88.20137047253027,21.742230787254417],[88.1944961045078,21.730752763505564],[88.1950128306404,21.724382729607264]],[[88.19450881871695,21.768842753840246],[88.1926475504106,21.758191086552596],[88.19747027627317,21.764840595253496],[88.19813461541854,21.769053470420758],[88.1926091022463,21.779712608766992],[88.19016273206411,21.768677341955772],[88.19224940754358,21.764779577724028],[88.19450881871695,21.768842753840246]],[[88.1790501542198,21.79933331828123],[88.17634007334152,21.792601345393297],[88.1815248377487,21.783825892650462],[88.18569014808705,21.790214016298183],[88.1790501542198,21.79933331828123]],[[88.18618678198345,21.833735272702494],[88.19072196065702,21.830559093824256],[88.19466825012381,21.84038347909754],[88.18082564260517,21.85300508625564],[88.16636244099928,21.86973944945533],[88.16727025191315,21.863864503939745],[88.17212026505975,21.857740069900345],[88.17814288743944,21.84471541032697],[88.18618678198345,21.833735272702494]],[[88.09642688015848,21.85447993753353],[88.09671767488445,21.861343334934404],[88.09459757721606,21.86622684645457],[88.08839644024465,21.871278069783592],[88.08451365548889,21.87778593251273],[88.08113274430934,21.879846391791414],[88.07324628719105,21.868477550774173],[88.07235950089652,21.858310292252135],[88.07862607642386,21.844190220789624],[88.0829585893408,21.842231050198812],[88.09408946439368,21.85061158769971],[88.09642688015848,21.85447993753353]],[[88.16924540085485,21.868785961614655],[88.17427440257754,21.86368934362696],[88.1740730163683,21.867737009113238],[88.16528131186631,21.879163730564642],[88.16924540085485,21.868785961614655]],[[88.10766274033277,21.868886618664636],[88.12084235702542,21.88532047504724],[88.11961874330125,21.891428180639753],[88.09779444275686,21.91229150309759],[88.08561954888323,21.91437159611243],[88.0838717035963,21.909696783756385],[88.08832534647767,21.90697507193575],[88.09241846445276,21.898835315280564],[88.09760323169519,21.874021029349354],[88.10045419943907,21.869326218763234],[88.10496554037766,21.867321561668575],[88.10766274033277,21.868886618664636]],[[88.13663884684874,21.925578850985925],[88.13025559391953,21.930162391282288],[88.12362519600346,21.93053719832831],[88.11693441465128,21.923982520468492],[88.11894437442756,21.928352552386126],[88.12671759241341,21.933896601705868],[88.12957347194467,21.9307733801148],[88.14545223564119,21.924710012324535],[88.13883891357993,21.92920779097769],[88.1263399989734,21.947451029322163],[88.11897572956296,21.9400434712636],[88.11139306038054,21.93599770771056],[88.09470408774672,21.932883452479867],[88.08985743198096,21.92654890445844],[88.1014603495212,21.91357449969244],[88.11768189353947,21.904919494536706],[88.11539857915804,21.919243464592125],[88.11909628679311,21.909887465867527],[88.12302567057007,21.906993126151008],[88.12662584995437,21.899971420340457],[88.1300128786855,21.89913149079319],[88.13769709625826,21.904477624996716],[88.14501503531378,21.917337249712272],[88.13866644402313,21.922973243146558],[88.13705477328246,21.921289013589224],[88.13663884684874,21.925578850985925]],[[88.10378405088937,22.00262133172241],[88.11020384599358,22.0026853450349],[88.11491610282,21.999279176398026],[88.12523255893754,21.99598434702804],[88.14261114619684,22.013604584081115],[88.14026108326556,22.01613602548616],[88.13775448061304,22.015324078626723],[88.13762898060395,22.018239478958325],[88.13625849063276,22.018717987166188],[88.12330946967097,22.020298759209048],[88.11909205623566,22.019586512410118],[88.11727290461877,22.017623384330268],[88.09106691738647,22.01177753412435],[88.08620866362635,22.009591315667468],[88.0856316033031,22.006208095555348],[88.10378405088937,22.00262133172241]]],[[[87.15352827586462,21.525508712799514],[87.16054774066598,21.529470759893247],[87.18687403837194,21.539318653062878],[87.19629710282219,21.541263913897314],[87.19962875710407,21.544742962527533],[87.1994815490817,21.546559177954993],[87.20338943244458,21.54757541503645],[87.2039951254802,21.5456185928431],[87.20614342838788,21.545277137936893],[87.24146168574005,21.551748493763274],[87.24264844295934,21.553955828087098],[87.24764802759205,21.55488359733227],[87.2499969375522,21.556783563801375],[87.25021750949348,21.554240315833425],[87.2530309597269,21.55346108551456],[87.26480194591595,21.557457323364762],[87.26836290654231,21.55662221029004],[87.25944307621266,21.55518035060141],[87.25773320727951,21.55366346034238],[87.27922869232496,21.5559214411745],[87.33173249275926,21.555519410028896],[87.15352827586462,21.525508712799514]]],[[[87.033169,20.743308],[86.9992196904542,20.70567946746838],[86.99654267541074,20.712158764740728],[87.00201205204459,20.718316787524916],[87.00561898041401,20.734608501665207],[86.99745438021618,20.75073317426345],[86.9924822530672,20.770227986187667],[86.97656272355388,20.77188436685525],[86.96421814077416,20.767278452955832],[86.94416349717437,20.766477947357874],[86.94204266026611,20.77295588626353],[86.9504825695443,20.774146745313036],[86.95022032175402,20.776388908431617],[86.96126452545245,20.78344644317913],[86.9674113818801,20.79139386588007],[86.96879324836527,20.799136954108704],[86.97636132546018,20.81831910518966],[86.98133547171126,20.84561378596458],[86.98087745040189,20.857047191603613],[86.96676862947444,20.873000343098155],[86.96215644724435,20.88424766037879],[86.93928079704467,20.920763743108747],[86.9320949473254,20.937637772095993],[86.91835006898002,20.959491086595456],[86.91005862190629,20.976273210193927],[86.89382370661026,21.013341808800035],[86.86873793367658,21.04847766282653],[86.84789739263252,21.095502876521973],[86.84181564924162,21.124827650690403],[86.84153570344748,21.175081371657562],[86.84475889320231,21.187624094039105],[86.85628655202456,21.205603746768098],[86.85480654163484,21.21050902619147],[86.84208027731769,21.204186870566932],[86.83260200176647,21.20609324836321],[86.8293531213078,21.20864698236224],[86.83049576062322,21.20862519241325],[86.832408482949,21.20814380237758],[86.83384116037755,21.209919936206138],[86.83352769679091,21.213900635241917],[86.83151278127448,21.214973959230548],[86.8436836914411,21.232428476273395],[86.85220174362698,21.24794084764995],[86.85559843370858,21.258537747119334],[86.88570728819363,21.298935257758007],[86.8900587377686,21.307553327445923],[86.89249985290677,21.318428891840675],[86.89529818219786,21.31562519662637],[86.89749632073519,21.316091868316217],[86.90991310804672,21.32831017995854],[86.91390173887166,21.334578241650807],[86.91175004785165,21.33652422914754],[86.9124486777641,21.337437158269324],[86.92002198605205,21.340942102969564],[86.9240559946598,21.344865284503385],[86.94808893634433,21.37405380740007],[86.94679096775496,21.375584874957312],[86.9509816697977,21.377442893772866],[86.97293760560274,21.40005402257743],[86.97976730806907,21.407459345677516],[86.9792797399111,21.409763265333794],[86.9821507724221,21.411169581282124],[87.033169,20.743308]],[[87.00242974751673,20.71320586892932],[87.0017314402119,20.711523292544992],[87.00620217403271,20.715050102240802],[87.00812260874993,20.719520647115942],[87.00242974751673,20.71320586892932]],[[86.98360877399884,20.780388222335063],[86.98264266524488,20.784820225870984],[86.97845431311913,20.778806374234662],[86.97923754883611,20.777396872485006],[86.98170671501173,20.777713409219857],[86.98360877399884,20.780388222335063]],[[86.9865757318041,20.801993242961355],[86.99012635943906,20.80243172315262],[86.98776713249664,20.80396314870305],[86.98604715886259,20.80262119282823],[86.9865757318041,20.801993242961355]]],[[[86.79889243150602,20.483641939131253],[86.79805740577842,20.488391213965297],[86.79322492156619,20.49324209225611],[86.79621264735849,20.484182463531823],[86.7963631322502,20.480838529559666],[86.73054645680291,20.407889036732698],[86.73358194497804,20.4148031725706],[86.73332168753532,20.42216202291696],[86.7285660387746,20.440686411996577],[86.73426721557693,20.464100824108904],[86.74074432050209,20.471201619784825],[86.7418618877736,20.466082956079237],[86.745649461492,20.46803989191061],[86.7594106550912,20.500381443777627],[86.76578910692905,20.503725755617786],[86.77525049136231,20.520752711264944],[86.78936659503594,20.533932405194914],[86.80844401607547,20.546084581758915],[86.86892374039176,20.590922894090152],[86.9219170770247,20.626000359975034],[86.92854950739448,20.628396604401885],[86.93111397082363,20.63019285754924],[86.79889243150602,20.483641939131253]]],[[[83.54926132592308,17.97331640217361],[83.55079025188387,17.975821710436666],[83.55829997628074,17.98243160843709],[83.56099727846352,17.98848641609069],[83.5590603016122,17.991194721595498],[83.5588469468776,17.996585830996363],[83.5693742064567,18.01179941201918],[83.61194174731622,18.042174818472485],[83.63417094300056,18.05530231695773],[83.66049211693603,18.07581598723144],[83.6949366350737,18.09879515781274],[83.70610471247119,18.104915937358736],[83.54926132592308,17.97331640217361]]],[[[83.52165332284595,17.95015189105011],[83.52008319908427,17.951489557389056],[83.52167846454238,17.950172986205203],[83.52165332284595,17.95015189105011]]],[[[83.45538376699433,17.894548381466855],[83.45531847000201,17.89634310696747],[83.46933536239796,17.911171126145135],[83.48910314471331,17.924991462513503],[83.49570577378806,17.928380584842287],[83.45538376699433,17.894548381466855]]],[[[82.49326358881144,17.21402586372496],[82.5454000298622,17.251433884588735],[82.59625881664826,17.282790731732877],[82.6091784070201,17.290174195287403],[82.49326358881144,17.21402586372496]]],[[[81.692719,16.310219],[81.19413338776384,16.11191453265524],[81.19764168353376,16.12343646069422],[81.2014855880097,16.143934923805855],[81.20014947823468,16.144540930031436],[81.20239469018728,16.14692149662396],[81.20265935649205,16.156866410742484],[81.20444748336207,16.158312369764392],[81.20613164904094,16.171269246594207],[81.20927841120884,16.180887852171107],[81.20844424464167,16.185816078837746],[81.20635670628229,16.185782410066505],[81.21021978265321,16.1927707263076],[81.21376366587776,16.207218328629537],[81.23154121624307,16.23742902009458],[81.248041782842,16.25784183922938],[81.24619159465215,16.258865906915783],[81.2469055366679,16.259469465262057],[81.24874688848693,16.258562940500177],[81.26373108368298,16.27343923172724],[81.2650556587319,16.278138211231408],[81.27000413484714,16.279074590422358],[81.3030120285689,16.302095276271892],[81.34161172363763,16.32206294626214],[81.39071939965994,16.3395960777078],[81.39379109469019,16.342473152222485],[81.39855512751149,16.340449442236043],[81.42804964520552,16.347147227560743],[81.48365829414814,16.35313329016562],[81.48724227562484,16.355066105439864],[81.49139502242701,16.35273541559957],[81.510314590501,16.353509975223012],[81.53099542010477,16.35241984335083],[81.53754388559263,16.35146521352199],[81.54076400083943,16.347396974761125],[81.58016575159448,16.344368536855278],[81.62732288405492,16.33797642578729],[81.6755137017805,16.32869150681233],[81.69063990403255,16.327471792482914],[81.69952377961533,16.324169790229224],[81.70706335302812,16.317817609474453],[81.70781101910632,16.317679744336086],[81.692719,16.310219]]],[[[80.23242815676869,13.8410549313356],[80.22658557574596,13.854994890370136],[80.22088174461996,13.874951637512185],[80.21911913507905,13.87823073020155],[80.21752993261701,13.876633076006092],[80.21837112099175,13.88051680901187],[80.19816295428814,13.917172587184416],[80.18139225395649,13.961670448821835],[80.14995025057083,14.03129964315009],[80.1430293792253,14.056773684308297],[80.14209905963901,14.074645753242482],[80.13614256920147,14.08538518655974],[80.13377812044426,14.096908349294226],[80.13078970919824,14.122588709308035],[80.12932501218802,14.125578729713887],[80.12641315717042,14.164324223173418],[80.12702371422218,14.192190908320116],[80.13104570526662,14.227369568664118],[80.13010717495943,14.231160878916167],[80.13170016754671,14.231850975590472],[80.13450570989282,14.24367772485766],[80.13869178119911,14.25348623697729],[80.13902503469545,14.269165191445015],[80.14376356098914,14.289386389501873],[80.15266781678073,14.31420796421458],[80.15567500896825,14.32052718785089],[80.23242815676869,13.8410549313356]]],[[[80.24799278845317,13.605492195590374],[80.24351311737429,13.613994459905587],[80.23728324717102,13.635961732238616],[80.23364962346257,13.658447694367084],[80.2338991132628,13.697229814151246],[80.23950598052039,13.733406553462183],[80.23976196276128,13.734265341944297],[80.24799278845317,13.605492195590374]]],[[[80.286294,13.006261],[80.26365537832618,12.955504931009013],[80.27209135525739,12.996998899066682],[80.27646171745523,13.010764539096035],[80.27593088804694,13.012626416802332],[80.2780496064064,13.01621582615766],[80.2810593887961,13.039619401033308],[80.28349116517636,13.05011199046704],[80.286294,13.006261]]],[[[79.85853903205842,10.559008083842034],[79.85805042298524,10.567787850425827],[79.85683677658649,10.57180520566531],[79.85278651162432,10.575675549104458],[79.85467058425957,10.576393203666678],[79.8571857836612,10.573859786985283],[79.85355937971288,10.616743113656753],[79.85333622963128,10.676480180099993],[79.84101759917212,10.67629743766934],[79.85008451966314,10.680366852565637],[79.85329734360252,10.679417214579555],[79.85246724537147,10.731078130689616],[79.85035895579186,10.763409253724193],[79.85081920933176,10.821129303303291],[79.84912238226966,10.824804103208107],[79.85249660644035,10.827209231382223],[79.85026961253182,10.829229622928981],[79.85128871300358,10.834400883736052],[79.84983668446985,10.858222716487173],[79.85165030910204,10.876290572273914],[79.85052884263332,10.88557063587236],[79.85218249035448,10.905044146094209],[79.85387605705667,10.986843180090785],[79.85559744160258,11.019904189754987],[79.8570336109131,11.026024732103162],[79.85565487116976,11.042636518848909],[79.85843451393673,11.129266977198805],[79.85631571847779,11.176087144345209],[79.85327317146808,11.204573160114451],[79.8484943013619,11.236191388241505],[79.83971980781561,11.275603408205459],[79.83453386595008,11.315258019566386],[79.83569900483889,11.332864279094993],[79.84259907827715,11.350742487210704],[79.84094521221382,11.352848633033192],[79.83218634325236,11.356481459348954],[79.83164950844564,11.361150687038563],[79.82309362396991,11.378501902873566],[79.81843571569027,11.394145169793173],[79.81137151028729,11.430286509777746],[79.80306251118095,11.453797999676576],[79.79501222525325,11.466226064720619],[79.7980664337577,11.458565316572948],[79.79384493771201,11.462324872992026],[79.79089575461204,11.47067708066657],[79.77706809320752,11.488553973938947],[79.77562239231673,11.494022798076802],[79.77922993478974,11.501494853989445],[79.77864127066164,11.506426565565821],[79.77070223741147,11.513707795140803],[79.77721118655079,11.506151557181447],[79.77806647111144,11.502729423292026],[79.77824458735056,11.501517950817286],[79.77463695918142,11.500947293648904],[79.77427215325567,11.503685038689197],[79.7727303761236,11.501067752720672],[79.76753422941073,11.511679767672563],[79.76737945511552,11.51389016306284],[79.77189460708857,11.505887472673626],[79.77401140318544,11.504656985945422],[79.77359092320002,11.506994075749793],[79.77052614906376,11.509775403815535],[79.76289508300243,11.529527187715036],[79.75959504074495,11.539888681070925],[79.75703537612648,11.556148514415678],[79.75735533497908,11.595265054406116],[79.76065124800881,11.624372777889308],[79.77299304799342,11.685604526869584],[79.78657160507757,11.733658921139204],[79.78984890914992,11.75472006398746],[79.79372509090828,11.769176303682318],[79.79852283167648,11.802002086176632],[79.8069610123448,11.832609311960137],[79.8046298223643,11.833517234865829],[79.80706247633914,11.833535949146329],[79.81551661646219,11.860427163470526],[79.82269492025809,11.876479212965677],[79.82499575029298,11.890654343757083],[79.83696698811343,11.935571495316857],[79.8386861756382,11.948765485778344],[79.84699557172874,11.97849476427176],[79.85624362743542,12.00486549672317],[79.86244578215994,12.018404305800841],[79.85853903205842,10.559008083842034]]],[[[79.85848177256061,10.537618362819497],[79.85784649616359,10.547491306975838],[79.85851533581574,10.550156172113395],[79.85848177256061,10.537618362819497]]],[[[79.37795135520668,10.312357181758117],[79.37915829443018,10.313482129923129],[79.38806650404173,10.317518823790726],[79.3959000399758,10.3186351553355],[79.40321061022982,10.31720172476593],[79.43202262754814,10.31763718227523],[79.43370576825944,10.317574094326796],[79.37795135520668,10.312357181758117]]],[[[79.23255563768849,10.127952790664713],[79.2269875748912,10.133598968910194],[79.22567257671678,10.145827424597554],[79.22818852056176,10.15228649692779],[79.23125587368094,10.153263205842935],[79.23879935336126,10.159863919889727],[79.2386597862391,10.16542872137997],[79.23610661825307,10.171595586185761],[79.23901467473573,10.175798652148405],[79.24153667313811,10.184870408366844],[79.24708354599078,10.191911276412407],[79.25177903091233,10.194671560777165],[79.25681985185999,10.195587338175228],[79.25735411905735,10.196988482836865],[79.25997564014358,10.193723686606468],[79.26380423515867,10.197266219431569],[79.26287442527845,10.19900697237408],[79.2638190710395,10.199951369773114],[79.26507697393865,10.19743296043101],[79.26977028593247,10.206480973328281],[79.27735043978139,10.213294500504777],[79.2786926342166,10.21545466296044],[79.27797960627107,10.22206386994356],[79.2764796251879,10.223908888144116],[79.27673433540919,10.222322099430814],[79.27135244724174,10.22479264496727],[79.26715721845594,10.228668472977885],[79.2682722194323,10.232808731564043],[79.28467543742092,10.251486442494258],[79.29846141121435,10.263298499446105],[79.31554755466532,10.2736498411643],[79.32295892856575,10.279440524202794],[79.23255563768849,10.127952790664713]]],[[[79.2304154403834,10.124366487158207],[79.2303976062504,10.12472410795568],[79.23083785228513,10.125074317824463],[79.2304154403834,10.124366487158207]]],[[[79.22726931174286,10.119094556318643],[79.22717043120788,10.119119618732224],[79.22728721826415,10.11912456206623],[79.22726931174286,10.119094556318643]]],[[[79.22102859153642,10.108637054710643],[79.21909723064086,10.109131496239833],[79.21910269626542,10.112598762932999],[79.21948147272046,10.113055236130204],[79.21988739182939,10.112630193277038],[79.22147415961042,10.109383687902998],[79.22102859153642,10.108637054710643]]],[[[79.12070069777685,9.291281445119768],[79.10537500755183,9.290989359643756],[79.08615575342046,9.295295567242988],[79.07111926964168,9.295035562328842],[79.03679004192628,9.315176735813282],[79.01309480189329,9.33236629212008],[78.98046933912313,9.36124227902788],[78.93633699462966,9.408284934136656],[78.91704180198204,9.436618431124797],[78.9004618246853,9.46829613515021],[78.89798538028452,9.480533731713193],[78.89844115877669,9.490338980916395],[78.90421084039085,9.496807812566894],[78.90979829898481,9.49851172676379],[78.91278986990015,9.495758415463373],[78.91522635191916,9.499031152941994],[78.91322018823527,9.505511362645265],[78.91612491271198,9.512806018922166],[79.12070069777685,9.291281445119768]]],[[[79.18972,9.216544],[78.277941,8.933047],[78.19897744498105,8.773587400130278],[78.19851737256434,8.774057836632686],[78.19956576181035,8.784652149592203],[78.19913448943876,8.78747530009635],[78.19745849485852,8.788815889915993],[78.19248176328885,8.786814198511768],[78.19409297520382,8.786415721993666],[78.19545605568511,8.774917375649174],[78.19712183934402,8.774032207050865],[78.19656827048883,8.778838947753604],[78.1986042845612,8.775899861833283],[78.1954987468545,8.770625317912767],[78.19670413940372,8.770909884818998],[78.19655665987888,8.769271377236972],[78.1953074872989,8.769824804431444],[78.19625599682335,8.768981090558961],[78.19494269910852,8.769112011747845],[78.19509240286799,8.76701032706688],[78.18959301526284,8.763810083047641],[78.18705554508357,8.764139952190531],[78.18246093094673,8.76603833865828],[78.18132750437022,8.768463852398792],[78.17899992457198,8.766684266045726],[78.17747238545839,8.768759754317825],[78.16968432243465,8.770440035566967],[78.16859142958307,8.771473467164249],[78.17015560220867,8.774662683076167],[78.16887876089828,8.776675869864986],[78.16454944534782,8.77756260471772],[78.16278604308265,8.779530158123444],[78.16180913133849,8.777736505239806],[78.16013688365265,8.780357454899852],[78.16002986194151,8.784316294207294],[78.16152944742993,8.787004475392896],[78.1632650953709,8.78315077027798],[78.16388720425643,8.783892144587254],[78.1610968540177,8.79187050028593],[78.16245887410942,8.79241205868051],[78.16186354827965,8.797642817712289],[78.16101703387636,8.797946045849418],[78.16155759705968,8.792871809058772],[78.16013568072519,8.796886873396426],[78.15808082668273,8.796964934717446],[78.15967135274579,8.804162519702805],[78.1634866214125,8.802378594325873],[78.1612386372915,8.805125872202357],[78.16302796846954,8.809235350405269],[78.1665764297843,8.811743632135725],[78.16377725552103,8.812335957762706],[78.16326001228722,8.815629751907524],[78.1680243396695,8.825855362275288],[78.16546349122312,8.828336966756318],[78.16477315523144,8.832781413650515],[78.1666950429543,8.8423879765846],[78.16578984070821,8.865726221304106],[78.16692762547648,8.872887245218948],[78.17163834988294,8.885872332213552],[78.17620374003111,8.891381567926675],[78.17998098833239,8.892687958821234],[78.18001722747395,8.906105019990765],[78.18664195238253,8.923590914271935],[78.19840395855374,8.943449734602712],[78.20667102458012,8.952413681004101],[78.21504443336205,8.96603792640253],[78.23981509178263,8.98465795972462],[78.27233716629608,9.004379309423417],[78.29417387626265,9.020709888568186],[78.35568898989689,9.068025342412033],[78.37586388221092,9.088017203103801],[78.40870470485444,9.111348230877347],[78.420795556562,9.11645117209328],[78.45427132653829,9.125270784182703],[78.46753635237299,9.127989486855352],[78.48815659437176,9.128965167326097],[78.50273233066177,9.13387349693993],[78.53090273383093,9.138077814281473],[78.55094107764808,9.138092002330978],[78.56373782058591,9.13595188877039],[78.57824975891863,9.130999665908362],[78.58901588609413,9.139983893174499],[78.60159334405765,9.146571951663717],[78.61549971084492,9.151446311772954],[78.65707490148355,9.157693786595319],[78.65722972804716,9.158819398316906],[78.65478213789532,9.158136908048622],[78.65127471762658,9.15935772402249],[78.6462252800207,9.16642844178676],[78.64325916228935,9.16788415760707],[78.64220843488516,9.174678864713488],[78.64411020098217,9.180406666996765],[78.64899223318189,9.187440733170291],[78.65003402452798,9.187757169998651],[78.64930601592965,9.18522561536555],[78.66380176429756,9.193615235776116],[78.6788661099699,9.196014170479373],[78.68529023229647,9.195601888294208],[78.70361109148233,9.191091661829535],[78.7172551989158,9.189542662793261],[78.71902567413876,9.192101023195889],[78.7160240960228,9.197576288147713],[78.71653428996552,9.200031004686918],[78.72195901920061,9.205617324595073],[78.7326027953361,9.211889350887873],[78.75446239413988,9.215499814682154],[78.76427015236867,9.22138473587614],[78.79434391842327,9.229955722814097],[78.79880218091954,9.233663833063822],[78.80559040754972,9.236662620232],[78.81484556203827,9.237211492120098],[78.82265568125518,9.239355759346477],[78.84981869509681,9.251535836884734],[78.8561119746744,9.251744301517949],[78.86109901014098,9.25540191484183],[78.86774280423298,9.253978264173433],[78.87488239141885,9.257260593307958],[78.89569633524962,9.25153723392978],[78.91615270637415,9.258781674079025],[78.92201755169182,9.265771211204061],[78.92652291877246,9.267714594713633],[78.94899041085127,9.272485113165503],[78.97892567179134,9.274851832236848],[79.01456712278625,9.270720001371537],[79.05215344296339,9.263436357301241],[79.0575868090401,9.263650027971249],[79.06289323319629,9.261535415305202],[79.06917765593197,9.261089051842427],[79.07371702478025,9.26240222295049],[79.08072139703589,9.261205992926708],[79.09016020512628,9.261645395919373],[79.1108701790857,9.26619906981526],[79.12707886326167,9.271940065945923],[79.13766943282442,9.272906876506063],[79.18972,9.216544]],[[78.20525024240415,8.84178061517252],[78.20875087539463,8.839275798956496],[78.21093634837148,8.834214114010488],[78.2132717118817,8.832270650171067],[78.2161470576923,8.831918689752552],[78.2165096099418,8.833518107091269],[78.21921643163803,8.83389990798026],[78.2157872767064,8.842005242782395],[78.21090507281012,8.841386690279327],[78.20999915485422,8.839223907916802],[78.2066248734464,8.842057390935608],[78.20525024240415,8.84178061517252]],[[78.22180957648119,8.872036799890124],[78.22285755728572,8.872222281737042],[78.22665661731153,8.866255877686509],[78.22739909194557,8.870817288010235],[78.22342080105632,8.872782705807838],[78.22180957648119,8.872036799890124]],[[78.2702285905837,8.943166863169674],[78.26955110155212,8.939142239383576],[78.27130612592312,8.939611003239747],[78.27372622989085,8.943964745304736],[78.2708724532847,8.942352066313797],[78.27112247260919,8.943525201240988],[78.2702285905837,8.943166863169674]],[[78.25057096688492,8.952854864066977],[78.25309403250513,8.952057869341372],[78.25521815060641,8.954573931663681],[78.25188646242927,8.95639427023644],[78.25057096688492,8.952854864066977]],[[78.48722232722051,9.088709408683664],[78.49274322233795,9.086424731635006],[78.49554642267577,9.090659702831172],[78.48993924401461,9.093432753131873],[78.48722232722051,9.088709408683664]],[[78.53508319902721,9.102767870395454],[78.53679957543956,9.101864151041353],[78.53908830150043,9.103765338517826],[78.53913486905978,9.106045398236917],[78.53508319902721,9.102767870395454]],[[78.58535085536077,9.111339927266478],[78.58171405317964,9.110973213177346],[78.57934269811693,9.112824415931177],[78.57494873922795,9.106165961567207],[78.57103847328844,9.10353189306772],[78.5709549542987,9.101131516403235],[78.58010964486347,9.101164518205856],[78.58473825857499,9.106377968365646],[78.58797440682876,9.10699852161433],[78.58535085536077,9.111339927266478]],[[78.69700368529274,9.152589692300603],[78.69652213029397,9.155810522888288],[78.69384185110752,9.152857015389952],[78.69386553933496,9.151199000078249],[78.69545248093517,9.150566197671061],[78.69700368529274,9.152589692300603]],[[78.75421377966744,9.153233133801216],[78.75488403992357,9.154150140741315],[78.75372169583842,9.154137884779116],[78.75289292611878,9.153271147780174],[78.75421377966744,9.153233133801216]],[[78.73097272459174,9.152118491534027],[78.73205873732398,9.154421509134133],[78.73110146318683,9.155879682967978],[78.72803413132213,9.1528005988864],[78.73097272459174,9.152118491534027]],[[78.75255025835297,9.156196493437811],[78.7518644562408,9.157030856981214],[78.75088002506736,9.156355747226623],[78.75255025835297,9.156196493437811]],[[78.69888299815635,9.158301196810223],[78.69883606234188,9.158686109760087],[78.69806858927964,9.158523356682323],[78.69888299815635,9.158301196810223]],[[78.81864625328276,9.160701107082463],[78.82355809883842,9.166035885376683],[78.81956017172779,9.165229311368975],[78.81692339905123,9.160365272695353],[78.81864625328276,9.160701107082463]],[[78.82852139657534,9.173688040045171],[78.82396199036904,9.166451631775105],[78.82707379680848,9.16733327080009],[78.82904061765935,9.17050671122018],[78.82852139657534,9.173688040045171]],[[78.94103707935136,9.187598454177438],[78.93873150230968,9.184871276079596],[78.93287860271943,9.182389560087415],[78.92518828015832,9.184880470980954],[78.90883627824235,9.181495347610166],[78.90624978753371,9.185190869145705],[78.89726449289586,9.179674299557197],[78.90355903775175,9.178456734300717],[78.92353872020927,9.183318054688648],[78.93078296582802,9.18151777406729],[78.9427764938519,9.184819850121565],[78.9433541992472,9.187732787132349],[78.94103707935136,9.187598454177438]],[[78.9700460990524,9.182915524149085],[78.96938301429377,9.183933947234198],[78.96903943803105,9.182832541970365],[78.9700460990524,9.182915524149085]],[[78.70189781897209,9.185822480230494],[78.70424920971705,9.184079009046616],[78.70308129139764,9.185484525152388],[78.70191123383033,9.185993714800096],[78.70189781897209,9.185822480230494]],[[78.96861539278187,9.186129852073138],[78.96989389698254,9.184499388933508],[78.97111533162584,9.184971637015531],[78.96861734624687,9.187961472793418],[78.96684516903166,9.187356201037172],[78.96741311330103,9.182918995107677],[78.96861539278187,9.186129852073138]],[[78.9104072871635,9.186462253271348],[78.91012041649662,9.186565770123467],[78.91013209898468,9.18598839263343],[78.9104072871635,9.186462253271348]],[[79.06647412399066,9.20053697384532],[79.0794134659524,9.196195279868547],[79.08635219705172,9.191691564843028],[79.09102609976368,9.195932581170894],[79.09101741011833,9.197554176799361],[79.08806707781714,9.200327771319083],[79.0867718756557,9.198569533903644],[79.083568615345,9.199849836854932],[79.08329197890761,9.202767309138391],[79.07709786063018,9.202215406291842],[79.07114572190692,9.205167399764402],[79.07098993863914,9.209836840065321],[79.06889865177054,9.210539148596826],[79.06006888939655,9.202837698826261],[79.05676835857405,9.198019958982865],[79.05893187614994,9.1960208079996],[79.06647412399066,9.20053697384532]],[[79.14153391739579,9.21425382885699],[79.1388749448413,9.213347347549592],[79.13953377485366,9.212638811078744],[79.14153391739579,9.21425382885699]],[[79.12382425605803,9.214683677559238],[79.12270030504327,9.214674458796908],[79.1228600216601,9.21453442965741],[79.12382425605803,9.214683677559238]],[[79.12425213221825,9.21720402524917],[79.1269823728787,9.214940046444704],[79.12225581090412,9.2157426294635],[79.12949518922309,9.213786887918303],[79.13411272476088,9.215982818242935],[79.13298577413023,9.216164565880254],[79.12912475777249,9.214585045084602],[79.12707232443462,9.216000507273248],[79.13019291499153,9.215200823944087],[79.13323708709095,9.216389621014224],[79.12425213221825,9.21720402524917]],[[79.12340120900349,9.218016299833572],[79.12214497116301,9.217157310197736],[79.12312392538004,9.216178705206676],[79.12362675555758,9.217317200707717],[79.12340120900349,9.218016299833572]]],[[[78.19813691411967,8.77189002575545],[78.1981354862516,8.77202330927905],[78.19821417212479,8.772046041154983],[78.19813691411967,8.77189002575545]]],[[[78.12728768960595,8.62881656624204],[78.12728376976267,8.638464923390003],[78.12915065603926,8.65579349037167],[78.13143572317108,8.66291394371014],[78.12563863501751,8.66508837686832],[78.12870528824446,8.667873245289272],[78.1292094438024,8.67296382275664],[78.13179002063937,8.676001860655449],[78.13204891073218,8.681833790951124],[78.13640156591558,8.694108025563457],[78.15405855164121,8.71221809959771],[78.1553496918707,8.725220049954878],[78.1629937513682,8.74134552142472],[78.16678819997878,8.743402190146378],[78.16598846300863,8.743976416083385],[78.18109844418348,8.750335673006683],[78.18734146896718,8.750089622214611],[78.12728768960595,8.62881656624204]]],[[[77.941165,8.252959],[77.539898,7.965535],[77.39424995387222,8.109156104064224],[77.42000182458618,8.101044993192946],[77.4447254251807,8.09464029994303],[77.4810255242846,8.089095190693081],[77.48641009677172,8.089700974022612],[77.48675482330871,8.088139860906782],[77.49904150226433,8.085282032117568],[77.52801445836923,8.081161836506581],[77.53250636050782,8.077704415314626],[77.53976423695102,8.078931367306105],[77.55093297364918,8.077961801983054],[77.55308615404924,8.085819760821892],[77.55804370704833,8.089921286349117],[77.56433086044181,8.092336644684293],[77.56151318408578,8.095084920802014],[77.55942185319587,8.094989598407812],[77.5582146135728,8.097724583032827],[77.55862577944069,8.106518022626515],[77.55697355861379,8.11102967586766],[77.55935863637495,8.117644358960192],[77.5587640046347,8.119289893866355],[77.56326824184025,8.123920224181614],[77.56605826495738,8.124811344694638],[77.56686088470872,8.12722569803623],[77.57711293059924,8.136721398424138],[77.58976146024591,8.14264552235966],[77.60920242779942,8.149243370879349],[77.6403682546292,8.157436218969321],[77.64922048973186,8.159316742952829],[77.6594020766605,8.158583859682052],[77.67425266601524,8.159970643786728],[77.71408673176396,8.166452545094499],[77.72075705406624,8.168720625284417],[77.72348465564096,8.171337655612234],[77.74471211407882,8.176915939085319],[77.75492897396772,8.183523304103016],[77.7556631830091,8.186227089054105],[77.76002272839501,8.189632764297588],[77.7673951053234,8.193862099707358],[77.77500419034992,8.195934858650885],[77.78131024645886,8.20104072074131],[77.78413115005289,8.20727135280554],[77.78374424417446,8.211973077686308],[77.78196024714262,8.214364224065708],[77.78377355788739,8.221643463993326],[77.79591946976723,8.231705519178671],[77.80292453582122,8.240165762803992],[77.81810369311098,8.24655220240969],[77.84970051588193,8.256038009783847],[77.88028754731776,8.268973027196795],[77.88917056376127,8.273989513527257],[77.89870856946871,8.284105194605045],[77.90516366799031,8.28824934944151],[77.92742026507928,8.298220595099215],[77.94350996464469,8.309268999739778],[77.95269408048975,8.31389055001726],[77.95454851897642,8.32030511106564],[77.9609600052762,8.326270154644478],[77.97174857176998,8.333260975622517],[77.98398658596267,8.339433234369963],[77.941165,8.252959]]],[[[76.23951654897674,9.96852056845539],[76.24120356600193,9.967648086850492],[76.2400508092758,9.966904399831924],[76.23951654897674,9.96852056845539]]],[[[76.09916822213697,10.38085938445594],[76.10032798868146,10.381474912890383],[76.09958711077608,10.379757959829684],[76.09916822213697,10.38085938445594]]],[[[75.80447865006818,11.155715328160964],[75.80589678454461,11.156484374642146],[75.80873221790844,11.151652465159495],[75.81387665274005,11.148992747726966],[75.82565936505767,11.123786116949665],[75.82510267241999,11.122402835643527],[75.82838245306225,11.119143144991119],[75.84670199083237,11.062867830324727],[75.85136327166546,11.037831159357047],[75.8588804022631,11.01511824968173],[75.86021614058608,11.009159325137846],[75.80447865006818,11.155715328160964]]],[[[75.80366265439334,11.157860904925885],[75.80391422743146,11.157524597576241],[75.80382619368442,11.157430895167373],[75.80366265439334,11.157860904925885]]],[[[75.746467,11.308251],[75.62365822539937,11.474042810659283],[75.62639901810647,11.473122047366116],[75.63256319217822,11.46574433046455],[75.63248924392244,11.462711216120528],[75.63418696150752,11.461027488788663],[75.63782862500422,11.462094260217798],[75.63739485191203,11.464448701061757],[75.63935906653272,11.465743918166925],[75.64184768412595,11.465484801136688],[75.64523068276016,11.468196547501229],[75.64735722706432,11.468000308204456],[75.66014095638657,11.46175551803778],[75.6637327350365,11.462464868324483],[75.67475647040848,11.452086037181234],[75.67488662036986,11.45044992116239],[75.67754539157889,11.449575994885489],[75.67894126121188,11.451091827283859],[75.68160519501163,11.44962127633004],[75.69767447044705,11.42487777831529],[75.71270808988993,11.393157727097764],[75.71433318777632,11.393535156256512],[75.71528833131548,11.392188458110658],[75.73081044140531,11.35832539230471],[75.7352791703413,11.346007703611688],[75.73464083106352,11.342969633520976],[75.73610516974978,11.33958540025941],[75.73578181015627,11.337591748028608],[75.73229913825294,11.334460544281422],[75.73565416958212,11.33211320692832],[75.73560848366257,11.327109403089436],[75.73706962274845,11.327124301650406],[75.73716892419625,11.323820151369459],[75.74131639089006,11.321215856524187],[75.74495593086313,11.321508644692075],[75.74700705905512,11.318368065696315],[75.76413264545066,11.271386802401272],[75.76757873295188,11.25924087031513],[75.7665549980815,11.258536398129749],[75.76810534257758,11.25803617657877],[75.77542378910397,11.237056881399706],[75.78038953380508,11.228350340036302],[75.7791288636831,11.22731456669648],[75.7797623178219,11.224065141548733],[75.79784300648446,11.177287497125539],[75.80083577259029,11.16531810254386],[75.80463209525011,11.161095976587799],[75.80272594793459,11.160323878291267],[75.746467,11.308251]]],[[[75.396101,11.781245],[75.33553785801645,11.8907577199814],[75.33861564889577,11.88752543018527],[75.35274450140048,11.86942240266001],[75.3529634251907,11.866537111090379],[75.35604462721015,11.8618436585769],[75.35568235121461,11.859804394473883],[75.36196302349579,11.856928874832693],[75.3675968676538,11.851253102362111],[75.37145004688587,11.85328969089463],[75.37233096480178,11.851932672743452],[75.37457009105981,11.852041675847342],[75.37235215406453,11.856023779231727],[75.37477925392366,11.858230324236548],[75.38113953612954,11.858562485233177],[75.38575851526811,11.8563380221637],[75.38801805120978,11.852177414554795],[75.39480210917776,11.845819763802568],[75.39555415328384,11.842567641508731],[75.40587091945528,11.835523930630533],[75.40808791672059,11.831114000587633],[75.42330137889572,11.812882044338048],[75.43116940975864,11.807909004126378],[75.43204700799647,11.80951529390222],[75.43605096697061,11.805359242626231],[75.44572557011864,11.789715830228069],[75.44666548229954,11.782021855709553],[75.4538589378819,11.77869002665822],[75.45667961050917,11.779116896952578],[75.45378998499088,11.776620766583683],[75.45311805199472,11.770847297270844],[75.46061256416449,11.765485220657592],[75.46552695865728,11.767180448169855],[75.4680871947553,11.764577404898294],[75.47273922000652,11.764342022699493],[75.47564340534743,11.759366571344188],[75.48294870729762,11.754352660889682],[75.48527046757414,11.748084737190357],[75.49025346214479,11.744871120079303],[75.49800216141952,11.734236252182692],[75.50266464873056,11.73557336395019],[75.50899791212018,11.731132331762433],[75.51754729132855,11.715925282396451],[75.51511449777738,11.716842036290869],[75.51576822869227,11.715460048176803],[75.52011669164499,11.715255040040681],[75.52439016333064,11.708034915284925],[75.53003098469861,11.703976078229458],[75.52904319171398,11.701289976051559],[75.53375435801225,11.697993761650114],[75.53737398087884,11.691943059754298],[75.5606171458045,11.642925317212685],[75.58268667739075,11.585265932699809],[75.58979425315837,11.562473033965803],[75.59391094251538,11.552941759554148],[75.59563159585791,11.551773465703228],[75.59495164625619,11.549675296779677],[75.59909953163613,11.53737314091227],[75.6138838719275,11.499610834034701],[75.61535260850168,11.494722136105985],[75.61406284382475,11.492790419300386],[75.61747355371041,11.488731490735866],[75.61928519535684,11.48057881958617],[75.61895629782403,11.480390411543985],[75.396101,11.781245]]],[[[74.864816,12.741936],[74.857498820883,12.77882130832915],[74.86423511908225,12.761308838089233],[74.86543207199736,12.766456883379536],[74.86432210034022,12.770859000694584],[74.86784038768285,12.76586944863324],[74.86695649439882,12.761747422465877],[74.86939126009825,12.760563614743381],[74.86458510670477,12.760191657974913],[74.8643370998701,12.75913857868793],[74.87112621190606,12.740633214092583],[74.87468339811144,12.734751987446964],[74.88427881227666,12.708202355771379],[74.88791720897316,12.70653676906433],[74.88674389438964,12.706617837285462],[74.89745355317726,12.682919457843894],[74.864816,12.741936]]],[[[73.70535882827822,15.73223012484648],[73.7068089794042,15.73242393179456],[73.7077742925707,15.72948719573252],[73.70982163381589,15.728862994774174],[73.71427654494158,15.7299196150029],[73.71699417582597,15.72675440404134],[73.720879704079,15.725665336362262],[73.72494622225464,15.727786707695193],[73.73173526941059,15.72863706952992],[73.7351478190125,15.732838341388556],[73.7394214586976,15.734478802662029],[73.73484667514566,15.7295152303813],[73.73185134097672,15.720495701096796],[73.72630731786474,15.717045469247683],[73.72351220360855,15.717265110839076],[73.72459602345987,15.719681149211658],[73.71994700822688,15.723771877434602],[73.7166955495685,15.724403324310344],[73.71074771704704,15.72409383051478],[73.70535882827822,15.73223012484648]]],[[[73.25662353104492,17.2890625280033],[73.25877070709028,17.286030133730726],[73.25807069585532,17.28229314729161],[73.25662353104492,17.2890625280033]]],[[[72.86687859174191,19.011492757034045],[72.87119873877472,19.012896580242405],[72.87824291965954,19.021936442878488],[72.88523442352994,19.015238049027023],[72.88572455280254,19.01207323206852],[72.8827087290123,18.99912654042763],[72.87971550276953,18.992955087490877],[72.88039845218087,18.988419327863916],[72.88530043125051,18.981478205341606],[72.89090920841304,18.978997061387087],[72.90232782803179,18.978906085239576],[72.92217309775538,18.984154944468795],[72.94710896584733,18.98685024692139],[72.9482076511972,18.96746470015677],[72.95064643472378,18.95950694742003],[72.9549249821552,18.95724015425525],[72.95917130454016,18.957162262763273],[72.95140212667518,18.951803162265712],[72.94560004914088,18.949969551865724],[72.94081060009877,18.944489682475147],[72.94078647856126,18.941551539499336],[72.944475129805,18.935550644605897],[72.93865637631434,18.928671474685867],[72.94185718407321,18.92309336692561],[72.93935481804529,18.921579933726438],[72.93706077814342,18.909331963761268],[72.92776513222661,18.914432186819162],[72.92101059047582,18.913638536184163],[72.91542206148308,18.907588302926396],[72.90407301254942,18.90443519439745],[72.90181734463545,18.88375667324087],[72.9039617482478,18.880800074714877],[72.91384394876046,18.87581087683269],[72.91548920450312,18.869026322133326],[72.91987792167635,18.865224520962688],[72.9192664589938,18.863073183273805],[72.91599378793157,18.86150824144326],[72.91834791053789,18.85540759642753],[72.92570183236573,18.848566356546733],[72.93483967753754,18.844049274013308],[72.93833844067142,18.844231712850437],[72.94248382247294,18.842367190880285],[72.95034394189857,18.844902261890244],[72.9551233383336,18.841786130609552],[72.96099408558379,18.841038618424047],[72.9651901657578,18.84259615138826],[72.9692028455359,18.848080364704774],[72.96942408391023,18.854669910295485],[72.9734094165714,18.86280082344678],[72.97601916094733,18.864732547313146],[72.98383752905283,18.86544639464936],[72.9936803786219,18.87226708859886],[72.99538658566262,18.87151067145342],[72.98943499813548,18.866931465896304],[72.98135304835735,18.85674662549822],[72.9750875972897,18.839501449561105],[72.9774645361004,18.8303832767989],[72.982713374188,18.823413472025425],[72.98492931364281,18.8149850122883],[72.987403110443,18.812559088056947],[72.99929189499866,18.809200509826862],[72.99891456321053,18.802817126966126],[72.99782997185443,18.802603258542927],[72.98768505120348,18.804763763885344],[72.97845923343193,18.8087719532376],[72.97827223920955,18.80759590914983],[72.9940018810596,18.787112693066344],[72.9966720733755,18.779540729620614],[72.99594317606903,18.77301780962052],[72.9927883974217,18.779540788964248],[72.98772559224854,18.783355354196893],[72.96502028243684,18.795064898566697],[72.95869457167359,18.800368798811764],[72.95713253487403,18.799230218235625],[72.95697935137773,18.803006717491556],[72.94950323909862,18.815420686344407],[72.94795274847822,18.81622912561689],[72.94610770750991,18.812728986898776],[72.94465708314154,18.817393514697304],[72.94709550629179,18.817404927512033],[72.94661386273324,18.824813221873903],[72.94515162789662,18.826382469902924],[72.93642611757205,18.821687897886605],[72.93700557701641,18.824109754323793],[72.93022802617655,18.82284729198673],[72.92738861345767,18.820894317634632],[72.92488407194016,18.817964728533127],[72.9239855014384,18.812659677059727],[72.91554597278427,18.80632938598651],[72.91523241239221,18.804547460884734],[72.86687859174191,19.011492757034045]],[[72.90275240003076,18.956910499975955],[72.90502389976676,18.957645899664836],[72.90612170005214,18.959643699860646],[72.90174069995273,18.963183200266347],[72.9002415001775,18.96266969965005],[72.9001092003864,18.96067900024875],[72.90286809965785,18.958705600334085],[72.90275240003076,18.956910499975955]],[[72.938436899737,18.971661799747498],[72.93121040022399,18.96716179980043],[72.928632599574,18.966997599728774],[72.9249834997668,18.96255739954],[72.92476400043044,18.960091900345887],[72.93403539992475,18.952720600151125],[72.93530080038988,18.952982699839808],[72.93757830015076,18.960650199784457],[72.94248940008491,18.96664189992469],[72.94121339972654,18.96988369983038],[72.938436899737,18.971661799747498]]],[[[72.82126709469611,19.32986860585232],[72.82710001466621,19.335719635930158],[72.82995145097348,19.334621363734225],[72.83023091884972,19.327309382471523],[72.82123614392755,19.31935550812816],[72.82126709469611,19.32986860585232]]],[[[72.68699928436578,21.08334493493797],[72.6955819601337,21.08478582135404],[72.69545878020638,21.095169938197692],[72.7024714920405,21.096159100617395],[72.70416147908216,21.089950024391847],[72.70331058739296,21.086835024087637],[72.70990942497197,21.079834939550853],[72.73390655618418,21.077413706093687],[72.74118841245425,21.074457118089274],[72.74099151419327,21.070500205045963],[72.7500126443476,21.063682710334895],[72.74893359944578,21.05722408037808],[72.74062294742443,21.051430447079554],[72.73611118274718,21.050930857179363],[72.73311047686181,21.0536399278515],[72.72946773595004,21.060918166543292],[72.7261784152859,21.061030184301373],[72.72474648321126,21.05837118173724],[72.72598804156213,21.047299808119444],[72.72272575180375,21.04322670417331],[72.72215695480112,21.037733279391233],[72.72639822789898,21.014735086629223],[72.72766786015465,21.014585265655843],[72.73086724728527,21.002525431677405],[72.73253534061368,21.001544397108564],[72.73321372340888,20.992284492597076],[72.7389941710544,20.981315210253133],[72.74372097319451,20.958946306421478],[72.75465206581879,20.938658860346703],[72.76500554869764,20.935103340825027],[72.76975782082214,20.937548164311973],[72.7740342426976,20.936787385868357],[72.78757402626675,20.943610910060066],[72.79860669742156,20.944241518521128],[72.80908050731644,20.946827165471642],[72.81518960925284,20.950863468863655],[72.82036620075175,20.952299788085696],[72.81376779720333,20.942556616075212],[72.8127312994366,20.937113028686362],[72.81435868280478,20.9344607742915],[72.81636527614363,20.93419062065307],[72.81997641248415,20.927503695034506],[72.8052740114512,20.926332965776478],[72.7954786970089,20.921378170328],[72.79210096508605,20.918185145300235],[72.78710351470973,20.919547735707425],[72.78449234062396,20.92523695863062],[72.78095421197364,20.924716881995955],[72.78017427692957,20.92115092276409],[72.7855001011014,20.911484041665073],[72.81798294826362,20.83444705016049],[72.82465538068344,20.82419232432567],[72.82740793924238,20.812900446815608],[72.83229526010813,20.80728056829537],[72.83923622085726,20.805248422485512],[72.83920982755068,20.800549884792773],[72.82866315295108,20.79902283574406],[72.82021273458017,20.793798370261957],[72.82273096329304,20.790988470874318],[72.82550973587094,20.781369872898008],[72.83869828905377,20.768283587097137],[72.83769634403134,20.765190716669924],[72.84825951216077,20.761935502462748],[72.85293687736262,20.75680574560408],[72.85400466532495,20.751644516298796],[72.84968747046405,20.750086146294617],[72.84880018863286,20.74445696553334],[72.85420015939421,20.714957914808902],[72.86495799838363,20.68874032546893],[72.87597858569568,20.64924909791216],[72.87944051822097,20.643185594220405],[72.88425604415453,20.640300023258263],[72.88421552903343,20.635502514949653],[72.89798637715637,20.584872431118118],[72.8969529278426,20.568395751532314],[72.89067865211328,20.55704343887279],[72.88599089345831,20.54242557954255],[72.8899133108,20.53287951789349],[72.88776427185067,20.53247465243326],[72.8862436008931,20.526781187252112],[72.88882651787593,20.508995049796294],[72.8859374201743,20.497677181813227],[72.87989342891146,20.492450915225636],[72.87546675726765,20.493867213798328],[72.87255579160347,20.493200718149577],[72.86555833229912,20.483049760657867],[72.85812432978773,20.465636556411052],[72.85583327767725,20.471155387809915],[72.85021626812197,20.4745558355428],[72.84839432218331,20.47801866069661],[72.8462685542316,20.478029978364315],[72.846474643856,20.471394855341664],[72.84419661775068,20.466828356790312],[72.83711684515582,20.46190556565979],[72.82803950032931,20.449881473072335],[72.82109378470098,20.43583019274231],[72.68699928436578,21.08334493493797]]],[[[72.68447942810738,21.095512802161807],[72.68633302151184,21.09392248715008],[72.68538116067786,21.09115852117755],[72.68447942810738,21.095512802161807]]],[[[71.53075518497077,20.90365560116652],[71.52815560270028,20.904770430803424],[71.52565642803198,20.903662963770103],[71.5297148992223,20.903227717654367],[71.175273,20.757441],[71.15528325838481,20.760841287341407],[71.15526196193956,20.76105209222601],[71.1513205094775,20.763875043488948],[71.15061254709087,20.76163578287786],[71.14966997789487,20.761796115420786],[71.14971720769374,20.76190114137234],[71.14963449211872,20.77143197661703],[71.15615199215445,20.777709750481595],[71.16483975891084,20.78109956450159],[71.18457771169807,20.78398401315282],[71.20285765591589,20.78919277670255],[71.20355542884329,20.791798244124884],[71.20778200289853,20.79250077556616],[71.2073068576439,20.794958035233883],[71.20399259312765,20.794741014940325],[71.2091649905957,20.80085498123176],[71.21752729168502,20.802011181714093],[71.2184534698394,20.803381269976587],[71.23196608566927,20.80411169925217],[71.23628602161537,20.807130267524055],[71.23932505958156,20.811725676707567],[71.24698154043173,20.81212225915177],[71.25201371931958,20.815175118272347],[71.2580072827094,20.816303738349763],[71.26784475516041,20.822497194694872],[71.27333651887248,20.823260101200326],[71.27849175230264,20.82725262133141],[71.28257910714551,20.82694951081582],[71.2901429308612,20.8302411046211],[71.293953308966,20.828233233308165],[71.29602747435324,20.830279993343236],[71.29451235183126,20.83398261259964],[71.29691538414521,20.831684953971696],[71.29709137732468,20.8352437173743],[71.30206807017017,20.835408520025307],[71.32172641396198,20.846647211278032],[71.33169495015457,20.847205414478633],[71.34709647535236,20.852293611996522],[71.35085859276593,20.850243886697832],[71.35228031992744,20.852985300252154],[71.35436087151234,20.850497168382606],[71.3640846994708,20.853577999039192],[71.36584801136402,20.85188000738755],[71.37686931357753,20.857010451799823],[71.37832989202609,20.855989817461147],[71.38406653326373,20.856757263673156],[71.38496505812869,20.858256620651655],[71.3813329175063,20.859467107047156],[71.38182321753033,20.863915468528248],[71.37573754570641,20.86503484068533],[71.37434443320579,20.86739619490796],[71.37992096776047,20.87426198367525],[71.38604755529406,20.87591909973354],[71.39231339080402,20.87493848924178],[71.39552756440709,20.872165208633998],[71.39415753377881,20.867739626939965],[71.39686234093588,20.865165076592543],[71.40452658654621,20.86812637943187],[71.40818284734317,20.867032806871336],[71.41034522847386,20.86791300028689],[71.41196888923642,20.866508102738205],[71.42224739204013,20.869477107988658],[71.42038696854098,20.866533118398173],[71.43998249000911,20.86952080314826],[71.44604508865267,20.877028720995483],[71.44706335581203,20.876143064986913],[71.45006731062273,20.877605002498694],[71.44879966777269,20.87941652976573],[71.44965570846385,20.880861276992974],[71.45510423440459,20.879553646107055],[71.45928557923197,20.88089284950502],[71.46292745253018,20.880037420322527],[71.47019768345451,20.887268327134578],[71.47704661352455,20.88894428728886],[71.47916691833905,20.89721202093838],[71.48253311069058,20.900154391653775],[71.48177816220274,20.9063328886044],[71.48856509638824,20.91351358026916],[71.4971333964811,20.91773462881325],[71.50521225520988,20.917986716035017],[71.49999990731521,20.918747559283148],[71.4999999470338,20.92048750134995],[71.50666799242826,20.9187690376931],[71.50322429123251,20.921580185190972],[71.50311450283363,20.926678724443665],[71.50915679982411,20.93276154511164],[71.50801257230987,20.932959497783663],[71.51030338089808,20.93580612320264],[71.50946235951137,20.941884237166903],[71.51665436501162,20.9481165496312],[71.52374065209341,20.947949225116282],[71.52749814251541,20.950959125429403],[71.53024289874023,20.943775573734655],[71.53311330840263,20.94331211044844],[71.54507978862637,20.950015212882658],[71.54895027071323,20.949167978157096],[71.55007849057338,20.952230353791688],[71.55268518259467,20.950167581233302],[71.55528505777937,20.952404110169695],[71.55637189030631,20.951636784282453],[71.55544474613447,20.94995649057213],[71.56558329629216,20.94895187674889],[71.56855367831655,20.953035882979858],[71.57977242442907,20.953735028744457],[71.58020218980272,20.957450749682334],[71.58897497784325,20.960425588042135],[71.59214193588053,20.9600114145892],[71.59446416056707,20.961512856682504],[71.59685055042632,20.966441947548862],[71.59988120769167,20.96653404250681],[71.59766461686202,20.963643721588472],[71.60004999038527,20.9629158257375],[71.61072965972782,20.96621392497419],[71.61291708795495,20.96859401660811],[71.61077255870495,20.969867436286048],[71.61071460276662,20.97382350820999],[71.6074925646543,20.97795987781311],[71.6120126709659,20.97487133227487],[71.61597954350609,20.975982449542403],[71.6178355603693,20.97382841118653],[71.61882597766436,20.977143205933174],[71.61851844536905,20.9712632669109],[71.61508072894942,20.968874108484915],[71.61714827713948,20.966986520818658],[71.61973979242512,20.969199415009978],[71.62057647909272,20.967221468911724],[71.6282020548642,20.968707192911307],[71.63912651275331,20.973091631689687],[71.64137699489298,20.975250124547635],[71.64771159356525,20.97465085466087],[71.65002484472323,20.978381447838842],[71.63883557074575,20.977312630982233],[71.63695838165361,20.97765301380861],[71.63677115713197,20.980710438914144],[71.64222030352022,20.989967814548415],[71.64708260470488,20.99420334194194],[71.6665166817638,20.998431063998513],[71.67130628319461,20.997851700267308],[71.67574879490218,20.994901419785908],[71.67736966403572,20.995563337700673],[71.67700642283098,21.001747368250246],[71.6785925035088,20.995851956470155],[71.68191229773697,20.996548285898015],[71.68319777937435,20.99710808390619],[71.6810520308494,21.001712098917636],[71.6828474180413,21.003842626297942],[71.70010021652614,21.010463075739565],[71.71667919086092,21.020751908415892],[71.72840968996722,21.02121549095591],[71.73156060919565,21.01870079682826],[71.7356212651221,21.02106898006464],[71.7395541766031,21.016963215080438],[71.74326877717789,21.01965330157023],[71.75154284284393,21.01930281884061],[71.75301222582021,21.022230316981886],[71.75993389074506,21.021842179792596],[71.76097369455239,21.020560319644026],[71.76437348004183,21.021542536164706],[71.76496403803603,21.02303316394369],[71.76337074717962,21.02473923385066],[71.76532221362095,21.02659203692763],[71.76926216886933,21.025790676897294],[71.7756972494693,21.030290183849612],[71.78439161906458,21.030030756811804],[71.78629934537581,21.03321106614482],[71.78292275999614,21.033078270982493],[71.77756911447803,21.0373627550892],[71.77992309630899,21.037710091482467],[71.78054276253043,21.03919177070508],[71.78482871971225,21.039171479979768],[71.78634787123086,21.040820559255415],[71.79031139494992,21.041319356379887],[71.79271728356476,21.040037979832988],[71.79172840124534,21.03617173755631],[71.79350712360299,21.03833123637127],[71.7969084815281,21.037411507719774],[71.80033736475167,21.039138228099688],[71.80071815568294,21.03753967155811],[71.80341610536934,21.03887755368697],[71.80585534798645,21.038061182889436],[71.80653767663634,21.03972785421855],[71.80547010565732,21.038900966032823],[71.80315914730056,21.043117961258076],[71.80397620615993,21.04470794156538],[71.80193658578956,21.04455807615323],[71.8028872480735,21.04846033449289],[71.80169961571103,21.04725860006035],[71.79947653208905,21.048499539110335],[71.79763059472333,21.05521856518929],[71.80051050893547,21.058846185812047],[71.8130782236746,21.067467656751457],[71.82220394359238,21.07093898635501],[71.82434514463723,21.07070935427738],[71.82490376486565,21.06909724235846],[71.82826675805589,21.069355636931622],[71.83133566461623,21.072056976537855],[71.84144369789462,21.075355890657796],[71.84286276505316,21.077207707935468],[71.8470246269432,21.077976167441378],[71.84778519533249,21.07622854337827],[71.84979153934384,21.07634623232113],[71.851652855836,21.081508305250523],[71.851561799905,21.07918704356494],[71.86638123962129,21.08849586147082],[71.8682290342094,21.086495345015923],[71.87063972615734,21.08913721795735],[71.87299765605304,21.089087614952714],[71.87384933690892,21.087285727951187],[71.8789692010085,21.08875332097387],[71.88780019221912,21.099243504600338],[71.88809386558381,21.102150965825526],[71.89833422269584,21.109941461412287],[71.92092375670097,21.113250351598783],[71.92487422955783,21.11225747329131],[71.930087501706,21.11602728049497],[71.93856579061655,21.11668961371965],[71.93977529327763,21.114800191955894],[71.93967755395988,21.119132701013985],[71.94200236416827,21.120867864282808],[71.9507748196674,21.120772253283135],[71.95333523629746,21.123481257589447],[71.96234720658812,21.124348043490787],[71.97390346058519,21.12223200040555],[71.97201127571168,21.127350645137277],[71.97625369032694,21.13323887226435],[71.98661221631181,21.137891349559904],[71.99765983167597,21.13958509232088],[71.9965979160862,21.141907054442935],[72.00404613006096,21.141849964502722],[72.0052293547343,21.138179458093795],[72.00803298140467,21.137782848670884],[72.01022954580633,21.134670084535323],[72.00834912391782,21.144935204668432],[72.01069733928942,21.148603646316705],[72.01779218852559,21.15391148771824],[72.0364756533004,21.159563979086148],[72.03868513046814,21.16259420837756],[72.045863272841,21.163311831378916],[72.05042704061167,21.169427826853223],[72.05772068680847,21.173709582360274],[72.06278560967729,21.173746191702794],[72.06216730621625,21.17577657479891],[72.06439605408735,21.17822440995275],[72.07405161759318,21.180673948395057],[72.07554422645597,21.183111717619585],[72.07900664871435,21.18408713518768],[72.07937461828587,21.185919332485422],[72.08690068316716,21.18775503906036],[72.08588826180409,21.190311300615697],[72.08766895357876,21.191884688723786],[72.11205342353334,21.19863070066284],[72.10948004646666,21.210015202983733],[72.10122349537171,21.217250632368227],[72.10000152718638,21.22061599457734],[72.09757863458684,21.22112749757797],[72.09563709775836,21.224533583210544],[72.09046615793413,21.227842735990155],[72.08778704911211,21.2336447772739],[72.0847364623016,21.236493535214283],[72.08266649884854,21.24513505087998],[72.09754431719477,21.26354425338465],[72.09839409483463,21.279366406063296],[72.10367049694601,21.28075531305214],[72.11147519001456,21.292943303940522],[72.10784189927173,21.302474603295433],[72.11242664887082,21.305645361701252],[72.12514625054548,21.328377747815924],[72.13277786439862,21.337643368259346],[72.13246169807431,21.339097917047347],[72.15585992623306,21.360598849299823],[72.15720642846901,21.365462421088605],[72.16765057239051,21.37620890547649],[72.16962226029885,21.38457240658494],[72.17168718570736,21.387414395202775],[72.21060834274508,21.421036131326524],[72.2197658134883,21.43497993378068],[72.2251629611347,21.439717311573244],[72.22666592421025,21.445743203612523],[72.23535452519023,21.456008320813023],[72.23667485625964,21.465255374277486],[72.24358429775587,21.473859158496225],[72.24282019036913,21.475589458386235],[72.24557158796688,21.48224822858165],[72.24847432041386,21.485110917138133],[72.25314875681667,21.49836996943441],[72.25606204320198,21.502493152042653],[72.25677766492956,21.511062711384092],[72.26496265425601,21.5372032937467],[72.26585840168298,21.545351451045622],[72.26468835014343,21.555175838420126],[72.26821889647715,21.562929257706763],[72.2699572593661,21.57264210577395],[72.28040293853505,21.590808261292484],[72.28835833668994,21.59718052773891],[72.2941119401022,21.60825942952002],[72.3023414394673,21.61761532944316],[72.30612665312482,21.626009207859443],[72.30581693621221,21.63335771082702],[72.30149183924581,21.645271392112782],[72.30522935968887,21.64629829028448],[72.3042001722364,21.647300409392226],[72.30530055589585,21.649070922200096],[72.30274021670593,21.649647907702015],[72.30030883522745,21.653241441290394],[72.29224073705092,21.67278604551198],[72.29105333854775,21.67924744282761],[72.2821517657844,21.690698975126608],[72.28342136666346,21.692456341586347],[72.27937194917892,21.693226436320163],[72.28021172237436,21.694658265811388],[72.28322210149246,21.69432574397214],[72.28284355258204,21.69695816344648],[72.27162282869897,21.70538696836986],[72.2550890613809,21.73259179477173],[72.25000007520566,21.742573210498552],[72.23657773431312,21.779993072866677],[72.22827878646295,21.792953558460784],[72.20282372341212,21.819055414831613],[72.20484659490116,21.823818127568487],[72.21031273865395,21.818961512504973],[72.21211944380218,21.82103777738707],[72.22004548253791,21.819646406988884],[72.23548003693422,21.812038888121172],[72.24145682113773,21.823780841330326],[72.24245950512292,21.829811416793557],[72.2172251499896,21.867011376717997],[72.20833373537418,21.88653015755911],[72.20419536314078,21.891069329571277],[72.2052302794229,21.89693281268713],[72.20303586755813,21.912848169898854],[72.20603433192676,21.922811563605315],[72.20585853205769,21.92988902879544],[72.20855505589546,21.942605757231338],[72.2063275541497,21.94841241678823],[72.21166860107766,21.962067029315072],[72.23642282053613,21.970986362604197],[72.24171981132449,21.975774445180143],[72.26886893768452,21.970603034285546],[72.2725480376974,21.984454468402056],[72.28042906635163,22.000001064133098],[72.28461455657484,22.013371352217227],[72.29088452865912,22.0236113349638],[72.30003250560922,22.03336920435425],[72.40227920089612,22.112403891819906],[72.43345019823039,22.140251213240568],[72.45993402128062,22.15705929120221],[72.49940795776136,22.179226858414467],[72.52034783497275,22.20510570501636],[72.53132401447228,22.21579573431077],[72.54373452921344,22.22307206485811],[72.56290216527833,22.230521747425378],[72.5747595879417,22.232693110964544],[72.6241766763742,22.233910530418317],[72.63547233199132,22.231742739881838],[72.66199955277807,22.223303820566777],[72.69515530930045,22.200796964406674],[72.69895634161173,22.199905674225533],[72.7126943474112,22.209123706625167],[72.74010173165021,22.220291003151843],[72.77516392708864,22.229192557669556],[72.79485238060393,22.241891513208547],[72.80273385350348,22.25228072435333],[72.8158537488788,22.255320198961623],[72.83350126448828,22.27150865061659],[72.8406174235806,22.27501865692231],[72.84921907404535,22.27494792815144],[72.84877748031826,22.248501100583844],[72.85379973759315,22.238852218363146],[72.8484975628963,22.240359808103037],[72.8479158054663,22.238720614869095],[72.84984669119311,22.235731772613523],[72.84768855849977,22.234859925633685],[72.84684897945877,22.23764134028405],[72.8426094375909,22.239749274609387],[72.8410483165005,22.237053227466387],[72.84180616659377,22.231553636509542],[72.83364000575722,22.227000351675144],[72.83191796401783,22.22832291018705],[72.82957104032664,22.226890919191014],[72.82731024194788,22.22912996741226],[72.82626919921881,22.224230473459247],[72.82247045931585,22.22816216994802],[72.82059005401082,22.22454020697355],[72.8184514451709,22.224223486953694],[72.8231908141722,22.22089266599413],[72.81892988075512,22.21588373610411],[72.82322211600287,22.21461170565464],[72.82063873627753,22.211061789982658],[72.82233092861831,22.211771243458735],[72.82271007294517,22.209215691066237],[72.78275586932027,22.19286689640119],[72.78268456548318,22.157569291561554],[72.77418008586439,22.161185631184022],[72.76020951427604,22.171408312708426],[72.74624952327993,22.173895346728617],[72.74403781651804,22.172718459529513],[72.74358833702057,22.174348800457143],[72.74020883379615,22.1738771259528],[72.73647283163396,22.176096849439404],[72.7331901137372,22.175417254401825],[72.733870440475,22.177426165802107],[72.72626085287018,22.18025778636036],[72.72615019447146,22.181404761956983],[72.7221211745851,22.181226654328874],[72.72306258054549,22.182517455378136],[72.72158457409473,22.183516273864186],[72.7090550172611,22.18560512276694],[72.70468966498001,22.18242621774217],[72.69567690412855,22.18728661746754],[72.6850772277452,22.19623601298232],[72.67460041584592,22.200154509920146],[72.66842917033975,22.2045859356507],[72.66859807430215,22.20215658495541],[72.67112852260355,22.19990722128717],[72.67063772704094,22.196845874263506],[72.66627971231053,22.200283344189035],[72.66283184731248,22.199394626948095],[72.66132930640502,22.201535291915288],[72.65952980293483,22.199426990407375],[72.65900189152967,22.20183382229317],[72.6613495903843,22.204804417425926],[72.66301751700152,22.20456473620651],[72.66373075792154,22.205765623866252],[72.66236827861292,22.20646584276632],[72.66444882512623,22.20741360174566],[72.65777273545108,22.21232335099652],[72.6567104509133,22.21096446112798],[72.65436890358582,22.214003790221476],[72.65228282333536,22.21016603661022],[72.65247257611841,22.212974590398318],[72.65115352941078,22.213074188791353],[72.65208001765758,22.214473768202584],[72.64996108179223,22.21546297918922],[72.64001485740587,22.215812038788556],[72.63838076258273,22.21700423166451],[72.61569487257277,22.21605199014693],[72.60505554048757,22.213143204253413],[72.59383034761966,22.20798491009844],[72.59078088358807,22.2047468186507],[72.59117902627416,22.202705929822255],[72.59805924694574,22.205606055390835],[72.59381683942082,22.202733578702595],[72.59462716789793,22.200426286981617],[72.59799727613401,22.199654728488923],[72.59472939038866,22.19850731972137],[72.59318703066029,22.20034477438476],[72.59103924748516,22.19903490637241],[72.58935084701783,22.202976529375402],[72.58660161742556,22.202456632185704],[72.58861817968912,22.205085044915144],[72.58095837647602,22.19915452131137],[72.57546257399433,22.19079492821576],[72.58313335085435,22.188099748522863],[72.58233892327524,22.187225092712026],[72.57829037733968,22.18748598146368],[72.57252972184355,22.189317493185815],[72.5639524911397,22.178296955946728],[72.54819425388193,22.144989253080954],[72.54713459085848,22.14156155694541],[72.54821140607311,22.13605542962952],[72.54452247866013,22.132199753614017],[72.54316391576074,22.12634259484092],[72.54642737813651,22.11131588005233],[72.54087249391401,22.09150477655755],[72.53850433781578,22.089543796267538],[72.54006676511295,22.085765172430552],[72.54719481556303,22.083736724452933],[72.54724110236698,22.07883747166947],[72.54653592486002,22.074804780761784],[72.54213416094939,22.079805799671686],[72.53716597131087,22.075536120243413],[72.53688424489525,22.060756887450612],[72.54206586781197,22.038267916529993],[72.54010259499474,22.03287991448029],[72.54810376211927,22.014270922375324],[72.54854345340188,21.991051215466733],[72.54733342835343,21.987803414704725],[72.53780572725776,21.9865344120829],[72.5377835294684,21.98326069070451],[72.53700197278944,21.986723678146056],[72.53370461751805,21.986934051157746],[72.53373644201356,21.982612758186132],[72.53865580398742,21.981892867756024],[72.52813503164039,21.982261911283718],[72.52811374850099,21.977841238588688],[72.5385616086137,21.977521816498534],[72.53746281657916,21.977074212398662],[72.5377418533775,21.972093738512992],[72.53331675274748,21.97243454809823],[72.53340669553005,21.968086133697454],[72.5311264454833,21.968265457639266],[72.53110378481033,21.965903887215568],[72.53986134075946,21.965271858000644],[72.53976175301906,21.96175418784365],[72.53838315898481,21.960015021738187],[72.53431568834733,21.96207649355772],[72.52589424530707,21.959872578632663],[72.52708679040627,21.957254313708976],[72.53054446341527,21.955075323248703],[72.53268661471246,21.95855345433622],[72.54134156450698,21.958896660002427],[72.54123139579288,21.96522286963867],[72.54785929479027,21.964388748164872],[72.54747956374257,21.954299559129872],[72.54500463336959,21.949323381415624],[72.53629340697101,21.949795299406116],[72.53343473155282,21.946687009467226],[72.54069187003233,21.94391383176785],[72.53925538494533,21.94220622762008],[72.53349419613123,21.94435709128763],[72.53173280190053,21.943687796550943],[72.52796675578855,21.937016221389396],[72.53079402070364,21.93597468258312],[72.52850575605235,21.934447134345593],[72.53025446141979,21.932145238793613],[72.52911291076775,21.93114667327325],[72.53308474234235,21.925955967621668],[72.53707163150467,21.92759730266741],[72.53899436227798,21.917058939827236],[72.54536124952935,21.91098873793318],[72.54931326653791,21.91393017415293],[72.56404212349973,21.917656981205234],[72.5804047345591,21.924540585274556],[72.58802937414241,21.92240669646853],[72.60788451154389,21.933015396709724],[72.62448519480918,21.947375516015626],[72.63998974124114,21.956825762779804],[72.67208751504161,21.955694986534642],[72.68056481656582,21.959273167483047],[72.68373824104485,21.954322986261364],[72.69176300792962,21.952113550864215],[72.70780615112545,21.953397868334818],[72.71165837450164,21.95602487386435],[72.71522504730677,21.966367651916645],[72.7141180229942,21.972624312267794],[72.70964572788291,21.979243554478746],[72.71511559089643,21.98270898983305],[72.72268187190143,21.99492662890969],[72.72522339688875,21.99646598495384],[72.72856778231939,21.995580629431462],[72.73555744971497,21.98678952892769],[72.73338907648255,21.98146271068148],[72.73514769334201,21.97673370510262],[72.7463693435927,21.970571083847606],[72.7482885444501,21.967462913404294],[72.7467393844319,21.961751956954913],[72.74112821802542,21.955055024775415],[72.7324018550878,21.950233987635244],[72.7194125359535,21.93922411545741],[72.69772402538585,21.938544447554523],[72.69477323685999,21.94173376280931],[72.69190307742038,21.94187494856731],[72.69386338105528,21.932107016175646],[72.69468900321787,21.907609226351322],[72.6977454396928,21.8889094208522],[72.69308641486448,21.886771038728448],[72.69126520222945,21.882581341024558],[72.6836269002635,21.88505886459368],[72.67091565963307,21.895719758516112],[72.65915683106564,21.89141038128331],[72.65465796232698,21.895290182866226],[72.64816987316749,21.897309763449645],[72.64562931701072,21.895688994454463],[72.64522177356959,21.88818870440177],[72.63878220000163,21.89014912164011],[72.63302387832852,21.88044112153939],[72.62335263662234,21.883751333689066],[72.62308172648652,21.877140506477154],[72.61619674604576,21.86042801003639],[72.61033234142448,21.839683135441565],[72.62043153298049,21.8299253933229],[72.61704136802135,21.82712565043804],[72.61778139940294,21.82574387736319],[72.61430442867062,21.821377105806697],[72.59302452050237,21.804915109445265],[72.5950462658328,21.802215114490576],[72.59412224409397,21.800074965401976],[72.59930622134257,21.798285843082],[72.5996258270692,21.792265700136543],[72.6100449781682,21.790179762697292],[72.6100130858889,21.789147550226403],[72.60195146377136,21.789770634888264],[72.60139272228058,21.786510085647347],[72.6033856206804,21.78504136507563],[72.60212029570631,21.78566144604839],[72.60101616346431,21.78407201699271],[72.60341634395866,21.776356322479728],[72.60116110623106,21.766994976186094],[72.60296291921216,21.763646775063805],[72.60639790251116,21.765037268298276],[72.60426398828109,21.755249369324112],[72.60717422348472,21.753050573730015],[72.60270285771682,21.753899023176267],[72.5996211760346,21.750001268615623],[72.59795649279681,21.75148242490964],[72.59676319693867,21.749761492755535],[72.59184565636578,21.748629244569273],[72.5920461648422,21.746950870293052],[72.58768811193059,21.74668882990455],[72.58478710954148,21.74276963620406],[72.57872784059,21.74115120814759],[72.57688790267594,21.738931683671243],[72.57473792027858,21.74014166597773],[72.56805880025519,21.73872216517521],[72.55856203893175,21.732042263840366],[72.54589585566636,21.735015868776035],[72.53897100090064,21.731052760567678],[72.53247146896112,21.71810149760978],[72.53185388511821,21.69617678724006],[72.5337036779072,21.674448738185585],[72.53705036454795,21.666248745805426],[72.54355212668123,21.660507256341937],[72.54853166991907,21.65868834470638],[72.5575976904367,21.659518865325424],[72.57049696559959,21.668008368490604],[72.58293542779033,21.67292704355574],[72.59574424635781,21.68023561380162],[72.60517313430866,21.683273738573728],[72.60067525824351,21.685977766319425],[72.60809172258263,21.6880550859587],[72.61045459935151,21.68457482837662],[72.62156396349229,21.68225377901362],[72.63761934882048,21.68077412855406],[72.6392699995577,21.681736591872617],[72.63801105258219,21.682144577139084],[72.63897381950737,21.683907290684644],[72.64475865716354,21.681723891444],[72.6483583982785,21.682395294710428],[72.65585773301349,21.680827247618993],[72.65709582113954,21.682094230133764],[72.66013677240478,21.681073411833278],[72.66888604763663,21.684817436032585],[72.66659522390381,21.68563506368715],[72.66625756392638,21.687746177072764],[72.6713367816225,21.689044245618117],[72.67176770206561,21.687443778017062],[72.67488602319463,21.686414114619406],[72.67495674547368,21.684463928459348],[72.68533507685314,21.681466131476828],[72.69223541382165,21.68130631191679],[72.69814220967474,21.684382558739852],[72.71291031626158,21.679583364357853],[72.73808078293939,21.690970059599426],[72.74590888988425,21.688460479998028],[72.7498027369276,21.681287919665078],[72.75263175307059,21.681485211482205],[72.75474579643706,21.675763793484133],[72.76221437247594,21.67001606428544],[72.77657526030002,21.665346782441823],[72.78982665830468,21.663250049458295],[72.80129464704726,21.6576851761171],[72.81777052400456,21.658296402434754],[72.844121294991,21.680157834873647],[72.85358722777612,21.685399058163004],[72.8619065680901,21.68759118057069],[72.86312858544301,21.68631641181172],[72.88052007167713,21.6863206318847],[72.92277509177325,21.675981270508757],[72.92526499517624,21.67865812062556],[72.92772037059784,21.678263022041424],[72.92776756487117,21.676212582721885],[72.93072242651844,21.67752729942257],[72.93819377478273,21.676706885086244],[72.96114118349372,21.681894654779253],[72.96297828549521,21.674034656587928],[72.94103303559007,21.669055256378357],[72.90683092258331,21.66490296582406],[72.90720547203553,21.666803647187784],[72.8949827068952,21.675054694410115],[72.87723776745474,21.672558608724234],[72.8740312195532,21.669168725959292],[72.87284368049141,21.663481167096627],[72.87333914723813,21.644924472170437],[72.86790648887863,21.642217223790553],[72.85359188637716,21.64824624589106],[72.8416839014303,21.655816734195565],[72.8284574925701,21.65091484045515],[72.83179376943963,21.641048252373963],[72.83014570121257,21.628448991527442],[72.82032860717617,21.611110324540494],[72.80955843524535,21.603389154719103],[72.80184525083364,21.60061851809233],[72.79772245381139,21.59559979724537],[72.80224034170476,21.58721331313818],[72.79084088802243,21.588542214791854],[72.78509116661253,21.58735156850294],[72.7738811563325,21.571463394448866],[72.76878389406525,21.570412618880933],[72.76689359578762,21.573983385599398],[72.76629260964809,21.57070457063402],[72.7675921308566,21.56940488187329],[72.76356625430353,21.568882931191904],[72.76261188166559,21.57330319838788],[72.75942374912904,21.5694942921654],[72.7621051001894,21.56678216364046],[72.75889542138266,21.566003242611124],[72.75839651755763,21.56812534235666],[72.75627439363521,21.565572442293142],[72.75445383873961,21.56627563005554],[72.75477408248001,21.564343114254527],[72.76006327392838,21.56033232840805],[72.76133436786995,21.56458248834856],[72.76851258590332,21.564993598592213],[72.77022324076061,21.562515464279265],[72.76722522443436,21.556263834034098],[72.76247400010905,21.551464947735596],[72.76276559063471,21.54887309995911],[72.76063609406076,21.550005124607534],[72.76034328216615,21.547814849135648],[72.75007352100951,21.541707282822934],[72.74999998147986,21.52751896994977],[72.74272612823832,21.528588797592686],[72.74184630880303,21.53042639657351],[72.74017804363605,21.52934747959431],[72.73928557168273,21.53087796411745],[72.73710644101557,21.53046906308249],[72.74029825575926,21.532617214371022],[72.73874517325953,21.534026859657608],[72.73229514591559,21.530357657567894],[72.73097801837518,21.530287369148603],[72.73099637635403,21.532807042424974],[72.72570977525501,21.52991599812042],[72.72997887161998,21.52713932520418],[72.72386853619975,21.528736594526624],[72.72254777830567,21.52612862797795],[72.72215899982066,21.52968910920337],[72.7189212898582,21.52798734270979],[72.71681954149827,21.529136433016383],[72.71523187022335,21.52599859591852],[72.71458756871844,21.527936684110994],[72.71197120095252,21.527245159594052],[72.71488992551329,21.522009693210276],[72.71216087472624,21.523146251169827],[72.71075872346826,21.521228592912756],[72.70787095136951,21.52843731640034],[72.7061615649456,21.526278638543058],[72.70283033945948,21.525668795093345],[72.69023322887892,21.508377331148083],[72.68697915285892,21.501417367823578],[72.67704396800434,21.503029165817782],[72.67579019878026,21.502099976527806],[72.66182347905257,21.476913132573358],[72.65582446361682,21.469170922527734],[72.62499855504265,21.447591706028014],[72.60220220617074,21.438504875368334],[72.60181081202633,21.43652481987861],[72.59249619662707,21.428385336133417],[72.58659615263339,21.41969764068122],[72.57957706264189,21.413856435601748],[72.5792342219805,21.409167463670187],[72.58133684058814,21.408485155416482],[72.58524316150172,21.40231897406199],[72.60027473056779,21.400149184272244],[72.61525309507874,21.40567638175655],[72.61126942119033,21.401538876367095],[72.61312130104083,21.400109721815465],[72.62846858668635,21.408897968244993],[72.63934983382512,21.420873675647982],[72.6387980704935,21.41757426872754],[72.64233633685583,21.420706085760596],[72.64171624444099,21.418955011890485],[72.64567706946767,21.419483893784957],[72.65405717688591,21.43291610386874],[72.65815583615718,21.436746165239995],[72.66110420443056,21.443901929823674],[72.67943262767471,21.445595676088153],[72.68377381581895,21.45490975554255],[72.68730213639948,21.45244453842408],[72.68376259806169,21.444355761602655],[72.67933389970595,21.439955434570855],[72.66515292122257,21.43626260519641],[72.66164471743016,21.43355584190284],[72.65288893889199,21.421395205344844],[72.64142937581767,21.41208553148798],[72.62472041744132,21.400558418855233],[72.60992289800522,21.39469912549286],[72.60116760118846,21.388624229180426],[72.60103042971447,21.34387419626],[71.53075518497077,20.90365560116652]],[[71.17083258846212,20.765066302925757],[71.17043284303642,20.764573754560097],[71.17139413662137,20.765337561222196],[71.17083258846212,20.765066302925757]],[[71.17218886901472,20.766201305470062],[71.1712251968678,20.765416083745272],[71.1723173581089,20.76559454199181],[71.17218886901472,20.766201305470062]],[[71.17522240062321,20.76670789956633],[71.17513110042616,20.766492099442907],[71.17622849999366,20.766571600354666],[71.17522240062321,20.76670789956633]],[[71.2542274565607,20.81235195375697],[71.25605867425325,20.811638558111444],[71.25706459119768,20.813344465874856],[71.25456159121666,20.813978482577344],[71.2542274565607,20.81235195375697]],[[71.26078721682492,20.815960322078947],[71.26199550190488,20.815042047175844],[71.26315324621983,20.81633537928358],[71.26277440947868,20.816912105169152],[71.26078721682492,20.815960322078947]],[[71.27104000873186,20.820361513933513],[71.26889402636104,20.821152117002285],[71.26936340916443,20.819459001973428],[71.27104000873186,20.820361513933513]],[[71.30490361082839,20.832541901524976],[71.30249762448321,20.831082179759466],[71.30313653470989,20.830978590947417],[71.30490361082839,20.832541901524976]],[[71.30906357755961,20.832891239040045],[71.30760823193711,20.832335170825317],[71.30798771438566,20.832276687714856],[71.30906357755961,20.832891239040045]],[[71.30399488723872,20.83437509431669],[71.30277010571999,20.83394104316863],[71.30317375457204,20.833715365486334],[71.30399488723872,20.83437509431669]],[[71.45722320003458,20.87762909971082],[71.45640980075785,20.878492299998015],[71.45611100035656,20.878276499780608],[71.45722320003458,20.87762909971082]],[[71.51277902362746,20.91107621371896],[71.51362890751149,20.909130366598752],[71.50985221280241,20.90581837713304],[71.50990634342483,20.90389796476947],[71.51619286029617,20.903183705754135],[71.5210255934587,20.9044067692995],[71.52239982242347,20.902894044599744],[71.5244981198921,20.904916183551887],[71.52135111719191,20.904750038742595],[71.5164869154005,20.913098409291198],[71.51277902362746,20.91107621371896]],[[71.52125411243267,20.913101298460308],[71.52126430091077,20.91346908661725],[71.52021034706533,20.913274359548932],[71.52125411243267,20.913101298460308]],[[71.54675530004707,20.913651099850693],[71.54598340001073,20.913186299910414],[71.54673040064552,20.913045200286337],[71.54675530004707,20.913651099850693]],[[71.54566683236762,20.913933825977246],[71.5454211355154,20.914281767149205],[71.54475696831167,20.913612142804713],[71.54566683236762,20.913933825977246]],[[71.67514709981972,20.9841139004422],[71.67553100021941,20.984475299931407],[71.67510230009678,20.984430500435224],[71.67514709981972,20.9841139004422]],[[71.67509820019276,20.988035699265414],[71.67670010005682,20.98809379989064],[71.6762625001818,20.98951190011237],[71.67509820019276,20.988035699265414]],[[71.67555470011338,20.992650500418822],[71.67545509963625,20.991563200257268],[71.67684120022291,20.992210600083606],[71.67719470001639,20.993860900653235],[71.67555470011338,20.992650500418822]],[[71.6864296998977,20.99390209972478],[71.68508660056706,20.992993499522957],[71.68523740061121,20.992924999548006],[71.6864296998977,20.99390209972478]],[[71.6568160455197,20.99481446268399],[71.65836484705493,20.99637213518587],[71.65737901896561,20.996241364901547],[71.6553541637432,20.99508113794804],[71.6568160455197,20.99481446268399]],[[71.71019060012979,20.997489399854967],[71.71063380002957,20.998152299648833],[71.70734370003396,20.99756409968375],[71.71019060012979,20.997489399854967]],[[71.70376640021725,20.99720720024544],[71.70129299996049,20.998701199697955],[71.69814730078564,20.998435600560903],[71.69644580008026,20.997406399386257],[71.70376640021725,20.99720720024544]],[[71.91521322384902,21.107155534394167],[71.91589633848807,21.106423709074214],[71.9164836987093,21.10719586085738],[71.91521322384902,21.107155534394167]],[[72.01218163374935,21.134033041378217],[72.01099305366175,21.13361218434807],[72.01204283308066,21.132971617684298],[72.01218163374935,21.134033041378217]],[[72.03511849273444,21.15688840830786],[72.03315029453574,21.155591260222213],[72.03409925313129,21.15454856149925],[72.03503256300544,21.155560550304962],[72.03511849273444,21.15688840830786]],[[72.04555200020303,21.160703999897812],[72.04718399985724,21.16151999959485],[72.04622400017756,21.16199999967919],[72.04555200020303,21.160703999897812]],[[72.06798681143928,21.176885441883325],[72.06806851279802,21.177246753092582],[72.06680717883096,21.176988902474587],[72.06798681143928,21.176885441883325]],[[72.08374750046617,21.1865279998331],[72.08349199997512,21.186399699470147],[72.08362719993559,21.18616600003728],[72.08374750046617,21.1865279998331]],[[72.75561939998911,21.576401199721392],[72.76425980022306,21.585185100324605],[72.77066810031039,21.597352899926005],[72.75684349937765,21.594040999925635],[72.74892310004694,21.58705700014256],[72.74417089998879,21.5802171001093],[72.74402690035998,21.57503319956233],[72.74798709967526,21.567761199926515],[72.7501472001305,21.565673300252655],[72.75273930004417,21.565673300493135],[72.75561939998911,21.576401199721392]],[[72.79322955985361,21.608448680743003],[72.81256063375893,21.617998653171128],[72.81977827568225,21.623857980104056],[72.82555562277916,21.634440129117866],[72.82590672027197,21.638838547386744],[72.81589837302512,21.65284755643486],[72.80674093732169,21.650437251358348],[72.79642808277497,21.65067662285188],[72.77927389776738,21.653196613163143],[72.76759591185942,21.65701884568639],[72.76265481360542,21.656365375945267],[72.75585750807134,21.651267008881582],[72.75039424347517,21.651466226188642],[72.74001873135862,21.644758842372365],[72.72499763700628,21.645396215253715],[72.71705224562464,21.64765584507171],[72.69189604108354,21.644006761755037],[72.68072550692543,21.645837266140017],[72.67189992939741,21.645324773309085],[72.62660387339827,21.62882704072132],[72.61836371150261,21.62124600093215],[72.61838496463136,21.612576948935104],[72.61117781282738,21.60175999860586],[72.61253389816599,21.594927623459963],[72.60808621528682,21.59155027715329],[72.60695504492946,21.587579026983597],[72.6058286053835,21.57534943188135],[72.60782396785449,21.567523207018848],[72.60645400259993,21.564593484970406],[72.607253716753,21.560683660703372],[72.61146378120316,21.55225222291637],[72.61742312629974,21.546973856410524],[72.60846208430262,21.551328090763523],[72.59880227913064,21.54866821021969],[72.60265197202823,21.556593433743537],[72.59856472508778,21.564614543572407],[72.60047472368414,21.577932628053333],[72.5990437577332,21.580253629305652],[72.59358305729118,21.581642283391417],[72.59193703566179,21.58499141186401],[72.583664848207,21.5845154922769],[72.58016544137708,21.585712740164006],[72.57843819563017,21.583512054475666],[72.58396633538088,21.580833006435903],[72.58260664859037,21.5792215201665],[72.58078472389785,21.57946301664246],[72.58398691656218,21.576584196849264],[72.58129603923207,21.576824754120068],[72.57618798271328,21.571455796951117],[72.57696823343711,21.564994910905092],[72.57575760312538,21.560133628088515],[72.57706756935347,21.558543339968026],[72.57528808743622,21.55628358256795],[72.57660654351305,21.554846978251927],[72.57474789961087,21.55084387516525],[72.5771675187673,21.542587356457034],[72.57852699508572,21.54214888316931],[72.57697852748998,21.542026188464003],[72.57852677462769,21.535439146788615],[72.57519465884329,21.53232542092264],[72.58058550819406,21.52899991538726],[72.58790482271814,21.53204810389145],[72.5908057729552,21.53475717881274],[72.59618611054205,21.535625705102184],[72.60824274307312,21.532886429200296],[72.60973196217239,21.531816412416795],[72.60586107160252,21.531129102784547],[72.61133387740934,21.53049860589878],[72.61771223948023,21.535716161124842],[72.6239087253859,21.537965941888082],[72.62135901198833,21.53743585838955],[72.6219588923759,21.53864504927345],[72.62569946956924,21.53937637921012],[72.63443144937122,21.538606603599163],[72.63683809136437,21.533166376742862],[72.64220657172493,21.53224534088705],[72.64646954606768,21.537128745010882],[72.6446064324882,21.542175002995133],[72.64691612860692,21.547575188232237],[72.65975706813896,21.55690624091705],[72.6705465929823,21.573083381450374],[72.67324544663192,21.57529317855115],[72.67843596496982,21.57522342260785],[72.69242166462399,21.581393314671697],[72.69512373410839,21.58847487630611],[72.70151963752504,21.58797307111999],[72.70194278711804,21.592070806179393],[72.70238015321897,21.587801741995868],[72.70616305203555,21.585912632706535],[72.71390153231609,21.590750334276144],[72.71753809721132,21.589853577797143],[72.71881126532848,21.591653059619325],[72.72103157101094,21.58476117212293],[72.72488776125523,21.58579348189288],[72.72593870809244,21.58763231532823],[72.72562998804442,21.586023231691634],[72.72769795830065,21.585772458199276],[72.7388191181045,21.595833376834875],[72.74551742007014,21.599670778046384],[72.75251403551316,21.600110580394972],[72.77065381561637,21.609050376038898],[72.79322955985361,21.608448680743003]],[[72.36115810992997,21.595694587897963],[72.35031178536258,21.60843213666123],[72.34909349508126,21.605922394197705],[72.35509623010029,21.592485856605304],[72.36084059048119,21.5921589696801],[72.36115810992997,21.595694587897963]],[[72.7495094729558,21.656055480883012],[72.74840835003029,21.654397118794645],[72.74947754207781,21.65172514904307],[72.7495094729558,21.656055480883012]],[[72.74627706739615,21.656229335309803],[72.7503163582233,21.65784683195585],[72.75062531477967,21.660179635082933],[72.74815407636447,21.661368583318612],[72.74540490285922,21.658256605369186],[72.74102746969947,21.655226192632085],[72.73899915941556,21.649589361463505],[72.74038485442293,21.64729840068252],[72.74334599818306,21.648077219237628],[72.74627706739615,21.656229335309803]],[[72.73701943266295,21.659747263299387],[72.729937116294,21.655898325589863],[72.72859724734502,21.65227893520099],[72.72532690283191,21.650726102939068],[72.73345595605173,21.651609683381473],[72.73583629107877,21.654155511365797],[72.73701943266295,21.659747263299387]],[[72.75335473458142,21.65791679038632],[72.75351564762677,21.656115164314024],[72.75062392669213,21.654008801724853],[72.75582577731707,21.6546673199531],[72.76030426893723,21.66010726684962],[72.75335473458142,21.65791679038632]],[[72.71515221501907,21.659516206332555],[72.7212895832376,21.65835764340254],[72.71955864003742,21.657047770134728],[72.72433713976304,21.654545207322634],[72.72417049300995,21.65260722078087],[72.72794795323875,21.654167289660126],[72.72816996493837,21.65653909974028],[72.73907880032658,21.661875929399176],[72.73957833162925,21.663138325097055],[72.7339877749825,21.6649281736035],[72.72993879763762,21.661894733429826],[72.71978921174465,21.661907472500776],[72.71515221501907,21.659516206332555]],[[72.74345898300595,21.660517502924495],[72.74270867071915,21.65757857241391],[72.74585721319886,21.659347140378156],[72.74728571474512,21.66117891019836],[72.74345898300595,21.660517502924495]],[[72.72844779465608,21.662414941961398],[72.73334778520623,21.666085174409776],[72.72483826117326,21.67035589413034],[72.72208149340567,21.668507791011226],[72.72757721173747,21.665697431500885],[72.72467167579005,21.666056457729965],[72.72141757953865,21.668838281705014],[72.71670193286204,21.663525222857817],[72.72844779465608,21.662414941961398]]],[[[69.54613335673689,22.37649850287893],[69.5474824100906,22.376090188263476],[69.55796923872143,22.375914164138933],[69.55791083034367,22.385353127538263],[69.60394963842705,22.41996635436025],[69.60680975967365,22.417174110708313],[69.63649788126763,22.405715812472064],[69.64247231721349,22.415001051690467],[69.64848735465479,22.420406003667562],[69.65539830427592,22.423853645188522],[69.65680687878739,22.42694195731636],[69.6540962263238,22.43025259504602],[69.65048876515732,22.43123539280924],[69.64619558219783,22.44455272163801],[69.6416540548782,22.448313559102186],[69.644928,22.450775],[69.36736353990777,22.81957367661198],[69.37987833883795,22.816738436437724],[69.38121784707928,22.818774644072235],[69.38104732502951,22.81702733799068],[69.38448586706075,22.817325135356118],[69.38144660239334,22.81581724708774],[69.39745488505281,22.811106454179527],[69.40965308234831,22.804015529783307],[69.4436919957709,22.780087857210432],[69.4448706803183,22.78084140192031],[69.43422981318999,22.788020193754082],[69.43811036743257,22.787079584866337],[69.44637038397815,22.780818153696572],[69.4453084219553,22.77977106638866],[69.45878021272985,22.778021690002312],[69.47175821904979,22.773747509765116],[69.4777865836122,22.77454728858628],[69.48011568075808,22.776830466839275],[69.49108630112826,22.77754966503967],[69.4947011363594,22.779867687967563],[69.47880580387408,22.776659695039815],[69.46997805863316,22.776448534773213],[69.4692346944506,22.778819392439715],[69.4597083678622,22.782807130661638],[69.4603081856949,22.78417036108022],[69.45789934523158,22.786686524144205],[69.45086804167812,22.786739793533183],[69.44081147557877,22.79420770312643],[69.43949801578319,22.797030229224102],[69.43822149915941,22.79569877276576],[69.43683034525397,22.799049497199555],[69.43575840032884,22.79785793137649],[69.43366974562055,22.7989966053672],[69.43575942590324,22.799989109986818],[69.43283264044517,22.800057967033595],[69.4342987048031,22.800666903236156],[69.43344198665093,22.801597334712977],[69.43084132414945,22.801277732028055],[69.43211318482483,22.803178098411802],[69.41863468562048,22.808126471038584],[69.4168335115964,22.810655420623632],[69.41822225287616,22.812668691352567],[69.42175197787921,22.809046626909925],[69.42453433117083,22.81308678662463],[69.42686101561455,22.809627432643907],[69.4287005238973,22.81041419119011],[69.43462349317717,22.808206901495087],[69.43872048118162,22.810657031091807],[69.44426780940074,22.810898489067718],[69.44798720527942,22.808205772385953],[69.44760863527355,22.8106756831207],[69.44892916542055,22.811808379986562],[69.45201980543237,22.808316702996002],[69.45462816889267,22.81316459087606],[69.45733680206962,22.814278436173062],[69.45764987761271,22.808616359579528],[69.45864003950399,22.811026893400154],[69.46351537521912,22.803958113219107],[69.46787845072326,22.80329640597507],[69.46836444476646,22.80183779227962],[69.46586539497717,22.800705993293718],[69.46791891731529,22.798338904464476],[69.4773447179098,22.795520083453194],[69.48050577198444,22.796308155198496],[69.48321551787042,22.79904695022486],[69.48284587292376,22.805688917097697],[69.48744318531116,22.799807076489756],[69.49290586700309,22.799537890564867],[69.4942827550878,22.79690787910247],[69.4984031143129,22.79744654776239],[69.50211028597658,22.799817667382783],[69.50467252416495,22.798957185064243],[69.50349529419341,22.803159824008123],[69.5053409174668,22.80889535609444],[69.50868476975623,22.80541218575317],[69.51161188730033,22.805156840721484],[69.51140073168621,22.80724270114601],[69.51313967277709,22.80686918252204],[69.51357956510458,22.804986648672454],[69.51637495389565,22.804970482985198],[69.5185242386875,22.80286793738198],[69.5234869292686,22.802573131590634],[69.52420188300782,22.80396870243682],[69.52702308032339,22.801852903141082],[69.52715826130417,22.803509995713203],[69.53082297380469,22.79988203844843],[69.53215695620916,22.80044272186814],[69.5305194366157,22.80218909496675],[69.5333685893786,22.801834062959852],[69.53042457239857,22.805647576335588],[69.53283987769572,22.80601016259651],[69.53439175947764,22.808584633332362],[69.53700505826002,22.804057442078445],[69.54002887153112,22.804849212876558],[69.54103553465065,22.807256268539664],[69.54345668882058,22.805984263557406],[69.54664128354482,22.806807609829065],[69.54617256107188,22.80889782231702],[69.54823840440727,22.807228229771223],[69.55687311864368,22.807322421163242],[69.55727089340837,22.810708903806795],[69.56028042871236,22.81113900254364],[69.56117242545393,22.809599741893685],[69.56406466562468,22.81122177133567],[69.56350403732701,22.812345787071582],[69.56498973542548,22.811781995556327],[69.56485751603347,22.81355634320956],[69.56726892839563,22.812031080408048],[69.56937136370364,22.81586510503389],[69.57100532557061,22.80963040751846],[69.57596298333655,22.8103859165554],[69.57797843001548,22.81292855245688],[69.57561946947773,22.817727376954092],[69.57823086172755,22.815389310641844],[69.58174688774518,22.816740278376784],[69.58122169135979,22.813967878139486],[69.58404211947341,22.812383781676633],[69.58774767852279,22.81549108469252],[69.58853762867153,22.811698599754596],[69.59163444632814,22.814376626748757],[69.59347606271447,22.81178083125158],[69.59742620209961,22.81012905806968],[69.59884797725988,22.81194429727846],[69.60049036335741,22.805325461150744],[69.60591102361897,22.80295123299652],[69.60853567232358,22.806039843328744],[69.61189116491582,22.80571056360991],[69.61325940253776,22.808681509179358],[69.61827554168548,22.812253229310787],[69.62301928988121,22.811174160019856],[69.62523029128762,22.808505743219346],[69.62780665979719,22.81027562628983],[69.63118655693467,22.80886681921581],[69.6342793766101,22.811760818524693],[69.63690902990639,22.808270446729303],[69.63641681339611,22.805593052753533],[69.6402300210313,22.804441400574422],[69.64593851741407,22.81000319023359],[69.64790538756499,22.805939365825736],[69.64633235377563,22.805849275157925],[69.64593748698792,22.803542152993206],[69.6474215442902,22.796186938077543],[69.65239833037728,22.79580686278455],[69.65465822067235,22.797305435169225],[69.65640139852101,22.796140205576535],[69.66454445558037,22.799014376958358],[69.66612180429757,22.797460762318746],[69.66691122332983,22.79925309138681],[69.67164513319149,22.800398510838434],[69.68354709138269,22.80029518260291],[69.68712742946258,22.802519761848377],[69.68952070297236,22.80674934745137],[69.69150616419903,22.803818235338575],[69.70604366791964,22.804646731656803],[69.70799247157598,22.805860189270962],[69.70560327257382,22.809189030302722],[69.70925978951016,22.807683594705633],[69.70903218314584,22.809774251313783],[69.7107896478474,22.808626438580895],[69.7121206081627,22.810815559287104],[69.71169994089425,22.80792158385172],[69.71316454490487,22.806001902491282],[69.71689272557981,22.80969754276125],[69.7199019311883,22.80889213494593],[69.72005443540147,22.81112001735356],[69.72213808909075,22.809888586312077],[69.72488399888033,22.81534551557773],[69.73197618369664,22.816447121426776],[69.72943699327296,22.820516810310494],[69.73027018630218,22.820981361890684],[69.73099415754072,22.81874586472863],[69.73434362753846,22.816883461527926],[69.74161816753312,22.820268993126373],[69.74557343152802,22.820627217386853],[69.74852550660947,22.81864768242271],[69.77527230812797,22.830249785300754],[69.78163570647507,22.83461064585457],[69.78366394551426,22.83924420270002],[69.78982911972342,22.842272688827855],[69.79485772260765,22.848411161244837],[69.80388302380914,22.851792599661174],[69.80691340546896,22.851541054021858],[69.8071332742614,22.850118960006846],[69.81234603966863,22.84996751945481],[69.8278839393055,22.857977924011998],[69.83552256480476,22.859767895764797],[69.83169305528963,22.86023644109063],[69.83512765323029,22.860747512714372],[69.83748107431371,22.860170134914263],[69.83676458312677,22.861271675755717],[69.83925382385725,22.862843482998898],[69.85626642662687,22.868720242355817],[69.87944414124965,22.871339789195826],[69.8776463492425,22.874161734080065],[69.88779542764593,22.87110452308345],[69.88717080256731,22.87553382458871],[69.89065234012972,22.87553342558865],[69.89107481441911,22.872887604114034],[69.8934818547334,22.87300471595781],[69.89443160536852,22.870832856415312],[69.89635616636261,22.87063396040524],[69.89781349844972,22.873220869373455],[69.89874381377238,22.87126118594045],[69.9015262058703,22.872809382235243],[69.89970899174162,22.87357725266666],[69.90364126709143,22.87438019845327],[69.90441638030653,22.87633058021687],[69.9102640686479,22.878564269200783],[69.91367138533532,22.882934026711304],[69.91194254698499,22.88650584479715],[69.9152167825028,22.88526787792796],[69.91505179129575,22.88766088558524],[69.91614768246015,22.88581848430097],[69.91816025900282,22.886012008274406],[69.91716659596979,22.887308164705438],[69.91972480386757,22.886873994859045],[69.91866747992567,22.88728513633016],[69.91930188556127,22.890070694395064],[69.92065623530776,22.888973146093242],[69.9236339645597,22.88973530966262],[69.93066280654168,22.894261537077927],[69.92704755337304,22.89602814975183],[69.93227117355917,22.894748550432965],[69.9334558200041,22.895845216594584],[69.93214542628685,22.89700611456406],[69.9361219458458,22.896787817117136],[69.937043768988,22.898349651083876],[69.95870119368251,22.89862406147125],[69.96224085964252,22.893587820579967],[69.95903299165377,22.899278463684148],[69.96570929895601,22.89884131972483],[69.98211628020574,22.90285387185223],[69.98475766917824,22.914578207255357],[69.99594364664352,22.913999476745914],[70.01214284820807,22.91825068077379],[70.01675166166632,22.92024254437869],[70.02197418271611,22.925436596586415],[70.02729578191125,22.92695711185747],[70.02713004000732,22.92872033626849],[70.02420887868547,22.929050197722173],[70.02721473280512,22.93203679629129],[70.02625208637699,22.939704574112163],[70.02919972113058,22.94284703858504],[70.02976382902088,22.9464195209812],[70.03184789124515,22.9458358509536],[70.03654577744483,22.95269004967881],[70.04024869173003,22.953080490492972],[70.04602297140956,22.95122853256785],[70.04956929029332,22.954522092744945],[70.05273277597843,22.954604821312827],[70.05840647016207,22.957929381384744],[70.05951928568646,22.963615802490587],[70.06423335971981,22.963532388950256],[70.07057951539848,22.96608106076787],[70.08371598021706,22.96801181543001],[70.08503679967725,22.96898757948006],[70.08385509006615,22.973408234972705],[70.08053103503788,22.97571060315695],[70.09287479080942,22.97433074040541],[70.10384319310376,22.980005604431867],[70.1187872032057,22.9920058465219],[70.11821648534499,22.99682785925388],[70.1220887444256,22.996588668858738],[70.1252490252994,23.00482920196694],[70.13296522592654,23.01101895751678],[70.13498530773441,23.021376151103308],[70.1384339154757,23.021226828690114],[70.13902472342073,23.026437030981487],[70.14184422100658,23.02694689842712],[70.1472159147267,23.032684734870035],[70.15012304333337,23.031243954492734],[70.150464911223,23.033614301793676],[70.14820653611608,23.03481563612556],[70.15814293352027,23.032303445451436],[70.14795519035201,23.020417505363177],[70.14220759321087,23.008927711708978],[70.13378881591079,23.001569170351484],[70.12896494728452,22.990448201444444],[70.12973532472643,22.98816812349532],[70.13363640985665,22.985770473989163],[70.13340691097595,22.981111033810496],[70.12117726558328,22.96894801834312],[70.11995841594008,22.96539014890058],[70.12111883818999,22.962631529477804],[70.12550696181204,22.959751034619007],[70.13354666195028,22.958752883232712],[70.16439293461264,22.938281572028313],[70.17230983105819,22.93886177490435],[70.18038200898252,22.937549719811344],[70.20741642782869,22.94373232210253],[70.22640581701549,22.951821031998158],[70.23074257411506,22.95515928532183],[70.22861577778912,22.959991658184684],[70.23025408448919,22.972659561672955],[70.22551533593146,22.98657785713237],[70.2239639137613,23.005565018181553],[70.22082381329056,23.01343653469761],[70.22214090906795,23.0153814370282],[70.22017632467325,23.01521577266517],[70.22228353975119,23.035454998915526],[70.21961432082074,23.041235742577133],[70.21798792118528,23.052573642394496],[70.21921831275249,23.060812682227972],[70.21783502311105,23.064271926620723],[70.21363814472754,23.063231397485634],[70.21646507678484,23.06591166150975],[70.21081553909494,23.07463313853878],[70.1886166843183,23.072814228950335],[70.18614086569359,23.068342028282586],[70.16995187107175,23.057412449599802],[70.17152065930229,23.050924024665857],[70.16960044535952,23.04284287966888],[70.16259420084768,23.04060535367625],[70.1598722476275,23.035023714461314],[70.14929481150514,23.036996129692312],[70.1508368897337,23.039573888018356],[70.15325626849814,23.03821445340417],[70.15671194487334,23.045315738101976],[70.164725307396,23.05384264118587],[70.16816309929891,23.063241698338544],[70.16570445647224,23.064732351128498],[70.16494408372665,23.067409914884767],[70.16776666558347,23.064387768329578],[70.17164311100366,23.066062569684693],[70.17554333256926,23.07020144014089],[70.17714343811281,23.069270878608307],[70.17952991928607,23.07091838055961],[70.18169381933444,23.07519384192795],[70.18032261436372,23.07543265573624],[70.18063058090561,23.076872768391123],[70.18363441405717,23.07968146463969],[70.17388205968662,23.077403295522164],[70.1876611601029,23.095019988914128],[70.19206759767586,23.10346102488243],[70.20155720381517,23.114305878796994],[70.2072995031409,23.125617233736506],[70.2083896902694,23.13591509340716],[70.21280553244135,23.139854129000195],[70.208766409289,23.16035382616653],[70.21830665935484,23.16626284113108],[70.23853582642914,23.16488143163424],[70.23967540405883,23.16698445895501],[70.23618495787282,23.168151888486655],[70.23618681559456,23.170300898725095],[70.24619780051354,23.1763533863792],[70.24510948873898,23.173106677638724],[70.24976213246376,23.17277872427671],[70.2464635310438,23.17647086352166],[70.2496811690623,23.17789368749076],[70.26757417635584,23.178462065333616],[70.26876259271205,23.182472051218124],[70.27269186493882,23.18520158910743],[70.28370078871062,23.198251705068397],[70.29152961804719,23.19910018579315],[70.2933100632992,23.21109706563063],[70.29664963606811,23.21373993742224],[70.29566966133643,23.21895852407466],[70.30192960235276,23.223688577819257],[70.30824662931994,23.222508449506485],[70.31177506770211,23.219417168401872],[70.31898513504855,23.21974944328831],[70.32385598977156,23.21811669633098],[70.32281423041363,23.221719199039352],[70.32767322181172,23.226267146066196],[70.33278424079887,23.222728882085967],[70.33776212402151,23.222617235877934],[70.34162201203483,23.219859544223016],[70.34563228790184,23.220979942905434],[70.36635946951667,23.219858094834457],[70.36399003188491,23.222449464178673],[70.36550920561332,23.224977895081107],[70.3693977474683,23.224919319165597],[70.3698910610691,23.22750630932881],[70.37380901042322,23.23006628646319],[70.37654968445551,23.229786354232427],[70.37801052617732,23.231637355823526],[70.38566602735298,23.233388772568425],[70.38870455242396,23.230855661048192],[70.39514837394808,23.230967833651096],[70.40301475174802,23.235395569304636],[70.42476094624114,23.23725458455925],[70.43630864418904,23.233376745818504],[70.43223268543088,23.22989737120488],[70.43168245956697,23.22272806408313],[70.42803121277079,23.217546273437268],[70.45147107278709,23.204470565213754],[70.46100508858837,23.203896687152277],[70.47571360741733,23.199680011857474],[70.48879136654757,23.191431409239225],[70.49164377100635,23.186088235095536],[70.4996624127306,23.18129175101016],[70.50124264363068,23.17811905797391],[70.51156201763912,23.177359235029318],[70.52370071414866,23.179381030063492],[70.53115849482448,23.178419381403224],[70.53526971884985,23.179338249831936],[70.57896288041769,23.17770881613779],[70.6179081129345,23.181828011513346],[70.63830736995251,23.186617732982228],[70.6490233197468,23.192038695861406],[70.6443751807392,23.201168373052727],[70.64570387490468,23.202319518581998],[70.64463514036983,23.208216048805557],[70.65206636814334,23.21690587171174],[70.65080266354961,23.22389509934323],[70.65619513700982,23.221307099302514],[70.66223337313072,23.222344096538674],[70.66526263018224,23.22409511309897],[70.66532216818163,23.22710643920226],[70.66780259014892,23.223146254019408],[70.66724446600033,23.219566147201412],[70.67548148920861,23.222087483759555],[70.67817228847888,23.219856237199384],[70.6771507702576,23.21843444889628],[70.6815615807919,23.217787252175093],[70.68198075551591,23.215845726491946],[70.6804708185244,23.214487250169867],[70.68435974862683,23.21594415441736],[70.68774954877019,23.215455192033474],[70.6849595401169,23.21366836516038],[70.68768954927205,23.212538628901843],[70.6831124885495,23.212314700289006],[70.68691141433777,23.209315328853695],[70.69220138100293,23.209398914696976],[70.69391718451638,23.211908429642477],[70.69854779060007,23.211716606310688],[70.70049828315722,23.214415582958733],[70.70756649878327,23.21422681647357],[70.71184641258213,23.21564663100545],[70.71317362435227,23.20995494077811],[70.71587436699315,23.212687168116247],[70.71919571718514,23.212364623361992],[70.72461281108052,23.205814721314653],[70.72800265312387,23.20585770032472],[70.73088607779096,23.207837771957035],[70.72423322721299,23.21420800517354],[70.72391346633333,23.21765758805448],[70.73246338492697,23.219394585463892],[70.73152172688329,23.220844486451803],[70.73291519576554,23.2223559777975],[70.7331435613568,23.2207756809678],[70.73705318444345,23.222736802979284],[70.74452079122408,23.2208756700537],[70.74614399235978,23.22244562212757],[70.74963132038222,23.235070702691917],[70.76767891310956,23.246104588050574],[70.77676910590127,23.249591407409177],[70.78280835565295,23.24951374844415],[70.78884966016001,23.246031662670035],[70.80165681252726,23.2346833636331],[70.81224584446485,23.230073642904888],[70.81900643142544,23.231945289671135],[70.82321166401093,23.234763938166754],[70.83310029359968,23.24989145162972],[70.83684317628314,23.248980387583025],[70.84731055432992,23.24142471775349],[70.87067932978071,23.229805758946583],[70.89312665942911,23.224702828297772],[70.86019754144098,23.20846812737847],[70.86094028502606,23.205835972239313],[70.87328819738916,23.203994458946706],[70.87114885295948,23.20022458228633],[70.86434027744727,23.199515498288616],[70.86132691298754,23.19778610966582],[70.86030636157155,23.195158376913064],[70.8629195904517,23.192359333484884],[70.87421620259856,23.191745676530623],[70.87857746915415,23.19004806084298],[70.88536554874022,23.183767521655664],[70.89056642628758,23.182669947969092],[70.89583604318675,23.183829641559747],[70.90882423546407,23.193565719143024],[70.91890155143473,23.198375960296797],[70.95187887648385,23.197135043733685],[70.95922802612336,23.194815091918752],[70.91942258487668,23.179359352701763],[70.9015717011582,23.170758176758525],[70.86529932437308,23.171469237293337],[70.84863828092934,23.16930938273046],[70.84740776937494,23.168731278065536],[70.84786799719573,23.16250087134104],[70.84397202917597,23.160098321112653],[70.847541736404,23.1581395078183],[70.8447788483167,23.154698678315793],[70.84716184851085,23.15329042584842],[70.84660044860522,23.152400960041415],[70.84198164945647,23.152151714239004],[70.83644928990665,23.15407838879316],[70.83485239271964,23.155229275156195],[70.83631158451735,23.157780505991585],[70.83539330798979,23.158890977899173],[70.83080341906579,23.159111002028553],[70.82756185215202,23.157421557736647],[70.82509292613007,23.152589923056617],[70.82764288805389,23.14892006508113],[70.83299976656217,23.145770184520984],[70.84040393097268,23.145122648650485],[70.84807213667338,23.142003435314273],[70.85638736178217,23.13433378509183],[70.8582185434924,23.129710706207273],[70.85702794736122,23.125362794504287],[70.84852042254846,23.120101810522684],[70.84776933937854,23.116963824035494],[70.8422583569442,23.11724275544872],[70.84243111699475,23.109116026636197],[70.84083021654266,23.108894424246774],[70.83801270347486,23.113264242158653],[70.83576294694014,23.111873167905305],[70.83536991348885,23.10372365510737],[70.83844293188164,23.09197666100392],[70.83675931888155,23.09173691592299],[70.83167249800807,23.096345398473574],[70.83367101642085,23.08835455815133],[70.82855942035651,23.079914765089526],[70.8258798537898,23.08117820530495],[70.82520254235689,23.092144667659007],[70.82190240732692,23.094784831035227],[70.82365312707226,23.098424441839114],[70.82949949054068,23.100205063500393],[70.82975157095781,23.105365654039673],[70.82315087889452,23.11036619618283],[70.82777260107764,23.111925225195186],[70.82698109519977,23.114141806278916],[70.82935303490197,23.115122166546982],[70.82801023959978,23.116503358372135],[70.82956179427629,23.118652865009608],[70.82863330758126,23.121704701697112],[70.833592840638,23.121715020304894],[70.82966184866586,23.1259940793363],[70.83394289163182,23.126464837815345],[70.83447930805963,23.128410810194588],[70.83376113711573,23.130144361170753],[70.82907420623334,23.131682723918736],[70.82717441759829,23.13392155288391],[70.82187319348496,23.132691875998415],[70.81530540674284,23.136852245848857],[70.81575397430217,23.138301743925314],[70.82050368790479,23.13942303597248],[70.82020511264558,23.141391437169563],[70.81713416055881,23.14166129860078],[70.8166724180581,23.148189621130058],[70.8129960897634,23.14801217329644],[70.8173046666424,23.1541584595222],[70.81503387841728,23.155042591547467],[70.81857226949306,23.158601542243556],[70.81607466231551,23.16456928087733],[70.8122825074598,23.160500019893913],[70.80935568809663,23.16458928275236],[70.80768267486698,23.160949576192948],[70.80283497543155,23.159060318653534],[70.79624807276026,23.159291979437356],[70.79543597335186,23.1534493183644],[70.78717653711841,23.150690951562417],[70.78522744020039,23.152112102477275],[70.78508877823847,23.155141416786687],[70.79357608536128,23.161051439551056],[70.79182557441312,23.165100364208932],[70.78831881987914,23.166371675316775],[70.78413886725961,23.15910046235984],[70.78143924204406,23.15842169494712],[70.77601145484788,23.162662369274443],[70.77250026586202,23.16307099240855],[70.77457771717397,23.166778984988344],[70.77385897994381,23.168038224313925],[70.76761916904884,23.167031806947367],[70.76400192071898,23.16573814730375],[70.76562905978344,23.164362209183594],[70.75996323079308,23.160448327535363],[70.76587207910985,23.15351321223999],[70.76543915162864,23.145381589901454],[70.7609628022197,23.144610912082932],[70.75663962758303,23.141691166113546],[70.74836926852655,23.146201686700174],[70.69366919101213,23.120144012900738],[70.66758218476771,23.101845580907515],[70.66309061956864,23.097277668941377],[70.65826344729987,23.09566698962351],[70.63855448889136,23.08116819128442],[70.63138518601501,23.069389300147666],[70.62932569671578,23.0624680173037],[70.62656412306559,23.062630665349506],[70.62214839406626,23.06028739678503],[70.60968662444303,23.063587190933784],[70.59711797894953,23.060939882561016],[70.59372825351515,23.054979545071692],[70.60025856695047,23.04230277260142],[70.60215755001815,23.03425287356564],[70.58752872664107,23.03057060388716],[70.57938076142115,23.035182750636462],[70.57221407492109,23.03714488650595],[70.56170463246833,23.029000395271854],[70.54722032135759,22.996869430259732],[70.54165877138482,22.959577556460715],[70.53785255437155,22.964749752056957],[70.52724870369123,22.963479412941172],[70.52313756416069,22.964668818568654],[70.51239508357257,22.96014212917408],[70.49370540234797,22.96694142085381],[70.49065794003684,22.96686245127468],[70.47920591240474,22.97486196175064],[70.47519771340838,22.974711013997133],[70.46258717332861,22.965995697634536],[70.44560995741202,22.966501015041988],[70.43984282162347,22.96835013020409],[70.4326600755222,22.967061651628804],[70.43925069271204,22.964020482050717],[70.44528851020713,22.957850435488353],[70.45124966038078,22.955057384554866],[70.45780820028236,22.94899944873722],[70.46874489293371,22.944378969270538],[70.48030268030799,22.937098001902854],[70.49231154451965,22.934168284414007],[70.50884563497053,22.93711322569658],[70.51385732801414,22.93650727113912],[70.51944984859036,22.935012068447357],[70.5202758655263,22.93215008875775],[70.52581366651279,22.931729195953693],[70.53965369204228,22.925498277450345],[70.53514913901127,22.912056693829175],[70.53186326738022,22.907707252420664],[70.53049054000797,22.908236984011673],[70.53013391494733,22.912343876293676],[70.52233160812642,22.914764282603077],[70.51309311477382,22.905813283822656],[70.49998597279321,22.89810601589105],[70.49109290428193,22.889886676613273],[70.49436218139834,22.880059864000433],[70.48935130821634,22.87993753937741],[70.4865209121353,22.882194883745623],[70.48550251687298,22.881548447812158],[70.48186993951892,22.87129812587072],[70.47716607969923,22.867226865659994],[70.47966161607799,22.861850892379216],[70.47260975927905,22.851633039445677],[70.46232273826662,22.831307174900346],[70.43929749867489,22.82748384015913],[70.43340349982222,22.81878847190433],[70.413308611585,22.818390491045278],[70.39621354065005,22.802614483214416],[70.36112135303856,22.782564863336585],[70.32328435193236,22.748909632279027],[70.31592075418594,22.744300174748933],[70.31511943619894,22.746050954295374],[70.31022357739346,22.743291245014262],[70.3056262315694,22.73842572590386],[70.29895605954702,22.734618142811396],[70.29307166536195,22.728132295562904],[70.2786881681214,22.725271910153015],[70.28038626530846,22.718664473044516],[70.27491971311541,22.71524530500755],[70.26813347950926,22.70525264610763],[70.26802295650735,22.687249854058503],[70.26865275108588,22.68306338913553],[70.27344757159548,22.678939138808914],[70.27299923178715,22.672093739028995],[70.263996059148,22.669902830876204],[70.26659823885083,22.663071224331027],[70.26383195582218,22.65850115335541],[70.26350892659974,22.653458810614865],[70.25544587261538,22.649466946840928],[70.24764663715017,22.640287503782098],[70.23695308945206,22.63225938967232],[70.23346358288693,22.631463145605107],[70.23294863199632,22.632800375099865],[70.22891916585029,22.625674126280657],[70.22478332906564,22.624218302150602],[70.21950864934222,22.614190763289127],[70.21596920570008,22.614015296685785],[70.21092844465869,22.61104307726568],[70.20906348090757,22.607004452825805],[70.21076387896149,22.606012155366933],[70.21104404771454,22.598629523642824],[70.2080107868258,22.598335333982003],[70.20554035584017,22.5940832531812],[70.20456766420234,22.596381642977],[70.19927684825208,22.597050360478338],[70.1986136351622,22.587770980645082],[70.20408497074297,22.582004626241485],[70.1945680046003,22.58274615957316],[70.17918217931245,22.56752198906604],[70.17605180564847,22.5443782085137],[70.17889542744082,22.542067176913992],[70.18507964101327,22.543059854924184],[70.1834008870995,22.524095162444183],[70.1847249848564,22.522164999409966],[70.17287629843038,22.525658240711774],[70.17197818970392,22.529309451898914],[70.16347991534651,22.52663295180488],[70.14916576217986,22.511966058659738],[70.13276213706985,22.517180355228877],[70.12414590046998,22.512616331637172],[70.11886746029914,22.505827745883682],[70.12085048062191,22.493030765279585],[70.12021143572247,22.48635094155671],[70.11811114884388,22.487033771119822],[70.11766881385714,22.498909907730056],[70.11629100357666,22.501035661500175],[70.10825642771772,22.497568247155183],[70.08582957036326,22.494058390599474],[70.08574128436284,22.49871434160319],[70.08261398305743,22.497848809832554],[70.08126456532935,22.49953202277497],[70.0846773998239,22.500533409153224],[70.08611860315571,22.50393622148004],[70.0902374203264,22.505676939043962],[70.09121662943917,22.508161474242375],[70.08650716403582,22.50947245416411],[70.08664705857929,22.51183540508493],[70.08118765419489,22.5145463259912],[70.0767326502427,22.51536248749736],[70.07318099651697,22.5138751786101],[70.07312351216464,22.51782590583922],[70.05704923822336,22.50667344402948],[70.04757088228816,22.504934561450543],[70.03130858842923,22.508413039723433],[70.02886855667646,22.50470326782099],[70.02768597779004,22.50789457777468],[70.02069682306569,22.50715134372415],[70.01723650433982,22.50585803090303],[70.01543513288483,22.501766066614625],[70.0102961107939,22.49992348391705],[69.99944016870526,22.50886298277974],[69.99110178365473,22.510564031689125],[69.98984618623368,22.50850399978539],[69.98766159492169,22.51046601970191],[69.98560648215101,22.508264517693263],[69.98620231802174,22.506588762828002],[69.9892944831314,22.505473008230496],[69.9846433867128,22.504785455782333],[69.98474691283108,22.50235384632602],[69.98157981021089,22.4997483458908],[69.98299451899119,22.497114440020734],[69.97935518955674,22.495470359668662],[69.97870608001837,22.491457654023712],[69.98157089257626,22.48998211133169],[69.9802465914265,22.48787697135221],[69.98382130013803,22.48483407870018],[69.9822157105518,22.480275748310564],[69.9866758547683,22.477205449200994],[69.9798231032081,22.4737931607961],[69.9792554832675,22.46816627533445],[69.97498443759959,22.469340167404905],[69.97054548880976,22.46817384539828],[69.96424685730342,22.47769306803857],[69.96172377390295,22.47829863318645],[69.95673900401958,22.47834093469478],[69.95755004921679,22.475020777061367],[69.95051483748112,22.47234495515573],[69.94348413163478,22.477943715557245],[69.94213317011088,22.481910670546007],[69.93984891198875,22.48278802612693],[69.93645683518295,22.47888754906916],[69.9350420530162,22.471296052432578],[69.93740635270595,22.463268987593224],[69.92568326341679,22.464481641652437],[69.92054618708973,22.460923583602252],[69.91867358086505,22.463918383665646],[69.91493038664521,22.465455613986578],[69.91320049101559,22.46440428264987],[69.91426814036524,22.459872674671264],[69.9157939777543,22.45759405946166],[69.91909701520632,22.456457234873355],[69.9132779073364,22.455423720427344],[69.91366028372927,22.45178359733327],[69.90666004519389,22.44845890832127],[69.90753902312399,22.451324377375435],[69.90426473100437,22.450342232085735],[69.90337337203182,22.454044990904176],[69.90236317017806,22.45166044005508],[69.89989175382334,22.45496036289852],[69.90040920331249,22.456441370486594],[69.89680538611697,22.45621564471968],[69.89563694654424,22.456656996659675],[69.89688430401806,22.45756071195975],[69.8945850389587,22.45790319007243],[69.88779976389435,22.45463538692857],[69.87770130085767,22.44431370061428],[69.87558349704628,22.438983976682785],[69.87653367268338,22.435954010896182],[69.87437649734758,22.43402010708102],[69.873653463836,22.429674737951867],[69.87064174605823,22.42731839235542],[69.87236646587941,22.42363793410357],[69.87099655928631,22.422967010989815],[69.86715961302977,22.427363049422805],[69.86714418367623,22.433153782128123],[69.86528584898561,22.43315932326926],[69.86363401756759,22.43564872459223],[69.85686437170781,22.437088481831562],[69.85256405778863,22.439976629006004],[69.83282270720017,22.44707322978171],[69.83270043486804,22.441974600434893],[69.82630012161962,22.425679585083447],[69.82207475545391,22.421430858858397],[69.8225650938599,22.41761327137916],[69.81987971803808,22.41710325073537],[69.81597925842215,22.412711959515413],[69.81382510352896,22.409107991459635],[69.81482797528024,22.405800936742708],[69.80935781542149,22.40148150838742],[69.81389905682747,22.39883403583199],[69.81371180063297,22.395319239235874],[69.80983718559271,22.394460905677498],[69.81089205028965,22.38991728644964],[69.80868099939809,22.387474860345435],[69.80928922854238,22.386172530392475],[69.80359984942659,22.382755063243216],[69.80057720196245,22.382826689413438],[69.79549158707827,22.379277572171432],[69.79653031551653,22.377738750423468],[69.79185152271866,22.38017204134019],[69.79123782103021,22.383571831117617],[69.79555096149298,22.389258686753635],[69.79758191118819,22.404575556472963],[69.79726552806645,22.405961590863665],[69.79320508500383,22.4073006370497],[69.79279554889465,22.410154069430273],[69.7897193888972,22.413773766213527],[69.78581041220382,22.413162191905492],[69.78091299481233,22.416722007409074],[69.77930568407734,22.416391461894673],[69.77389998467464,22.42394226804943],[69.76450123308581,22.431679874050438],[69.75907617652094,22.44330287263409],[69.75619462447676,22.43894363153124],[69.75471575416083,22.43016481405508],[69.74603875898772,22.42804629002604],[69.73961662844944,22.43217344381645],[69.745143354727,22.431595999346886],[69.74765575066588,22.433129303824103],[69.7430005631691,22.44191043185593],[69.7409017665448,22.441316004692265],[69.74013091867036,22.44312263434437],[69.73722654250399,22.44345435571644],[69.73283018691717,22.442829738202136],[69.73479387177146,22.444508098394778],[69.74022930290485,22.444558425033588],[69.74163461689163,22.44638605347072],[69.73537953335163,22.44800249620003],[69.73478304029452,22.449222030181286],[69.73639128284432,22.449785258726152],[69.74191340929386,22.448666100831208],[69.74202191724765,22.450630123149047],[69.74353797738837,22.451175365675773],[69.7404502739005,22.4532501084437],[69.74365579177923,22.452620186447696],[69.74367094813225,22.45894150199453],[69.74076344020196,22.461743072232395],[69.74023683003003,22.465269915487823],[69.7344596928765,22.470209110755274],[69.7362966354498,22.476940095468148],[69.73300687110685,22.482378711710687],[69.73663316038233,22.484475751344714],[69.73069096692456,22.4845521170694],[69.7181495364011,22.475944868682884],[69.71327104769946,22.475049074531743],[69.71231136975143,22.47101749022036],[69.70579385059749,22.466726927537902],[69.70049039311276,22.46087325555245],[69.69614788313845,22.452526589516168],[69.69462243629349,22.44268852834273],[69.6989565372695,22.436211610622696],[69.70469206275553,22.43499876501746],[69.7054004112801,22.433720580408334],[69.70018807228436,22.423414775132883],[69.69912449957572,22.414524694824543],[69.69559309906938,22.412896264643845],[69.7006331435127,22.411512312851844],[69.70172802699253,22.406833923389563],[69.69973823472499,22.400025854958137],[69.70216056243335,22.398692648295924],[69.70055196246943,22.396246088077365],[69.69423408530457,22.39502533510528],[69.67788111132244,22.39727128576056],[69.67348567193595,22.39432868180709],[69.66973802323638,22.3971969942973],[69.6698294937062,22.394916783254615],[69.66688162822939,22.393111478121334],[69.66090519871612,22.396242069199545],[69.66323998300138,22.39330206836908],[69.66354448974947,22.38831710663526],[69.6613739049175,22.387690023471464],[69.65924996294265,22.37945452572072],[69.65593788555326,22.37559016888353],[69.6556891241891,22.37048793206647],[69.65779026522638,22.36621602560547],[69.65536624173606,22.359565459632282],[69.64920560665806,22.35721855548121],[69.63545335498678,22.358181904412753],[69.6231620122449,22.36486950561795],[69.62113264030113,22.371827623821176],[69.62122011308583,22.36761483778607],[69.61681203334057,22.368513211186208],[69.6152247366139,22.364661553286314],[69.61893390068289,22.35785264969633],[69.61644383915932,22.353179207400856],[69.61837591476723,22.351355053423177],[69.6159782040752,22.347643436630527],[69.61735198526789,22.345417425156086],[69.61361443410667,22.344934043244518],[69.613118989088,22.349535123518073],[69.60940051820035,22.352546575456053],[69.60724586273871,22.346830028939884],[69.60345508228869,22.345736828294342],[69.60028036654347,22.347393593187785],[69.5976594358181,22.34616050010753],[69.59139956940875,22.35966014515312],[69.58881159869307,22.361985037360927],[69.58563732408666,22.359835025842788],[69.58296217649074,22.361143744424474],[69.57958145602034,22.367355982311267],[69.57436753895607,22.367480894641012],[69.56975230492674,22.36330730867427],[69.56934119146118,22.359297545430834],[69.56706076020582,22.356565037598745],[69.56459042311923,22.355223107538073],[69.56132325302711,22.35584045634752],[69.56231167433874,22.3602026405189],[69.56009641263918,22.363683023630752],[69.56025503864625,22.367159876637228],[69.5595176210848,22.366206915800202],[69.55748713869292,22.368761739178105],[69.54788726904773,22.372541402247517],[69.54487260172809,22.37555063300776],[69.54613335673689,22.37649850287893]],[[69.54608445028066,22.37559290016422],[69.54871731118526,22.372826228587687],[69.55144097667616,22.372746145703264],[69.55001280183077,22.374244573124304],[69.54608445028066,22.37559290016422]],[[69.7384388584344,22.448357096864573],[69.73518928484248,22.44922578062288],[69.73562531953762,22.448281235407073],[69.7384388584344,22.448357096864573]],[[69.73759281597091,22.449226017159532],[69.73611280222472,22.4493705344587],[69.73690983249247,22.448880170867724],[69.73759281597091,22.449226017159532]],[[69.80172190040005,22.491123799993954],[69.80441849925182,22.492343899845856],[69.80403549986339,22.493376799788713],[69.79993550041122,22.492511800206696],[69.80117609991827,22.488989900205397],[69.80172190040005,22.491123799993954]],[[69.9380736003001,22.527724100375327],[69.93294679961124,22.519276500453014],[69.93967100013626,22.516529900095556],[69.94377449999324,22.52047339989388],[69.94456139946605,22.525366899482247],[69.93836789916797,22.532313099918785],[69.9380736003001,22.527724100375327]],[[69.92922115195151,22.522575410044603],[69.93143215139592,22.521874759766067],[69.93373200929085,22.524185661627104],[69.93597680228348,22.53373906354482],[69.92835929368748,22.53082501847194],[69.92711785726665,22.525592230913237],[69.92922115195151,22.522575410044603]],[[69.94505719970135,22.5311918996954],[69.94310659956841,22.530989800420926],[69.94507449941607,22.529667900065814],[69.94505719970135,22.5311918996954]],[[69.919086299364,22.5425498995135],[69.92200290013646,22.542040800765953],[69.9252822003391,22.537687299941393],[69.92694149944516,22.53844869931791],[69.92568470003219,22.540566000324432],[69.92768899939743,22.538719300280594],[69.92750779996655,22.540870000263137],[69.92891049966703,22.53890500025455],[69.93263070047776,22.541172500059766],[69.93073520030443,22.542053900029238],[69.93130119982634,22.543730099998495],[69.91901620004705,22.548713999947772],[69.9132547000343,22.54773389997908],[69.90561400061222,22.54213119979933],[69.89525929988051,22.527601500094754],[69.89097860039386,22.52441060063203],[69.8842992997995,22.523999899758216],[69.86667340013439,22.530115199659388],[69.8636655993446,22.528218699766562],[69.86920669983978,22.52435740001369],[69.87627869946785,22.522036699510714],[69.87587760031424,22.520800599392295],[69.87997880014464,22.52146049975012],[69.89900660012079,22.515614300206003],[69.9186644999934,22.513359599776308],[69.91825570063732,22.51931670060463],[69.91963890040573,22.514777799628483],[69.93059570027427,22.5197687000432],[69.92613280001356,22.525291199849267],[69.92330710006583,22.524479600112176],[69.9205551999929,22.525615300277085],[69.92359890045869,22.524919800107256],[69.92591449982892,22.526070299950632],[69.92447539976081,22.52805219990508],[69.921395799448,22.530102499455584],[69.91716650028023,22.529528400089646],[69.91652930000392,22.5314421995965],[69.92289049998672,22.530034099434264],[69.92644359917723,22.52717079992985],[69.92801340047978,22.531285100386576],[69.93470540024705,22.535041300433647],[69.93144350069663,22.53712579995778],[69.92967450001447,22.53567029989477],[69.93058689969473,22.537515599427994],[69.92876430003531,22.53810919976446],[69.92526259975061,22.534960999742058],[69.91953800069996,22.533456199581288],[69.92096060012967,22.535098200045976],[69.91952029943862,22.53472620042119],[69.9179167997894,22.53626779973362],[69.9199031998783,22.53491239990818],[69.92555510068489,22.5366033998973],[69.919086299364,22.5425498995135]],[[69.95436789954348,22.534399500355892],[69.95681299993493,22.53494119982821],[69.95732350034959,22.53600050008794],[69.95436789954348,22.534399500355892]],[[70.05430180710702,22.531923147367564],[70.0500623604321,22.536962947307508],[70.05156982983728,22.53812891384201],[70.04893625396818,22.539358498960965],[70.0536492740105,22.542649635794323],[70.05720146024308,22.536944743943728],[70.05937302463133,22.537434404493442],[70.054375215846,22.545853628231892],[70.05333182804556,22.543963378788547],[70.04702175078758,22.551947280594614],[70.04391712666185,22.553517957969326],[70.04016152277018,22.552843960585573],[70.04015136419332,22.547454096300385],[70.03795514242726,22.543940843060145],[70.03882086957277,22.539778309285328],[70.03619444949507,22.538846880136084],[70.0349106968761,22.53558676046304],[70.03914809703133,22.533738234857406],[70.04110307708947,22.529203810875046],[70.04246300929104,22.529648280659107],[70.04258971621927,22.5264370708379],[70.0461080824829,22.523616569197277],[70.0482154674828,22.523750910136076],[70.05430180710702,22.531923147367564]],[[69.93104329982029,22.538666999539025],[69.93286619961734,22.538479800049714],[69.93283090005072,22.54063049975122],[69.93038729964914,22.539209099774137],[69.93104329982029,22.538666999539025]],[[69.95713140012658,22.54046470027055],[69.95765889990923,22.53890649991247],[69.96398729945653,22.54235690011903],[69.9601783005056,22.543815699831597],[69.95713140012658,22.54046470027055]],[[69.94435840085858,22.550361700268333],[69.93992719933975,22.548670599836946],[69.94154879997109,22.54714569963249],[69.9398889004701,22.54567329942773],[69.93932040043951,22.54005150046542],[69.94208969990919,22.537408299917704],[69.94907099973386,22.53632070000496],[69.95362989971852,22.538621099939988],[69.9566067995944,22.54615490003254],[69.95110409946965,22.55054409922539],[69.94435840085858,22.550361700268333]],[[70.01731170083538,22.548044600229883],[70.01932629998842,22.54813819964106],[70.02421449955293,22.55271189985919],[70.01206430019613,22.549699199727492],[70.01731170083538,22.548044600229883]],[[70.00069040033144,22.552043800576513],[69.99642109944845,22.549256700694297],[70.00506999931784,22.549933799750068],[70.01179200031991,22.552232799392254],[70.01186629956254,22.554374299567524],[70.00948749984902,22.551854899765065],[70.00069040033144,22.552043800576513]],[[70.02512640054194,22.558879399789255],[70.01619389921018,22.55739930055723],[70.0130746998439,22.554580600247633],[70.01384660003116,22.552879999934245],[70.02433870016125,22.556123800205526],[70.02512640054194,22.558879399789255]],[[70.0391856004417,22.56459979944037],[70.04274639965023,22.56665640002285],[70.0461342000778,22.569586900265136],[70.04517589969863,22.571361699796732],[70.04228419990979,22.569012200345952],[70.04286479949809,22.567214400551354],[70.04088339967241,22.565627899713526],[70.04004909917764,22.56702530007868],[70.03911340027426,22.566281500158034],[70.0391856004417,22.56459979944037]],[[70.02289570026151,22.565299999240242],[70.02268019954056,22.567049200085446],[70.02591990001004,22.57120220014951],[70.02678159968393,22.57905929951041],[70.02109490001953,22.577483400073007],[70.02478260004798,22.5812402000444],[70.02334369939102,22.582600900300438],[70.02396670074714,22.586090799978198],[70.0184807999068,22.58895970012554],[70.01510589926403,22.58772830001047],[70.00859720073538,22.592559800258172],[70.00256249983434,22.592249999898154],[69.99795810049109,22.58794280059076],[69.99556279983904,22.587460500095258],[69.99351480023994,22.58278290016202],[69.98597479989368,22.582885899742667],[69.9759648001493,22.580419199963693],[69.97783480086159,22.575537700642517],[69.97445750003425,22.579146700182733],[69.97337750024418,22.578301500545603],[69.97506289991257,22.575251900370805],[69.97251180024668,22.577336599677952],[69.97045109956471,22.577101000463045],[69.97152490020777,22.574712600263567],[69.97055430037258,22.569565299495764],[69.97043130013854,22.575272200057068],[69.96882729982016,22.576086100254365],[69.9655076001628,22.574716799830018],[69.9584219992309,22.56025980020793],[69.95978140021938,22.54947200050594],[69.96515549977102,22.55084819981364],[69.96719730049503,22.55351200026865],[69.96663370043129,22.556218299668696],[69.96902860015886,22.55481570018396],[69.96869890006793,22.55865570012891],[69.97036860002648,22.556360500014588],[69.96984750023678,22.55386650006075],[69.97263380023004,22.55235010020694],[69.96856070018026,22.553401999920766],[69.96216819981964,22.547573799777897],[69.96936799994091,22.545841600217955],[69.97730079929259,22.548646899932177],[69.97668560027485,22.55394770024273],[69.97380799970813,22.557590700188236],[69.97580029921984,22.563397599617666],[69.9745913001655,22.556743400374117],[69.97685330021164,22.558215000079727],[69.97726990030003,22.555031099610243],[69.97898700068805,22.558755299204254],[69.97825099954498,22.551067800114943],[69.9801769001358,22.556925300071004],[69.98080589974975,22.55603750030333],[69.97830340020872,22.548544599960106],[69.97520260044506,22.54673489985205],[69.99302519947419,22.5490434001238],[69.99378340030226,22.551213700197984],[70.00022849967684,22.55390080005873],[69.99657519981268,22.55810360031802],[69.9924737999691,22.557345700381866],[69.9974713000823,22.558999300138943],[69.99816060026477,22.56375329948024],[69.99850519992303,22.558379199832707],[70.00205519982224,22.55376300015858],[70.00119799995888,22.55942060013896],[70.00404989926932,22.568450000288042],[70.00094809948644,22.57230820001662],[70.00491150001822,22.568561300551917],[70.00219739980496,22.55807700015257],[70.0041938995171,22.55465669963995],[70.00685380005066,22.554606099816578],[70.01359520001311,22.558691400485586],[70.0180214003562,22.563386100177265],[70.02289570026151,22.565299999240242]],[[69.93359508394416,22.578413345737705],[69.93284652810996,22.578996171116856],[69.9320488626717,22.57825141660961],[69.93359508394416,22.578413345737705]],[[70.04692822681345,22.593852498939835],[70.0470689653148,22.59472424334439],[70.04497507745575,22.594343147188688],[70.04692822681345,22.593852498939835]],[[69.96247269975287,22.59953429961077],[69.9618098998834,22.600283600658035],[69.96063090028835,22.598601799358374],[69.96247269975287,22.59953429961077]],[[69.9545369004035,22.60270440013096],[69.95606029955343,22.600758899820107],[69.9584130001978,22.600178399883536],[69.95919979926992,22.60170859985744],[69.96275650016203,22.60031049952525],[69.96190349929977,22.596509300587943],[69.96336909996515,22.59894020059198],[69.9631651000706,22.600385399797485],[69.95869139978247,22.602211400368205],[69.95176090057494,22.604593499778115],[69.95093920019724,22.60040199960159],[69.95182730011011,22.598410000201277],[69.95567849962353,22.595986399969743],[69.95393090068342,22.597218199358537],[69.95664990072636,22.596439699538433],[69.95717909929941,22.595749999897222],[69.95914789999543,22.595853600484727],[69.95834189922444,22.597323399950703],[69.95752060023777,22.59615659974451],[69.9525602998698,22.59843779981341],[69.95158009977376,22.602726200357576],[69.95459130060752,22.601205799839413],[69.9545369004035,22.60270440013096]],[[70.12911577251919,22.9819284640819],[70.13113443858182,22.980208150130185],[70.13234888542165,22.98307967516089],[70.13149561030508,22.985319080719954],[70.12911577251919,22.9819284640819]],[[70.4357397131625,22.984307690063474],[70.43154909920081,22.98027737166607],[70.42973824505557,22.975988852700745],[70.43888680652668,22.97787709101428],[70.45243856000656,22.98747427666959],[70.45631673495951,22.997667022297616],[70.4357397131625,22.984307690063474]],[[70.44932771697651,23.04939002451937],[70.4440568557568,23.046123645570287],[70.43339136795515,23.033531355867023],[70.42343225739445,23.02622514854027],[70.41558087858894,23.017152372392754],[70.41299127290833,23.001987302604924],[70.41039098061407,22.998894334265227],[70.41008292267895,22.99601393933911],[70.41107113794874,22.98940836984868],[70.41346965559374,22.98666714153433],[70.43120906214303,23.006243879400454],[70.43753046284091,23.017713896764747],[70.44932771697651,23.04939002451937]],[[70.41675337399639,23.023035020923558],[70.42953235133663,23.03269302609617],[70.44195932573584,23.046652790016765],[70.43692966855487,23.047174083554204],[70.42972234316582,23.043862838689055],[70.4214988096545,23.03507494608251],[70.41636396369687,23.025875027049466],[70.41675337399639,23.023035020923558]],[[70.4596254009614,23.047203990224443],[70.45587595215825,23.042853653940963],[70.44832964559953,23.026635195791144],[70.44919706714349,23.025144839457965],[70.45117760309427,23.025405757850923],[70.45742750852462,23.03527225460891],[70.4596254009614,23.047203990224443]],[[70.451045874403,23.04245424702073],[70.45262709878321,23.04331125713665],[70.45299951446042,23.046150999666693],[70.45077844741361,23.04389007016639],[70.451045874403,23.04245424702073]],[[70.48344122222356,23.062720591731143],[70.46252608648301,23.051279398950772],[70.46081466710719,23.04536126995301],[70.46202762660134,23.04266070572585],[70.47973317086694,23.056722824677337],[70.48344122222356,23.062720591731143]],[[70.45971862642891,23.05564237674588],[70.45748798230233,23.05421234571179],[70.45847819365441,23.053841598396343],[70.45971862642891,23.05564237674588]],[[70.46391530581148,23.05670105240674],[70.46277708809507,23.05461126384448],[70.46955655256212,23.058241825988063],[70.47013275694594,23.058932239672924],[70.46391530581148,23.05670105240674]],[[70.25780887608626,23.17064231910241],[70.2576480302055,23.173804260206023],[70.25646397388994,23.17377469592981],[70.25661994222337,23.170621012886212],[70.25780887608626,23.17064231910241]],[[70.25254092845138,23.175842340889282],[70.25268002582725,23.177404719649946],[70.24956959636856,23.176977399235593],[70.24978274985689,23.17528306665169],[70.25217145967765,23.175484551510085],[70.25260889695744,23.170874970213735],[70.25383517048829,23.171087392720935],[70.25360544818473,23.17457330828702],[70.25598859030694,23.175382977242176],[70.25254092845138,23.175842340889282]]],[[[68.69932384724751,23.313738128515936],[68.71351459474485,23.317955857112707],[68.71369452572226,23.316465830485253],[68.70876122701145,23.315209012853003],[68.70763584098708,23.313611417242086],[68.71297453847768,23.307183907475455],[68.71181892322326,23.304696298106773],[68.69932384724751,23.313738128515936]]],[[[68.675115675247,23.331255924019462],[68.6791682594741,23.331118740003006],[68.68498524329958,23.328854686691916],[68.6828987790202,23.325623825062173],[68.675115675247,23.331255924019462]]],[[[68.66117322201691,23.34134512218349],[68.66116073588923,23.3438331856362],[68.65887773168323,23.345562825242794],[68.66050645651607,23.347454159346672],[68.67027935160355,23.34317156641785],[68.66964261136881,23.340043017148805],[68.66652052556589,23.33747564496463],[68.66117322201691,23.34134512218349]]],[[[68.61606488304473,23.37398693659236],[68.61750602181766,23.373084047590236],[68.62037670678919,23.374005167027523],[68.61808360707869,23.372526124317716],[68.61606488304473,23.37398693659236]]],[[[68.57643770889699,23.402662407548526],[68.58319942669063,23.4029078372209],[68.58367960336874,23.400113277542662],[68.59031918939311,23.393162171286022],[68.5948586648277,23.391578439892946],[68.59950146921597,23.386089306343187],[68.60856493233582,23.382857896311734],[68.61088835223833,23.380027375141267],[68.60914247217637,23.379088119646827],[68.60918237369023,23.378967337071195],[68.57643770889699,23.402662407548526]]],[[[68.5725024660473,23.40551007318377],[68.57426627463367,23.406917992112657],[68.5765702173761,23.405587667489435],[68.57558234501681,23.403281375785117],[68.5725024660473,23.40551007318377]]],[[[68.55747253754457,23.41638620269647],[68.55884534423664,23.416291090868608],[68.56280068343733,23.418275964412466],[68.5658726126908,23.41721441748149],[68.56890156509454,23.408115798494936],[68.55747253754457,23.41638620269647]]],[[[68.54598376046602,23.424699843538228],[68.54775186217273,23.424538175573808],[68.54823901931522,23.423067867223487],[68.54598376046602,23.424699843538228]]],[[[68.33338408499863,23.578543662843355],[68.33415124965032,23.57863317971855],[68.3552122197036,23.586262229656423],[68.38723906019418,23.594790909631215],[68.39470568575288,23.601033765843304],[68.39818516200624,23.60761105247627],[68.39770612613395,23.613213710122846],[68.40154506753493,23.626129349471412],[68.40349747747825,23.65771756685112],[68.40906604789178,23.67917410526181],[68.4127250148087,23.702974021558923],[68.41902527247369,23.71790183388793],[68.41884954590563,23.72709352352585],[68.42097679785012,23.73320877601375],[68.42771546919414,23.737147555126285],[68.43484345842671,23.73897933068357],[68.43886317063223,23.735673066567266],[68.44507131374064,23.735069894101283],[68.45515757194026,23.74097893850474],[68.46395655177025,23.742242610967768],[68.47317910314067,23.73909032855996],[68.47265804473456,23.73746995796825],[68.47562793208404,23.735021094462876],[68.48842432864127,23.73162173104312],[68.49860604041581,23.73816894877158],[68.50572213832488,23.740921804428407],[68.50875927504315,23.75048781269034],[68.51153224858083,23.748329919865448],[68.51935043867483,23.74764918401736],[68.52107980245663,23.743889769086998],[68.52320129866636,23.746559251796857],[68.52700274465306,23.74582124418163],[68.53069512971311,23.753599530142964],[68.5517564837405,23.779013944798763],[68.55536805698688,23.786491618505067],[68.57170637572032,23.807061492012856],[68.5740050213981,23.8137436600817],[68.58083310919488,23.820986974750106],[68.60264907452839,23.82952384878582],[68.65547931076777,23.832790441064315],[68.65836033606519,23.83345350726561],[68.6676483608776,23.84151398305597],[68.6718600684759,23.84344491672951],[68.68823481471416,23.84644551224157],[68.692709982016,23.844416616061146],[68.70006836802578,23.8380838733477],[68.70830872119241,23.83427302205475],[68.71124312907855,23.830168530971363],[68.69385412503813,23.81817345203838],[68.68148783737463,23.794956041426943],[68.67908893367023,23.795566360734657],[68.67253244105464,23.80404234322955],[68.66079858373743,23.796167822609583],[68.65674656852367,23.79820922200433],[68.65179035584792,23.794381922358312],[68.63528781200546,23.761017321162246],[68.63897060920657,23.753563540004343],[68.6445270438629,23.750529140128148],[68.64195597643578,23.74270831583098],[68.64395673016742,23.741358247398466],[68.64815516696737,23.74357873820551],[68.64843438935948,23.742129570814694],[68.64576628924006,23.740811694364368],[68.64884573399885,23.73890157576752],[68.6460946991071,23.739940360351344],[68.64679564225092,23.738021568836565],[68.64209778932543,23.739430760051267],[68.64061657997343,23.738640866815434],[68.64089580035572,23.73618043675072],[68.63792917244427,23.739038438738188],[68.63833665769188,23.742239234711],[68.634953299451,23.738758840862477],[68.63003861482764,23.741499350617772],[68.62847893251877,23.738989372564834],[68.61847946886064,23.73801868865951],[68.61830802831253,23.734592163265592],[68.61528216306093,23.735950914246885],[68.61364944172196,23.731842583185767],[68.61367908249719,23.7286102094229],[68.61568005593749,23.725869956017487],[68.62162815112795,23.724439063525118],[68.62868962819536,23.7345109486055],[68.6311562497643,23.73280890144769],[68.63215630388012,23.727820207905225],[68.62517830345266,23.725229106910124],[68.62317767494251,23.725770891865015],[68.62214798324362,23.721152511642625],[68.62092695835052,23.722610708790054],[68.62021110829822,23.720362394910687],[68.61891162705355,23.72140073374308],[68.61828899992035,23.719933498373475],[68.61493992137315,23.720290020421587],[68.61276790766054,23.717951329013953],[68.6101296073384,23.721020983251957],[68.60726105942801,23.721490190254713],[68.60550092071806,23.719571369609465],[68.60258278770584,23.72362056176623],[68.59682106407841,23.724053029108234],[68.59988127800752,23.721439574056507],[68.59521357569581,23.71979101907926],[68.59235149281392,23.71369128733562],[68.59646028653272,23.71402162646408],[68.60046212826917,23.70879443927943],[68.59566234450651,23.707972031093934],[68.59514309827756,23.705913255360887],[68.59267184897253,23.70659450424053],[68.58723565462981,23.70262505092634],[68.58459265436626,23.70402388531361],[68.58486146071289,23.70677336845831],[68.58076313415748,23.7051515602193],[68.58124271928722,23.7078243019419],[68.57962502632414,23.707241476239414],[68.57972250572298,23.708934425190265],[68.57742368070681,23.706811949494845],[68.57174534111388,23.70880100445317],[68.57203282345782,23.713383422867448],[68.56956582326693,23.715143236131656],[68.57324314618644,23.715473984240788],[68.57161461112848,23.71693165680274],[68.57372302813623,23.71711298046116],[68.57273704635543,23.71818259369384],[68.56918718234799,23.71770279037441],[68.57330456362497,23.721442253258687],[68.56711637346382,23.721462725786253],[68.55718927220585,23.716632714061948],[68.54996573650646,23.701013660046563],[68.54828935053212,23.69181211478588],[68.55187645021084,23.694545192037868],[68.55227705399673,23.69698321810684],[68.55066849837608,23.697935003629016],[68.55254541598734,23.699344444861257],[68.55768590880062,23.69444393421121],[68.55713451686837,23.6892248447827],[68.5648258501769,23.69000447523298],[68.56819472003649,23.687725888937745],[68.56795562602869,23.684944843959524],[68.56468641329371,23.6839865563225],[68.56286562892673,23.688545538215394],[68.56153701663006,23.688693979278288],[68.56259829734765,23.683556779139245],[68.56073596989197,23.68271636551035],[68.56018452693758,23.677605667313376],[68.55160793469544,23.665566068859636],[68.55261843837225,23.664167056562952],[68.55128638249624,23.662175514612194],[68.5479885320814,23.660905356530225],[68.54861739006718,23.6582781014467],[68.54070745700065,23.65750661291464],[68.54291074862964,23.653236962424067],[68.53930872492414,23.65286942600281],[68.53922879242383,23.655365950888527],[68.53831889224676,23.652638591930813],[68.53490958092087,23.650216906473993],[68.53350739206448,23.650947487025647],[68.53499089658669,23.653065637433],[68.53274706420513,23.651976346335022],[68.53250108763794,23.653317020082195],[68.52073204208456,23.64958959885147],[68.51991119773284,23.646406269758458],[68.52046129161266,23.64480849939984],[68.52218132787193,23.64494956675947],[68.52181108872314,23.642118727201563],[68.52455927652973,23.643407171561414],[68.52715798768237,23.64810849064569],[68.53337138173453,23.649236323378467],[68.5331377789717,23.646789259186757],[68.52902129672765,23.646669504104377],[68.52966123109479,23.642728581594078],[68.52601776199418,23.639286223315406],[68.52936126507701,23.637338068424516],[68.52901931029552,23.63579834301039],[68.5169404871832,23.63542934343246],[68.51462032013691,23.638308072139342],[68.51191032142532,23.638409944906833],[68.51383140075299,23.644059024077798],[68.51064021661125,23.639479002180288],[68.50793096670512,23.62197846573936],[68.51123361659111,23.621691913920966],[68.51535241813802,23.62392059680752],[68.51571224177854,23.621401649340598],[68.51195108718112,23.61918232135898],[68.51468084483805,23.61839873082621],[68.51238070976666,23.615218850556026],[68.50957428552987,23.614070106054758],[68.50929313642743,23.616232413361505],[68.50591110645001,23.61775124896716],[68.50536015688031,23.61473055925129],[68.5073004557816,23.614578571487517],[68.50221155645627,23.61284100951993],[68.50235170733409,23.609550012127887],[68.51055118417698,23.611831589629006],[68.5088826644061,23.609401450531774],[68.5091210327676,23.611302285078036],[68.50627039970475,23.610392702435806],[68.50113165371756,23.604492676142563],[68.49646194636433,23.605862466816387],[68.49537230332957,23.603651112944945],[68.4929051475911,23.605833639436888],[68.4939438724958,23.600541718531566],[68.49755447883693,23.600611069819962],[68.49507429032272,23.59918193938114],[68.49366270062438,23.59305221188933],[68.49451141281996,23.58907416060195],[68.4976333515992,23.590710505106692],[68.49515164205899,23.587421303151416],[68.49207410563533,23.58601511367224],[68.4904028760226,23.579533405767563],[68.49280362392338,23.574773163061234],[68.49481224070256,23.559196200057247],[68.49243219597294,23.553866191868476],[68.48359327007368,23.548707954604684],[68.48962352728076,23.539796265379845],[68.49061571001053,23.53222894535572],[68.49430269561758,23.52676793820048],[68.49433397699802,23.518117874969725],[68.50080024692993,23.51303964620483],[68.50073306167069,23.511608483105725],[68.50236238198343,23.51258940199658],[68.50334335556117,23.510576632185803],[68.50455991702982,23.513340516443638],[68.50252400331497,23.507190033083884],[68.50500996146098,23.502839796881837],[68.50242112929546,23.50193036344609],[68.50452726170361,23.49947116555463],[68.5129419010112,23.501039751617068],[68.51206216710597,23.49939730293578],[68.51367062459116,23.495958271983355],[68.51179190881427,23.494756022117887],[68.51739538958043,23.49036264881033],[68.51770687269632,23.486417060123152],[68.51272344480226,23.48719914451],[68.51381984067423,23.481227007711674],[68.51838985359207,23.470823802466487],[68.52116658963288,23.468559276663253],[68.51922000771181,23.46695983065981],[68.51921684132071,23.464779238067276],[68.52218757866522,23.464587028349307],[68.52082331625536,23.463127856526743],[68.52139256479607,23.461177908241513],[68.5289224424452,23.44976505201753],[68.53073317410484,23.44945914987844],[68.53219908284072,23.452489331879413],[68.53038313693936,23.453179035210802],[68.52922060956702,23.457069986806854],[68.53227388191823,23.457604513604615],[68.53558012413413,23.460477761221227],[68.53416861908266,23.4563505695325],[68.54075405700226,23.458471556526536],[68.54378880790084,23.465502495997697],[68.54626542163733,23.465061336474943],[68.54382472821723,23.462856918199],[68.54602374441514,23.46000023199533],[68.54322134393624,23.457177184182953],[68.54208492189595,23.458905696714265],[68.5392988185334,23.453730325540768],[68.54159975073955,23.452020522106643],[68.53621241427064,23.45159776924902],[68.53199629338131,23.448606550667943],[68.53062857853887,23.445201712163183],[68.53338432905002,23.43671116561296],[68.53518485693641,23.436694135736328],[68.53519167699002,23.433904031407298],[68.53789613090065,23.430552306947334],[68.33338408499863,23.578543662843355]],[[68.53542978159355,23.678266209854606],[68.53365042310753,23.678215519669813],[68.53203961608547,23.675614190857026],[68.5298092227202,23.67568511620723],[68.53110214744896,23.677347214932187],[68.52937050704635,23.679147460929755],[68.5324620542232,23.68133436818012],[68.53037055298209,23.686640386707992],[68.5340208180519,23.68853603434213],[68.52531855583561,23.689686439978164],[68.52722258700051,23.68699698431276],[68.52662192826534,23.677285807270668],[68.52417279663383,23.661916613280752],[68.52090282031152,23.656758843612455],[68.52204239948665,23.653477520167513],[68.52566804628442,23.654897451961634],[68.52286972402841,23.65473766044898],[68.52253000756646,23.656778045347],[68.52381921012449,23.656467319097775],[68.52432206994386,23.659036434896624],[68.52703068115011,23.661345114371642],[68.53074958909501,23.662977116469918],[68.53391145122691,23.66207609381118],[68.53218930261184,23.664666477254624],[68.53526091768879,23.66705640947378],[68.53350044847909,23.668247289602746],[68.53111938498077,23.666715422107963],[68.52869775901624,23.673995920711906],[68.53618799366795,23.673345788110097],[68.5389494247508,23.670525691330194],[68.54368874289403,23.67131371512651],[68.54395076010181,23.67293057731752],[68.54742652824602,23.674954379307408],[68.5434193328731,23.6790244849245],[68.54420653337807,23.682343074447083],[68.53811687805593,23.68443456454778],[68.5385671202274,23.685644720069917],[68.53438114165061,23.684974268026043],[68.53542978159355,23.678266209854606]]],[[[-60.935,10.11],[-61.77,10.0],[-61.95,10.09],[-61.66,10.365],[-61.68,10.76],[-61.105,10.89],[-60.895,10.855],[-60.935,10.11]]],[[[-77.797365,18.524218],[-77.569601,18.490525],[-76.896619,18.400867],[-76.365359,18.160701],[-76.199659,17.886867],[-76.902561,17.868238],[-77.206341,17.701116],[-77.766023,17.861597],[-78.337719,18.225968],[-78.217727,18.454533],[-77.797365,18.524218]]],[[[-65.771303,18.426679],[-65.591004,18.228035],[-65.847164,17.975906],[-66.599934,17.981823],[-67.184162,17.946553],[-67.242428,18.37446],[-67.100679,18.520601],[-66.282434,18.514762],[-65.771303,18.426679]]],[[[-68.809412,18.979074],[-68.317943,18.612198],[-68.689316,18.205142],[-69.164946,18.422648],[-69.623988,18.380713],[-69.952934,18.428307],[-70.133233,18.245915],[-70.517137,18.184291],[-70.669298,18.426886],[-70.99995,18.283329],[-71.40021,17.598564],[-71.657662,17.757573],[-71.708305,18.044997],[-72.372476,18.214961],[-72.844411,18.145611],[-73.454555,18.217906],[-73.922433,18.030993],[-74.458034,18.34255],[-74.369925,18.664908],[-73.449542,18.526053],[-72.694937,18.445799],[-72.334882,18.668422],[-72.79165,19.101625],[-72.784105,19.483591],[-73.415022,19.639551],[-73.189791,19.915684],[-72.579673,19.871501],[-71.712361,19.714456],[-71.587304,19.884911],[-70.806706,19.880286],[-70.214365,19.622885],[-69.950815,19.648],[-69.76925,19.293267],[-69.222126,19.313214],[-69.254346,19.015196],[-68.809412,18.979074]]],[[[-75.598222,21.016624],[-75.67106,20.735091],[-74.933896,20.693905],[-74.178025,20.284628],[-74.296648,20.050379],[-74.961595,19.923435],[-75.63468,19.873774],[-76.323656,19.952891],[-77.755481,19.855481],[-77.085108,20.413354],[-77.492655,20.673105],[-78.137292,20.739949],[-78.482827,21.028613],[-78.719867,21.598114],[-79.285,21.559175],[-80.217475,21.827324],[-80.517535,22.037079],[-81.820943,22.192057],[-82.169992,22.387109],[-81.795002,22.636965],[-82.775898,22.68815],[-83.494459,22.168518],[-83.9088,22.154565],[-84.052151,21.910575],[-84.54703,21.801228],[-84.974911,21.896028],[-84.447062,22.20495],[-84.230357,22.565755],[-83.77824,22.788118],[-83.267548,22.983042],[-82.510436,23.078747],[-82.268151,23.188611],[-81.404457,23.117271],[-80.618769,23.10598],[-79.679524,22.765303],[-79.281486,22.399202],[-78.347434,22.512166],[-77.993296,22.277194],[-77.146422,21.657851],[-76.523825,21.20682],[-76.19462,21.220565],[-75.598222,21.016624]]],[[[-77.54,24.34],[-77.53466,23.75975],[-77.78,23.71],[-78.03405,24.28615],[-78.40848,24.57564],[-78.19087,25.2103],[-77.89,25.17],[-77.54,24.34]]],[[[-77.35641,26.00735],[-77.34,26.53],[-77.78802,26.92516],[-77.79,27.04],[-77.0,26.59],[-77.17255,25.87918],[-77.35641,26.00735]]],[[[-78.91,26.42],[-78.98,26.79],[-78.51,26.87],[-77.85,26.84],[-77.82,26.58],[-78.91,26.42]]],[[[-63.6645,46.55001],[-62.9393,46.41587],[-62.01208,46.44314],[-62.50391,46.03339],[-62.87433,45.96818],[-64.1428,46.39265],[-64.39261,46.72747],[-64.01486,47.03601],[-63.6645,46.55001]]],[[[-53.086134,48.687804],[-52.958648,48.157164],[-52.648099,47.535548],[-53.069158,46.655499],[-53.521456,46.618292],[-54.178936,46.807066],[-53.961869,47.625207],[-54.240482,47.752279],[-55.400773,46.884994],[-55.997481,46.91972],[-55.291219,47.389562],[-56.250799,47.632545],[-57.325229,47.572807],[-59.266015,47.603348],[-59.419494,47.899454],[-58.796586,48.251525],[-59.231625,48.523188],[-58.391805,49.125581],[-57.35869,50.718274],[-56.73865,51.287438],[-55.870977,51.632094],[-55.406974,51.588273],[-55.600218,51.317075],[-56.134036,50.68701],[-56.795882,49.812309],[-56.143105,50.150117],[-55.471492,49.935815],[-55.822401,49.587129],[-54.935143,49.313011],[-54.473775,49.556691],[-53.476549,49.249139],[-53.786014,48.516781],[-53.086134,48.687804]]],[[[-61.835585,49.28855],[-61.806305,49.10506],[-62.29318,49.08717],[-63.58926,49.40069],[-64.51912,49.87304],[-64.17322,49.95718],[-62.85829,49.70641],[-61.835585,49.28855]]],[[[-6.733847,55.17286],[-5.661949,54.554603],[-6.197885,53.867565],[-6.032985,53.153164],[-6.788857,52.260118],[-8.561617,51.669301],[-9.977086,51.820455],[-9.166283,52.864629],[-9.688525,53.881363],[-8.327987,54.664519],[-7.572168,55.131622],[-6.733847,55.17286]]],[[[-23.955044,64.89113],[-22.184403,65.084968],[-22.227423,65.378594],[-24.326184,65.611189],[-23.650515,66.262519],[-22.134922,66.410469],[-20.576284,65.732112],[-19.056842,66.276601],[-17.798624,65.993853],[-16.167819,66.526792],[-14.508695,66.455892],[-14.739637,65.808748],[-13.609732,65.126671],[-14.909834,64.364082],[-17.794438,63.678749],[-18.656246,63.496383],[-19.972755,63.643635],[-22.762972,63.960179],[-21.778484,64.402116],[-23.955044,64.89113]]],[[[-75.86588,67.14886],[-76.98687,67.09873],[-77.2364,67.58809],[-76.81166,68.14856],[-75.89521,68.28721],[-75.1145,68.01036],[-75.10333,67.58202],[-75.21597,67.44425],[-75.86588,67.14886]]],[[[-66.969033,69.186087],[-68.805123,68.720198],[-66.449866,68.067163],[-64.862314,67.847539],[-63.424934,66.928473],[-61.851981,66.862121],[-62.163177,66.160251],[-63.918444,64.998669],[-65.14886,65.426033],[-66.721219,66.388041],[-68.015016,66.262726],[-68.141287,65.689789],[-67.089646,65.108455],[-65.73208,64.648406],[-65.320168,64.382737],[-64.669406,63.392927],[-65.013804,62.674185],[-66.275045,62.945099],[-68.783186,63.74567],[-67.369681,62.883966],[-66.328297,62.280075],[-66.165568,61.930897],[-68.877367,62.330149],[-71.023437,62.910708],[-72.235379,63.397836],[-71.886278,63.679989],[-73.378306,64.193963],[-74.834419,64.679076],[-74.818503,64.389093],[-77.70998,64.229542],[-78.555949,64.572906],[-77.897281,65.309192],[-76.018274,65.326969],[-73.959795,65.454765],[-74.293883,65.811771],[-73.944912,66.310578],[-72.651167,67.284576],[-72.92606,67.726926],[-73.311618,68.069437],[-74.843307,68.554627],[-76.869101,68.894736],[-76.228649,69.147769],[-77.28737,69.76954],[-78.168634,69.826488],[-78.957242,70.16688],[-79.492455,69.871808],[-81.305471,69.743185],[-84.944706,69.966634],[-87.060003,70.260001],[-88.681713,70.410741],[-89.51342,70.762038],[-88.467721,71.218186],[-89.888151,71.222552],[-90.20516,72.235074],[-89.436577,73.129464],[-88.408242,73.537889],[-85.826151,73.803816],[-86.562179,73.157447],[-85.774371,72.534126],[-84.850112,73.340278],[-82.31559,73.750951],[-80.600088,72.716544],[-80.748942,72.061907],[-78.770639,72.352173],[-77.824624,72.749617],[-75.605845,72.243678],[-74.228616,71.767144],[-74.099141,71.33084],[-72.242226,71.556925],[-71.200015,70.920013],[-68.786054,70.525024],[-67.91497,70.121948],[-66.969033,69.186087]]],[[[-31.9,82.2],[-31.39646,82.02154],[-27.85666,82.13178],[-24.84448,81.78697],[-22.90328,82.09317],[-22.07175,81.73449],[-23.16961,81.15271],[-20.62363,81.52462],[-15.76818,81.91245],[-12.77018,81.71885],[-12.20855,81.29154],[-16.28533,80.58004],[-16.85,80.35],[-20.04624,80.17708],[-17.73035,80.12912],[-18.9,79.4],[-19.70499,78.75128],[-19.67353,77.63859],[-18.47285,76.98565],[-20.03503,76.94434],[-21.67944,76.62795],[-19.83407,76.09808],[-19.59896,75.24838],[-20.66818,75.15585],[-19.37281,74.29561],[-21.59422,74.22382],[-20.43454,73.81713],[-20.76234,73.46436],[-22.17221,73.30955],[-23.56593,73.30663],[-22.31311,72.62928],[-22.29954,72.18409],[-24.27834,72.59788],[-24.79296,72.3302],[-23.44296,72.08016],[-22.13281,71.46898],[-21.75356,70.66369],[-23.53603,70.471],[-24.30702,70.85649],[-25.54341,71.43094],[-25.20135,70.75226],[-26.36276,70.22646],[-23.72742,70.18401],[-22.34902,70.12946],[-25.02927,69.2588],[-27.74737,68.47046],[-30.67371,68.12503],[-31.77665,68.12078],[-32.81105,67.73547],[-34.20196,66.67974],[-36.35284,65.9789],[-37.04378,65.93768],[-38.37505,65.69213],[-39.81222,65.45848],[-40.66899,64.83997],[-40.68281,64.13902],[-41.1887,63.48246],[-42.81938,62.68233],[-42.41666,61.90093],[-42.86619,61.07404],[-43.3784,60.09772],[-44.7875,60.03676],[-46.26364,60.85328],[-48.26294,60.85843],[-49.23308,61.40681],[-49.90039,62.38336],[-51.63325,63.62691],[-52.14014,64.27842],[-52.27659,65.1767],[-53.66166,66.09957],[-53.30161,66.8365],[-53.96911,67.18899],[-52.9804,68.35759],[-51.47536,68.72958],[-51.08041,69.14781],[-50.87122,69.9291],[-52.013585,69.574925],[-52.55792,69.42616],[-53.45629,69.283625],[-54.68336,69.61003],[-54.75001,70.28932],[-54.35884,70.821315],[-53.431315,70.835755],[-51.39014,70.56978],[-53.10937,71.20485],[-54.00422,71.54719],[-55.0,71.406537],[-55.83468,71.65444],[-54.71819,72.58625],[-55.32634,72.95861],[-56.12003,73.64977],[-57.32363,74.71026],[-58.59679,75.09861],[-58.58516,75.51727],[-61.26861,76.10238],[-63.39165,76.1752],[-66.06427,76.13486],[-68.50438,76.06141],[-69.66485,76.37975],[-71.40257,77.00857],[-68.77671,77.32312],[-66.76397,77.37595],[-71.04293,77.63595],[-73.297,78.04419],[-73.15938,78.43271],[-69.37345,78.91388],[-65.7107,79.39436],[-65.3239,79.75814],[-68.02298,80.11721],[-67.15129,80.51582],[-63.68925,81.21396],[-62.23444,81.3211],[-62.65116,81.77042],[-60.28249,82.03363],[-57.20744,82.19074],[-54.13442,82.19962],[-53.04328,81.88833],[-50.39061,82.43883],[-48.00386,82.06481],[-46.59984,81.985945],[-44.523,81.6607],[-46.9007,82.19979],[-46.76379,82.62796],[-43.40644,83.22516],[-39.89753,83.18018],[-38.62214,83.54905],[-35.08787,83.64513],[-27.10046,83.51966],[-20.84539,82.72669],[-22.69182,82.34165],[-26.51753,82.29765],[-31.9,82.2]]],[[[-79.486252,72.742203],[-79.775833,72.802902],[-80.876099,73.333183],[-80.833885,73.693184],[-80.353058,73.75972],[-78.064438,73.651932],[-76.34,73.102685],[-76.251404,72.826385],[-77.314438,72.855545],[-78.39167,72.876656],[-79.486252,72.742203]]],[[[-76.25,83.172059],[-75.71878,83.06404],[-72.83153,83.23324],[-70.665765,83.169781],[-68.5,83.106322],[-65.82735,83.02801],[-63.68,82.9],[-61.85,82.6286],[-61.89388,82.36165],[-64.334,81.92775],[-66.75342,81.72527],[-67.65755,81.50141],[-65.48031,81.50657],[-67.84,80.9],[-69.4697,80.61683],[-71.18,79.8],[-73.2428,79.63415],[-73.88,79.430162],[-76.90773,79.32309],[-75.52924,79.19766],[-76.22046,79.01907],[-75.39345,78.52581],[-76.34354,78.18296],[-77.88851,77.89991],[-78.36269,77.50859],[-79.75951,77.20968],[-79.61965,76.98336],[-77.91089,77.022045],[-77.88911,76.777955],[-80.56125,76.17812],[-83.17439,76.45403],[-86.11184,76.29901],[-87.6,76.42],[-89.49068,76.47239],[-89.6161,76.95213],[-87.76739,77.17833],[-88.26,77.9],[-87.65,77.970222],[-84.97634,77.53873],[-86.34,78.18],[-87.96192,78.37181],[-87.15198,78.75867],[-85.37868,78.9969],[-85.09495,79.34543],[-86.50734,79.73624],[-86.93179,80.25145],[-84.19844,80.20836],[-83.408696,80.1],[-81.84823,80.46442],[-84.1,80.58],[-87.59895,80.51627],[-89.36663,80.85569],[-90.2,81.26],[-91.36786,81.5531],[-91.58702,81.89429],[-90.1,82.085],[-88.93227,82.11751],[-86.97024,82.27961],[-85.5,82.652273],[-84.260005,82.6],[-83.18,82.32],[-82.42,82.86],[-81.1,83.02],[-79.30664,83.13056],[-76.25,83.172059]]],[[[-175.829882,-84.117914],[-174.382503,-84.534323],[-173.116559,-84.117914],[-172.889106,-84.061019],[-169.951223,-83.884647],[-168.999989,-84.117914],[-168.530199,-84.23739],[-167.022099,-84.570497],[-164.182144,-84.82521],[-161.929775,-85.138731],[-158.07138,-85.37391],[-155.192253,-85.09956],[-150.942099,-85.295517],[-148.533073,-85.609038],[-145.888918,-85.315102],[-143.107718,-85.040752],[-142.892279,-84.570497],[-146.829068,-84.531274],[-150.060732,-84.296146],[-150.902928,-83.904232],[-153.586201,-83.68869],[-153.409907,-83.23802],[-153.037759,-82.82652],[-152.665637,-82.454192],[-152.861517,-82.042692],[-154.526299,-81.768394],[-155.29018,-81.41565],[-156.83745,-81.102129],[-154.408787,-81.160937],[-152.097662,-81.004151],[-150.648293,-81.337309],[-148.865998,-81.043373],[-147.22075,-80.671045],[-146.417749,-80.337938],[-146.770286,-79.926439],[-148.062947,-79.652089],[-149.531901,-79.358205],[-151.588416,-79.299397],[-153.390322,-79.162248],[-155.329376,-79.064269],[-155.975668,-78.69194],[-157.268302,-78.378419],[-158.051768,-78.025676],[-158.365134,-76.889207],[-157.875474,-76.987238],[-156.974573,-77.300759],[-155.329376,-77.202728],[-153.742832,-77.065579],[-152.920247,-77.496664],[-151.33378,-77.398737],[-150.00195,-77.183143],[-148.748486,-76.908845],[-147.612483,-76.575738],[-146.104409,-76.47776],[-146.143528,-76.105431],[-146.496091,-75.733154],[-146.20231,-75.380411],[-144.909624,-75.204039],[-144.322037,-75.537197],[-142.794353,-75.34124],[-141.638764,-75.086475],[-140.209007,-75.06689],[-138.85759,-74.968911],[-137.5062,-74.733783],[-136.428901,-74.518241],[-135.214583,-74.302699],[-134.431194,-74.361455],[-133.745654,-74.439848],[-132.257168,-74.302699],[-130.925311,-74.479019],[-129.554284,-74.459433],[-128.242038,-74.322284],[-126.890622,-74.420263],[-125.402082,-74.518241],[-124.011496,-74.479019],[-122.562152,-74.498604],[-121.073613,-74.518241],[-119.70256,-74.479019],[-118.684145,-74.185083],[-117.469801,-74.028348],[-116.216312,-74.243891],[-115.021552,-74.067519],[-113.944331,-73.714828],[-113.297988,-74.028348],[-112.945452,-74.38104],[-112.299083,-74.714198],[-111.261059,-74.420263],[-110.066325,-74.79254],[-108.714909,-74.910103],[-107.559346,-75.184454],[-106.149148,-75.125698],[-104.876074,-74.949326],[-103.367949,-74.988497],[-102.016507,-75.125698],[-100.645531,-75.302018],[-100.1167,-74.870933],[-100.763043,-74.537826],[-101.252703,-74.185083],[-102.545337,-74.106742],[-103.113313,-73.734413],[-103.328752,-73.362084],[-103.681289,-72.61753],[-102.917485,-72.754679],[-101.60524,-72.813436],[-100.312528,-72.754679],[-99.13738,-72.911414],[-98.118889,-73.20535],[-97.688037,-73.558041],[-96.336595,-73.616849],[-95.043961,-73.4797],[-93.672907,-73.283743],[-92.439003,-73.166179],[-91.420564,-73.401307],[-90.088733,-73.322914],[-89.226951,-72.558722],[-88.423951,-73.009393],[-87.268337,-73.185764],[-86.014822,-73.087786],[-85.192236,-73.4797],[-83.879991,-73.518871],[-82.665646,-73.636434],[-81.470913,-73.851977],[-80.687447,-73.4797],[-80.295791,-73.126956],[-79.296886,-73.518871],[-77.925858,-73.420892],[-76.907367,-73.636434],[-76.221879,-73.969541],[-74.890049,-73.871614],[-73.852024,-73.65602],[-72.833533,-73.401307],[-71.619215,-73.264157],[-70.209042,-73.146542],[-68.935916,-73.009393],[-67.956622,-72.79385],[-67.369061,-72.480329],[-67.134036,-72.049244],[-67.251548,-71.637745],[-67.56494,-71.245831],[-67.917477,-70.853917],[-68.230843,-70.462055],[-68.485452,-70.109311],[-68.544209,-69.717397],[-68.446282,-69.325535],[-67.976233,-68.953206],[-67.5845,-68.541707],[-67.427843,-68.149844],[-67.62367,-67.718759],[-67.741183,-67.326845],[-67.251548,-66.876175],[-66.703184,-66.58224],[-66.056815,-66.209963],[-65.371327,-65.89639],[-64.568276,-65.602506],[-64.176542,-65.171423],[-63.628152,-64.897073],[-63.001394,-64.642308],[-62.041686,-64.583552],[-61.414928,-64.270031],[-60.709855,-64.074074],[-59.887269,-63.95651],[-59.162585,-63.701745],[-58.594557,-63.388224],[-57.811143,-63.27066],[-57.223582,-63.525425],[-57.59573,-63.858532],[-58.614143,-64.152467],[-59.045073,-64.36801],[-59.789342,-64.211223],[-60.611928,-64.309202],[-61.297416,-64.54433],[-62.0221,-64.799094],[-62.51176,-65.09303],[-62.648858,-65.484942],[-62.590128,-65.857219],[-62.120079,-66.190326],[-62.805567,-66.425505],[-63.74569,-66.503847],[-64.294106,-66.837004],[-64.881693,-67.150474],[-65.508425,-67.58161],[-65.665082,-67.953887],[-65.312545,-68.365335],[-64.783715,-68.678908],[-63.961103,-68.913984],[-63.1973,-69.227556],[-62.785955,-69.619419],[-62.570516,-69.991747],[-62.276736,-70.383661],[-61.806661,-70.716768],[-61.512906,-71.089045],[-61.375809,-72.010074],[-61.081977,-72.382351],[-61.003661,-72.774265],[-60.690269,-73.166179],[-60.827367,-73.695242],[-61.375809,-74.106742],[-61.96337,-74.439848],[-63.295201,-74.576997],[-63.74569,-74.92974],[-64.352836,-75.262847],[-65.860987,-75.635124],[-67.192818,-75.79191],[-68.446282,-76.007452],[-69.797724,-76.222995],[-70.600724,-76.634494],[-72.206776,-76.673665],[-73.969536,-76.634494],[-75.555977,-76.712887],[-77.24037,-76.712887],[-76.926979,-77.104802],[-75.399294,-77.28107],[-74.282876,-77.55542],[-73.656119,-77.908112],[-74.772536,-78.221633],[-76.4961,-78.123654],[-77.925858,-78.378419],[-77.984666,-78.789918],[-78.023785,-79.181833],[-76.848637,-79.514939],[-76.633224,-79.887216],[-75.360097,-80.259545],[-73.244852,-80.416331],[-71.442946,-80.69063],[-70.013163,-81.004151],[-68.191646,-81.317672],[-65.704279,-81.474458],[-63.25603,-81.748757],[-61.552026,-82.042692],[-59.691416,-82.37585],[-58.712121,-82.846106],[-58.222487,-83.218434],[-57.008117,-82.865691],[-55.362894,-82.571755],[-53.619771,-82.258235],[-51.543644,-82.003521],[-49.76135,-81.729171],[-47.273931,-81.709586],[-44.825708,-81.846735],[-42.808363,-82.081915],[-42.16202,-81.65083],[-40.771433,-81.356894],[-38.244818,-81.337309],[-36.26667,-81.121715],[-34.386397,-80.906172],[-32.310296,-80.769023],[-30.097098,-80.592651],[-28.549802,-80.337938],[-29.254901,-79.985195],[-29.685805,-79.632503],[-29.685805,-79.260226],[-31.624808,-79.299397],[-33.681324,-79.456132],[-35.639912,-79.456132],[-35.914107,-79.083855],[-35.77701,-78.339248],[-35.326546,-78.123654],[-33.896763,-77.888526],[-32.212369,-77.65345],[-30.998051,-77.359515],[-29.783732,-77.065579],[-28.882779,-76.673665],[-27.511752,-76.497345],[-26.160336,-76.360144],[-25.474822,-76.281803],[-23.927552,-76.24258],[-22.458598,-76.105431],[-21.224694,-75.909474],[-20.010375,-75.674346],[-18.913543,-75.439218],[-17.522982,-75.125698],[-16.641589,-74.79254],[-15.701491,-74.498604],[-15.40771,-74.106742],[-16.46532,-73.871614],[-16.112784,-73.460114],[-15.446855,-73.146542],[-14.408805,-72.950585],[-13.311973,-72.715457],[-12.293508,-72.401936],[-11.510067,-72.010074],[-11.020433,-71.539767],[-10.295774,-71.265416],[-9.101015,-71.324224],[-8.611381,-71.65733],[-7.416622,-71.696501],[-7.377451,-71.324224],[-6.868232,-70.93231],[-5.790985,-71.030289],[-5.536375,-71.402617],[-4.341667,-71.461373],[-3.048981,-71.285053],[-1.795492,-71.167438],[-0.659489,-71.226246],[-0.228637,-71.637745],[0.868195,-71.304639],[1.886686,-71.128267],[3.022638,-70.991118],[4.139055,-70.853917],[5.157546,-70.618789],[6.273912,-70.462055],[7.13572,-70.246512],[7.742866,-69.893769],[8.48711,-70.148534],[9.525135,-70.011333],[10.249845,-70.48164],[10.817821,-70.834332],[11.953824,-70.638375],[12.404287,-70.246512],[13.422778,-69.972162],[14.734998,-70.030918],[15.126757,-70.403247],[15.949342,-70.030918],[17.026589,-69.913354],[18.201711,-69.874183],[19.259373,-69.893769],[20.375739,-70.011333],[21.452985,-70.07014],[21.923034,-70.403247],[22.569403,-70.697182],[23.666184,-70.520811],[24.841357,-70.48164],[25.977309,-70.48164],[27.093726,-70.462055],[28.09258,-70.324854],[29.150242,-70.20729],[30.031583,-69.93294],[30.971733,-69.75662],[31.990172,-69.658641],[32.754053,-69.384291],[33.302443,-68.835642],[33.870419,-68.502588],[34.908495,-68.659271],[35.300202,-69.012014],[36.16201,-69.247142],[37.200035,-69.168748],[37.905108,-69.52144],[38.649404,-69.776205],[39.667894,-69.541077],[40.020431,-69.109941],[40.921358,-68.933621],[41.959434,-68.600514],[42.938702,-68.463313],[44.113876,-68.267408],[44.897291,-68.051866],[45.719928,-67.816738],[46.503343,-67.601196],[47.44344,-67.718759],[48.344419,-67.366068],[48.990736,-67.091718],[49.930885,-67.111303],[50.753471,-66.876175],[50.949325,-66.523484],[51.791547,-66.249133],[52.614133,-66.053176],[53.613038,-65.89639],[54.53355,-65.818049],[55.414943,-65.876805],[56.355041,-65.974783],[57.158093,-66.249133],[57.255968,-66.680218],[58.137361,-67.013324],[58.744508,-67.287675],[59.939318,-67.405239],[60.605221,-67.679589],[61.427806,-67.953887],[62.387489,-68.012695],[63.19049,-67.816738],[64.052349,-67.405239],[64.992447,-67.620729],[65.971715,-67.738345],[66.911864,-67.855909],[67.891133,-67.934302],[68.890038,-67.934302],[69.712624,-68.972791],[69.673453,-69.227556],[69.555941,-69.678226],[68.596258,-69.93294],[67.81274,-70.305268],[67.949889,-70.697182],[69.066307,-70.677545],[68.929157,-71.069459],[68.419989,-71.441788],[67.949889,-71.853287],[68.71377,-72.166808],[69.869307,-72.264787],[71.024895,-72.088415],[71.573285,-71.696501],[71.906288,-71.324224],[72.454627,-71.010703],[73.08141,-70.716768],[73.33602,-70.364024],[73.864877,-69.874183],[74.491557,-69.776205],[75.62756,-69.737034],[76.626465,-69.619419],[77.644904,-69.462684],[78.134539,-69.07077],[78.428371,-68.698441],[79.113859,-68.326216],[80.093127,-68.071503],[80.93535,-67.875546],[81.483792,-67.542388],[82.051767,-67.366068],[82.776426,-67.209282],[83.775331,-67.30726],[84.676206,-67.209282],[85.655527,-67.091718],[86.752359,-67.150474],[87.477017,-66.876175],[87.986289,-66.209911],[88.358411,-66.484261],[88.828408,-66.954568],[89.67063,-67.150474],[90.630365,-67.228867],[91.5901,-67.111303],[92.608539,-67.189696],[93.548637,-67.209282],[94.17542,-67.111303],[95.017591,-67.170111],[95.781472,-67.385653],[96.682399,-67.248504],[97.759646,-67.248504],[98.68021,-67.111303],[99.718182,-67.248504],[100.384188,-66.915346],[100.893356,-66.58224],[101.578896,-66.30789],[102.832411,-65.563284],[103.478676,-65.700485],[104.242557,-65.974783],[104.90846,-66.327527],[106.181561,-66.934931],[107.160881,-66.954568],[108.081393,-66.954568],[109.15864,-66.837004],[110.235835,-66.699804],[111.058472,-66.425505],[111.74396,-66.13157],[112.860378,-66.092347],[113.604673,-65.876805],[114.388088,-66.072762],[114.897308,-66.386283],[115.602381,-66.699804],[116.699161,-66.660633],[117.384701,-66.915346],[118.57946,-67.170111],[119.832924,-67.268089],[120.871,-67.189696],[121.654415,-66.876175],[122.320369,-66.562654],[123.221296,-66.484261],[124.122274,-66.621462],[125.160247,-66.719389],[126.100396,-66.562654],[127.001427,-66.562654],[127.882768,-66.660633],[128.80328,-66.758611],[129.704259,-66.58224],[130.781454,-66.425505],[131.799945,-66.386283],[132.935896,-66.386283],[133.85646,-66.288304],[134.757387,-66.209963],[135.031582,-65.72007],[135.070753,-65.308571],[135.697485,-65.582869],[135.873805,-66.033591],[136.206705,-66.44509],[136.618049,-66.778197],[137.460271,-66.954568],[138.596223,-66.895761],[139.908442,-66.876175],[140.809421,-66.817367],[142.121692,-66.817367],[143.061842,-66.797782],[144.374061,-66.837004],[145.490427,-66.915346],[146.195552,-67.228867],[145.999699,-67.601196],[146.646067,-67.895131],[147.723263,-68.130259],[148.839629,-68.385024],[150.132314,-68.561292],[151.483705,-68.71813],[152.502247,-68.874813],[153.638199,-68.894502],[154.284567,-68.561292],[155.165857,-68.835642],[155.92979,-69.149215],[156.811132,-69.384291],[158.025528,-69.482269],[159.181013,-69.599833],[159.670699,-69.991747],[160.80665,-70.226875],[161.570479,-70.579618],[162.686897,-70.736353],[163.842434,-70.716768],[164.919681,-70.775524],[166.11444,-70.755938],[167.309095,-70.834332],[168.425616,-70.971481],[169.463589,-71.20666],[170.501665,-71.402617],[171.20679,-71.696501],[171.089227,-72.088415],[170.560422,-72.441159],[170.109958,-72.891829],[169.75737,-73.24452],[169.287321,-73.65602],[167.975101,-73.812806],[167.387489,-74.165498],[166.094803,-74.38104],[165.644391,-74.772954],[164.958851,-75.145283],[164.234193,-75.458804],[163.822797,-75.870303],[163.568239,-76.24258],[163.47026,-76.693302],[163.489897,-77.065579],[164.057873,-77.457442],[164.273363,-77.82977],[164.743464,-78.182514],[166.604126,-78.319611],[166.995781,-78.750748],[165.193876,-78.907483],[163.666217,-79.123025],[161.766385,-79.162248],[160.924162,-79.730482],[160.747894,-80.200737],[160.316964,-80.573066],[159.788211,-80.945395],[161.120016,-81.278501],[161.629287,-81.690001],[162.490992,-82.062278],[163.705336,-82.395435],[165.095949,-82.708956],[166.604126,-83.022477],[168.895665,-83.335998],[169.404782,-83.825891],[172.283934,-84.041433],[172.477049,-84.117914],[173.224083,-84.41371],[175.985672,-84.158997],[178.277212,-84.472518],[180.0,-84.71338],[180.0,-90.0],[-180.0,-90.0],[-180.0,-84.71338],[-179.942499,-84.721443],[-179.058677,-84.139412],[-177.256772,-84.452933],[-177.140807,-84.417941],[-176.084673,-84.099259],[-175.947235,-84.110449],[-175.829882,-84.117914]]],[[[13.741156,38.034966],[14.761249,38.143874],[15.520376,38.231155],[15.160243,37.444046],[15.309898,37.134219],[15.099988,36.619987],[14.335229,36.996631],[13.826733,37.104531],[12.431004,37.61295],[12.570944,38.126381],[13.741156,38.034966]]],[[[8.709991,40.899984],[9.210012,41.209991],[9.809975,40.500009],[9.669519,39.177376],[9.214818,39.240473],[8.806936,38.906618],[8.428302,39.171847],[8.388253,40.378311],[8.159998,40.950007],[8.709991,40.899984]]],[[[9.229752,41.380007],[8.775723,41.583612],[8.544213,42.256517],[8.746009,42.628122],[9.390001,43.009985],[9.560016,42.152492],[9.229752,41.380007]]],[[[-5.586398,55.311146],[-5.644999,56.275015],[-6.149981,56.78501],[-5.786825,57.818848],[-5.009999,58.630013],[-4.211495,58.550845],[-3.005005,58.635],[-4.073828,57.553025],[-3.055002,57.690019],[-1.959281,57.6848],[-2.219988,56.870017],[-3.119003,55.973793],[-2.085009,55.909998],[-2.005676,55.804903],[-1.114991,54.624986],[-0.430485,54.464376],[0.184981,53.325014],[0.469977,52.929999],[1.681531,52.73952],[1.559988,52.099998],[1.050562,51.806761],[1.449865,51.289428],[0.550334,50.765739],[-0.787517,50.774989],[-2.489998,50.500019],[-2.956274,50.69688],[-3.617448,50.228356],[-4.542508,50.341837],[-5.245023,49.96],[-5.776567,50.159678],[-4.30999,51.210001],[-3.414851,51.426009],[-3.422719,51.426848],[-4.984367,51.593466],[-5.267296,51.9914],[-4.222347,52.301356],[-4.770013,52.840005],[-4.579999,53.495004],[-3.093831,53.404547],[-3.09208,53.404441],[-2.945009,53.985],[-3.614701,54.600937],[-3.630005,54.615013],[-4.844169,54.790971],[-5.082527,55.061601],[-4.719112,55.508473],[-5.047981,55.783986],[-5.586398,55.311146]]],[[[10.903914,55.779955],[12.370904,56.111407],[12.690006,55.609991],[12.089991,54.800015],[11.043543,55.364864],[10.903914,55.779955]]],[[[15.91315,76.77045],[13.76259,77.38035],[14.66956,77.73565],[13.1706,78.02493],[11.22231,78.8693],[10.44453,79.65239],[13.17077,80.01046],[13.71852,79.66039],[15.14282,79.67431],[15.52255,80.01608],[16.99085,80.05086],[18.25183,79.70175],[21.54383,78.95611],[19.02737,78.5626],[18.47172,77.82669],[17.59441,77.63796],[17.1182,76.80941],[15.91315,76.77045]]],[[[32.946961,35.386703],[33.667227,35.373216],[34.576474,35.671596],[33.900804,35.245756],[33.973617,35.058506],[34.004881,34.978098],[32.979827,34.571869],[32.490296,34.701655],[32.256667,35.103232],[32.73178,35.140026],[32.802474,35.145504],[32.946961,35.386703]]],[[[25.745023,35.179998],[26.290003,35.29999],[26.164998,35.004995],[24.724982,34.919988],[24.735007,35.084991],[23.514978,35.279992],[23.69998,35.705004],[24.246665,35.368022],[25.025015,35.424996],[25.769208,35.354018],[25.745023,35.179998]]],[[[20.72601,77.67704],[21.41611,77.93504],[20.8119,78.25463],[22.88426,78.45494],[23.28134,78.07954],[24.72412,77.85385],[22.49032,77.44493],[20.72601,77.67704]]],[[[22.919253,80.657144],[25.447625,80.40734],[27.407506,80.056406],[25.924651,79.517834],[23.024466,79.400012],[20.075188,79.566823],[19.897266,79.842362],[18.462264,79.85988],[17.368015,80.318896],[20.455992,80.598156],[21.907945,80.357679],[22.919253,80.657144]]],[[[69.58,-48.94],[70.525,-49.065],[70.56,-49.255],[70.28,-49.71],[68.745,-49.775],[68.72,-49.2425],[68.8675,-48.83],[68.935,-48.625],[69.58,-48.94]]],[[[49.774564,-16.875042],[49.498612,-17.106036],[49.435619,-17.953064],[49.041792,-19.118781],[48.548541,-20.496888],[47.930749,-22.391501],[47.547723,-23.781959],[47.095761,-24.94163],[46.282478,-25.178463],[45.409508,-25.601434],[44.833574,-25.346101],[44.03972,-24.988345],[43.763768,-24.460677],[43.697778,-23.574116],[43.345654,-22.776904],[43.254187,-22.057413],[43.433298,-21.336475],[43.893683,-21.163307],[43.89637,-20.830459],[44.374325,-20.072366],[44.464397,-19.435454],[44.232422,-18.961995],[44.042976,-18.331387],[43.963084,-17.409945],[44.312469,-16.850496],[44.446517,-16.216219],[44.944937,-16.179374],[45.502732,-15.974373],[45.872994,-15.793454],[46.312243,-15.780018],[46.882183,-15.210182],[47.70513,-14.594303],[48.005215,-14.091233],[47.869047,-13.663869],[48.293828,-13.784068],[48.84506,-13.089175],[48.863509,-12.487868],[49.194651,-12.040557],[49.543519,-12.469833],[49.808981,-12.895285],[50.056511,-13.555761],[50.217431,-14.758789],[50.476537,-15.226512],[50.377111,-15.706069],[50.200275,-16.000263],[49.860606,-15.414253],[49.672607,-15.710204],[49.863344,-16.451037],[49.774564,-16.875042]]],[[[120.775502,-9.969675],[120.715609,-10.239581],[120.295014,-10.25865],[118.967808,-9.557969],[119.90031,-9.36134],[120.425756,-9.665921],[120.775502,-9.969675]]],[[[118.260616,-8.362383],[118.87846,-8.280683],[119.126507,-8.705825],[117.970402,-8.906639],[117.277731,-9.040895],[116.740141,-9.032937],[117.083737,-8.457158],[117.632024,-8.449303],[117.900018,-8.095681],[118.260616,-8.362383]]],[[[113.464734,-8.348947],[112.559672,-8.376181],[111.522061,-8.302129],[110.58615,-8.122605],[109.427667,-7.740664],[108.693655,-7.6416],[108.277763,-7.766657],[106.454102,-7.3549],[106.280624,-6.9249],[105.365486,-6.851416],[106.051646,-5.895919],[107.265009,-5.954985],[108.072091,-6.345762],[108.486846,-6.421985],[108.623479,-6.777674],[110.539227,-6.877358],[110.759576,-6.465186],[112.614811,-6.946036],[112.978768,-7.594213],[114.478935,-7.776528],[115.705527,-8.370807],[114.564511,-8.751817],[113.464734,-8.348947]]],[[[102.584261,-4.220259],[102.156173,-3.614146],[101.399113,-2.799777],[100.902503,-2.050262],[100.141981,-0.650348],[99.26374,0.183142],[98.970011,1.042882],[98.601351,1.823507],[97.699598,2.453184],[97.176942,3.308791],[96.424017,3.86886],[95.380876,4.970782],[95.293026,5.479821],[95.936863,5.439513],[97.484882,5.246321],[98.369169,4.26837],[99.142559,3.59035],[99.693998,3.174329],[100.641434,2.099381],[101.658012,2.083697],[102.498271,1.3987],[103.07684,0.561361],[103.838396,0.104542],[103.437645,-0.711946],[104.010789,-1.059212],[104.369991,-1.084843],[104.53949,-1.782372],[104.887893,-2.340425],[105.622111,-2.428844],[106.108593,-3.061777],[105.857446,-4.305525],[105.817655,-5.852356],[104.710384,-5.873285],[103.868213,-5.037315],[102.584261,-4.220259]]],[[[116.533797,-2.483517],[116.148084,-4.012726],[116.000858,-3.657037],[114.864803,-4.106984],[114.468652,-3.495704],[113.755672,-3.43917],[113.256994,-3.118776],[112.068126,-3.478392],[111.703291,-2.994442],[111.04824,-3.049426],[110.223846,-2.934032],[110.070936,-1.592874],[109.571948,-1.314907],[109.091874,-0.459507],[108.952658,0.415375],[109.069136,1.341934],[109.66326,2.006467],[110.396135,1.663775],[111.168853,1.850637],[111.370081,2.697303],[111.796928,2.885897],[112.995615,3.102395],[113.712935,3.893509],[114.204017,4.525874],[114.599961,4.900011],[115.45071,5.44773],[116.220741,6.143191],[116.725103,6.924771],[117.129626,6.928053],[117.643393,6.422166],[117.689075,5.98749],[118.347691,5.708696],[119.181904,5.407836],[119.110694,5.016128],[118.439727,4.966519],[118.618321,4.478202],[117.882035,4.137551],[117.313232,3.234428],[118.04833,2.28769],[117.875627,1.827641],[118.996747,0.902219],[117.811858,0.784242],[117.478339,0.102475],[117.521644,-0.803723],[116.560048,-1.487661],[116.533797,-2.483517]]],[[[81.637322,6.481775],[81.21802,6.197141],[80.348357,5.96837],[79.872469,6.763463],[79.695167,8.200843],[80.147801,9.824078],[80.838818,9.268427],[81.304319,8.564206],[81.787959,7.523055],[81.637322,6.481775]]],[[[117.174275,8.3675],[117.664477,9.066889],[118.386914,9.6845],[118.987342,10.376292],[119.511496,11.369668],[119.689677,10.554291],[119.029458,10.003653],[118.504581,9.316383],[117.174275,8.3675]]],[[[108.655208,18.507682],[108.626217,19.367888],[109.119056,19.821039],[110.211599,20.101254],[110.786551,20.077534],[111.010051,19.69593],[110.570647,19.255879],[110.339188,18.678395],[109.47521,18.197701],[108.655208,18.507682]]],[[[68.180573,76.233642],[64.637326,75.737755],[61.583508,75.260885],[58.477082,74.309056],[56.986786,73.333044],[55.419336,72.371268],[55.622838,71.540595],[57.535693,70.720464],[56.944979,70.632743],[53.677375,70.762658],[53.412017,71.206662],[51.601895,71.474759],[51.455754,72.014881],[52.478275,72.229442],[52.444169,72.774731],[54.427614,73.627548],[53.50829,73.749814],[55.902459,74.627486],[55.631933,75.081412],[57.868644,75.60939],[61.170044,76.251883],[64.498368,76.439055],[66.210977,76.809782],[68.15706,76.939697],[68.852211,76.544811],[68.180573,76.233642]]],[[[101.2649,79.23399],[102.08635,79.34641],[102.837815,79.28129],[105.37243,78.71334],[105.07547,78.30689],[99.43814,77.921],[101.2649,79.23399]]],[[[93.77766,81.0246],[95.940895,81.2504],[97.88385,80.746975],[100.186655,79.780135],[99.93976,78.88094],[97.75794,78.7562],[94.97259,79.044745],[93.31288,79.4265],[92.5454,80.14379],[91.18107,80.34146],[93.77766,81.0246]]],[[[48.894411,80.339567],[48.754937,80.175468],[47.586119,80.010181],[46.502826,80.247247],[47.072455,80.559424],[44.846958,80.58981],[46.799139,80.771918],[48.318477,80.78401],[48.522806,80.514569],[49.09719,80.753986],[50.039768,80.918885],[51.522933,80.699726],[51.136187,80.54728],[49.793685,80.415428],[48.894411,80.339567]]],[[[173.958405,-40.926701],[174.247587,-41.349155],[174.248517,-41.770008],[173.876447,-42.233184],[173.22274,-42.970038],[172.711246,-43.372288],[173.080113,-43.853344],[172.308584,-43.865694],[171.452925,-44.242519],[171.185138,-44.897104],[170.616697,-45.908929],[169.831422,-46.355775],[169.332331,-46.641235],[168.411354,-46.619945],[167.763745,-46.290197],[166.676886,-46.219917],[166.509144,-45.852705],[167.046424,-45.110941],[168.303763,-44.123973],[168.949409,-43.935819],[169.667815,-43.555326],[170.52492,-43.031688],[171.12509,-42.512754],[171.569714,-41.767424],[171.948709,-41.514417],[172.097227,-40.956104],[172.79858,-40.493962],[173.020375,-40.919052],[173.247234,-41.331999],[173.958405,-40.926701]]],[[[145.43193,-42.693776],[145.29509,-42.03361],[144.718071,-41.162552],[144.743755,-40.703975],[145.397978,-40.792549],[146.364121,-41.137695],[146.908584,-41.000546],[147.689259,-40.808258],[148.289068,-40.875438],[148.359865,-42.062445],[148.017301,-42.407024],[147.914052,-43.211522],[147.564564,-42.937689],[146.870343,-43.634597],[146.663327,-43.580854],[146.048378,-43.549745],[145.43193,-42.693776]]],[[[173.852262,-39.146602],[174.574802,-38.797683],[174.743474,-38.027808],[174.697017,-37.381129],[174.292028,-36.711092],[174.319004,-36.534824],[173.840997,-36.121981],[173.054171,-35.237125],[172.636005,-34.529107],[173.007042,-34.450662],[173.551298,-35.006183],[174.32939,-35.265496],[174.612009,-36.156397],[175.336616,-37.209098],[175.357596,-36.526194],[175.808887,-36.798942],[175.95849,-37.555382],[176.763195,-37.881253],[177.438813,-37.961248],[178.010354,-37.579825],[178.517094,-37.695373],[178.274731,-38.582813],[177.97046,-39.166343],[177.206993,-39.145776],[176.939981,-39.449736],[177.032946,-39.879943],[176.885824,-40.065978],[176.508017,-40.604808],[176.01244,-41.289624],[175.239567,-41.688308],[175.067898,-41.425895],[174.650973,-41.281821],[175.22763,-40.459236],[174.900157,-39.908933],[173.824047,-39.508854],[173.852262,-39.146602]]],[[[119.893695,-33.976065],[119.298899,-34.509366],[119.007341,-34.464149],[118.505718,-34.746819],[118.024972,-35.064733],[117.295507,-35.025459],[116.625109,-35.025097],[115.564347,-34.386428],[115.026809,-34.196517],[115.048616,-33.623425],[115.545123,-33.487258],[115.714674,-33.259572],[115.679379,-32.900369],[115.801645,-32.205062],[115.689611,-31.612437],[115.160909,-30.601594],[114.997043,-30.030725],[115.040038,-29.461095],[114.641974,-28.810231],[114.616498,-28.516399],[114.173579,-28.118077],[114.048884,-27.334765],[113.477498,-26.543134],[113.338953,-26.116545],[113.778358,-26.549025],[113.440962,-25.621278],[113.936901,-25.911235],[114.232852,-26.298446],[114.216161,-25.786281],[113.721255,-24.998939],[113.625344,-24.683971],[113.393523,-24.384764],[113.502044,-23.80635],[113.706993,-23.560215],[113.843418,-23.059987],[113.736552,-22.475475],[114.149756,-21.755881],[114.225307,-22.517488],[114.647762,-21.82952],[115.460167,-21.495173],[115.947373,-21.068688],[116.711615,-20.701682],[117.166316,-20.623599],[117.441545,-20.746899],[118.229559,-20.374208],[118.836085,-20.263311],[118.987807,-20.044203],[119.252494,-19.952942],[119.805225,-19.976506],[120.85622,-19.683708],[121.399856,-19.239756],[121.655138,-18.705318],[122.241665,-18.197649],[122.286624,-17.798603],[122.312772,-17.254967],[123.012574,-16.4052],[123.433789,-17.268558],[123.859345,-17.069035],[123.503242,-16.596506],[123.817073,-16.111316],[124.258287,-16.327944],[124.379726,-15.56706],[124.926153,-15.0751],[125.167275,-14.680396],[125.670087,-14.51007],[125.685796,-14.230656],[126.125149,-14.347341],[126.142823,-14.095987],[126.582589,-13.952791],[127.065867,-13.817968],[127.804633,-14.276906],[128.35969,-14.86917],[128.985543,-14.875991],[129.621473,-14.969784],[129.4096,-14.42067],[129.888641,-13.618703],[130.339466,-13.357376],[130.183506,-13.10752],[130.617795,-12.536392],[131.223495,-12.183649],[131.735091,-12.302453],[132.575298,-12.114041],[132.557212,-11.603012],[131.824698,-11.273782],[132.357224,-11.128519],[133.019561,-11.376411],[133.550846,-11.786515],[134.393068,-12.042365],[134.678632,-11.941183],[135.298491,-12.248606],[135.882693,-11.962267],[136.258381,-12.049342],[136.492475,-11.857209],[136.95162,-12.351959],[136.685125,-12.887223],[136.305407,-13.29123],[135.961758,-13.324509],[136.077617,-13.724278],[135.783836,-14.223989],[135.428664,-14.715432],[135.500184,-14.997741],[136.295175,-15.550265],[137.06536,-15.870762],[137.580471,-16.215082],[138.303217,-16.807604],[138.585164,-16.806622],[139.108543,-17.062679],[139.260575,-17.371601],[140.215245,-17.710805],[140.875463,-17.369069],[141.07111,-16.832047],[141.274095,-16.38887],[141.398222,-15.840532],[141.702183,-15.044921],[141.56338,-14.561333],[141.63552,-14.270395],[141.519869,-13.698078],[141.65092,-12.944688],[141.842691,-12.741548],[141.68699,-12.407614],[141.928629,-11.877466],[142.118488,-11.328042],[142.143706,-11.042737],[142.51526,-10.668186],[142.79731,-11.157355],[142.866763,-11.784707],[143.115947,-11.90563],[143.158632,-12.325656],[143.522124,-12.834358],[143.597158,-13.400422],[143.561811,-13.763656],[143.922099,-14.548311],[144.563714,-14.171176],[144.894908,-14.594458],[145.374724,-14.984976],[145.271991,-15.428205],[145.48526,-16.285672],[145.637033,-16.784918],[145.888904,-16.906926],[146.160309,-17.761655],[146.063674,-18.280073],[146.387478,-18.958274],[147.471082,-19.480723],[148.177602,-19.955939],[148.848414,-20.39121],[148.717465,-20.633469],[149.28942,-21.260511],[149.678337,-22.342512],[150.077382,-22.122784],[150.482939,-22.556142],[150.727265,-22.402405],[150.899554,-23.462237],[151.609175,-24.076256],[152.07354,-24.457887],[152.855197,-25.267501],[153.136162,-26.071173],[153.161949,-26.641319],[153.092909,-27.2603],[153.569469,-28.110067],[153.512108,-28.995077],[153.339095,-29.458202],[153.069241,-30.35024],[153.089602,-30.923642],[152.891578,-31.640446],[152.450002,-32.550003],[151.709117,-33.041342],[151.343972,-33.816023],[151.010555,-34.31036],[150.714139,-35.17346],[150.32822,-35.671879],[150.075212,-36.420206],[149.946124,-37.109052],[149.997284,-37.425261],[149.423882,-37.772681],[148.304622,-37.809061],[147.381733,-38.219217],[146.922123,-38.606532],[146.317922,-39.035757],[145.489652,-38.593768],[144.876976,-38.417448],[145.032212,-37.896188],[144.485682,-38.085324],[143.609974,-38.809465],[142.745427,-38.538268],[142.17833,-38.380034],[141.606582,-38.308514],[140.638579,-38.019333],[139.992158,-37.402936],[139.806588,-36.643603],[139.574148,-36.138362],[139.082808,-35.732754],[138.120748,-35.612296],[138.449462,-35.127261],[138.207564,-34.384723],[137.71917,-35.076825],[136.829406,-35.260535],[137.352371,-34.707339],[137.503886,-34.130268],[137.890116,-33.640479],[137.810328,-32.900007],[136.996837,-33.752771],[136.372069,-34.094766],[135.989043,-34.890118],[135.208213,-34.47867],[135.239218,-33.947953],[134.613417,-33.222778],[134.085904,-32.848072],[134.273903,-32.617234],[132.990777,-32.011224],[132.288081,-31.982647],[131.326331,-31.495803],[129.535794,-31.590423],[128.240938,-31.948489],[127.102867,-32.282267],[126.148714,-32.215966],[125.088623,-32.728751],[124.221648,-32.959487],[124.028947,-33.483847],[123.659667,-33.890179],[122.811036,-33.914467],[122.183064,-34.003402],[121.299191,-33.821036],[120.580268,-33.930177],[119.893695,-33.976065]]],[[[164.459967,-20.120012],[165.020036,-20.459991],[165.460009,-20.800022],[165.77999,-21.080005],[166.599991,-21.700019],[167.120011,-22.159991],[166.740035,-22.399976],[166.189732,-22.129708],[165.474375,-21.679607],[164.829815,-21.14982],[164.167995,-20.444747],[164.029606,-20.105646],[164.459967,-20.120012]]],[[[178.3736,-17.33992],[178.71806,-17.62846],[178.55271,-18.15059],[177.93266,-18.28799],[177.38146,-18.16432],[177.28504,-17.72465],[177.67087,-17.38114],[178.12557,-17.50481],[178.3736,-17.33992]]],[[[178.725059,-17.012042],[178.596839,-16.63915],[179.096609,-16.433984],[179.413509,-16.379054],[180.0,-16.067133],[180.0,-16.555217],[179.364143,-16.801354],[178.725059,-17.012042]]],[[[167.515181,-16.59785],[167.180008,-16.159995],[167.216801,-15.891846],[167.844877,-16.466333],[167.515181,-16.59785]]],[[[167.107712,-14.93392],[167.270028,-15.740021],[167.001207,-15.614602],[166.793158,-15.668811],[166.649859,-15.392704],[166.629137,-14.626497],[167.107712,-14.93392]]],[[[161.917383,-10.446701],[162.119025,-10.482719],[162.398646,-10.826367],[161.700032,-10.820011],[161.319797,-10.204751],[161.917383,-10.446701]]],[[[125.086246,-8.656887],[125.947072,-8.432095],[126.644704,-8.398247],[126.957243,-8.273345],[127.335928,-8.397317],[126.967992,-8.668256],[125.925885,-9.106007],[125.08852,-9.393173],[124.43595,-10.140001],[123.579982,-10.359987],[123.459989,-10.239995],[123.550009,-9.900016],[123.980009,-9.290027],[124.968682,-8.89279],[125.086246,-8.656887]]],[[[159.849447,-9.794027],[159.640003,-9.63998],[159.702945,-9.24295],[160.362956,-9.400304],[160.688518,-9.610162],[160.852229,-9.872937],[160.462588,-9.89521],[159.849447,-9.794027]]],[[[160.579997,-8.320009],[160.920028,-8.320009],[161.280006,-9.120011],[161.679982,-9.599982],[161.529397,-9.784312],[160.788253,-8.917543],[160.579997,-8.320009]]],[[[122.007365,-8.46062],[122.903537,-8.094234],[122.756983,-8.649808],[121.254491,-8.933666],[119.924391,-8.810418],[119.920929,-8.444859],[120.715092,-8.236965],[121.341669,-8.53674],[122.007365,-8.46062]]],[[[159.917402,-8.53829],[159.133677,-8.114181],[158.586114,-7.754824],[158.21115,-7.421872],[158.359978,-7.320018],[158.820001,-7.560003],[159.640003,-8.020027],[159.875027,-8.33732],[159.917402,-8.53829]]],[[[156.491358,-6.765943],[156.542828,-6.599338],[157.14,-7.021638],[157.538426,-7.34782],[157.33942,-7.404767],[156.90203,-7.176874],[156.491358,-6.765943]]],[[[147.191874,-7.388024],[148.084636,-8.044108],[148.734105,-9.104664],[149.306835,-9.071436],[149.266631,-9.514406],[150.038728,-9.684318],[149.738798,-9.872937],[150.801628,-10.293687],[150.690575,-10.582713],[150.028393,-10.652476],[149.78231,-10.393267],[148.923138,-10.280923],[147.913018,-10.130441],[147.135443,-9.492444],[146.567881,-8.942555],[146.048481,-8.067414],[144.744168,-7.630128],[143.897088,-7.91533],[143.286376,-8.245491],[143.413913,-8.983069],[142.628431,-9.326821],[142.068259,-9.159596],[141.033852,-9.117893],[140.143415,-8.297168],[139.127767,-8.096043],[138.881477,-8.380935],[137.614474,-8.411683],[138.039099,-7.597882],[138.668621,-7.320225],[138.407914,-6.232849],[137.92784,-5.393366],[135.98925,-4.546544],[135.164598,-4.462931],[133.66288,-3.538853],[133.367705,-4.024819],[132.983956,-4.112979],[132.756941,-3.746283],[132.753789,-3.311787],[131.989804,-2.820551],[133.066845,-2.460418],[133.780031,-2.479848],[133.696212,-2.214542],[132.232373,-2.212526],[131.836222,-1.617162],[130.94284,-1.432522],[130.519558,-0.93772],[131.867538,-0.695461],[132.380116,-0.369538],[133.985548,-0.78021],[134.143368,-1.151867],[134.422627,-2.769185],[135.457603,-3.367753],[136.293314,-2.307042],[137.440738,-1.703513],[138.329727,-1.702686],[139.184921,-2.051296],[139.926684,-2.409052],[141.00021,-2.600151],[142.735247,-3.289153],[144.583971,-3.861418],[145.27318,-4.373738],[145.829786,-4.876498],[145.981922,-5.465609],[147.648073,-6.083659],[147.891108,-6.614015],[146.970905,-6.721657],[147.191874,-7.388024]]],[[[134.499625,-5.445042],[134.727002,-5.737582],[134.724624,-6.214401],[134.210134,-6.895238],[134.112776,-6.142467],[134.290336,-5.783058],[134.499625,-5.445042]]],[[[154.652504,-5.042431],[154.759991,-5.339984],[155.062918,-5.566792],[155.547746,-6.200655],[156.019965,-6.540014],[155.880026,-6.819997],[155.599991,-6.919991],[155.166994,-6.535931],[154.729192,-5.900828],[154.514114,-5.139118],[154.652504,-5.042431]]],[[[149.99625,-5.026101],[150.139756,-5.001348],[150.236908,-5.53222],[150.807467,-5.455842],[151.089672,-5.113693],[151.647881,-4.757074],[151.537862,-4.167807],[152.136792,-4.14879],[152.338743,-4.312966],[152.318693,-4.867661],[151.982796,-5.478063],[151.459107,-5.56028],[151.30139,-5.840728],[150.754447,-6.083763],[150.241197,-6.317754],[149.709963,-6.316513],[148.890065,-6.02604],[148.318937,-5.747142],[148.401826,-5.437756],[149.298412,-5.583742],[149.845562,-5.505503],[149.99625,-5.026101]]],[[[150.939965,-2.500002],[151.479984,-2.779985],[151.820015,-2.999972],[152.239989,-3.240009],[152.640017,-3.659983],[153.019994,-3.980015],[153.140038,-4.499983],[152.827292,-4.766427],[152.638673,-4.176127],[152.406026,-3.789743],[151.953237,-3.462062],[151.384279,-3.035422],[150.66205,-2.741486],[150.939965,-2.500002]]],[[[127.249215,-3.459065],[126.874923,-3.790983],[126.183802,-3.607376],[125.989034,-3.177273],[127.000651,-3.129318],[127.249215,-3.459065]]],[[[130.834836,-3.858472],[129.990547,-3.446301],[129.155249,-3.362637],[128.590684,-3.428679],[127.898891,-3.393436],[128.135879,-2.84365],[129.370998,-2.802154],[130.471344,-3.093764],[130.834836,-3.858472]]],[[[120.935905,-1.408906],[121.475821,-0.955962],[123.340565,-0.615673],[123.258399,-1.076213],[122.822715,-0.930951],[122.38853,-1.516858],[121.508274,-1.904483],[122.454572,-3.186058],[122.271896,-3.5295],[123.170963,-4.683693],[123.162333,-5.340604],[122.628515,-5.634591],[122.236394,-5.282933],[122.719569,-4.464172],[121.738234,-4.851331],[121.489463,-4.574553],[121.619171,-4.188478],[120.898182,-3.602105],[120.972389,-2.627643],[120.305453,-2.931604],[120.390047,-4.097579],[120.430717,-5.528241],[119.796543,-5.6734],[119.366906,-5.379878],[119.653606,-4.459417],[119.498835,-3.494412],[119.078344,-3.487022],[118.767769,-2.801999],[119.180974,-2.147104],[119.323394,-1.353147],[119.825999,0.154254],[120.035702,0.566477],[120.885779,1.309223],[121.666817,1.013944],[122.927567,0.875192],[124.077522,0.917102],[125.065989,1.643259],[125.240501,1.419836],[124.437035,0.427881],[123.685505,0.235593],[122.723083,0.431137],[121.056725,0.381217],[120.183083,0.237247],[120.04087,-0.519658],[120.935905,-1.408906]]],[[[127.696475,-0.266598],[127.39949,1.011722],[127.600512,1.810691],[127.932378,2.174596],[128.004156,1.628531],[128.594559,1.540811],[128.688249,1.132386],[128.635952,0.258486],[128.12017,0.356413],[127.968034,-0.252077],[128.379999,-0.780004],[128.100016,-0.899996],[127.696475,-0.266598]]],[[[123.93872,6.885136],[124.243662,7.36061],[123.610212,7.833527],[123.296071,7.418876],[122.825506,7.457375],[122.085499,6.899424],[121.919928,7.192119],[122.312359,8.034962],[122.942398,8.316237],[123.487688,8.69301],[123.841154,8.240324],[124.60147,8.514158],[124.764612,8.960409],[125.471391,8.986997],[125.412118,9.760335],[126.222714,9.286074],[126.306637,8.782487],[126.376814,8.414706],[126.478513,7.750354],[126.537424,7.189381],[126.196773,6.274294],[125.831421,7.293715],[125.363852,6.786485],[125.683161,6.049657],[125.396512,5.581003],[124.219788,6.161355],[123.93872,6.885136]]],[[[122.995883,9.022189],[122.380055,9.713361],[122.586089,9.981045],[122.837081,10.261157],[122.947411,10.881868],[123.49885,10.940624],[123.337774,10.267384],[124.077936,11.232726],[123.982438,10.278779],[123.623183,9.950091],[123.309921,9.318269],[122.995883,9.022189]]],[[[121.883548,11.891755],[122.483821,11.582187],[123.120217,11.58366],[123.100838,11.165934],[122.637714,10.741308],[122.00261,10.441017],[121.967367,10.905691],[122.03837,11.415841],[121.883548,11.891755]]],[[[124.891013,11.415583],[124.87799,11.79419],[124.266762,12.557761],[125.227116,12.535721],[125.502552,12.162695],[125.783465,11.046122],[125.011884,11.311455],[125.032761,10.975816],[125.277449,10.358722],[124.801819,10.134679],[124.760168,10.837995],[124.459101,10.88993],[124.302522,11.495371],[124.891013,11.415583]]],[[[121.26219,12.20556],[120.833896,12.704496],[120.323436,13.466413],[121.180128,13.429697],[121.527394,13.06959],[121.26219,12.20556]]],[[[123.950295,13.782131],[123.855107,13.237771],[124.181289,12.997527],[124.077419,12.536677],[123.298035,13.027526],[122.928652,13.55292],[122.671355,13.185836],[122.03465,13.784482],[121.126385,13.636687],[120.628637,13.857656],[120.679384,14.271016],[120.991819,14.525393],[120.693336,14.756671],[120.564145,14.396279],[120.070429,14.970869],[119.920929,15.406347],[119.883773,16.363704],[120.286488,16.034629],[120.390047,17.599081],[120.715867,18.505227],[121.321308,18.504065],[121.937601,18.218552],[122.246006,18.47895],[122.336957,18.224883],[122.174279,17.810283],[122.515654,17.093505],[122.252311,16.262444],[121.662786,15.931018],[121.50507,15.124814],[121.728829,14.328376],[122.258925,14.218202],[122.701276,14.336541],[123.950295,13.782131]]],[[[120.74708,21.970571],[120.220083,22.814861],[120.106189,23.556263],[120.69468,24.538451],[121.495044,25.295459],[121.951244,24.997596],[121.777818,24.394274],[121.175632,22.790857],[120.74708,21.970571]]],[[[132.363115,32.989382],[132.371176,33.463642],[132.924373,34.060299],[133.492968,33.944621],[133.904106,34.364931],[134.638428,34.149234],[134.766379,33.806335],[134.203416,33.201178],[133.79295,33.521985],[133.280268,33.28957],[133.014858,32.704567],[132.363115,32.989382]]],[[[135.120983,33.849071],[135.079435,34.596545],[133.340316,34.375938],[132.156771,33.904933],[130.986145,33.885761],[132.000036,33.149992],[131.33279,31.450355],[130.686318,31.029579],[130.20242,31.418238],[130.447676,32.319475],[129.814692,32.61031],[129.408463,33.296056],[130.353935,33.604151],[130.878451,34.232743],[131.884229,34.749714],[132.617673,35.433393],[134.608301,35.731618],[135.677538,35.527134],[136.723831,37.304984],[137.390612,36.827391],[138.857602,37.827485],[139.426405,38.215962],[140.05479,39.438807],[139.883379,40.563312],[140.305783,41.195005],[141.368973,41.37856],[141.914263,39.991616],[141.884601,39.180865],[140.959489,38.174001],[140.976388,37.142074],[140.59977,36.343983],[140.774074,35.842877],[140.253279,35.138114],[138.975528,34.6676],[137.217599,34.606286],[135.792983,33.464805],[135.120983,33.849071]]],[[[141.380549,43.388825],[141.671952,44.772125],[141.967645,45.551483],[143.14287,44.510358],[143.910162,44.1741],[144.613427,43.960883],[145.320825,44.384733],[145.543137,43.262088],[144.059662,42.988358],[143.18385,41.995215],[141.611491,42.678791],[141.067286,41.584594],[139.955106,41.569556],[139.817544,42.563759],[140.312087,43.333273],[141.380549,43.388825]]],[[[142.747701,46.740765],[142.09203,45.966755],[141.906925,46.805929],[142.018443,47.780133],[141.904445,48.859189],[142.1358,49.615163],[142.179983,50.952342],[141.594076,51.935435],[141.682546,53.301966],[142.606934,53.762145],[142.209749,54.225476],[142.654786,54.365881],[142.914616,53.704578],[143.260848,52.74076],[143.235268,51.75666],[143.648007,50.7476],[144.654148,48.976391],[143.173928,49.306551],[142.558668,47.861575],[143.533492,46.836728],[143.505277,46.137908],[142.747701,46.740765]]],[[[180.0,71.515714],[180.0,70.832199],[178.903425,70.78114],[178.7253,71.0988],[180.0,71.515714]]],[[[142.06207,73.85758],[143.48283,73.47525],[143.60385,73.21244],[142.08763,73.20544],[140.038155,73.31692],[139.86312,73.36983],[140.81171,73.76506],[142.06207,73.85758]]],[[[146.11919,75.17298],[146.358485,75.49682],[148.22223,75.345845],[150.73167,75.08406],[149.575925,74.68892],[147.977465,74.778355],[146.11919,75.17298]]],[[[145.086285,75.562625],[144.3,74.82],[140.61381,74.84768],[138.95544,74.61148],[136.97439,75.26167],[137.51176,75.94917],[138.831075,76.13676],[141.471615,76.09289],[145.086285,75.562625]]]]}}